avg_beta_t,avg_cos_anchor_region,avg_cos_base_anchor,avg_cos_base_region,avg_cos_rec_base,avg_cos_rec_edit_total,avg_edit_norm,avg_mask_area,avg_rec_energy,avg_rec_norm,bg_dilate_px,bg_dino_source,bg_l1,bg_lpips,bg_lpips_x100,bg_mask_area,bg_psnr,bg_ssim,bg_ssim_luma,clip_direction_similarity,clip_image_source_similarity,clip_source_score,clip_t,clip_target_minus_source,clip_target_score,complete,dilated_edit_mask_area,dino_source_similarity,edit_score,eval_mask_area,failure_flag,failure_note,fill_texture_ratio,final_mask_area,fixed_eval_mask_area,inside_blue_ratio,inside_l1,inside_mask_l1,inside_mask_psnr,inside_mask_rmse,inside_texture_energy,local_clip_source_score,local_clip_t_full_prompt,local_clip_target_minus_source,local_clip_target_score,local_crop_box,lpips_full,lpips_outside,mask_path,mask_source,max_beta_t,max_edit_norm,max_rec_energy,max_rec_norm,method,method_display,missing,outside_l1,outside_mask_l1,outside_mask_psnr,outside_mask_rmse,peak_gpu_memory_gb,result_image,ring_texture_energy,run,runtime_seconds,seed,source_image,source_l1,source_prompt,source_psnr,source_rmse,source_ssim,source_ssim_luma,target_prompt,task
0.0,0.0,0.0,0.0,0.0,0.0,0.0,0.0,0.0,0.0,31,0.9996911287307739,0.009403679519891739,0.009243449196219444,0.9243449196219444,0.37699127197265625,36.708570981864234,0.9873581528663635,0.9873581528663635,0.32611244916915894,0.989621639251709,0.24984949827194214,0.24835190176963806,-0.0014975965023040771,0.24835190176963806,True,0.6230087280273438,0.9421511888504028,-0.0014975965023040771,0.5634307861328125,,,0.8933412154805337,0.0,0.5634307861328125,0.0,0.0262636486440897,0.0262636486440897,26.955732302488546,0.04489659292472056,13.137598037719727,0.24984949827194214,0.24835190176963806,-0.0014975965023040771,0.24835190176963806,"0,0,512,512",0.07205916196107864,0.011308069340884686,/cluster/users/grad/2025/25t8103/project/data/flowedit_compatible_118/eval_masks/fe_000_bear_1_black_bear_eval_mask.png,fixed_eval_mask,0.0,0.0,0.0,0.0,dece_rf_flux,dece_rf_flux,,0.009572132490575314,0.009572132490575314,36.605186430378545,0.014782254615883582,,/cluster/users/grad/2025/25t8103/project/outputs/flowedit118_dece_metric_runs/fe_000_bear_1_black_bear/dece_rf_flux/seed_10/result.png,14.706136703491211,fe_000_bear_1_black_bear/dece_rf_flux/seed_10,,10,/cluster/users/grad/2025/25t8103/project/_baselines/src/FlowEdit/Data/Images/bear.png,0.01897665299475193,"A large brown bear walking through a stream of water. The stream appears to be shallow, as the bear is able to walk through it without any difficulty.",29.097043884576777,0.03508712675355083,0.9626544966182595,0.9626544966182595,"A large black bear walking through a stream of water. The stream appears to be shallow, as the black bear is able to walk through it without any difficulty.",fe_000_bear_1_black_bear
0.0,0.0,0.0,0.0,0.0,0.0,0.0,0.0,0.0,0.0,31,0.9998993873596191,0.005175611469894648,0.0028305836021900177,0.28305836021900177,0.37699127197265625,41.94252804489115,0.9964674115180969,0.9964674115180969,0.26867568492889404,0.9881425499916077,0.2660955786705017,0.2616218626499176,-0.0044737160205841064,0.2616218626499176,True,0.6230087280273438,0.8821735382080078,-0.0044737160205841064,0.5634307861328125,,,0.8482189018349444,0.0,0.5634307861328125,0.0015098171970209884,0.032402630895376205,0.032402630895376205,24.320243175897474,0.0608117975768289,15.984304428100586,0.2660955786705017,0.2616218626499176,-0.0044737160205841064,0.2616218626499176,"0,0,512,512",0.08545372635126114,0.0034942561760544777,/cluster/users/grad/2025/25t8103/project/data/flowedit_compatible_118/eval_masks/fe_000_bear_1_black_bear_eval_mask.png,fixed_eval_mask,0.0,0.0,0.0,0.0,dece_rf_sd3,dece_rf_sd3,,0.005278764292597771,0.005278764292597771,41.79888414759126,0.008129349449778975,,/cluster/users/grad/2025/25t8103/project/outputs/flowedit118_dece_metric_runs/fe_000_bear_1_black_bear/dece_rf_sd3/seed_10/result.png,18.84455108642578,fe_000_bear_1_black_bear/dece_rf_sd3/seed_10,,10,/cluster/users/grad/2025/25t8103/project/_baselines/src/FlowEdit/Data/Images/bear.png,0.02056119032204151,"A large brown bear walking through a stream of water. The stream appears to be shallow, as the bear is able to walk through it without any difficulty.",26.752113915781898,0.0459615116756263,0.8968192809238964,0.8968192809238964,"A large black bear walking through a stream of water. The stream appears to be shallow, as the black bear is able to walk through it without any difficulty.",fe_000_bear_1_black_bear
0.0,0.0,0.0,0.0,0.0,0.0,0.0,0.0,0.0,0.0,31,0.9995282292366028,0.03128218278288841,0.016339769586920738,1.6339769586920738,0.37699127197265625,26.917640776138036,0.8809377551078796,0.8809377551078796,0.285625696182251,0.7641485333442688,0.25940650701522827,0.34260207414627075,0.08319556713104248,0.34260207414627075,True,0.6230087280273438,0.6145650148391724,0.08319556713104248,0.5634307861328125,,,0.8776153688633247,0.0,0.5634307861328125,0.03975626269465132,0.0801301822066307,0.0801301822066307,17.16127604350602,0.13865521156235125,15.089862823486328,0.25940650701522827,0.34260207414627075,0.08319556713104248,0.34260207414627075,"0,0,512,512",0.17025360465049744,0.0207376666367054,/cluster/users/grad/2025/25t8103/project/data/flowedit_compatible_118/eval_masks/fe_003_bear_4_sculpture_eval_mask.png,fixed_eval_mask,0.0,0.0,0.0,0.0,dece_rf_flux,dece_rf_flux,,0.032531529664993286,0.032531529664993286,26.570380131399553,0.04693328938681169,,/cluster/users/grad/2025/25t8103/project/outputs/flowedit118_dece_metric_runs/fe_003_bear_4_sculpture/dece_rf_flux/seed_10/result.png,17.194164276123047,fe_003_bear_4_sculpture/dece_rf_flux/seed_10,,10,/cluster/users/grad/2025/25t8103/project/_baselines/src/FlowEdit/Data/Images/bear.png,0.05935007333755493,"A large brown bear walking through a stream of water. The stream appears to be shallow, as the bear is able to walk through it without any difficulty.",19.283480357398673,0.10859903899012613,0.7490665537667641,0.7490665537667641,"A large sculpture of a brown bear walking through a stream of water. The stream appears to be shallow, as the sculpture of the bear is able to walk through it without any difficulty.",fe_003_bear_4_sculpture
0.0,0.0,0.0,0.0,0.0,0.0,0.0,0.0,0.0,0.0,31,0.9991918802261353,0.03939857706427574,0.03492755442857742,3.4927554428577423,0.37699127197265625,24.759543953796207,0.7921563386917114,0.7921563386917114,0.28832751512527466,0.8118733167648315,0.2626645863056183,0.33455100655555725,0.07188642024993896,0.33455100655555725,True,0.6230087280273438,0.7018661499023438,0.07188642024993896,0.5634307861328125,,,0.9388346513999113,0.0,0.5634307861328125,0.0004265402843601896,0.10375671088695526,0.10375671088695526,15.85902857893852,0.16108257782210136,17.045970916748047,0.2626645863056183,0.33455100655555725,0.07188642024993896,0.33455100655555725,"0,0,512,512",0.2619011700153351,0.044152092188596725,/cluster/users/grad/2025/25t8103/project/data/flowedit_compatible_118/eval_masks/fe_003_bear_4_sculpture_eval_mask.png,fixed_eval_mask,0.0,0.0,0.0,0.0,dece_rf_sd3,dece_rf_sd3,,0.04097570478916168,0.04097570478916168,24.40680704519492,0.0602087551117157,,/cluster/users/grad/2025/25t8103/project/outputs/flowedit118_dece_metric_runs/fe_003_bear_4_sculpture/dece_rf_sd3/seed_10/result.png,18.15652084350586,fe_003_bear_4_sculpture/dece_rf_sd3/seed_10,,10,/cluster/users/grad/2025/25t8103/project/_baselines/src/FlowEdit/Data/Images/bear.png,0.0763484537601471,"A large brown bear walking through a stream of water. The stream appears to be shallow, as the bear is able to walk through it without any difficulty.",17.904238089193942,0.12728818547108192,0.6363023724199384,0.6363023724199384,"A large sculpture of a brown bear walking through a stream of water. The stream appears to be shallow, as the sculpture of the bear is able to walk through it without any difficulty.",fe_003_bear_4_sculpture
0.0,0.0,0.0,0.0,0.0,0.0,0.0,0.0,0.0,0.0,31,0.9992483258247375,0.010633077472448349,0.03188053146004677,3.188053146004677,0.702667236328125,36.65588353009296,0.9847401976585388,0.9847401976585388,0.2277618944644928,0.9586777091026306,0.2524993419647217,0.25076913833618164,-0.001730203628540039,0.25076913833618164,True,0.297332763671875,0.9203829169273376,-0.001730203628540039,0.23633575439453125,,,0.955682879801215,0.0,0.23633575439453125,1.614100784452981e-05,0.038436125963926315,0.038436125963926315,23.491250496847105,0.06690174954862618,14.121503829956055,0.2540878355503082,0.24325862526893616,-0.01082921028137207,0.24325862526893616,"39,75,512,494",0.06102003529667854,0.03373151272535324,/cluster/users/grad/2025/25t8103/project/data/flowedit_compatible_118/eval_masks/fe_004_bear_grass_1_black_bear_eval_mask.png,fixed_eval_mask,0.0,0.0,0.0,0.0,dece_rf_flux,dece_rf_flux,,0.010759732685983181,0.010759732685983181,36.5920985885444,0.014804545210133146,,/cluster/users/grad/2025/25t8103/project/outputs/flowedit118_dece_metric_runs/fe_004_bear_grass_1_black_bear/dece_rf_flux/seed_10/result.png,14.776349067687988,fe_004_bear_grass_1_black_bear/dece_rf_flux/seed_10,,10,/cluster/users/grad/2025/25t8103/project/_baselines/src/FlowEdit/Data/Images/bear_grass.png,0.01730065606534481,A large brown bear walking through a grassy field.,29.118008054315037,0.035002542958415254,0.9747822838769143,0.9747822838769143,A large black bear walking through a grassy field.,fe_004_bear_grass_1_black_bear
0.0,0.0,0.0,0.0,0.0,0.0,0.0,0.0,0.0,0.0,31,0.9998856782913208,0.005830611567944288,0.009609156288206577,0.9609156288206577,0.702667236328125,41.75010962356279,0.9959540963172913,0.9959540963172913,0.18543797731399536,0.9284070134162903,0.2293923795223236,0.23018035292625427,0.0007879734039306641,0.23018035292625427,True,0.297332763671875,0.7795486450195312,0.0007879734039306641,0.23633575439453125,,,0.8042524376550448,0.0,0.23633575439453125,4.842302353358944e-05,0.06462790071964264,0.06462790071964264,17.7434404063617,0.1296665571147134,15.549419403076172,0.2290063053369522,0.23068538308143616,0.0016790777444839478,0.23068538308143616,"39,75,512,494",0.0703202560544014,0.010333256796002388,/cluster/users/grad/2025/25t8103/project/data/flowedit_compatible_118/eval_masks/fe_004_bear_grass_1_black_bear_eval_mask.png,fixed_eval_mask,0.0,0.0,0.0,0.0,dece_rf_sd3,dece_rf_sd3,,0.005902431905269623,0.005902431905269623,41.68314318485072,0.008238399360236497,,/cluster/users/grad/2025/25t8103/project/outputs/flowedit118_dece_metric_runs/fe_004_bear_grass_1_black_bear/dece_rf_sd3/seed_10/result.png,19.334003448486328,fe_004_bear_grass_1_black_bear/dece_rf_sd3/seed_10,,10,/cluster/users/grad/2025/25t8103/project/_baselines/src/FlowEdit/Data/Images/bear_grass.png,0.019781358540058136,A large brown bear walking through a grassy field.,23.951863697247386,0.06344637519783489,0.9485169960647193,0.9485169960647193,A large black bear walking through a grassy field.,fe_004_bear_grass_1_black_bear
0.0,0.0,0.0,0.0,0.0,0.0,0.0,0.0,0.0,0.0,31,0.9992590546607971,0.046286825090646744,0.054928794503211975,5.4928794503211975,0.702667236328125,23.955463807156097,0.7823382616043091,0.7823382616043091,0.2548869252204895,0.8084313869476318,0.2595924139022827,0.3411436676979065,0.08155125379562378,0.3411436676979065,True,0.297332763671875,0.46199968457221985,0.08155125379562378,0.23633575439453125,,,0.996469210311038,0.0,0.23633575439453125,0.0102333989734319,0.11033588647842407,0.11033588647842407,14.982496322005623,0.17818665859434527,18.80272102355957,0.25934216380119324,0.343176931142807,0.08383476734161377,0.343176931142807,"39,75,512,494",0.16736294329166412,0.06339985132217407,/cluster/users/grad/2025/25t8103/project/data/flowedit_compatible_118/eval_masks/fe_007_bear_grass_4_sculpture_eval_mask.png,fixed_eval_mask,0.0,0.0,0.0,0.0,dece_rf_flux,dece_rf_flux,,0.04704444482922554,0.04704444482922554,23.84905779466127,0.06420178608741106,,/cluster/users/grad/2025/25t8103/project/outputs/flowedit118_dece_metric_runs/fe_007_bear_grass_4_sculpture/dece_rf_flux/seed_10/result.png,18.86934471130371,fe_007_bear_grass_4_sculpture/dece_rf_flux/seed_10,,10,/cluster/users/grad/2025/25t8103/project/_baselines/src/FlowEdit/Data/Images/bear_grass.png,0.06200246885418892,A large brown bear walking through a grassy field.,19.725891538055254,0.10320611332155652,0.7203094100037181,0.7203094100037181,A large sculpture of a brown bear walking through a grassy field.,fe_007_bear_grass_4_sculpture
0.0,0.0,0.0,0.0,0.0,0.0,0.0,0.0,0.0,0.0,31,0.9975177645683289,0.0566682368516922,0.11167192459106445,11.167192459106445,0.702667236328125,22.327326373981506,0.6503735780715942,0.6503735780715942,0.18683527410030365,0.8342642188072205,0.28356122970581055,0.3384014070034027,0.05484017729759216,0.3384014070034027,True,0.297332763671875,0.6085542440414429,0.05484017729759216,0.23633575439453125,,,0.9598947157784696,0.0,0.23633575439453125,3.228201568905962e-05,0.11587009578943253,0.11587009578943253,14.931020746804569,0.1792457894245713,18.161731719970703,0.29981017112731934,0.3703497350215912,0.07053956389427185,0.3703497350215912,"39,75,512,494",0.23873382806777954,0.13092105090618134,/cluster/users/grad/2025/25t8103/project/data/flowedit_compatible_118/eval_masks/fe_007_bear_grass_4_sculpture_eval_mask.png,fixed_eval_mask,0.0,0.0,0.0,0.0,dece_rf_sd3,dece_rf_sd3,,0.05759597569704056,0.05759597569704056,22.19625187329441,0.07765821543169345,,/cluster/users/grad/2025/25t8103/project/outputs/flowedit118_dece_metric_runs/fe_007_bear_grass_4_sculpture/dece_rf_sd3/seed_10/result.png,18.92054557800293,fe_007_bear_grass_4_sculpture/dece_rf_sd3/seed_10,,10,/cluster/users/grad/2025/25t8103/project/_baselines/src/FlowEdit/Data/Images/bear_grass.png,0.07136823982000351,A large brown bear walking through a grassy field.,19.136847709640193,0.11044793857604947,0.6001259048661707,0.6001259048661707,A large sculpture of a brown bear walking through a grassy field.,fe_007_bear_grass_4_sculpture
0.0,0.0,0.0,0.0,0.0,0.0,0.0,0.0,0.0,0.0,31,0.9960203170776367,0.00846473965793848,0.0030545054469257593,0.30545054469257593,0.3699378967285156,40.99534579551232,0.9961796402931213,0.9961796402931213,0.08532736450433731,0.9889928698539734,0.23617801070213318,0.1677623987197876,-0.06841561198234558,0.1677623987197876,True,0.6300621032714844,0.8541325330734253,-0.06841561198234558,0.5396537780761719,,,1.3561131201216865,0.0,0.5396537780761719,9.189422268090792e-05,0.019819965586066246,0.019819965586066246,26.331049398338266,0.04824446892845741,3.2560079097747803,0.23617801070213318,0.1677623987197876,-0.06841561198234558,0.1677623987197876,"0,0,512,512",0.039504967629909515,0.0030881264247000217,/cluster/users/grad/2025/25t8103/project/data/flowedit_compatible_118/eval_masks/fe_010_beer_glass_1_cocktail_eval_mask.png,fixed_eval_mask,0.0,0.0,0.0,0.0,dece_rf_flux,dece_rf_flux,,0.00861868541687727,0.00861868541687727,40.554923331755255,0.00938110146804817,,/cluster/users/grad/2025/25t8103/project/outputs/flowedit118_dece_metric_runs/fe_010_beer_glass_1_cocktail/dece_rf_flux/seed_10/result.png,2.4009854793548584,fe_010_beer_glass_1_cocktail/dece_rf_flux/seed_10,,10,/cluster/users/grad/2025/25t8103/project/_baselines/src/FlowEdit/Data/Images/beer_glass.png,0.01466350257396698,A wine glass filled with beer.,28.872031927028317,0.03600795056142181,0.9720981299522473,0.9720981299522473,"A wine glass filled with a vibrant red cocktail, garnished with an orange wedge.",fe_010_beer_glass_1_cocktail
0.0,0.0,0.0,0.0,0.0,0.0,0.0,0.0,0.0,0.0,31,0.9972004890441895,0.004393778275698423,0.0029461432714015245,0.29461432714015245,0.3699378967285156,45.171671317995404,0.9940866231918335,0.9940866231918335,0.2811257839202881,0.7874715328216553,0.1805756390094757,0.2585267424583435,0.0779511034488678,0.2585267424583435,True,0.6300621032714844,0.7411556839942932,0.0779511034488678,0.5396537780761719,,,2.0342620848040234,0.0,0.5396537780761719,0.0013572069811334092,0.0771196261048317,0.0771196261048317,15.572864692243549,0.16647796764422554,4.593714237213135,0.1805756390094757,0.2585267424583435,0.0779511034488678,0.2585267424583435,"0,0,512,512",0.14282532036304474,0.00492584053426981,/cluster/users/grad/2025/25t8103/project/data/flowedit_compatible_118/eval_masks/fe_010_beer_glass_1_cocktail_eval_mask.png,fixed_eval_mask,0.0,0.0,0.0,0.0,dece_rf_sd3,dece_rf_sd3,,0.004800087306648493,0.004800087306648493,41.89660977507626,0.008038398109501521,,/cluster/users/grad/2025/25t8103/project/outputs/flowedit118_dece_metric_runs/fe_010_beer_glass_1_cocktail/dece_rf_sd3/seed_10/result.png,2.2581722736358643,fe_010_beer_glass_1_cocktail/dece_rf_sd3/seed_10,,10,/cluster/users/grad/2025/25t8103/project/_baselines/src/FlowEdit/Data/Images/beer_glass.png,0.043827593326568604,A wine glass filled with beer.,18.243085222719838,0.1224181293579127,0.8741970008877413,0.8741970008877413,"A wine glass filled with a vibrant red cocktail, garnished with an orange wedge.",fe_010_beer_glass_1_cocktail
0.0,0.0,0.0,0.0,0.0,0.0,0.0,0.0,0.0,0.0,31,0.999811053276062,0.004742497578263283,0.010160429403185844,1.0160429403185844,0.8351860046386719,42.22868474233441,0.9892217516899109,0.9892217516899109,0.1723204404115677,0.9339888095855713,0.2476944923400879,0.26299479603767395,0.01530030369758606,0.26299479603767395,True,0.16481399536132812,0.9543178081512451,0.01530030369758606,0.11949539184570312,,,1.6602702094477515,0.0,0.11949539184570312,0.010981644054269752,0.1008405014872551,0.1008405014872551,15.084461159477456,0.17610713103158232,9.653100967407227,0.1760421246290207,0.20584753155708313,0.02980540692806244,0.20584753155708313,"143,263,512,512",0.04997241497039795,0.010557221248745918,/cluster/users/grad/2025/25t8103/project/data/flowedit_compatible_118/eval_masks/fe_015_bikes_5_green_bicycle_eval_mask.png,fixed_eval_mask,0.0,0.0,0.0,0.0,dece_rf_flux,dece_rf_flux,,0.004731171298772097,0.004731171298772097,42.19795861610335,0.007764295739998103,,/cluster/users/grad/2025/25t8103/project/outputs/flowedit118_dece_metric_runs/fe_015_bikes_5_green_bicycle/dece_rf_flux/seed_10/result.png,5.814174652099609,fe_015_bikes_5_green_bicycle/dece_rf_flux/seed_10,,10,/cluster/users/grad/2025/25t8103/project/_baselines/src/FlowEdit/Data/Images/bikes.png,0.016215795651078224,"A bicycle parked on the sidewalk in front of a red brick building. The bicycle is positioned close to the door of the building, making it easily accessible for the owner. The building has a red brick exterior, giving it a distinctive appearance.",24.24918799146416,0.061311310692431086,0.9816204858829313,0.9816204858829313,"A green bicycle parked on the sidewalk in front of a red brick building. The bicycle is positioned close to the door of the building, making it easily accessible for the owner. The building has a red brick exterior, giving it a distinctive appearance.",fe_015_bikes_5_green_bicycle
0.0,0.0,0.0,0.0,0.0,0.0,0.0,0.0,0.0,0.0,31,0.9999476075172424,0.003163383575156331,0.0027740823570638895,0.27740823570638895,0.8351860046386719,46.22223649091975,0.9955191612243652,0.9955191612243652,0.05548319220542908,0.9978969097137451,0.24887284636497498,0.24608293175697327,-0.002789914608001709,0.24608293175697327,True,0.16481399536132812,0.9803518056869507,-0.002789914608001709,0.11949539184570312,,,2.0265034587239414,0.0,0.11949539184570312,0.11849960095770151,0.06579980999231339,0.06579980999231339,18.32546070367551,0.12126262487232639,14.251936912536621,0.22005212306976318,0.2275373786687851,0.007485255599021912,0.2275373786687851,"143,263,512,512",0.026910148561000824,0.0028939531184732914,/cluster/users/grad/2025/25t8103/project/data/flowedit_compatible_118/eval_masks/fe_015_bikes_5_green_bicycle_eval_mask.png,fixed_eval_mask,0.0,0.0,0.0,0.0,dece_rf_sd3,dece_rf_sd3,,0.0031550738494843245,0.0031550738494843245,46.20844116902198,0.0048930307103309065,,/cluster/users/grad/2025/25t8103/project/outputs/flowedit118_dece_metric_runs/fe_015_bikes_5_green_bicycle/dece_rf_sd3/seed_10/result.png,7.032772064208984,fe_015_bikes_5_green_bicycle/dece_rf_sd3/seed_10,,10,/cluster/users/grad/2025/25t8103/project/_baselines/src/FlowEdit/Data/Images/bikes.png,0.010640833526849747,"A bicycle parked on the sidewalk in front of a red brick building. The bicycle is positioned close to the door of the building, making it easily accessible for the owner. The building has a red brick exterior, giving it a distinctive appearance.",27.50015546959049,0.04216889555090607,0.9765178897409822,0.9765178897409822,"A green bicycle parked on the sidewalk in front of a red brick building. The bicycle is positioned close to the door of the building, making it easily accessible for the owner. The building has a red brick exterior, giving it a distinctive appearance.",fe_015_bikes_5_green_bicycle
0.0,0.0,0.0,0.0,0.0,0.0,0.0,0.0,0.0,0.0,31,0.999811053276062,0.004742497578263283,0.010160429403185844,1.0160429403185844,0.8351860046386719,42.22868474233441,0.9892217516899109,0.9892217516899109,0.2544591426849365,0.9760948419570923,0.2458074986934662,0.2725262939929962,0.02671879529953003,0.2725262939929962,True,0.16481399536132812,0.9819021821022034,0.02671879529953003,0.11949539184570312,,,1.7472417431081304,0.0,0.11949539184570312,0.010981644054269752,0.05752268433570862,0.05752268433570862,19.4642901502047,0.10636175445763163,10.158768653869629,0.1699407696723938,0.20903004705905914,0.039089277386665344,0.20903004705905914,"143,263,512,512",0.03324407339096069,0.010557221248745918,/cluster/users/grad/2025/25t8103/project/data/flowedit_compatible_118/eval_masks/fe_016_bikes_6_yellow_bicycle_eval_mask.png,fixed_eval_mask,0.0,0.0,0.0,0.0,dece_rf_flux,dece_rf_flux,,0.004731171298772097,0.004731171298772097,42.19795861610335,0.007764295739998103,,/cluster/users/grad/2025/25t8103/project/outputs/flowedit118_dece_metric_runs/fe_016_bikes_6_yellow_bicycle/dece_rf_flux/seed_10/result.png,5.814174652099609,fe_016_bikes_6_yellow_bicycle/dece_rf_flux/seed_10,,10,/cluster/users/grad/2025/25t8103/project/_baselines/src/FlowEdit/Data/Images/bikes.png,0.011039515025913715,"A bicycle parked on the sidewalk in front of a red brick building. The bicycle is positioned close to the door of the building, making it easily accessible for the owner. The building has a red brick exterior, giving it a distinctive appearance.",28.52351388539431,0.037482133722025086,0.9829251500542265,0.9829251500542265,"A yellow bicycle parked on the sidewalk in front of a red brick building. The bicycle is positioned close to the door of the building, making it easily accessible for the owner. The building has a red brick exterior, giving it a distinctive appearance.",fe_016_bikes_6_yellow_bicycle
0.0,0.0,0.0,0.0,0.0,0.0,0.0,0.0,0.0,0.0,31,0.9999476075172424,0.003163383575156331,0.0027740823570638895,0.27740823570638895,0.8351860046386719,46.22223649091975,0.9955191612243652,0.9955191612243652,0.10679145157337189,0.9971189498901367,0.2426145076751709,0.25327497720718384,0.01066046953201294,0.25327497720718384,True,0.16481399536132812,0.984126091003418,0.01066046953201294,0.11949539184570312,,,1.9135929234068796,0.0,0.11949539184570312,0.09133280127693535,0.048780810087919235,0.048780810087919235,20.50445248492755,0.09435770640545796,13.457862854003906,0.21427825093269348,0.23920583724975586,0.024927586317062378,0.23920583724975586,"143,263,512,512",0.020229522138834,0.0028939531184732914,/cluster/users/grad/2025/25t8103/project/data/flowedit_compatible_118/eval_masks/fe_016_bikes_6_yellow_bicycle_eval_mask.png,fixed_eval_mask,0.0,0.0,0.0,0.0,dece_rf_sd3,dece_rf_sd3,,0.0031550738494843245,0.0031550738494843245,46.20844116902198,0.0048930307103309065,,/cluster/users/grad/2025/25t8103/project/outputs/flowedit118_dece_metric_runs/fe_016_bikes_6_yellow_bicycle/dece_rf_sd3/seed_10/result.png,7.032772064208984,fe_016_bikes_6_yellow_bicycle/dece_rf_sd3/seed_10,,10,/cluster/users/grad/2025/25t8103/project/_baselines/src/FlowEdit/Data/Images/bikes.png,0.008607137948274612,"A bicycle parked on the sidewalk in front of a red brick building. The bicycle is positioned close to the door of the building, making it easily accessible for the owner. The building has a red brick exterior, giving it a distinctive appearance.",29.64572965997973,0.03293923563394863,0.9768898541685886,0.9768898541685886,"A yellow bicycle parked on the sidewalk in front of a red brick building. The bicycle is positioned close to the door of the building, making it easily accessible for the owner. The building has a red brick exterior, giving it a distinctive appearance.",fe_016_bikes_6_yellow_bicycle
0.0,0.0,0.0,0.0,0.0,0.0,0.0,0.0,0.0,0.0,31,0.9997017979621887,0.002998210024088621,0.005072308704257011,0.5072308704257011,0.834442138671875,42.49302280948345,0.9956359267234802,0.9956359267234802,-0.005581988953053951,0.9572339057922363,0.2288493514060974,0.22489656507968903,-0.003952786326408386,0.22489656507968903,True,0.165557861328125,0.9379445910453796,-0.003952786326408386,0.12115478515625,,,1.0067406118679116,0.0,0.12115478515625,0.0001889168765743073,0.04593775421380997,0.04593775421380997,22.308166917779808,0.07666403159289902,7.157243251800537,0.21605849266052246,0.2181922048330307,0.0021337121725082397,0.2181922048330307,"44,123,351,426",0.018878085538744926,0.005357775837182999,/cluster/users/grad/2025/25t8103/project/data/flowedit_compatible_118/eval_masks/fe_017_boat_silhouette_1_sailboat_white_sails_red_hull_eval_mask.png,fixed_eval_mask,0.0,0.0,0.0,0.0,dece_rf_flux,dece_rf_flux,,0.0031016420107334852,0.0031016420107334852,42.29846313729675,0.007674972766722966,,/cluster/users/grad/2025/25t8103/project/outputs/flowedit118_dece_metric_runs/fe_017_boat_silhouette_1_sailboat_white_sails_red_hull/dece_rf_flux/seed_10/result.png,7.1093220710754395,fe_017_boat_silhouette_1_sailboat_white_sails_red_hull/dece_rf_flux/seed_10,,10,/cluster/users/grad/2025/25t8103/project/_baselines/src/FlowEdit/Data/Images/boat_silhouette.png,0.008291441015899181,"A serene scene of a lake with a silhouette of a sailboat floating on the water. The silhouette of the boat is positioned in the middle of the lake, slightly to the left. The sun is setting in the background, casting a warm glow over the scene.",31.169973140027306,0.027637664657418876,0.9588032648013365,0.9588032648013365,"A serene scene of a lake with a sailboat floating on the water. The sailboat has white sails and red hull. The boat is positioned in the middle of the lake, slightly to the left. The sun is setting in the background, casting a warm glow over the scene.",fe_017_boat_silhouette_1_sailboat_white_sails_red_hull
0.0,0.0,0.0,0.0,0.0,0.0,0.0,0.0,0.0,0.0,31,0.9999419450759888,0.0016364131588488817,0.0012282057432457805,0.12282057432457805,0.834442138671875,47.61371101457597,0.9985109567642212,0.9985109567642212,0.031101098284125328,0.9873234629631042,0.2335895597934723,0.23274186253547668,-0.0008476972579956055,0.23274186253547668,True,0.165557861328125,0.7707260251045227,-0.0008476972579956055,0.12115478515625,,,1.0382670431322645,0.0,0.12115478515625,3.148614609571788e-05,0.07211460173130035,0.07211460173130035,15.294723123064761,0.17189523729479061,8.96362018585205,0.22779414057731628,0.23751428723335266,0.009720146656036377,0.23751428723335266,"44,123,351,426",0.051938317716121674,0.0013123959070071578,/cluster/users/grad/2025/25t8103/project/data/flowedit_compatible_118/eval_masks/fe_017_boat_silhouette_1_sailboat_white_sails_red_hull_eval_mask.png,fixed_eval_mask,0.0,0.0,0.0,0.0,dece_rf_sd3,dece_rf_sd3,,0.0016954587772488594,0.0016954587772488594,47.42472561003716,0.004253669267564211,,/cluster/users/grad/2025/25t8103/project/outputs/flowedit118_dece_metric_runs/fe_017_boat_silhouette_1_sailboat_white_sails_red_hull/dece_rf_sd3/seed_10/result.png,8.633251190185547,fe_017_boat_silhouette_1_sailboat_white_sails_red_hull/dece_rf_sd3/seed_10,,10,/cluster/users/grad/2025/25t8103/project/_baselines/src/FlowEdit/Data/Images/boat_silhouette.png,0.010227074846625328,"A serene scene of a lake with a silhouette of a sailboat floating on the water. The silhouette of the boat is positioned in the middle of the lake, slightly to the left. The sun is setting in the background, casting a warm glow over the scene.",24.442069297749704,0.059964820102400965,0.9478329148960754,0.9478329148960754,"A serene scene of a lake with a sailboat floating on the water. The sailboat has white sails and red hull. The boat is positioned in the middle of the lake, slightly to the left. The sun is setting in the background, casting a warm glow over the scene.",fe_017_boat_silhouette_1_sailboat_white_sails_red_hull
0.0,0.0,0.0,0.0,0.0,0.0,0.0,0.0,0.0,0.0,31,0.9999460577964783,0.003316327231004834,0.0051137106493115425,0.5113710649311543,0.45757293701171875,43.068063923619476,0.9954610466957092,0.9954610466957092,0.07641779631376266,0.9715747833251953,0.24727848172187805,0.23270685970783234,-0.014571622014045715,0.23270685970783234,True,0.5424270629882812,0.9016766548156738,-0.014571622014045715,0.4573974609375,,,1.6346025762166612,0.0,0.4573974609375,0.0012343207899653055,0.04502301663160324,0.04502301663160324,22.567897622224248,0.07440551360778062,10.218750953674316,0.24727848172187805,0.23270685970783234,-0.014571622014045715,0.23270685970783234,"0,0,512,512",0.05294479802250862,0.006393252406269312,/cluster/users/grad/2025/25t8103/project/data/flowedit_compatible_118/eval_masks/fe_019_brown_owl_1_white_owl_eval_mask.png,fixed_eval_mask,0.0,0.0,0.0,0.0,dece_rf_flux,dece_rf_flux,,0.003468077862635255,0.003468077862635255,42.787955475120114,0.007254412157048601,,/cluster/users/grad/2025/25t8103/project/outputs/flowedit118_dece_metric_runs/fe_019_brown_owl_1_white_owl/dece_rf_flux/seed_10/result.png,6.251520156860352,fe_019_brown_owl_1_white_owl/dece_rf_flux/seed_10,,10,/cluster/users/grad/2025/25t8103/project/_baselines/src/FlowEdit/Data/Images/brown_owl.png,0.022475210949778557,"A small, brown owl standing on a patch of grass.",25.916259677487123,0.05060425273990483,0.9705882883542244,0.9705882883542244,"A small, white owl standing on a patch of grass.",fe_019_brown_owl_1_white_owl
0.0,0.0,0.0,0.0,0.0,0.0,0.0,0.0,0.0,0.0,31,0.9999853372573853,0.0018088038777932525,0.0012828352628275752,0.12828352628275752,0.45757293701171875,48.32715392179586,0.9982337951660156,0.9982337951660156,0.12028229236602783,0.9670387506484985,0.24148112535476685,0.2346513569355011,-0.006829768419265747,0.2346513569355011,True,0.5424270629882812,0.7792595028877258,-0.006829768419265747,0.4573974609375,,,1.3113220841159774,0.0,0.4573974609375,0.0047454630370963435,0.04419950768351555,0.04419950768351555,21.217379598492414,0.08692226210502321,10.07265853881836,0.24148112535476685,0.2346513569355011,-0.006829768419265747,0.2346513569355011,"0,0,512,512",0.06780249625444412,0.0016044470248743892,/cluster/users/grad/2025/25t8103/project/data/flowedit_compatible_118/eval_masks/fe_019_brown_owl_1_white_owl_eval_mask.png,fixed_eval_mask,0.0,0.0,0.0,0.0,dece_rf_sd3,dece_rf_sd3,,0.0018883671145886183,0.0018883671145886183,48.06976221340043,0.003949225106762449,,/cluster/users/grad/2025/25t8103/project/outputs/flowedit118_dece_metric_runs/fe_019_brown_owl_1_white_owl/dece_rf_sd3/seed_10/result.png,7.681300163269043,fe_019_brown_owl_1_white_owl/dece_rf_sd3/seed_10,,10,/cluster/users/grad/2025/25t8103/project/_baselines/src/FlowEdit/Data/Images/brown_owl.png,0.02124137431383133,"A small, brown owl standing on a patch of grass.",24.603820311160334,0.05885847214476466,0.9402280641590759,0.9402280641590759,"A small, white owl standing on a patch of grass.",fe_019_brown_owl_1_white_owl
0.0,0.0,0.0,0.0,0.0,0.0,0.0,0.0,0.0,0.0,31,0.999727189540863,0.0143462298437953,0.008322438225150108,0.8322438225150108,0.45757293701171875,32.296452383709095,0.9551396369934082,0.9551396369934082,0.31196945905685425,0.735008955001831,0.1822708249092102,0.30026429891586304,0.11799347400665283,0.30026429891586304,True,0.5424270629882812,0.10519058257341385,0.11799347400665283,0.4573974609375,,,1.3897730698993653,0.0,0.4573974609375,0.05390979450226848,0.09989892691373825,0.09989892691373825,14.974618054019018,0.1783483506186319,10.116986274719238,0.1822708249092102,0.30026429891586304,0.11799347400665283,0.30026429891586304,"0,0,512,512",0.17077574133872986,0.01042159367352724,/cluster/users/grad/2025/25t8103/project/data/flowedit_compatible_118/eval_masks/fe_020_brown_owl_2_glass_sculpture_eval_mask.png,fixed_eval_mask,0.0,0.0,0.0,0.0,dece_rf_flux,dece_rf_flux,,0.01510901190340519,0.01510901190340519,31.798964381667105,0.025707022692434467,,/cluster/users/grad/2025/25t8103/project/outputs/flowedit118_dece_metric_runs/fe_020_brown_owl_2_glass_sculpture/dece_rf_flux/seed_10/result.png,7.279595851898193,fe_020_brown_owl_2_glass_sculpture/dece_rf_flux/seed_10,,10,/cluster/users/grad/2025/25t8103/project/_baselines/src/FlowEdit/Data/Images/brown_owl.png,0.05389169976115227,"A small, brown owl standing on a patch of grass.",18.26594076123604,0.12209642893842575,0.814506501553772,0.814506501553772,A small glass sculpture of a brown owl standing on a patch of grass.,fe_020_brown_owl_2_glass_sculpture
0.0,0.0,0.0,0.0,0.0,0.0,0.0,0.0,0.0,0.0,31,0.9991334676742554,0.016356414183974266,0.014333137311041355,1.4333137311041355,0.45757293701171875,30.465023298775897,0.9255273938179016,0.9255273938179016,0.3284890055656433,0.8054903149604797,0.21939188241958618,0.32300862669944763,0.10361674427986145,0.32300862669944763,True,0.5424270629882812,0.4161474108695984,0.10361674427986145,0.4573974609375,,,1.7612099456168553,0.0,0.4573974609375,0.08291633306645316,0.12205466628074646,0.12205466628074646,13.26415297992746,0.21716625946796717,13.070201873779297,0.21939188241958618,0.32300862669944763,0.10361674427986145,0.32300862669944763,"0,0,512,512",0.17398138344287872,0.01840534619987011,/cluster/users/grad/2025/25t8103/project/data/flowedit_compatible_118/eval_masks/fe_020_brown_owl_2_glass_sculpture_eval_mask.png,fixed_eval_mask,0.0,0.0,0.0,0.0,dece_rf_sd3,dece_rf_sd3,,0.017200535163283348,0.017200535163283348,30.02104259208415,0.03154625941906896,,/cluster/users/grad/2025/25t8103/project/outputs/flowedit118_dece_metric_runs/fe_020_brown_owl_2_glass_sculpture/dece_rf_sd3/seed_10/result.png,7.421149253845215,fe_020_brown_owl_2_glass_sculpture/dece_rf_sd3/seed_10,,10,/cluster/users/grad/2025/25t8103/project/_baselines/src/FlowEdit/Data/Images/brown_owl.png,0.06516055017709732,"A small, brown owl standing on a patch of grass.",16.553840692364485,0.14869897174516564,0.7849031786986806,0.7849031786986806,A small glass sculpture of a brown owl standing on a patch of grass.,fe_020_brown_owl_2_glass_sculpture
0.0,0.0,0.0,0.0,0.0,0.0,0.0,0.0,0.0,0.0,31,0.9997033476829529,0.013524883426725864,0.01073677558451891,1.073677558451891,0.45757293701171875,32.43132513267925,0.9558395147323608,0.9558395147323608,0.09410104155540466,0.8373360633850098,0.24206170439720154,0.23908382654190063,-0.0029778778553009033,0.23908382654190063,True,0.5424270629882812,0.7592645287513733,-0.0029778778553009033,0.4573974609375,,,1.4840442462554222,0.0,0.4573974609375,0.03888944488924473,0.05410357564687729,0.05410357564687729,17.61979651629623,0.13152556442294805,11.153979301452637,0.24206170439720154,0.23908382654190063,-0.0029778778553009033,0.23908382654190063,"0,0,512,512",0.07533500343561172,0.012687357142567635,/cluster/users/grad/2025/25t8103/project/data/flowedit_compatible_118/eval_masks/fe_021_brown_owl_3_origami_owl_eval_mask.png,fixed_eval_mask,0.0,0.0,0.0,0.0,dece_rf_flux,dece_rf_flux,,0.01418734434992075,0.01418734434992075,31.967147776665126,0.025214050084350546,,/cluster/users/grad/2025/25t8103/project/outputs/flowedit118_dece_metric_runs/fe_021_brown_owl_3_origami_owl/dece_rf_flux/seed_10/result.png,7.515934467315674,fe_021_brown_owl_3_origami_owl/dece_rf_flux/seed_10,,10,/cluster/users/grad/2025/25t8103/project/_baselines/src/FlowEdit/Data/Images/brown_owl.png,0.03244493529200554,"A small, brown owl standing on a patch of grass.",20.83153235441921,0.09087059720863858,0.9054597574381208,0.9054597574381208,A small origami owl standing on a patch of grass.,fe_021_brown_owl_3_origami_owl
0.0,0.0,0.0,0.0,0.0,0.0,0.0,0.0,0.0,0.0,31,0.9985886216163635,0.017690815031528473,0.015189990401268005,1.5189990401268005,0.45757293701171875,30.32265400552086,0.9233628511428833,0.9233628511428833,0.152030348777771,0.8301960229873657,0.21069785952568054,0.23397871851921082,0.023280858993530273,0.23397871851921082,True,0.5424270629882812,0.1700347661972046,0.023280858993530273,0.4573974609375,,,1.4205586020019076,0.0,0.4573974609375,0.062366559914598343,0.12336429208517075,0.12336429208517075,13.123907740277957,0.22070115856543682,10.420892715454102,0.21069785952568054,0.23397871851921082,0.023280858993530273,0.23397871851921082,"0,0,512,512",0.20324602723121643,0.01937250792980194,/cluster/users/grad/2025/25t8103/project/data/flowedit_compatible_118/eval_masks/fe_021_brown_owl_3_origami_owl_eval_mask.png,fixed_eval_mask,0.0,0.0,0.0,0.0,dece_rf_sd3,dece_rf_sd3,,0.018502725288271904,0.018502725288271904,29.896286067818387,0.03200263192903565,,/cluster/users/grad/2025/25t8103/project/outputs/flowedit118_dece_metric_runs/fe_021_brown_owl_3_origami_owl/dece_rf_sd3/seed_10/result.png,7.335771083831787,fe_021_brown_owl_3_origami_owl/dece_rf_sd3/seed_10,,10,/cluster/users/grad/2025/25t8103/project/_baselines/src/FlowEdit/Data/Images/brown_owl.png,0.06646611541509628,"A small, brown owl standing on a patch of grass.",16.41397257981549,0.1511128411367357,0.7719190380430758,0.7719190380430758,A small origami owl standing on a patch of grass.,fe_021_brown_owl_3_origami_owl
0.0,0.0,0.0,0.0,0.0,0.0,0.0,0.0,0.0,0.0,31,0.9951932430267334,0.022508401423692703,0.03181057423353195,3.181057423353195,0.7172088623046875,28.749258049445366,0.902599036693573,0.902599036693573,0.14023680984973907,0.9508805274963379,0.2721158266067505,0.3047185242176056,0.0326026976108551,0.3047185242176056,True,0.2827911376953125,0.7548105716705322,0.0326026976108551,0.2237396240234375,,,1.838904365278352,0.0,0.2237396240234375,0.04231739753120098,0.13491685688495636,0.13491685688495636,12.456181374662618,0.23833670518036051,14.356452941894531,0.2643458843231201,0.3030231297016144,0.03867724537849426,0.3030231297016144,"54,108,464,512",0.12569059431552887,0.044707998633384705,/cluster/users/grad/2025/25t8103/project/data/flowedit_compatible_118/eval_masks/fe_024_bus_2_volkswagen_logo_eval_mask.png,fixed_eval_mask,0.0,0.0,0.0,0.0,dece_rf_flux,dece_rf_flux,,0.02335517667233944,0.02335517667233944,28.316098067220775,0.038387965572112014,,/cluster/users/grad/2025/25t8103/project/outputs/flowedit118_dece_metric_runs/fe_024_bus_2_volkswagen_logo/dece_rf_flux/seed_10/result.png,7.807068824768066,fe_024_bus_2_volkswagen_logo/dece_rf_flux/seed_10,,10,/cluster/users/grad/2025/25t8103/project/_baselines/src/FlowEdit/Data/Images/bus.png,0.04831594601273537,"A yellow van parked in front of a house, outside a garage. The van is of a classic model. The house has a brown exterior, and there is a tree nearby. There is a spare tire hanged between the headlights of the van.",18.58446194709629,0.11770011919260877,0.8243265589576335,0.8243265589576335,"A yellow van parked in front of a house, outside a garage. The van is of a classic model. The house has a brown exterior, and there is a tree nearby. There is a big Volkswagen logo on the front of the van, between its headlights.",fe_024_bus_2_volkswagen_logo
0.0,0.0,0.0,0.0,0.0,0.0,0.0,0.0,0.0,0.0,31,0.9925506711006165,0.027438726276159286,0.06844958662986755,6.844958662986755,0.7172088623046875,27.004176599935125,0.8370579481124878,0.8370579481124878,0.11291293799877167,0.9555596709251404,0.28323471546173096,0.31100863218307495,0.027773916721343994,0.31100863218307495,True,0.2827911376953125,0.7929178476333618,0.027773916721343994,0.2237396240234375,,,1.6025298941174029,0.0,0.2237396240234375,0.11252813203300825,0.11576369404792786,0.11576369404792786,13.859794710889519,0.2027730643927225,10.717336654663086,0.26254281401634216,0.297223299741745,0.03468048572540283,0.297223299741745,"54,108,464,512",0.14371103048324585,0.0720144584774971,/cluster/users/grad/2025/25t8103/project/data/flowedit_compatible_118/eval_masks/fe_024_bus_2_volkswagen_logo_eval_mask.png,fixed_eval_mask,0.0,0.0,0.0,0.0,dece_rf_sd3,dece_rf_sd3,,0.02685357816517353,0.02685357816517353,27.215810850850524,0.04357219689430596,,/cluster/users/grad/2025/25t8103/project/outputs/flowedit118_dece_metric_runs/fe_024_bus_2_volkswagen_logo/dece_rf_sd3/seed_10/result.png,6.687760829925537,fe_024_bus_2_volkswagen_logo/dece_rf_sd3/seed_10,,10,/cluster/users/grad/2025/25t8103/project/_baselines/src/FlowEdit/Data/Images/bus.png,0.04674628749489784,"A yellow van parked in front of a house, outside a garage. The van is of a classic model. The house has a brown exterior, and there is a tree nearby. There is a spare tire hanged between the headlights of the van.",19.717036182025392,0.10331138669635496,0.7883207665830829,0.7883207665830829,"A yellow van parked in front of a house, outside a garage. The van is of a classic model. The house has a brown exterior, and there is a tree nearby. There is a big Volkswagen logo on the front of the van, between its headlights.",fe_024_bus_2_volkswagen_logo
0.0,0.0,0.0,0.0,0.0,0.0,0.0,0.0,0.0,0.0,31,0.999075174331665,0.006225262302905321,0.013555190525949001,1.3555190525949001,0.7335052490234375,39.36472171805639,0.9903324246406555,0.9903324246406555,0.4254404306411743,0.9757317304611206,0.2501031458377838,0.2650400996208191,0.014936953783035278,0.2650400996208191,True,0.2664947509765625,0.8809885382652283,0.014936953783035278,0.2092742919921875,,,1.8373076157937984,0.0,0.2092742919921875,0.06842872767043383,0.11890334635972977,0.11890334635972977,13.027909853743797,0.22315391337164064,12.661237716674805,0.2462318390607834,0.27135369181632996,0.02512185275554657,0.27135369181632996,"61,115,457,512",0.09210746735334396,0.014461951330304146,/cluster/users/grad/2025/25t8103/project/data/flowedit_compatible_118/eval_masks/fe_025_bus_3_pink_van_eval_mask.png,fixed_eval_mask,0.0,0.0,0.0,0.0,dece_rf_flux,dece_rf_flux,,0.006099711172282696,0.006099711172282696,39.55369987538844,0.010527251686961371,,/cluster/users/grad/2025/25t8103/project/outputs/flowedit118_dece_metric_runs/fe_025_bus_3_pink_van/dece_rf_flux/seed_10/result.png,6.891191005706787,fe_025_bus_3_pink_van/dece_rf_flux/seed_10,,10,/cluster/users/grad/2025/25t8103/project/_baselines/src/FlowEdit/Data/Images/bus.png,0.029706614091992378,"A yellow van parked in front of a house, outside a garage. The van is of a classic model. The house has a brown exterior, and there is a tree nearby. There is a spare tire hanged between the headlights of the van.",19.784385243831696,0.10251342362073955,0.9104404423452784,0.9104404423452784,"A pink van parked in front of a house, outside a garage. The van is of a classic model. The house has a brown exterior, and there is a tree nearby. There is a spare tire hanged between the headlights of the van.",fe_025_bus_3_pink_van
0.0,0.0,0.0,0.0,0.0,0.0,0.0,0.0,0.0,0.0,31,0.9998964071273804,0.003523960942402482,0.004663687199354172,0.4663687199354172,0.7335052490234375,44.26351903638901,0.9969284534454346,0.9969284534454346,0.34699589014053345,0.9562909603118896,0.25715503096580505,0.27784261107444763,0.020687580108642578,0.27784261107444763,True,0.2664947509765625,0.8033288717269897,0.020687580108642578,0.2092742919921875,,,1.2478128805459183,0.0,0.2092742919921875,0.11135617936565805,0.12685509026050568,0.12685509026050568,13.236727686536476,0.2178530355140008,10.358535766601562,0.24242056906223297,0.2901296317577362,0.047709062695503235,0.2901296317577362,"61,115,457,512",0.10190598666667938,0.004890629090368748,/cluster/users/grad/2025/25t8103/project/data/flowedit_compatible_118/eval_masks/fe_025_bus_3_pink_van_eval_mask.png,fixed_eval_mask,0.0,0.0,0.0,0.0,dece_rf_sd3,dece_rf_sd3,,0.003453813726082444,0.003453813726082444,44.44867522371511,0.005991923207584588,,/cluster/users/grad/2025/25t8103/project/outputs/flowedit118_dece_metric_runs/fe_025_bus_3_pink_van/dece_rf_sd3/seed_10/result.png,8.301353454589844,fe_025_bus_3_pink_van/dece_rf_sd3/seed_10,,10,/cluster/users/grad/2025/25t8103/project/_baselines/src/FlowEdit/Data/Images/bus.png,0.029278529807925224,"A yellow van parked in front of a house, outside a garage. The van is of a classic model. The house has a brown exterior, and there is a tree nearby. There is a spare tire hanged between the headlights of the van.",20.01717294296798,0.09980248450667861,0.9083051560573744,0.9083051560573744,"A pink van parked in front of a house, outside a garage. The van is of a classic model. The house has a brown exterior, and there is a tree nearby. There is a spare tire hanged between the headlights of the van.",fe_025_bus_3_pink_van
0.0,0.0,0.0,0.0,0.0,0.0,0.0,0.0,0.0,0.0,31,0.9998504519462585,0.0024275067262351513,0.0047957878559827805,0.47957878559827805,0.6238784790039062,43.327103965928906,0.9962839484214783,0.9962839484214783,0.28372877836227417,0.9879301190376282,0.2780776619911194,0.27514955401420593,-0.002928107976913452,0.27514955401420593,True,0.37612152099609375,0.9882104992866516,-0.002928107976913452,0.3057403564453125,,,1.8375984547483462,0.0,0.3057403564453125,0.010118780256525428,0.06348903477191925,0.06348903477191925,17.596607014345246,0.13187717922950226,8.930359840393066,0.25596773624420166,0.25171080231666565,-0.004256933927536011,0.25171080231666565,"100,0,512,512",0.05351778119802475,0.00525458762422204,/cluster/users/grad/2025/25t8103/project/data/flowedit_compatible_118/eval_masks/fe_027_butterflies_1_yellow_eval_mask.png,fixed_eval_mask,0.0,0.0,0.0,0.0,dece_rf_flux,dece_rf_flux,,0.0024829679168760777,0.0024829679168760777,43.07394172750381,0.007019447232090136,,/cluster/users/grad/2025/25t8103/project/outputs/flowedit118_dece_metric_runs/fe_027_butterflies_1_yellow/dece_rf_flux/seed_10/result.png,4.859799385070801,fe_027_butterflies_1_yellow/dece_rf_flux/seed_10,,10,/cluster/users/grad/2025/25t8103/project/_baselines/src/FlowEdit/Data/Images/butterflies.png,0.021134985610842705,"A vibrant orange flower with two black and white butterflies perched on it. The butterflies are positioned on opposite sides of the flower, with one butterfly on the left side and the other on the right side. The butterflies appear to be resting or possibly feeding on the flower, creating a captivating scene.",22.715229488934376,0.07315407539204802,0.9748858055041791,0.9748858055041791,"A vibrant orange flower with two yellow butterflies perched on it. The butterflies are positioned on opposite sides of the flower, with one butterfly on the left side and the other on the right side. The butterflies appear to be resting or possibly feeding on the flower, creating a captivating scene.",fe_027_butterflies_1_yellow
0.0,0.0,0.0,0.0,0.0,0.0,0.0,0.0,0.0,0.0,31,0.9999354481697083,0.0013197624357417226,0.001254357979632914,0.1254357979632914,0.6238784790039062,49.28816552758058,0.9981600046157837,0.9981600046157837,0.05092112347483635,0.985975980758667,0.2801018953323364,0.2637506127357483,-0.016351282596588135,0.2637506127357483,True,0.37612152099609375,0.9635725617408752,-0.016351282596588135,0.3057403564453125,,,1.4214728579880902,0.0,0.3057403564453125,0.011416379697559514,0.1058264896273613,0.1058264896273613,13.088952417596122,0.22159113354604865,7.961941719055176,0.25840240716934204,0.24425876140594482,-0.014143645763397217,0.24425876140594482,"100,0,512,512",0.10016848146915436,0.0013803084148094058,/cluster/users/grad/2025/25t8103/project/data/flowedit_compatible_118/eval_masks/fe_027_butterflies_1_yellow_eval_mask.png,fixed_eval_mask,0.0,0.0,0.0,0.0,dece_rf_sd3,dece_rf_sd3,,0.0013508736155927181,0.0013508736155927181,48.984428675408395,0.003554500390118712,,/cluster/users/grad/2025/25t8103/project/outputs/flowedit118_dece_metric_runs/fe_027_butterflies_1_yellow/dece_rf_sd3/seed_10/result.png,5.601191520690918,fe_027_butterflies_1_yellow/dece_rf_sd3/seed_10,,10,/cluster/users/grad/2025/25t8103/project/_baselines/src/FlowEdit/Data/Images/butterflies.png,0.03329328075051308,"A vibrant orange flower with two black and white butterflies perched on it. The butterflies are positioned on opposite sides of the flower, with one butterfly on the left side and the other on the right side. The butterflies appear to be resting or possibly feeding on the flower, creating a captivating scene.",18.2328865834024,0.12256195246133075,0.9059824947471097,0.9059824947471097,"A vibrant orange flower with two yellow butterflies perched on it. The butterflies are positioned on opposite sides of the flower, with one butterfly on the left side and the other on the right side. The butterflies appear to be resting or possibly feeding on the flower, creating a captivating scene.",fe_027_butterflies_1_yellow
0.0,0.0,0.0,0.0,0.0,0.0,0.0,0.0,0.0,0.0,31,0.9997941255569458,0.000876404345035553,0.003003847086802125,0.3003847086802125,0.6673011779785156,50.81091286534682,0.998309850692749,0.998309850692749,0.21560269594192505,0.983475923538208,0.2666926980018616,0.26703715324401855,0.0003444552421569824,0.26703715324401855,True,0.3326988220214844,0.979781448841095,0.0003444552421569824,0.2683830261230469,,,3.4493151909986195,0.0,0.2683830261230469,0.08208371828583612,0.07082705199718475,0.07082705199718475,16.469389140711918,0.1501518000460368,8.864855766296387,0.2606281638145447,0.2652074694633484,0.004579305648803711,0.2652074694633484,"0,0,423,403",0.05302050709724426,0.0031833588145673275,/cluster/users/grad/2025/25t8103/project/data/flowedit_compatible_118/eval_masks/fe_028_butterfly_1_orange_butterfly_eval_mask.png,fixed_eval_mask,0.0,0.0,0.0,0.0,dece_rf_flux,dece_rf_flux,,0.0009155759471468627,0.0009155759471468627,50.6572541791878,0.0029318199183003576,,/cluster/users/grad/2025/25t8103/project/outputs/flowedit118_dece_metric_runs/fe_028_butterfly_1_orange_butterfly/dece_rf_flux/seed_10/result.png,2.570033550262451,fe_028_butterfly_1_orange_butterfly/dece_rf_flux/seed_10,,10,/cluster/users/grad/2025/25t8103/project/_baselines/src/FlowEdit/Data/Images/butterfly.png,0.0196786280721426,A beautiful purple flower with a white and black butterfly perched on top of it. The butterfly is positioned towards the left side of the flower.,22.1773282577864,0.07782759085400884,0.9860846144578984,0.9860846144578984,A beautiful purple flower with an orange butterfly perched on top of it. The butterfly is positioned towards the right side of the flower.,fe_028_butterfly_1_orange_butterfly
0.0,0.0,0.0,0.0,0.0,0.0,0.0,0.0,0.0,0.0,31,0.9998974800109863,0.0006042338209226727,0.0011000364320352674,0.11000364320352674,0.6673011779785156,54.71343339830032,0.9987837076187134,0.9987837076187134,0.2628442049026489,0.9671751260757446,0.2702481746673584,0.28507715463638306,0.014828979969024658,0.28507715463638306,True,0.3326988220214844,0.8546579480171204,0.014828979969024658,0.2683830261230469,,,2.9679697701054675,0.0,0.2683830261230469,0.15508492644446023,0.08480390906333923,0.08480390906333923,14.70994345575967,0.1838665923349454,8.524043083190918,0.2545088529586792,0.2715229392051697,0.01701408624649048,0.2715229392051697,"0,0,423,403",0.0973009243607521,0.0011559359263628721,/cluster/users/grad/2025/25t8103/project/data/flowedit_compatible_118/eval_masks/fe_028_butterfly_1_orange_butterfly_eval_mask.png,fixed_eval_mask,0.0,0.0,0.0,0.0,dece_rf_sd3,dece_rf_sd3,,0.0006182651850394905,0.0006182651850394905,54.67218882000944,0.0018466753792154593,,/cluster/users/grad/2025/25t8103/project/outputs/flowedit118_dece_metric_runs/fe_028_butterfly_1_orange_butterfly/dece_rf_sd3/seed_10/result.png,2.872011423110962,fe_028_butterfly_1_orange_butterfly/dece_rf_sd3/seed_10,,10,/cluster/users/grad/2025/25t8103/project/_baselines/src/FlowEdit/Data/Images/butterfly.png,0.023212263360619545,A beautiful purple flower with a white and black butterfly perched on top of it. The butterfly is positioned towards the left side of the flower.,20.42119853670641,0.09526646999549358,0.9291132081846591,0.9291132081846591,A beautiful purple flower with an orange butterfly perched on top of it. The butterfly is positioned towards the right side of the flower.,fe_028_butterfly_1_orange_butterfly
0.0,0.0,0.0,0.0,0.0,0.0,0.0,0.0,0.0,0.0,31,0.9998006224632263,0.0017373020527884364,0.004219836089760065,0.4219836089760065,0.7459640502929688,43.86623571092271,0.9980591535568237,0.9980591535568237,0.5831087827682495,0.9904992580413818,0.2410610318183899,0.2712208032608032,0.03015977144241333,0.2712208032608032,True,0.25403594970703125,0.8887251615524292,0.03015977144241333,0.1948699951171875,,,0.9156392677092624,0.0,0.1948699951171875,0.2083822723357607,0.0905066579580307,0.0905066579580307,15.71316847099119,0.16381043984930804,5.66803503036499,0.2467057853937149,0.279893159866333,0.0331873744726181,0.279893159866333,"0,128,512,512",0.06371237337589264,0.004757358692586422,/cluster/users/grad/2025/25t8103/project/data/flowedit_compatible_118/eval_masks/fe_029_butterfly_2_red_flower_eval_mask.png,fixed_eval_mask,0.0,0.0,0.0,0.0,dece_rf_flux,dece_rf_flux,,0.0018373298225924373,0.0018373298225924373,43.624399486141805,0.0065884010190634355,,/cluster/users/grad/2025/25t8103/project/outputs/flowedit118_dece_metric_runs/fe_029_butterfly_2_red_flower/dece_rf_flux/seed_10/result.png,6.190248966217041,fe_029_butterfly_2_red_flower/dece_rf_flux/seed_10,,10,/cluster/users/grad/2025/25t8103/project/_baselines/src/FlowEdit/Data/Images/butterfly.png,0.019116321578621864,A beautiful purple flower with a white and black butterfly perched on top of it. The butterfly is positioned towards the left side of the flower.,22.786789684120045,0.07255385885281974,0.9818308891287266,0.9818308891287266,A beautiful red flower with a white and black butterfly perched on top of it. The butterfly is positioned towards the right side of the flower.,fe_029_butterfly_2_red_flower
0.0,0.0,0.0,0.0,0.0,0.0,0.0,0.0,0.0,0.0,31,0.9999387860298157,0.0010569147998467088,0.0014270571991801262,0.14270571991801262,0.7459640502929688,49.396502915726906,0.9986914396286011,0.9986914396286011,0.5144835710525513,0.9937654733657837,0.2487233728170395,0.2645646631717682,0.0158412903547287,0.2645646631717682,True,0.25403594970703125,0.82862389087677,0.0158412903547287,0.1948699951171875,,,0.9840697850351063,0.0,0.1948699951171875,0.22091065695716858,0.07304632663726807,0.07304632663726807,16.923013971826773,0.14251129988155076,6.826083660125732,0.2506784200668335,0.27588823437690735,0.025209814310073853,0.27588823437690735,"0,128,512,512",0.04697728157043457,0.0016037138411775231,/cluster/users/grad/2025/25t8103/project/data/flowedit_compatible_118/eval_masks/fe_029_butterfly_2_red_flower_eval_mask.png,fixed_eval_mask,0.0,0.0,0.0,0.0,dece_rf_sd3,dece_rf_sd3,,0.0010994053445756435,0.0010994053445756435,49.217703201986616,0.0034603086620202633,,/cluster/users/grad/2025/25t8103/project/outputs/flowedit118_dece_metric_runs/fe_029_butterfly_2_red_flower/dece_rf_sd3/seed_10/result.png,6.936584949493408,fe_029_butterfly_2_red_flower/dece_rf_sd3/seed_10,,10,/cluster/users/grad/2025/25t8103/project/_baselines/src/FlowEdit/Data/Images/butterfly.png,0.015119698829948902,A beautiful purple flower with a white and black butterfly perched on top of it. The butterfly is positioned towards the left side of the flower.,24.014998539462262,0.06298687659774792,0.972108455453539,0.972108455453539,A beautiful red flower with a white and black butterfly perched on top of it. The butterfly is positioned towards the right side of the flower.,fe_029_butterfly_2_red_flower
0.0,0.0,0.0,0.0,0.0,0.0,0.0,0.0,0.0,0.0,31,0.9996582865715027,0.007473684847354889,0.003257138654589653,0.3257138654589653,0.4603729248046875,40.19767126086816,0.9811648726463318,0.9811648726463318,0.10545267909765244,0.9670246839523315,0.2899147570133209,0.3091976046562195,0.01928284764289856,0.3091976046562195,True,0.5396270751953125,0.9046460390090942,0.01928284764289856,0.45574188232421875,,,1.8779007894365518,0.0,0.45574188232421875,0.009031556039173013,0.028200047090649605,0.028200047090649605,23.609462895671523,0.06599740434346082,9.64603328704834,0.2899147570133209,0.3091976046562195,0.01928284764289856,0.3091976046562195,"0,0,512,512",0.04007942974567413,0.0043337661772966385,/cluster/users/grad/2025/25t8103/project/data/flowedit_compatible_118/eval_masks/fe_031_cake_1_berries_eval_mask.png,fixed_eval_mask,0.0,0.0,0.0,0.0,dece_rf_flux,dece_rf_flux,,0.007842423394322395,0.007842423394322395,39.63894725888415,0.010424437672767692,,/cluster/users/grad/2025/25t8103/project/outputs/flowedit118_dece_metric_runs/fe_031_cake_1_berries/dece_rf_flux/seed_10/result.png,5.136604309082031,fe_031_cake_1_berries/dece_rf_flux/seed_10,,10,/cluster/users/grad/2025/25t8103/project/_baselines/src/FlowEdit/Data/Images/cake.png,0.017120249569416046,"A three-layer cake with white frosting, placed on a wooden table. The cake is adorned with a variety of fruits. The cake is presented on a white plate.",26.894768211557608,0.045212819361013616,0.9432090130220497,0.9432090130220497,"A three-layer cake with white frosting, placed on a wooden table. The cake is adorned with a variety of berries. The cake is presented on a white plate.",fe_031_cake_1_berries
0.0,0.0,0.0,0.0,0.0,0.0,0.0,0.0,0.0,0.0,31,0.9993481636047363,0.008658315986394882,0.005180896259844303,0.5180896259844303,0.4603729248046875,38.797986634627044,0.9720125198364258,0.9720125198364258,0.047383226454257965,0.9714928865432739,0.275765597820282,0.2895280122756958,0.013762414455413818,0.2895280122756958,True,0.5396270751953125,0.9637101888656616,0.013762414455413818,0.45574188232421875,,,1.8235499904315497,0.0,0.45574188232421875,0.0038838202059094332,0.0411885604262352,0.0411885604262352,21.430258098173102,0.08481781787599761,8.933048248291016,0.275765597820282,0.2895280122756958,0.013762414455413818,0.2895280122756958,"0,0,512,512",0.06238854303956032,0.006907816976308823,/cluster/users/grad/2025/25t8103/project/data/flowedit_compatible_118/eval_masks/fe_031_cake_1_berries_eval_mask.png,fixed_eval_mask,0.0,0.0,0.0,0.0,dece_rf_sd3,dece_rf_sd3,,0.008928099647164345,0.008928099647164345,38.31146834669754,0.012145812785620005,,/cluster/users/grad/2025/25t8103/project/outputs/flowedit118_dece_metric_runs/fe_031_cake_1_berries/dece_rf_sd3/seed_10/result.png,4.898713111877441,fe_031_cake_1_berries/dece_rf_sd3/seed_10,,10,/cluster/users/grad/2025/25t8103/project/_baselines/src/FlowEdit/Data/Images/cake.png,0.023630542680621147,"A three-layer cake with white frosting, placed on a wooden table. The cake is adorned with a variety of fruits. The cake is presented on a white plate.",24.737997240739222,0.05795623142867838,0.9166136882678441,0.9166136882678441,"A three-layer cake with white frosting, placed on a wooden table. The cake is adorned with a variety of berries. The cake is presented on a white plate.",fe_031_cake_1_berries
0.0,0.0,0.0,0.0,0.0,0.0,0.0,0.0,0.0,0.0,31,0.9996159076690674,0.0073963915929198265,0.004416012205183506,0.4416012205183506,0.4603729248046875,40.12589505386374,0.9812681078910828,0.9812681078910828,0.17145881056785583,0.9508339166641235,0.26186540722846985,0.279119074344635,0.01725366711616516,0.279119074344635,True,0.5396270751953125,0.8500707149505615,0.01725366711616516,0.45574188232421875,,,1.8014167044061231,0.0,0.45574188232421875,0.007014313216707123,0.04904162883758545,0.04904162883758545,19.170859900728093,0.11001629240719116,9.464723587036133,0.26186540722846985,0.279119074344635,0.01725366711616516,0.279119074344635,"0,0,512,512",0.07335425913333893,0.008477181196212769,/cluster/users/grad/2025/25t8103/project/data/flowedit_compatible_118/eval_masks/fe_033_cake_3_wedding_cake_eval_mask.png,fixed_eval_mask,0.0,0.0,0.0,0.0,dece_rf_flux,dece_rf_flux,,0.007910313084721565,0.007910313084721565,39.23601481148427,0.010919412170322274,,/cluster/users/grad/2025/25t8103/project/outputs/flowedit118_dece_metric_runs/fe_033_cake_3_wedding_cake/dece_rf_flux/seed_10/result.png,5.254044532775879,fe_033_cake_3_wedding_cake/dece_rf_flux/seed_10,,10,/cluster/users/grad/2025/25t8103/project/_baselines/src/FlowEdit/Data/Images/cake.png,0.02665557898581028,"A three-layer cake with white frosting, placed on a wooden table. The cake is adorned with a variety of fruits. The cake is presented on a white plate.",22.532875875636513,0.0747061243189196,0.9184726331483255,0.9184726331483255,"A three-layer wedding cake with white frosting, placed on a wooden table. The cake is presented on a white plate.",fe_033_cake_3_wedding_cake
0.0,0.0,0.0,0.0,0.0,0.0,0.0,0.0,0.0,0.0,31,0.9993749260902405,0.008611350320279598,0.005203368607908487,0.5203368607908487,0.4603729248046875,38.78787228604105,0.9718635678291321,0.9718635678291321,0.1150660365819931,0.9613669514656067,0.270950585603714,0.2745070457458496,0.00355646014213562,0.2745070457458496,True,0.5396270751953125,0.971458375453949,0.00355646014213562,0.45574188232421875,,,1.7909870016622613,0.0,0.45574188232421875,0.004695739516196534,0.035840269178152084,0.035840269178152084,22.197279127650468,0.07764903156841228,8.775080680847168,0.270950585603714,0.2745070457458496,0.00355646014213562,0.2745070457458496,"0,0,512,512",0.06035206466913223,0.0070073665119707584,/cluster/users/grad/2025/25t8103/project/data/flowedit_compatible_118/eval_masks/fe_033_cake_3_wedding_cake_eval_mask.png,fixed_eval_mask,0.0,0.0,0.0,0.0,dece_rf_sd3,dece_rf_sd3,,0.008912351913750172,0.008912351913750172,38.294291744246294,0.012169855252455338,,/cluster/users/grad/2025/25t8103/project/outputs/flowedit118_dece_metric_runs/fe_033_cake_3_wedding_cake/dece_rf_sd3/seed_10/result.png,4.899578094482422,fe_033_cake_3_wedding_cake/dece_rf_sd3/seed_10,,10,/cluster/users/grad/2025/25t8103/project/_baselines/src/FlowEdit/Data/Images/cake.png,0.02118452824652195,"A three-layer cake with white frosting, placed on a wooden table. The cake is adorned with a variety of fruits. The cake is presented on a white plate.",25.484522537377106,0.05318312751924295,0.9176915508509786,0.9176915508509786,"A three-layer wedding cake with white frosting, placed on a wooden table. The cake is presented on a white plate.",fe_033_cake_3_wedding_cake
0.0,0.0,0.0,0.0,0.0,0.0,0.0,0.0,0.0,0.0,31,0.9994316697120667,0.0071640354581177235,0.0040475232526659966,0.40475232526659966,0.4603729248046875,40.187130254562746,0.980983316898346,0.980983316898346,0.1499747335910797,0.9444713592529297,0.27143752574920654,0.2989089787006378,0.027471452951431274,0.2989089787006378,True,0.5396270751953125,0.9087598919868469,0.027471452951431274,0.45574188232421875,,,1.9269271458734147,0.0,0.45574188232421875,0.0027036076002343685,0.03431444615125656,0.03431444615125656,21.607642623848594,0.08310322327051264,9.880279541015625,0.27143752574920654,0.2989089787006378,0.027471452951431274,0.2989089787006378,"0,0,512,512",0.05542498081922531,0.007399055641144514,/cluster/users/grad/2025/25t8103/project/data/flowedit_compatible_118/eval_masks/fe_034_cake_4_strawberries_eval_mask.png,fixed_eval_mask,0.0,0.0,0.0,0.0,dece_rf_flux,dece_rf_flux,,0.00794614665210247,0.00794614665210247,38.43971861232955,0.011967793014849647,,/cluster/users/grad/2025/25t8103/project/outputs/flowedit118_dece_metric_runs/fe_034_cake_4_strawberries/dece_rf_flux/seed_10/result.png,5.127479553222656,fe_034_cake_4_strawberries/dece_rf_flux/seed_10,,10,/cluster/users/grad/2025/25t8103/project/_baselines/src/FlowEdit/Data/Images/cake.png,0.019963286817073822,"A three-layer cake with white frosting, placed on a wooden table. The cake is adorned with a variety of fruits. The cake is presented on a white plate.",24.91420133923889,0.056792362212913255,0.9336756832874763,0.9336756832874763,"A three-layer wedding cake with white frosting, placed on a wooden table. The cake is adorned with a lot of strawberries. The cake is presented on a white plate.",fe_034_cake_4_strawberries
0.0,0.0,0.0,0.0,0.0,0.0,0.0,0.0,0.0,0.0,31,0.9991828203201294,0.009803574532270432,0.005510416813194752,0.5510416813194752,0.4603729248046875,38.02649090396895,0.9719569683074951,0.9719569683074951,0.17859798669815063,0.9246299862861633,0.2667660713195801,0.30516111850738525,0.038395047187805176,0.30516111850738525,True,0.5396270751953125,0.8117588758468628,0.038395047187805176,0.45574188232421875,,,1.8487246651102587,0.0,0.45574188232421875,0.02979827571775341,0.11359693109989166,0.11359693109989166,14.43766552666498,0.18972157601174622,8.915046691894531,0.2667660713195801,0.30516111850738525,0.038395047187805176,0.30516111850738525,"0,0,512,512",0.16916057467460632,0.007841802202165127,/cluster/users/grad/2025/25t8103/project/data/flowedit_compatible_118/eval_masks/fe_034_cake_4_strawberries_eval_mask.png,fixed_eval_mask,0.0,0.0,0.0,0.0,dece_rf_sd3,dece_rf_sd3,,0.01014743372797966,0.01014743372797966,37.45867462970288,0.01339881122807468,,/cluster/users/grad/2025/25t8103/project/outputs/flowedit118_dece_metric_runs/fe_034_cake_4_strawberries/dece_rf_sd3/seed_10/result.png,4.822268486022949,fe_034_cake_4_strawberries/dece_rf_sd3/seed_10,,10,/cluster/users/grad/2025/25t8103/project/_baselines/src/FlowEdit/Data/Images/cake.png,0.05729372426867485,"A three-layer cake with white frosting, placed on a wooden table. The cake is adorned with a variety of fruits. The cake is presented on a white plate.",17.824685541022014,0.12845935082251753,0.8213680554026677,0.8213680554026677,"A three-layer wedding cake with white frosting, placed on a wooden table. The cake is adorned with a lot of strawberries. The cake is presented on a white plate.",fe_034_cake_4_strawberries
0.0,0.0,0.0,0.0,0.0,0.0,0.0,0.0,0.0,0.0,31,1.0,0.010101374238729477,0.0006483150064013898,0.06483150064013898,0.03857421875,38.904426991944376,0.9868282675743103,0.9868282675743103,0.2531977891921997,0.8764126896858215,0.2575341761112213,0.2996743321418762,0.04214015603065491,0.2996743321418762,True,0.96142578125,0.6296893358230591,0.04214015603065491,0.8581581115722656,,,2.3317995675054926,0.0,0.8581581115722656,0.4081062939798454,0.0657343938946724,0.0657343938946724,17.988930450576458,0.12605308456040076,6.519992351531982,0.2575341761112213,0.2996743321418762,0.04214015603065491,0.2996743321418762,"0,0,512,512",0.21693913638591766,0.0024664816446602345,/cluster/users/grad/2025/25t8103/project/data/flowedit_compatible_118/eval_masks/fe_037_castle_1_lego_castle_eval_mask.png,fixed_eval_mask,0.0,0.0,0.0,0.0,dece_rf_flux,dece_rf_flux,,0.011033504270017147,0.011033504270017147,36.7403159112166,0.014554061455912414,,/cluster/users/grad/2025/25t8103/project/outputs/flowedit118_dece_metric_runs/fe_037_castle_1_lego_castle/dece_rf_flux/seed_10/result.png,2.7961204051971436,fe_037_castle_1_lego_castle/dece_rf_flux/seed_10,,10,/cluster/users/grad/2025/25t8103/project/_baselines/src/FlowEdit/Data/Images/castle.png,0.057975515723228455,"A majestic castle with a tall, pointed roof, situated on a hillside. The sky above the castle is filled with clouds, creating a dramatic atmosphere. There are several windows on the castle, with some located on the lower levels and others on the upper levels.",18.643698531929374,0.1169001513399294,0.7699626241841981,0.7699626241841981,"A majestic castle made out of lego bricks with a tall, pointed roof, situated on a hillside. The sky above the lego castle is filled with clouds, creating a dramatic atmosphere. There are several windows on the lego castle, with some located on the lower levels and others on the upper levels.",fe_037_castle_1_lego_castle
0.0,0.0,0.0,0.0,0.0,0.0,0.0,0.0,0.0,0.0,31,1.0,0.007364058867096901,0.0003458642167970538,0.03458642167970538,0.03857421875,40.628611109389595,0.9816539287567139,0.9816539287567139,0.03368598595261574,0.9618510007858276,0.2903953492641449,0.24572455883026123,-0.04467079043388367,0.24572455883026123,True,0.96142578125,0.8772529363632202,-0.04467079043388367,0.8581581115722656,,,2.214282188687077,0.0,0.8581581115722656,0.3228470712701313,0.04623575136065483,0.04623575136065483,19.381768046993315,0.10737708198213096,5.957545280456543,0.2903953492641449,0.24572455883026123,-0.04467079043388367,0.24572455883026123,"0,0,512,512",0.1492314636707306,0.00217293668538332,/cluster/users/grad/2025/25t8103/project/data/flowedit_compatible_118/eval_masks/fe_037_castle_1_lego_castle_eval_mask.png,fixed_eval_mask,0.0,0.0,0.0,0.0,dece_rf_sd3,dece_rf_sd3,,0.00815690029412508,0.00815690029412508,37.2122150566554,0.013784443802588609,,/cluster/users/grad/2025/25t8103/project/outputs/flowedit118_dece_metric_runs/fe_037_castle_1_lego_castle/dece_rf_sd3/seed_10/result.png,2.6905086040496826,fe_037_castle_1_lego_castle/dece_rf_sd3/seed_10,,10,/cluster/users/grad/2025/25t8103/project/_baselines/src/FlowEdit/Data/Images/castle.png,0.04083457589149475,"A majestic castle with a tall, pointed roof, situated on a hillside. The sky above the castle is filled with clouds, creating a dramatic atmosphere. There are several windows on the castle, with some located on the lower levels and others on the upper levels.",20.034279836655003,0.09960611655945692,0.8542197723504054,0.8542197723504054,"A majestic castle made out of lego bricks with a tall, pointed roof, situated on a hillside. The sky above the lego castle is filled with clouds, creating a dramatic atmosphere. There are several windows on the lego castle, with some located on the lower levels and others on the upper levels.",fe_037_castle_1_lego_castle
0.0,0.0,0.0,0.0,0.0,0.0,0.0,0.0,0.0,0.0,31,0.8846303820610046,0.01752281002700329,0.04661913961172104,4.661913961172104,0.41024017333984375,25.984739471798495,0.9143356680870056,0.9143356680870056,0.21925900876522064,0.7722874879837036,0.3022471070289612,0.35273289680480957,0.05048578977584839,0.35273289680480957,True,0.5897598266601562,0.4609953761100769,0.05048578977584839,0.502899169921875,,,0.837521819326521,0.0,0.502899169921875,0.006895139268159475,0.02400306984782219,0.02400306984782219,23.5801771022713,0.06622030014750306,5.342906475067139,0.3022471070289612,0.35273289680480957,0.05048578977584839,0.35273289680480957,"0,0,512,512",0.11162140220403671,0.06084837764501572,/cluster/users/grad/2025/25t8103/project/data/flowedit_compatible_118/eval_masks/fe_038_cat_and_dog_1_lego_eval_mask.png,fixed_eval_mask,0.0,0.0,0.0,0.0,dece_rf_flux,dece_rf_flux,,0.021883074194192886,0.021883074194192886,23.5422043224047,0.06651043432743811,,/cluster/users/grad/2025/25t8103/project/outputs/flowedit118_dece_metric_runs/fe_038_cat_and_dog_1_lego/dece_rf_flux/seed_10/result.png,6.37942361831665,fe_038_cat_and_dog_1_lego/dece_rf_flux/seed_10,,10,/cluster/users/grad/2025/25t8103/project/_baselines/src/FlowEdit/Data/Images/cat_and_dog.png,0.02294921875,"A dog and a cat sitting together on a sidewalk. The dog is positioned on the left side of the scene, while the cat is on the right side. Both animals appear to be relaxed and enjoying each other''s company.",23.561259181890097,0.06636468554243752,0.899227531093165,0.899227531093165,"A dog and a cat made out of lego sitting together on a sidewalk. The lego dog is positioned on the left side of the scene, while the lego cat is on the right side. Both animals appear to be relaxed and enjoying each other''s company.",fe_038_cat_and_dog_1_lego
0.0,0.0,0.0,0.0,0.0,0.0,0.0,0.0,0.0,0.0,31,0.9037398099899292,0.02332046627998352,0.05575897544622421,5.575897544622421,0.41024017333984375,23.36796065949013,0.8753046989440918,0.8753046989440918,0.3423594832420349,0.8242470026016235,0.27783411741256714,0.363497793674469,0.08566367626190186,0.363497793674469,True,0.5897598266601562,0.6025779843330383,0.08566367626190186,0.502899169921875,,,0.9656942671099733,0.0,0.502899169921875,0.0005006371745858365,0.04852835461497307,0.04852835461497307,18.194411593772756,0.12310605669493992,5.418743133544922,0.27783411741256714,0.363497793674469,0.08566367626190186,0.363497793674469,"0,0,512,512",0.1386420875787735,0.06867649406194687,/cluster/users/grad/2025/25t8103/project/data/flowedit_compatible_118/eval_masks/fe_038_cat_and_dog_1_lego_eval_mask.png,fixed_eval_mask,0.0,0.0,0.0,0.0,dece_rf_sd3,dece_rf_sd3,,0.027579667046666145,0.027579667046666145,22.11469095992197,0.07839086415708853,,/cluster/users/grad/2025/25t8103/project/outputs/flowedit118_dece_metric_runs/fe_038_cat_and_dog_1_lego/dece_rf_sd3/seed_10/result.png,5.611240863800049,fe_038_cat_and_dog_1_lego/dece_rf_sd3/seed_10,,10,/cluster/users/grad/2025/25t8103/project/_baselines/src/FlowEdit/Data/Images/cat_and_dog.png,0.038114748895168304,"A dog and a cat sitting together on a sidewalk. The dog is positioned on the left side of the scene, while the cat is on the right side. Both animals appear to be relaxed and enjoying each other''s company.",19.715818390237754,0.10332587232575685,0.8541495826611628,0.8541495826611628,"A dog and a cat made out of lego sitting together on a sidewalk. The lego dog is positioned on the left side of the scene, while the lego cat is on the right side. Both animals appear to be relaxed and enjoying each other''s company.",fe_038_cat_and_dog_1_lego
0.0,0.0,0.0,0.0,0.0,0.0,0.0,0.0,0.0,0.0,31,0.9316684603691101,0.013354103080928326,0.025914937257766724,2.5914937257766724,0.41024017333984375,29.531952898030113,0.938524603843689,0.938524603843689,0.2978561520576477,0.8581430912017822,0.2997240424156189,0.3452620804309845,0.0455380380153656,0.3452620804309845,True,0.5897598266601562,0.6233171224594116,0.0455380380153656,0.502899169921875,,,0.9910538761231173,0.0,0.502899169921875,0.0004551247041689423,0.028236040845513344,0.028236040845513344,23.68304220858658,0.06544069297241052,5.076981067657471,0.2997240424156189,0.3452620804309845,0.0455380380153656,0.3452620804309845,"0,0,512,512",0.11036577820777893,0.033587925136089325,/cluster/users/grad/2025/25t8103/project/data/flowedit_compatible_118/eval_masks/fe_039_cat_and_dog_2_bronze_eval_mask.png,fixed_eval_mask,0.0,0.0,0.0,0.0,dece_rf_flux,dece_rf_flux,,0.01415691152215004,0.01415691152215004,28.753688992456308,0.036501906673392245,,/cluster/users/grad/2025/25t8103/project/outputs/flowedit118_dece_metric_runs/fe_039_cat_and_dog_2_bronze/dece_rf_flux/seed_10/result.png,5.122810363769531,fe_039_cat_and_dog_2_bronze/dece_rf_flux/seed_10,,10,/cluster/users/grad/2025/25t8103/project/_baselines/src/FlowEdit/Data/Images/cat_and_dog.png,0.021237293258309364,"A dog and a cat sitting together on a sidewalk. The dog is positioned on the left side of the scene, while the cat is on the right side. Both animals appear to be relaxed and enjoying each other''s company.",25.50368818370368,0.05306590690770981,0.8990382446891358,0.8990382446891358,"A bronze sculpture of a dog and a cat sitting together on a sidewalk. The dog is positioned on the left side of the scene, while the cat is on the right side. Both animals appear to be relaxed and enjoying each other''s company.",fe_039_cat_and_dog_2_bronze
0.0,0.0,0.0,0.0,0.0,0.0,0.0,0.0,0.0,0.0,31,0.9898958206176758,0.011366697028279305,0.02390167862176895,2.390167862176895,0.41024017333984375,35.623738821760824,0.9178615808486938,0.9178615808486938,0.03630097210407257,0.9807532429695129,0.32405412197113037,0.27351605892181396,-0.050538063049316406,0.27351605892181396,True,0.5897598266601562,0.9718511700630188,-0.050538063049316406,0.502899169921875,,,0.931091988362864,0.0,0.502899169921875,0.00012136658777838462,0.013413398526608944,0.013413398526608944,32.79109625416724,0.022932171831199444,4.707185745239258,0.32405412197113037,0.27351605892181396,-0.050538063049316406,0.27351605892181396,"0,0,512,512",0.06220800429582596,0.032360877841711044,/cluster/users/grad/2025/25t8103/project/data/flowedit_compatible_118/eval_masks/fe_039_cat_and_dog_2_bronze_eval_mask.png,fixed_eval_mask,0.0,0.0,0.0,0.0,dece_rf_sd3,dece_rf_sd3,,0.012174131348729134,0.012174131348729134,34.48065594156616,0.01887848777028955,,/cluster/users/grad/2025/25t8103/project/outputs/flowedit118_dece_metric_runs/fe_039_cat_and_dog_2_bronze/dece_rf_sd3/seed_10/result.png,5.055553913116455,fe_039_cat_and_dog_2_bronze/dece_rf_sd3/seed_10,,10,/cluster/users/grad/2025/25t8103/project/_baselines/src/FlowEdit/Data/Images/cat_and_dog.png,0.012797359377145767,"A dog and a cat sitting together on a sidewalk. The dog is positioned on the left side of the scene, while the cat is on the right side. Both animals appear to be relaxed and enjoying each other''s company.",33.549392361248835,0.021015047788670034,0.9153374757166383,0.9153374757166383,"A bronze sculpture of a dog and a cat sitting together on a sidewalk. The dog is positioned on the left side of the scene, while the cat is on the right side. Both animals appear to be relaxed and enjoying each other''s company.",fe_039_cat_and_dog_2_bronze
0.0,0.0,0.0,0.0,0.0,0.0,0.0,0.0,0.0,0.0,31,0.989429235458374,0.011689459905028343,0.030295146629214287,3.0295146629214287,0.786224365234375,31.195216729658082,0.9717695713043213,0.9717695713043213,0.2976512312889099,0.8699674606323242,0.2361859679222107,0.25839605927467346,0.02221009135246277,0.25839605927467346,True,0.213775634765625,0.9354093670845032,0.02221009135246277,0.15712738037109375,,,1.450355770868927,0.0,0.15712738037109375,4.8555474629764505e-05,0.07289097458124161,0.07289097458124161,17.44549359393424,0.13419159665625982,10.359439849853516,0.22760742902755737,0.27048173546791077,0.042874306440353394,0.27048173546791077,"0,44,512,405",0.08577196300029755,0.04094439744949341,/cluster/users/grad/2025/25t8103/project/data/flowedit_compatible_118/eval_masks/fe_046_cat_crown_1_black_top_hat_eval_mask.png,fixed_eval_mask,0.0,0.0,0.0,0.0,dece_rf_flux,dece_rf_flux,,0.013999676331877708,0.013999676331877708,28.071220405548353,0.03948562164229369,,/cluster/users/grad/2025/25t8103/project/outputs/flowedit118_dece_metric_runs/fe_046_cat_crown_1_black_top_hat/dece_rf_flux/seed_10/result.png,7.142688751220703,fe_046_cat_crown_1_black_top_hat/dece_rf_flux/seed_10,,10,/cluster/users/grad/2025/25t8103/project/_baselines/src/FlowEdit/Data/Images/cat_crown.png,0.02325311489403248,"A gray cat sitting on a black cloth, wearing a crown. The crown is placed on the cat''s head.",23.826233588592917,0.06437071314329441,0.9286158370281994,0.9286158370281994,"A gray cat sitting on a black cloth, wearing a top hat. The top hat is placed on the cat''s head.",fe_046_cat_crown_1_black_top_hat
0.0,0.0,0.0,0.0,0.0,0.0,0.0,0.0,0.0,0.0,31,0.9692710638046265,0.026288803666830063,0.06625819206237793,6.625819206237793,0.786224365234375,22.132419664931014,0.921953558921814,0.921953558921814,-0.03007667511701584,0.9907358884811401,0.3114732503890991,0.23572853207588196,-0.07574471831321716,0.23572853207588196,True,0.213775634765625,0.9635422229766846,-0.07574471831321716,0.15712738037109375,,,1.2339190504558841,0.0,0.15712738037109375,0.0001456664238892935,0.02346286177635193,0.02346286177635193,28.603506763194208,0.0371385259071228,9.846872329711914,0.31282854080200195,0.23534826934337616,-0.0774802714586258,0.23534826934337616,"0,44,512,405",0.07345694303512573,0.06761255860328674,/cluster/users/grad/2025/25t8103/project/data/flowedit_compatible_118/eval_masks/fe_046_cat_crown_1_black_top_hat_eval_mask.png,fixed_eval_mask,0.0,0.0,0.0,0.0,dece_rf_sd3,dece_rf_sd3,,0.025670401751995087,0.025670401751995087,22.389520179380806,0.07594933769790838,,/cluster/users/grad/2025/25t8103/project/outputs/flowedit118_dece_metric_runs/fe_046_cat_crown_1_black_top_hat/dece_rf_sd3/seed_10/result.png,7.980160713195801,fe_046_cat_crown_1_black_top_hat/dece_rf_sd3/seed_10,,10,/cluster/users/grad/2025/25t8103/project/_baselines/src/FlowEdit/Data/Images/cat_crown.png,0.0253235325217247,"A gray cat sitting on a black cloth, wearing a crown. The crown is placed on the cat''s head.",22.9425039507232,0.07126475599123348,0.9171353808391075,0.9171353808391075,"A gray cat sitting on a black cloth, wearing a top hat. The top hat is placed on the cat''s head.",fe_046_cat_crown_1_black_top_hat
0.0,0.0,0.0,0.0,0.0,0.0,0.0,0.0,0.0,0.0,31,0.9996024370193481,0.011844590306282043,0.005888183601200581,0.5888183601200581,0.3709678649902344,33.96619197770938,0.982915461063385,0.982915461063385,0.22156988084316254,0.7828764915466309,0.1992494910955429,0.23131108283996582,0.03206159174442291,0.23131108283996582,True,0.6290321350097656,0.601577877998352,0.03206159174442291,0.5624961853027344,,,2.831674894850667,0.0,0.5624961853027344,0.0032891390593740464,0.051722556352615356,0.051722556352615356,18.44902723347053,0.1195497406576308,9.519050598144531,0.1966422200202942,0.25991618633270264,0.06327396631240845,0.25991618633270264,"0,0,493,512",0.10832351446151733,0.006817574612796307,/cluster/users/grad/2025/25t8103/project/data/flowedit_compatible_118/eval_masks/fe_055_cat_7_wooden_sculpture_eval_mask.png,fixed_eval_mask,0.0,0.0,0.0,0.0,dece_rf_flux,dece_rf_flux,,0.011557290330529213,0.011557290330529213,34.22949812069075,0.01943233970568778,,/cluster/users/grad/2025/25t8103/project/outputs/flowedit118_dece_metric_runs/fe_055_cat_7_wooden_sculpture/dece_rf_flux/seed_10/result.png,3.3616325855255127,fe_055_cat_7_wooden_sculpture/dece_rf_flux/seed_10,,10,/cluster/users/grad/2025/25t8103/project/_baselines/src/FlowEdit/Data/Images/cat.png,0.03415009751915932,"A small, fluffy kitten sitting in a grassy field. The kitten is positioned in the center of the scene, surrounded by a field. The kitten appears to be looking at something in the field.",20.859487579161,0.09057860358333714,0.8914721764263583,0.8914721764263583,"A small wooden sculpture of a kitten sitting in a grassy field. The wooden sculpture of a kitten is positioned in the center of the scene, surrounded by a field. The wooden sculpture of a kitten appears to be looking at something in the field.",fe_055_cat_7_wooden_sculpture
0.0,0.0,0.0,0.0,0.0,0.0,0.0,0.0,0.0,0.0,31,0.9993880987167358,0.013669820502400398,0.010354419238865376,1.0354419238865376,0.3709678649902344,32.17090036441342,0.9714059233665466,0.9714059233665466,0.22347202897071838,0.8790003061294556,0.26119905710220337,0.26699501276016235,0.005795955657958984,0.26699501276016235,True,0.6290321350097656,0.900661289691925,0.005795955657958984,0.5624961853027344,,,2.862037213957646,0.0,0.5624961853027344,0.0,0.06248966231942177,0.06248966231942177,17.58229482550007,0.13209465919436225,9.038686752319336,0.262031227350235,0.2787567675113678,0.016725540161132812,0.2787567675113678,"0,0,493,512",0.12034032493829727,0.01163212675601244,/cluster/users/grad/2025/25t8103/project/data/flowedit_compatible_118/eval_masks/fe_055_cat_7_wooden_sculpture_eval_mask.png,fixed_eval_mask,0.0,0.0,0.0,0.0,dece_rf_sd3,dece_rf_sd3,,0.013218524865806103,0.013218524865806103,32.461220196314386,0.0238198482392961,,/cluster/users/grad/2025/25t8103/project/outputs/flowedit118_dece_metric_runs/fe_055_cat_7_wooden_sculpture/dece_rf_sd3/seed_10/result.png,3.158130407333374,fe_055_cat_7_wooden_sculpture/dece_rf_sd3/seed_10,,10,/cluster/users/grad/2025/25t8103/project/_baselines/src/FlowEdit/Data/Images/cat.png,0.040933337062597275,"A small, fluffy kitten sitting in a grassy field. The kitten is positioned in the center of the scene, surrounded by a field. The kitten appears to be looking at something in the field.",19.97262719172736,0.10031563819302167,0.86870252859667,0.86870252859667,"A small wooden sculpture of a kitten sitting in a grassy field. The wooden sculpture of a kitten is positioned in the center of the scene, surrounded by a field. The wooden sculpture of a kitten appears to be looking at something in the field.",fe_055_cat_7_wooden_sculpture
0.0,0.0,0.0,0.0,0.0,0.0,0.0,0.0,0.0,0.0,31,0.9988628029823303,0.0024663982912898064,0.011693568900227547,1.1693568900227547,0.729339599609375,48.20590940492608,0.9952020049095154,0.9952020049095154,-0.038368985056877136,0.9835860133171082,0.30083420872688293,0.27723559737205505,-0.02359861135482788,0.27723559737205505,True,0.270660400390625,0.9088491201400757,-0.02359861135482788,0.21263885498046875,,,1.0095023263554834,0.0,0.21263885498046875,0.0,0.014335819520056248,0.014335819520056248,31.371753059726156,0.027003020555185296,5.275618553161621,0.2811727523803711,0.2608757019042969,-0.02029705047607422,0.2608757019042969,"101,62,497,512",0.023731252178549767,0.012494532391428947,/cluster/users/grad/2025/25t8103/project/data/flowedit_compatible_118/eval_masks/fe_067_cat_stone_1_black_kitten_eval_mask.png,fixed_eval_mask,0.0,0.0,0.0,0.0,dece_rf_flux,dece_rf_flux,,0.0025072593707591295,0.0025072593707591295,48.09956515596692,0.003935697783524259,,/cluster/users/grad/2025/25t8103/project/outputs/flowedit118_dece_metric_runs/fe_067_cat_stone_1_black_kitten/dece_rf_flux/seed_10/result.png,5.225959777832031,fe_067_cat_stone_1_black_kitten/dece_rf_flux/seed_10,,10,/cluster/users/grad/2025/25t8103/project/_baselines/src/FlowEdit/Data/Images/cat_stone.png,0.005022470373660326,"A small gray kitten sitting on a stone ledge. The ledge is located near a wall, and there is a cement block nearby.",37.76648213227937,0.012932303653239994,0.9902134244865007,0.9902134244865007,"A small black kitten sitting on a stone ledge. The ledge is located near a wall, and there is a cement block nearby.",fe_067_cat_stone_1_black_kitten
0.0,0.0,0.0,0.0,0.0,0.0,0.0,0.0,0.0,0.0,31,0.9998460412025452,0.0013740283902734518,0.003557328600436449,0.3557328600436449,0.729339599609375,52.14365446279821,0.9979986548423767,0.9979986548423767,-0.11764977127313614,0.963293194770813,0.31263184547424316,0.27681586146354675,-0.03581598401069641,0.27681586146354675,True,0.270660400390625,0.5897362232208252,-0.03581598401069641,0.21263885498046875,,,1.0101185056837902,0.0,0.21263885498046875,0.0,0.027904586866497993,0.027904586866497993,25.576719479924932,0.052621597212871456,6.15904426574707,0.2850227355957031,0.2558329701423645,-0.029189765453338623,0.2558329701423645,"101,62,497,512",0.039836592972278595,0.003835460403934121,/cluster/users/grad/2025/25t8103/project/data/flowedit_compatible_118/eval_masks/fe_067_cat_stone_1_black_kitten_eval_mask.png,fixed_eval_mask,0.0,0.0,0.0,0.0,dece_rf_sd3,dece_rf_sd3,,0.0013983437092974782,0.0013983437092974782,52.05305723265858,0.0024965894926142645,,/cluster/users/grad/2025/25t8103/project/outputs/flowedit118_dece_metric_runs/fe_067_cat_stone_1_black_kitten/dece_rf_sd3/seed_10/result.png,6.097348213195801,fe_067_cat_stone_1_black_kitten/dece_rf_sd3/seed_10,,10,/cluster/users/grad/2025/25t8103/project/_baselines/src/FlowEdit/Data/Images/cat_stone.png,0.007034599781036377,"A small gray kitten sitting on a stone ledge. The ledge is located near a wall, and there is a cement block nearby.",32.26424662455189,0.024366192378396767,0.9662131316618561,0.9662131316618561,"A small black kitten sitting on a stone ledge. The ledge is located near a wall, and there is a cement block nearby.",fe_067_cat_stone_1_black_kitten
0.0,0.0,0.0,0.0,0.0,0.0,0.0,0.0,0.0,0.0,31,0.9939895868301392,0.0174977146089077,0.05986391752958298,5.986391752958298,0.729339599609375,29.243965426759843,0.9209709763526917,0.9209709763526917,-0.02380502223968506,0.9772812724113464,0.28941410779953003,0.2951408624649048,0.005726754665374756,0.2951408624649048,True,0.270660400390625,0.9872460961341858,0.005726754665374756,0.21263885498046875,,,1.068508726160417,0.0,0.21263885498046875,0.0,0.012612308375537395,0.012612308375537395,35.51628893810464,0.01675658651265558,6.3178935050964355,0.2913607358932495,0.2910868525505066,-0.0002738833427429199,0.2910868525505066,"101,62,497,512",0.0673794075846672,0.06143062561750412,/cluster/users/grad/2025/25t8103/project/data/flowedit_compatible_118/eval_masks/fe_069_cat_stone_3_sculpture_eval_mask.png,fixed_eval_mask,0.0,0.0,0.0,0.0,dece_rf_flux,dece_rf_flux,,0.01709030382335186,0.01709030382335186,29.505152611083865,0.033476679113467606,,/cluster/users/grad/2025/25t8103/project/outputs/flowedit118_dece_metric_runs/fe_069_cat_stone_3_sculpture/dece_rf_flux/seed_10/result.png,5.912814140319824,fe_069_cat_stone_3_sculpture/dece_rf_flux/seed_10,,10,/cluster/users/grad/2025/25t8103/project/_baselines/src/FlowEdit/Data/Images/cat_stone.png,0.01613811030983925,"A small gray kitten sitting on a stone ledge. The ledge is located near a wall, and there is a cement block nearby.",30.25906907338514,0.030693509342423167,0.9257511056331734,0.9257511056331734,"A small sculpture of a kitten sitting on a stone ledge. The ledge is located near a wall, and there is a cement block nearby.",fe_069_cat_stone_3_sculpture
0.0,0.0,0.0,0.0,0.0,0.0,0.0,0.0,0.0,0.0,31,0.9884230494499207,0.024117466062307358,0.13108724355697632,13.108724355697632,0.729339599609375,27.25488063571198,0.8574556112289429,0.8574556112289429,-0.027695106342434883,0.9473153352737427,0.3232620358467102,0.32662123441696167,0.003359198570251465,0.32662123441696167,True,0.270660400390625,0.8178701400756836,0.003359198570251465,0.21263885498046875,,,1.0751440032044592,0.0,0.21263885498046875,0.0,0.023207198828458786,0.023207198828458786,27.58250866650701,0.04177097059274495,6.361043453216553,0.2865283489227295,0.2898017466068268,0.00327339768409729,0.2898017466068268,"101,62,497,512",0.16933420300483704,0.14606767892837524,/cluster/users/grad/2025/25t8103/project/data/flowedit_compatible_118/eval_masks/fe_069_cat_stone_3_sculpture_eval_mask.png,fixed_eval_mask,0.0,0.0,0.0,0.0,dece_rf_sd3,dece_rf_sd3,,0.024314941838383675,0.024314941838383675,27.213128147473476,0.04358565657867525,,/cluster/users/grad/2025/25t8103/project/outputs/flowedit118_dece_metric_runs/fe_069_cat_stone_3_sculpture/dece_rf_sd3/seed_10/result.png,5.916457176208496,fe_069_cat_stone_3_sculpture/dece_rf_sd3/seed_10,,10,/cluster/users/grad/2025/25t8103/project/_baselines/src/FlowEdit/Data/Images/cat_stone.png,0.024079395458102226,"A small gray kitten sitting on a stone ledge. The ledge is located near a wall, and there is a cement block nearby.",27.28908515362852,0.04320616723683061,0.851792925608627,0.851792925608627,"A small sculpture of a kitten sitting on a stone ledge. The ledge is located near a wall, and there is a cement block nearby.",fe_069_cat_stone_3_sculpture
0.0,0.0,0.0,0.0,0.0,0.0,0.0,0.0,0.0,0.0,31,0.998935341835022,0.010899367742240429,0.011185303330421448,1.1185303330421448,0.7877731323242188,35.734713722337474,0.9658222794532776,0.9658222794532776,0.2929496169090271,0.7639207243919373,0.20328351855278015,0.28640100359916687,0.08311748504638672,0.28640100359916687,True,0.21222686767578125,0.8033329844474792,0.08311748504638672,0.16141510009765625,,,2.788272867737856,0.0,0.16141510009765625,0.09318428888783854,0.1118931993842125,0.1118931993842125,14.159318232811064,0.19589984318998097,11.141151428222656,0.17743247747421265,0.2862955331802368,0.10886305570602417,0.2862955331802368,"53,0,401,332",0.08818010985851288,0.012723726220428944,/cluster/users/grad/2025/25t8103/project/data/flowedit_compatible_118/eval_masks/fe_080_corgi_1_lego_bricks_eval_mask.png,fixed_eval_mask,0.0,0.0,0.0,0.0,dece_rf_flux,dece_rf_flux,,0.010897661559283733,0.010897661559283733,35.73666636206145,0.01633678832300192,,/cluster/users/grad/2025/25t8103/project/outputs/flowedit118_dece_metric_runs/fe_080_corgi_1_lego_bricks/dece_rf_flux/seed_10/result.png,3.995717763900757,fe_080_corgi_1_lego_bricks/dece_rf_flux/seed_10,,10,/cluster/users/grad/2025/25t8103/project/_baselines/src/FlowEdit/Data/Images/corgi.png,0.02719985879957676,"A brown and white dog sitting on a dirt ground near a body of water. The dog appears to be enjoying the outdoors, possibly in a park. The dog is wearing a red collar. In the background, there are a few trees, providing a natural setting for the dog''s outdoor adventure.",21.925736318757714,0.08011487954701264,0.9112886082587441,0.9112886082587441,"A brown and white dog made out of lego bricks sitting on a dirt ground near a body of water. The dog appears to be enjoying the outdoors, possibly in a park. The dog is wearing a red collar. In the background, there are a few trees, providing a natural setting for the dog''s outdoor adventure.",fe_080_corgi_1_lego_bricks
0.0,0.0,0.0,0.0,0.0,0.0,0.0,0.0,0.0,0.0,31,0.9929482936859131,0.012775035575032234,0.028600821271538734,2.8600821271538734,0.7877731323242188,33.918731007203704,0.9433702230453491,0.9433702230453491,0.2967519164085388,0.74069744348526,0.18425726890563965,0.2734612226486206,0.08920395374298096,0.2734612226486206,True,0.21222686767578125,0.8148155212402344,0.08920395374298096,0.16141510009765625,,,1.9047695172829147,0.0,0.16141510009765625,0.11797513825211514,0.16393166780471802,0.16393166780471802,11.96383186954245,0.2522367758512299,7.766641139984131,0.1832483559846878,0.2931079864501953,0.10985963046550751,0.2931079864501953,"53,0,401,332",0.12493473291397095,0.04025097191333771,/cluster/users/grad/2025/25t8103/project/data/flowedit_compatible_118/eval_masks/fe_080_corgi_1_lego_bricks_eval_mask.png,fixed_eval_mask,0.0,0.0,0.0,0.0,dece_rf_sd3,dece_rf_sd3,,0.013790792785584927,0.013790792785584927,31.589396568819605,0.02633480892037793,,/cluster/users/grad/2025/25t8103/project/outputs/flowedit118_dece_metric_runs/fe_080_corgi_1_lego_bricks/dece_rf_sd3/seed_10/result.png,4.077470302581787,fe_080_corgi_1_lego_bricks/dece_rf_sd3/seed_10,,10,/cluster/users/grad/2025/25t8103/project/_baselines/src/FlowEdit/Data/Images/corgi.png,0.03802579641342163,"A brown and white dog sitting on a dirt ground near a body of water. The dog appears to be enjoying the outdoors, possibly in a park. The dog is wearing a red collar. In the background, there are a few trees, providing a natural setting for the dog''s outdoor adventure.",19.64516092184568,0.10416982963846168,0.8730890387136794,0.8730890387136794,"A brown and white dog made out of lego bricks sitting on a dirt ground near a body of water. The dog appears to be enjoying the outdoors, possibly in a park. The dog is wearing a red collar. In the background, there are a few trees, providing a natural setting for the dog''s outdoor adventure.",fe_080_corgi_1_lego_bricks
0.0,0.0,0.0,0.0,0.0,0.0,0.0,0.0,0.0,0.0,31,0.9733208417892456,0.014129100367426872,0.033011991530656815,3.3011991530656815,0.7877731323242188,30.902429592472647,0.9484159350395203,0.9484159350395203,0.26324397325515747,0.7569664716720581,0.18591207265853882,0.26351284980773926,0.07760077714920044,0.26351284980773926,True,0.21222686767578125,0.774595320224762,0.07760077714920044,0.16141510009765625,,,2.405661966670974,0.0,0.16141510009765625,0.0795008744150872,0.11884212493896484,0.11884212493896484,14.077028634519383,0.19776460595089518,9.35569953918457,0.19286824762821198,0.2763003706932068,0.08343212306499481,0.2763003706932068,"53,0,401,332",0.09678579866886139,0.034136850386857986,/cluster/users/grad/2025/25t8103/project/data/flowedit_compatible_118/eval_masks/fe_081_corgi_2_wooden_sculpture_eval_mask.png,fixed_eval_mask,0.0,0.0,0.0,0.0,dece_rf_flux,dece_rf_flux,,0.01394847221672535,0.01394847221672535,31.07149620705922,0.027952791791324455,,/cluster/users/grad/2025/25t8103/project/outputs/flowedit118_dece_metric_runs/fe_081_corgi_2_wooden_sculpture/dece_rf_flux/seed_10/result.png,3.889033317565918,fe_081_corgi_2_wooden_sculpture/dece_rf_flux/seed_10,,10,/cluster/users/grad/2025/25t8103/project/_baselines/src/FlowEdit/Data/Images/corgi.png,0.03087988682091236,"A brown and white dog sitting on a dirt ground near a body of water. The dog appears to be enjoying the outdoors, possibly in a park. The dog is wearing a red collar. In the background, there are a few trees, providing a natural setting for the dog''s outdoor adventure.",21.568721823908106,0.0834764379376351,0.8987210955200743,0.8987210955200743,"A wooden sculpture of a brown and white dog made sitting on a dirt ground near a body of water. The wooden sculpture of a dog appears to be enjoying the outdoors, possibly in a park. In the background, there are a few trees, providing a natural setting for the wooden sculpture''s outdoor adventure.",fe_081_corgi_2_wooden_sculpture
0.0,0.0,0.0,0.0,0.0,0.0,0.0,0.0,0.0,0.0,31,0.9924917221069336,0.013993498869240284,0.0347774475812912,3.47774475812912,0.7877731323242188,31.733223979641423,0.9391626119613647,0.9391626119613647,0.2581290006637573,0.7442671060562134,0.1678084135055542,0.2466406524181366,0.0788322389125824,0.2466406524181366,True,0.21222686767578125,0.8023756146430969,0.0788322389125824,0.16141510009765625,,,2.800284089692504,0.0,0.16141510009765625,0.05612799546249468,0.12853509187698364,0.12853509187698364,13.288561311628284,0.2165568543808814,7.171571254730225,0.15424877405166626,0.2450811266899109,0.09083235263824463,0.2450811266899109,"53,0,401,332",0.10642654448747635,0.04361630231142044,/cluster/users/grad/2025/25t8103/project/data/flowedit_compatible_118/eval_masks/fe_081_corgi_2_wooden_sculpture_eval_mask.png,fixed_eval_mask,0.0,0.0,0.0,0.0,dece_rf_sd3,dece_rf_sd3,,0.015894753858447075,0.015894753858447075,28.738049378777326,0.03656769037594898,,/cluster/users/grad/2025/25t8103/project/outputs/flowedit118_dece_metric_runs/fe_081_corgi_2_wooden_sculpture/dece_rf_sd3/seed_10/result.png,2.5610156059265137,fe_081_corgi_2_wooden_sculpture/dece_rf_sd3/seed_10,,10,/cluster/users/grad/2025/25t8103/project/_baselines/src/FlowEdit/Data/Images/corgi.png,0.03407661244273186,"A brown and white dog sitting on a dirt ground near a body of water. The dog appears to be enjoying the outdoors, possibly in a park. The dog is wearing a red collar. In the background, there are a few trees, providing a natural setting for the dog''s outdoor adventure.",20.60919508712034,0.09322668585948539,0.8810156072022584,0.8810156072022584,"A wooden sculpture of a brown and white dog made sitting on a dirt ground near a body of water. The wooden sculpture of a dog appears to be enjoying the outdoors, possibly in a park. In the background, there are a few trees, providing a natural setting for the wooden sculpture''s outdoor adventure.",fe_081_corgi_2_wooden_sculpture
0.0,0.0,0.0,0.0,0.0,0.0,0.0,0.0,0.0,0.0,31,0.9999336004257202,0.00268607959151268,0.012894043698906898,1.2894043698906898,0.6810722351074219,48.53866597839414,0.9881683588027954,0.9881683588027954,0.29724839329719543,0.8926562070846558,0.20260576903820038,0.24395136535167694,0.04134559631347656,0.24395136535167694,True,0.3189277648925781,0.9620664119720459,0.04134559631347656,0.2554130554199219,,,2.8260107219480464,0.0,0.2554130554199219,0.0,0.12222736328840256,0.12222736328840256,13.819354295206114,0.2037193516047829,5.829343795776367,0.19197461009025574,0.2368863821029663,0.04491177201271057,0.2368863821029663,"35,18,470,512",0.10844220221042633,0.01376266311854124,/cluster/users/grad/2025/25t8103/project/data/flowedit_compatible_118/eval_masks/fe_084_cupcake_2_red_velvet_eval_mask.png,fixed_eval_mask,0.0,0.0,0.0,0.0,dece_rf_flux,dece_rf_flux,,0.002688863081857562,0.002688863081857562,48.533011801992416,0.003744116985721702,,/cluster/users/grad/2025/25t8103/project/outputs/flowedit118_dece_metric_runs/fe_084_cupcake_2_red_velvet/dece_rf_flux/seed_10/result.png,2.062746524810791,fe_084_cupcake_2_red_velvet/dece_rf_flux/seed_10,,10,/cluster/users/grad/2025/25t8103/project/_baselines/src/FlowEdit/Data/Images/cupcake.png,0.0332205556333065,A small chocolate cupcake with light brown whipped cream on top.,19.742647839839176,0.10300720614651555,0.9414063674357862,0.9414063674357862,A small red velvet cupcake with whipped cream on top.,fe_084_cupcake_2_red_velvet
0.0,0.0,0.0,0.0,0.0,0.0,0.0,0.0,0.0,0.0,31,0.9999802708625793,0.0018627000972628593,0.0032413299195468426,0.32413299195468426,0.6810722351074219,50.93970996861336,0.9937608242034912,0.9937608242034912,0.2996446490287781,0.9081162810325623,0.21208412945270538,0.24716901779174805,0.035084888339042664,0.24716901779174805,True,0.3189277648925781,0.9254093766212463,0.035084888339042664,0.2554130554199219,,,2.8765101229920975,0.0,0.2554130554199219,0.0,0.09625856578350067,0.09625856578350067,14.99971220335815,0.17783383321922722,8.91263484954834,0.20542919635772705,0.2358616441488266,0.03043244779109955,0.2358616441488266,"35,18,470,512",0.09958261251449585,0.003485339228063822,/cluster/users/grad/2025/25t8103/project/data/flowedit_compatible_118/eval_masks/fe_084_cupcake_2_red_velvet_eval_mask.png,fixed_eval_mask,0.0,0.0,0.0,0.0,dece_rf_sd3,dece_rf_sd3,,0.0018636734457686543,0.0018636734457686543,50.93511631695903,0.002839515110664927,,/cluster/users/grad/2025/25t8103/project/outputs/flowedit118_dece_metric_runs/fe_084_cupcake_2_red_velvet/dece_rf_sd3/seed_10/result.png,3.098419427871704,fe_084_cupcake_2_red_velvet/dece_rf_sd3/seed_10,,10,/cluster/users/grad/2025/25t8103/project/_baselines/src/FlowEdit/Data/Images/cupcake.png,0.025973359122872353,A small chocolate cupcake with light brown whipped cream on top.,20.924054626477062,0.08990777885388782,0.9192301136565852,0.9192301136565852,A small red velvet cupcake with whipped cream on top.,fe_084_cupcake_2_red_velvet
0.0,0.0,0.0,0.0,0.0,0.0,0.0,0.0,0.0,0.0,31,0.9998379349708557,0.012747044675052166,0.0069945501163601875,0.6994550116360188,0.5456390380859375,33.39183487397821,0.9710883498191833,0.9710883498191833,0.24353870749473572,0.8012237548828125,0.2571588158607483,0.32480955123901367,0.06765073537826538,0.32480955123901367,True,0.4543609619140625,0.47519373893737793,0.06765073537826538,0.3783721923828125,,,1.286529167446266,0.0,0.3783721923828125,0.08357865870871477,0.0556352362036705,0.0556352362036705,17.908199131403432,0.12723015123974016,10.07884693145752,0.24738547205924988,0.3205482065677643,0.0731627345085144,0.3205482065677643,"0,3,512,512",0.079283207654953,0.008991626091301441,/cluster/users/grad/2025/25t8103/project/data/flowedit_compatible_118/eval_masks/fe_092_dog_4_sculpture_eval_mask.png,fixed_eval_mask,0.0,0.0,0.0,0.0,dece_rf_flux,dece_rf_flux,,0.013468809425830841,0.013468809425830841,32.88527844557756,0.022684858661070183,,/cluster/users/grad/2025/25t8103/project/outputs/flowedit118_dece_metric_runs/fe_092_dog_4_sculpture/dece_rf_flux/seed_10/result.png,7.834137916564941,fe_092_dog_4_sculpture/dece_rf_flux/seed_10,,10,/cluster/users/grad/2025/25t8103/project/_baselines/src/FlowEdit/Data/Images/dog.png,0.029423410072922707,A small black and brown dog sitting on a lush green field.,21.907909199230883,0.08027947802219604,0.902009555072953,0.902009555072953,A small black and brown sculpture of a dog sitting on a lush green field.,fe_092_dog_4_sculpture
0.0,0.0,0.0,0.0,0.0,0.0,0.0,0.0,0.0,0.0,31,0.9995521306991577,0.015459262765944004,0.0160848218947649,1.60848218947649,0.5456390380859375,31.47745727160264,0.9508935809135437,0.9508935809135437,0.2745298743247986,0.7932913303375244,0.2491549849510193,0.331968754529953,0.08281376957893372,0.331968754529953,True,0.4543609619140625,0.555356502532959,0.08281376957893372,0.3783721923828125,,,1.6422780276791005,0.0,0.3783721923828125,0.0929043835947897,0.11158294230699539,0.11158294230699539,13.994067889586873,0.1996625463657496,12.170684814453125,0.25909605622291565,0.3388250470161438,0.07972899079322815,0.3388250470161438,"0,3,512,512",0.16242921352386475,0.01912040449678898,/cluster/users/grad/2025/25t8103/project/data/flowedit_compatible_118/eval_masks/fe_092_dog_4_sculpture_eval_mask.png,fixed_eval_mask,0.0,0.0,0.0,0.0,dece_rf_sd3,dece_rf_sd3,,0.01635190285742283,0.01635190285742283,30.96355971631345,0.028302318512818468,,/cluster/users/grad/2025/25t8103/project/outputs/flowedit118_dece_metric_runs/fe_092_dog_4_sculpture/dece_rf_sd3/seed_10/result.png,7.410855293273926,fe_092_dog_4_sculpture/dece_rf_sd3/seed_10,,10,/cluster/users/grad/2025/25t8103/project/_baselines/src/FlowEdit/Data/Images/dog.png,0.05238468945026398,A small black and brown dog sitting on a lush green field.,18.073825392475015,0.12482705669492668,0.8129889489059782,0.8129889489059782,A small black and brown sculpture of a dog sitting on a lush green field.,fe_092_dog_4_sculpture
0.0,0.0,0.0,0.0,0.0,0.0,0.0,0.0,0.0,0.0,31,0.9998055696487427,0.01297282986342907,0.006850562524050474,0.6850562524050474,0.5456390380859375,33.38277836635798,0.9709946513175964,0.9709946513175964,0.2700287699699402,0.7178546190261841,0.24208542704582214,0.35095804929733276,0.10887262225151062,0.35095804929733276,True,0.4543609619140625,0.6003935933113098,0.10887262225151062,0.3783721923828125,,,1.2182494571899862,0.0,0.3783721923828125,0.07010928741380006,0.0520564429461956,0.0520564429461956,18.98185178277004,0.11243652400737704,9.4285888671875,0.23733222484588623,0.34495115280151367,0.10761892795562744,0.34495115280151367,"0,3,512,512",0.08371336758136749,0.008514892309904099,/cluster/users/grad/2025/25t8103/project/data/flowedit_compatible_118/eval_masks/fe_093_dog_5_lego_bricks_eval_mask.png,fixed_eval_mask,0.0,0.0,0.0,0.0,dece_rf_flux,dece_rf_flux,,0.013627680949866772,0.013627680949866772,32.90107638785146,0.022643636818094122,,/cluster/users/grad/2025/25t8103/project/outputs/flowedit118_dece_metric_runs/fe_093_dog_5_lego_bricks/dece_rf_flux/seed_10/result.png,7.739456653594971,fe_093_dog_5_lego_bricks/dece_rf_flux/seed_10,,10,/cluster/users/grad/2025/25t8103/project/_baselines/src/FlowEdit/Data/Images/dog.png,0.028168050572276115,A small black and brown dog sitting on a lush green field.,22.92251006634519,0.0714289879281171,0.9019431668362932,0.9019431668362932,A small black and brown dog made out of lego bricks sitting on a lush green field.,fe_093_dog_5_lego_bricks
0.0,0.0,0.0,0.0,0.0,0.0,0.0,0.0,0.0,0.0,31,0.9995564818382263,0.015890538692474365,0.01683920994400978,1.683920994400978,0.5456390380859375,31.420290330864844,0.9500150680541992,0.9500150680541992,0.27933770418167114,0.7538235783576965,0.20716416835784912,0.31246626377105713,0.10530209541320801,0.31246626377105713,True,0.4543609619140625,0.5245909690856934,0.10530209541320801,0.3783721923828125,,,1.2552073385628004,0.0,0.3783721923828125,0.02404524740896076,0.0861765667796135,0.0861765667796135,16.35047643614601,0.15222156344166884,9.31344223022461,0.20516718924045563,0.31437280774116516,0.10920561850070953,0.31437280774116516,"0,3,512,512",0.15354567766189575,0.02012588456273079,/cluster/users/grad/2025/25t8103/project/data/flowedit_compatible_118/eval_masks/fe_093_dog_5_lego_bricks_eval_mask.png,fixed_eval_mask,0.0,0.0,0.0,0.0,dece_rf_sd3,dece_rf_sd3,,0.016791554167866707,0.016791554167866707,30.89715399228481,0.028519525816367897,,/cluster/users/grad/2025/25t8103/project/outputs/flowedit118_dece_metric_runs/fe_093_dog_5_lego_bricks/dece_rf_sd3/seed_10/result.png,7.419843673706055,fe_093_dog_5_lego_bricks/dece_rf_sd3/seed_10,,10,/cluster/users/grad/2025/25t8103/project/_baselines/src/FlowEdit/Data/Images/dog.png,0.043044909834861755,A small black and brown dog sitting on a lush green field.,20.327786032737404,0.09629654342653704,0.8154534244931839,0.8154534244931839,A small black and brown dog made out of lego bricks sitting on a lush green field.,fe_093_dog_5_lego_bricks
0.0,0.0,0.0,0.0,0.0,0.0,0.0,0.0,0.0,0.0,31,0.7984375357627869,0.02108299732208252,0.039665479212999344,3.9665479212999344,0.9219894409179688,26.44819571578659,0.930661141872406,0.930661141872406,0.26349955797195435,0.8623859286308289,0.23265022039413452,0.29789912700653076,0.06524890661239624,0.29789912700653076,True,0.07801055908203125,0.7159731984138489,0.06524890661239624,0.04573822021484375,,,0.9090382626349204,0.0,0.04573822021484375,0.05287739783152627,0.06027375906705856,0.06027375906705856,20.185635532332654,0.09788546840880427,6.495462417602539,0.20951464772224426,0.2958779036998749,0.08636325597763062,0.2958779036998749,"4,69,320,265",0.06128162890672684,0.05250422656536102,/cluster/users/grad/2025/25t8103/project/data/flowedit_compatible_118/eval_masks/fe_094_dog_6_red_top_hat_eval_mask.png,fixed_eval_mask,0.0,0.0,0.0,0.0,dece_rf_flux,dece_rf_flux,,0.02223939634859562,0.02223939634859562,25.784972273076505,0.05137494694009185,,/cluster/users/grad/2025/25t8103/project/outputs/flowedit118_dece_metric_runs/fe_094_dog_6_red_top_hat/dece_rf_flux/seed_10/result.png,7.145422458648682,fe_094_dog_6_red_top_hat/dece_rf_flux/seed_10,,10,/cluster/users/grad/2025/25t8103/project/_baselines/src/FlowEdit/Data/Images/dog.png,0.02397901564836502,A small black and brown dog sitting on a lush green field.,25.291621589023432,0.05437746036926386,0.9154564740786413,0.9154564740786413,A small black and brown dog sitting on a lush green field. The dog is wearing a red top hat.,fe_094_dog_6_red_top_hat
0.0,0.0,0.0,0.0,0.0,0.0,0.0,0.0,0.0,0.0,31,0.7990940809249878,0.04398144781589508,0.14087830483913422,14.087830483913422,0.9219894409179688,20.12960219074907,0.8271047472953796,0.8271047472953796,0.2032495141029358,0.7975648641586304,0.1937876045703888,0.2516370713710785,0.0578494668006897,0.2516370713710785,True,0.07801055908203125,0.8083120584487915,0.0578494668006897,0.04573822021484375,,,1.6408492860466832,0.0,0.04573822021484375,0.00316930775646372,0.0754261463880539,0.0754261463880539,17.346213299440464,0.13573421482302003,6.270519733428955,0.151871457695961,0.23183654248714447,0.07996508479118347,0.23183654248714447,"4,69,320,265",0.16132304072380066,0.14873231947422028,/cluster/users/grad/2025/25t8103/project/data/flowedit_compatible_118/eval_masks/fe_094_dog_6_red_top_hat_eval_mask.png,fixed_eval_mask,0.0,0.0,0.0,0.0,dece_rf_sd3,dece_rf_sd3,,0.044678863137960434,0.044678863137960434,19.989774648186255,0.10011779303484808,,/cluster/users/grad/2025/25t8103/project/outputs/flowedit118_dece_metric_runs/fe_094_dog_6_red_top_hat/dece_rf_sd3/seed_10/result.png,3.8215086460113525,fe_094_dog_6_red_top_hat/dece_rf_sd3/seed_10,,10,/cluster/users/grad/2025/25t8103/project/_baselines/src/FlowEdit/Data/Images/dog.png,0.0460851825773716,A small black and brown dog sitting on a lush green field.,19.826417286348917,0.1020185474430549,0.8147945545789205,0.8147945545789205,A small black and brown dog sitting on a lush green field. The dog is wearing a red top hat.,fe_094_dog_6_red_top_hat
0.0,0.0,0.0,0.0,0.0,0.0,0.0,0.0,0.0,0.0,31,0.8992307186126709,0.02033706195652485,0.0363687127828598,3.6368712782859802,0.9219894409179688,27.054445522314765,0.9313059449195862,0.9313059449195862,0.09710349142551422,0.9646115303039551,0.29687413573265076,0.3058384954929352,0.008964359760284424,0.3058384954929352,True,0.07801055908203125,0.7533299922943115,0.008964359760284424,0.04573822021484375,,,1.3854391639333514,0.0,0.04573822021484375,0.09983319432860717,0.06147879734635353,0.06147879734635353,19.264545853648734,0.10883603391779298,9.744542121887207,0.19737771153450012,0.2921651005744934,0.09478738903999329,0.2921651005744934,"4,69,320,265",0.05605823174118996,0.04901401698589325,/cluster/users/grad/2025/25t8103/project/data/flowedit_compatible_118/eval_masks/fe_095_dog_7_jeweled_crown_eval_mask.png,fixed_eval_mask,0.0,0.0,0.0,0.0,dece_rf_flux,dece_rf_flux,,0.021752269938588142,0.021752269938588142,26.277122356913804,0.048544930331640555,,/cluster/users/grad/2025/25t8103/project/outputs/flowedit118_dece_metric_runs/fe_095_dog_7_jeweled_crown/dece_rf_flux/seed_10/result.png,7.03354024887085,fe_095_dog_7_jeweled_crown/dece_rf_flux/seed_10,,10,/cluster/users/grad/2025/25t8103/project/_baselines/src/FlowEdit/Data/Images/dog.png,0.023569287732243538,A small black and brown dog sitting on a lush green field.,25.5430153091042,0.05282618336915959,0.9132833562015414,0.9132833562015414,A small black and brown dog sitting on a lush green field. The dog is wearing a jeweled crown.,fe_095_dog_7_jeweled_crown
0.0,0.0,0.0,0.0,0.0,0.0,0.0,0.0,0.0,0.0,31,0.7704689502716064,0.05242905020713806,0.14552661776542664,14.552661776542664,0.9219894409179688,18.441680815140113,0.8118461966514587,0.8118461966514587,0.0695209801197052,0.9399294257164001,0.25254330039024353,0.25898826122283936,0.006444960832595825,0.25898826122283936,True,0.07801055908203125,0.7339626550674438,0.006444960832595825,0.04573822021484375,,,0.9650147380626009,0.0,0.04573822021484375,0.004336947456213511,0.06055646017193794,0.06055646017193794,18.140251810783433,0.1238760673361968,7.249953269958496,0.1461065411567688,0.21736817061901093,0.07126162946224213,0.21736817061901093,"4,69,320,265",0.16287356615066528,0.153667151927948,/cluster/users/grad/2025/25t8103/project/data/flowedit_compatible_118/eval_masks/fe_095_dog_7_jeweled_crown_eval_mask.png,fixed_eval_mask,0.0,0.0,0.0,0.0,dece_rf_sd3,dece_rf_sd3,,0.05328860133886337,0.05328860133886337,18.28554206876287,0.12182120655162063,,/cluster/users/grad/2025/25t8103/project/outputs/flowedit118_dece_metric_runs/fe_095_dog_7_jeweled_crown/dece_rf_sd3/seed_10/result.png,7.512790203094482,fe_095_dog_7_jeweled_crown/dece_rf_sd3/seed_10,,10,/cluster/users/grad/2025/25t8103/project/_baselines/src/FlowEdit/Data/Images/dog.png,0.05362100899219513,A small black and brown dog sitting on a lush green field.,18.278788472518773,0.12191596382025,0.8031939523971799,0.8031939523971799,A small black and brown dog sitting on a lush green field. The dog is wearing a jeweled crown.,fe_095_dog_7_jeweled_crown
0.0,0.0,0.0,0.0,0.0,0.0,0.0,0.0,0.0,0.0,31,0.998530924320221,0.012361167930066586,0.007723554037511349,0.7723554037511349,0.4982185363769531,32.096610148087905,0.9676738977432251,0.9676738977432251,0.2648621201515198,0.7291170358657837,0.2154584676027298,0.32858574390411377,0.11312727630138397,0.32858574390411377,True,0.5017814636230469,0.13999298214912415,0.11312727630138397,0.4215583801269531,,,1.2381851636690886,0.0,0.4215583801269531,0.007420210118632872,0.1024635061621666,0.1024635061621666,14.48934291118508,0.18859616373661894,12.559623718261719,0.2049855887889862,0.31513065099716187,0.11014506220817566,0.31513065099716187,"0,39,512,512",0.1410226672887802,0.011861435137689114,/cluster/users/grad/2025/25t8103/project/data/flowedit_compatible_118/eval_masks/fe_097_dog_snow_1_wooden_sculpture_eval_mask.png,fixed_eval_mask,0.0,0.0,0.0,0.0,dece_rf_flux,dece_rf_flux,,0.01368129812180996,0.01368129812180996,31.13119862216134,0.02776131723276478,,/cluster/users/grad/2025/25t8103/project/outputs/flowedit118_dece_metric_runs/fe_097_dog_snow_1_wooden_sculpture/dece_rf_flux/seed_10/result.png,10.143574714660645,fe_097_dog_snow_1_wooden_sculpture/dece_rf_flux/seed_10,,10,/cluster/users/grad/2025/25t8103/project/_baselines/src/FlowEdit/Data/Images/dog_snow.png,0.051108166575431824,A German Shepherd dog standing in a snowy field.,18.113525667996427,0.12425781616359635,0.8530212205070978,0.8530212205070978,A wooden sculpture of a dog standing in a snowy field.,fe_097_dog_snow_1_wooden_sculpture
0.0,0.0,0.0,0.0,0.0,0.0,0.0,0.0,0.0,0.0,31,0.9983888268470764,0.014876347035169601,0.00858953595161438,0.858953595161438,0.4982185363769531,30.95999787363438,0.9530874490737915,0.9530874490737915,0.01741819456219673,0.9817229509353638,0.30316662788391113,0.2457510232925415,-0.05741560459136963,0.2457510232925415,True,0.5017814636230469,0.8991901874542236,-0.05741560459136963,0.4215583801269531,,,1.383319274412572,0.0,0.4215583801269531,0.005239392266693211,0.0567941814661026,0.0567941814661026,18.234064759111657,0.12254532898021678,13.271570205688477,0.30076754093170166,0.24453938007354736,-0.0562281608581543,0.24453938007354736,"0,39,512,512",0.07321713119745255,0.010734490118920803,/cluster/users/grad/2025/25t8103/project/data/flowedit_compatible_118/eval_masks/fe_097_dog_snow_1_wooden_sculpture_eval_mask.png,fixed_eval_mask,0.0,0.0,0.0,0.0,dece_rf_sd3,dece_rf_sd3,,0.015666738152503967,0.015666738152503967,30.60518499104375,0.02949448045286374,,/cluster/users/grad/2025/25t8103/project/outputs/flowedit118_dece_metric_runs/fe_097_dog_snow_1_wooden_sculpture/dece_rf_sd3/seed_10/result.png,9.594003677368164,fe_097_dog_snow_1_wooden_sculpture/dece_rf_sd3/seed_10,,10,/cluster/users/grad/2025/25t8103/project/_baselines/src/FlowEdit/Data/Images/dog_snow.png,0.033004362136125565,A German Shepherd dog standing in a snowy field.,21.653317208710888,0.08266737351538744,0.8876386976913418,0.8876386976913418,A wooden sculpture of a dog standing in a snowy field.,fe_097_dog_snow_1_wooden_sculpture
0.0,0.0,0.0,0.0,0.0,0.0,0.0,0.0,0.0,0.0,31,0.9982712268829346,0.012571939267218113,0.006446609273552895,0.6446609273552895,0.4982185363769531,32.340043140391266,0.9681477546691895,0.9681477546691895,0.27023109793663025,0.9513899087905884,0.2617570161819458,0.22033819556236267,-0.04141882061958313,0.22033819556236267,True,0.5017814636230469,0.5925079584121704,-0.04141882061958313,0.4215583801269531,,,1.391992681128772,0.0,0.4215583801269531,0.005284637450343411,0.0721769705414772,0.0721769705414772,17.198779348200603,0.13805782674061468,14.033122062683105,0.25595736503601074,0.21282687783241272,-0.04313048720359802,0.21282687783241272,"0,39,512,512",0.0878346711397171,0.008123323321342468,/cluster/users/grad/2025/25t8103/project/data/flowedit_compatible_118/eval_masks/fe_101_dog_snow_5_golden_eval_mask.png,fixed_eval_mask,0.0,0.0,0.0,0.0,dece_rf_flux,dece_rf_flux,,0.013241979293525219,0.013241979293525219,31.96127040882952,0.025231117120902688,,/cluster/users/grad/2025/25t8103/project/outputs/flowedit118_dece_metric_runs/fe_101_dog_snow_5_golden/dece_rf_flux/seed_10/result.png,10.081318855285645,fe_101_dog_snow_5_golden/dece_rf_flux/seed_10,,10,/cluster/users/grad/2025/25t8103/project/_baselines/src/FlowEdit/Data/Images/dog_snow.png,0.038086507469415665,A German Shepherd dog standing in a snowy field.,20.755589722434486,0.09166858210061596,0.8790661190222386,0.8790661190222386,A Golden Retriever dog standing in a snowy field.,fe_101_dog_snow_5_golden
0.0,0.0,0.0,0.0,0.0,0.0,0.0,0.0,0.0,0.0,31,0.9981486201286316,0.015152357518672943,0.0087055629119277,0.87055629119277,0.4982185363769531,30.936642858266726,0.9528952836990356,0.9528952836990356,0.08155053853988647,0.986533522605896,0.30177995562553406,0.21240204572677612,-0.08937790989875793,0.21240204572677612,True,0.5017814636230469,0.8685730695724487,-0.08937790989875793,0.4215583801269531,,,1.2794837189778379,0.0,0.4215583801269531,0.006325276674298021,0.06348582357168198,0.06348582357168198,17.61605855953437,0.13158217839066755,12.296149253845215,0.30500170588493347,0.21425199508666992,-0.09074971079826355,0.21425199508666992,"0,39,512,512",0.08497720211744308,0.010958338156342506,/cluster/users/grad/2025/25t8103/project/data/flowedit_compatible_118/eval_masks/fe_101_dog_snow_5_golden_eval_mask.png,fixed_eval_mask,0.0,0.0,0.0,0.0,dece_rf_sd3,dece_rf_sd3,,0.01593589223921299,0.01593589223921299,30.580841621240758,0.02957725863150131,,/cluster/users/grad/2025/25t8103/project/outputs/flowedit118_dece_metric_runs/fe_101_dog_snow_5_golden/dece_rf_sd3/seed_10/result.png,9.61024284362793,fe_101_dog_snow_5_golden/dece_rf_sd3/seed_10,,10,/cluster/users/grad/2025/25t8103/project/_baselines/src/FlowEdit/Data/Images/dog_snow.png,0.035980962216854095,A German Shepherd dog standing in a snowy field.,21.07636184102517,0.08834498634441446,0.8725693788617784,0.8725693788617784,A Golden Retriever dog standing in a snowy field.,fe_101_dog_snow_5_golden
0.0,0.0,0.0,0.0,0.0,0.0,0.0,0.0,0.0,0.0,31,0.9998309016227722,0.001530249253846705,0.004772953223437071,0.4772953223437071,0.5978889465332031,49.03144162169265,0.9970189332962036,0.9970189332962036,-0.010766429826617241,0.9084256887435913,0.31501734256744385,0.3093465566635132,-0.005670785903930664,0.3093465566635132,True,0.4021110534667969,0.8886966705322266,-0.005670785903930664,0.3304710388183594,,,1.668232400548632,0.0,0.3304710388183594,0.0,0.03303585201501846,0.03303585201501846,23.753076807675594,0.06491516414850247,7.740859031677246,0.3236003518104553,0.3193932771682739,-0.0042070746421813965,0.3193932771682739,"0,0,512,491",0.05118914693593979,0.005397625267505646,/cluster/users/grad/2025/25t8103/project/data/flowedit_compatible_118/eval_masks/fe_108_duck_1_colorful_duck_eval_mask.png,fixed_eval_mask,0.0,0.0,0.0,0.0,dece_rf_flux,dece_rf_flux,,0.0016071433201432228,0.0016071433201432228,48.77806303300297,0.0036399619879975585,,/cluster/users/grad/2025/25t8103/project/outputs/flowedit118_dece_metric_runs/fe_108_duck_1_colorful_duck/dece_rf_flux/seed_10/result.png,4.640156269073486,fe_108_duck_1_colorful_duck/dece_rf_flux/seed_10,,10,/cluster/users/grad/2025/25t8103/project/_baselines/src/FlowEdit/Data/Images/duck.png,0.011993427760899067,"A brown duck swimming in a lake. The duck is floating on the surface of the water, surrounded by a few ripples. The duck is preening its feathers. The scene is set against a black background, which emphasizes the duck''s presence in the water.",28.53416758306964,0.037436188108833826,0.9767968364631706,0.9767968364631706,"A colorful duck swimming in a lake. The duck is floating on the surface of the water, surrounded by a few ripples. The scene is set against a black background, which emphasizes the duck''s presence in the water.",fe_108_duck_1_colorful_duck
0.0,0.0,0.0,0.0,0.0,0.0,0.0,0.0,0.0,0.0,31,0.9999500513076782,0.0008563749142922461,0.0014756572199985385,0.14756572199985385,0.5978889465332031,53.544817550018195,0.9981912970542908,0.9981912970542908,0.07094786316156387,0.9166364669799805,0.30209577083587646,0.31087028980255127,0.008774518966674805,0.31087028980255127,True,0.4021110534667969,0.5481894016265869,0.008774518966674805,0.3304710388183594,,,1.820047600282124,0.0,0.3304710388183594,0.0008080248409922545,0.0639544203877449,0.0639544203877449,18.21727090920277,0.1227824950935437,9.31346321105957,0.2964364290237427,0.30635198950767517,0.009915560483932495,0.30635198950767517,"0,0,512,491",0.10731087625026703,0.0016635219799354672,/cluster/users/grad/2025/25t8103/project/data/flowedit_compatible_118/eval_masks/fe_108_duck_1_colorful_duck_eval_mask.png,fixed_eval_mask,0.0,0.0,0.0,0.0,dece_rf_sd3,dece_rf_sd3,,0.000894222583156079,0.000894222583156079,53.327835158620964,0.0021557988805419137,,/cluster/users/grad/2025/25t8103/project/outputs/flowedit118_dece_metric_runs/fe_108_duck_1_colorful_duck/dece_rf_sd3/seed_10/result.png,5.117153644561768,fe_108_duck_1_colorful_duck/dece_rf_sd3/seed_10,,10,/cluster/users/grad/2025/25t8103/project/_baselines/src/FlowEdit/Data/Images/duck.png,0.02173379249870777,"A brown duck swimming in a lake. The duck is floating on the surface of the water, surrounded by a few ripples. The duck is preening its feathers. The scene is set against a black background, which emphasizes the duck''s presence in the water.",23.02322544664208,0.07060553166873391,0.9163451671540007,0.9163451671540007,"A colorful duck swimming in a lake. The duck is floating on the surface of the water, surrounded by a few ripples. The scene is set against a black background, which emphasizes the duck''s presence in the water.",fe_108_duck_1_colorful_duck
0.0,0.0,0.0,0.0,0.0,0.0,0.0,0.0,0.0,0.0,31,0.9796361923217773,0.037343915551900864,0.06303367763757706,6.303367763757706,0.4814910888671875,19.096174982049593,0.98127681016922,0.98127681016922,0.4024399220943451,0.9775029420852661,0.22972843050956726,0.2630760669708252,0.033347636461257935,0.2630760669708252,True,0.5185089111328125,0.983669638633728,0.033347636461257935,0.45276641845703125,,,7.5563023453796925,0.0,0.45276641845703125,0.006647569298171708,0.011438058689236641,0.011438058689236641,26.667729172848794,0.04641021083455808,7.930394172668457,0.2375381588935852,0.2560157775878906,0.01847761869430542,0.2560157775878906,"0,0,512,456",0.07417908310890198,0.06581448763608932,/cluster/users/grad/2025/25t8103/project/data/flowedit_compatible_118/eval_masks/fe_114_flowers_1_orange_yellow_white_eval_mask.png,fixed_eval_mask,0.0,0.0,0.0,0.0,dece_rf_flux,dece_rf_flux,,0.03553029149770737,0.03553029149770737,19.28310209856729,0.10860376843544028,,/cluster/users/grad/2025/25t8103/project/outputs/flowedit118_dece_metric_runs/fe_114_flowers_1_orange_yellow_white/dece_rf_flux/seed_10/result.png,1.0495072603225708,fe_114_flowers_1_orange_yellow_white/dece_rf_flux/seed_10,,10,/cluster/users/grad/2025/25t8103/project/_baselines/src/FlowEdit/Data/Images/flowers.png,0.02462213672697544,"A vase filled with a beautiful bouquet of pink, red and white flowers.",21.290278580724063,0.08619579328656855,0.986198497561354,0.986198497561354,"A vase filled with a beautiful bouquet of orange, yellow and white flowers.",fe_114_flowers_1_orange_yellow_white
0.0,0.0,0.0,0.0,0.0,0.0,0.0,0.0,0.0,0.0,31,0.9210222959518433,0.015502281486988068,0.037968799471855164,3.7968799471855164,0.4814910888671875,26.13143487460288,0.9371670484542847,0.9371670484542847,-0.01159844920039177,0.9760972857475281,0.2516840398311615,0.2218439131975174,-0.029840126633644104,0.2218439131975174,True,0.5185089111328125,0.8753541111946106,-0.029840126633644104,0.45276641845703125,,,5.7976929610427534,0.0,0.45276641845703125,0.010531637037661135,0.005729838740080595,0.005729838740080595,32.768440933590284,0.022992063663290457,9.40987491607666,0.256054162979126,0.21926885843276978,-0.0367853045463562,0.21926885843276978,"0,0,512,456",0.04764162749052048,0.040720321238040924,/cluster/users/grad/2025/25t8103/project/data/flowedit_compatible_118/eval_masks/fe_114_flowers_1_orange_yellow_white_eval_mask.png,fixed_eval_mask,0.0,0.0,0.0,0.0,dece_rf_sd3,dece_rf_sd3,,0.01446815486997366,0.01446815486997366,26.464029991919897,0.047511473582854534,,/cluster/users/grad/2025/25t8103/project/outputs/flowedit118_dece_metric_runs/fe_114_flowers_1_orange_yellow_white/dece_rf_sd3/seed_10/result.png,1.6230378150939941,fe_114_flowers_1_orange_yellow_white/dece_rf_sd3/seed_10,,10,/cluster/users/grad/2025/25t8103/project/_baselines/src/FlowEdit/Data/Images/flowers.png,0.010511738248169422,"A vase filled with a beautiful bouquet of pink, red and white flowers.",28.313137892397453,0.03840105052480135,0.9616320279480168,0.9616320279480168,"A vase filled with a beautiful bouquet of orange, yellow and white flowers.",fe_114_flowers_1_orange_yellow_white
0.0,0.0,0.0,0.0,0.0,0.0,0.0,0.0,0.0,0.0,31,0.9784009456634521,0.04107988253235817,0.063640296459198,6.3640296459198,0.4814910888671875,18.637927018221564,0.9515141248703003,0.9515141248703003,0.21249434351921082,0.9513232111930847,0.23143860697746277,0.2529597282409668,0.02152112126350403,0.2529597282409668,True,0.5185089111328125,0.9782263040542603,0.02152112126350403,0.45276641845703125,,,7.2325058737062395,0.0,0.45276641845703125,0.04068582020389249,0.012099791318178177,0.012099791318178177,26.242922087720753,0.04873645044358136,7.907765865325928,0.23702171444892883,0.24960359930992126,0.012581884860992432,0.24960359930992126,"0,0,512,456",0.07295501232147217,0.06501610577106476,/cluster/users/grad/2025/25t8103/project/data/flowedit_compatible_118/eval_masks/fe_115_flowers_2_blue_purple_white_eval_mask.png,fixed_eval_mask,0.0,0.0,0.0,0.0,dece_rf_flux,dece_rf_flux,,0.03904195502400398,0.03904195502400398,18.831205327357107,0.11440361126943793,,/cluster/users/grad/2025/25t8103/project/outputs/flowedit118_dece_metric_runs/fe_115_flowers_2_blue_purple_white/dece_rf_flux/seed_10/result.png,1.0933645963668823,fe_115_flowers_2_blue_purple_white/dece_rf_flux/seed_10,,10,/cluster/users/grad/2025/25t8103/project/_baselines/src/FlowEdit/Data/Images/flowers.png,0.026843437924981117,"A vase filled with a beautiful bouquet of pink, red and white flowers.",20.841926054678694,0.09076192476147822,0.9671675229039028,0.9671675229039028,"A vase filled with a beautiful bouquet of blue, purple and white flowers.",fe_115_flowers_2_blue_purple_white
0.0,0.0,0.0,0.0,0.0,0.0,0.0,0.0,0.0,0.0,31,0.949242353439331,0.015833191573619843,0.03177725896239281,3.1777258962392807,0.4814910888671875,26.135956988819103,0.9425644874572754,0.9425644874572754,0.005395167041569948,0.9790347814559937,0.24921360611915588,0.22461000084877014,-0.024603605270385742,0.22461000084877014,True,0.5185089111328125,0.9008435010910034,-0.024603605270385742,0.45276641845703125,,,5.840886268647139,0.0,0.45276641845703125,0.01586485803353273,0.006303112022578716,0.006303112022578716,30.98017212429649,0.02824823996117801,9.37463092803955,0.24530264735221863,0.22483743727207184,-0.02046521008014679,0.22483743727207184,"0,0,512,456",0.044647298753261566,0.034301724284887314,/cluster/users/grad/2025/25t8103/project/data/flowedit_compatible_118/eval_masks/fe_115_flowers_2_blue_purple_white_eval_mask.png,fixed_eval_mask,0.0,0.0,0.0,0.0,dece_rf_sd3,dece_rf_sd3,,0.01483047753572464,0.01483047753572464,26.40588007510042,0.04783061843988093,,/cluster/users/grad/2025/25t8103/project/outputs/flowedit118_dece_metric_runs/fe_115_flowers_2_blue_purple_white/dece_rf_sd3/seed_10/result.png,1.605001449584961,fe_115_flowers_2_blue_purple_white/dece_rf_sd3/seed_10,,10,/cluster/users/grad/2025/25t8103/project/_baselines/src/FlowEdit/Data/Images/flowers.png,0.010969572700560093,"A vase filled with a beautiful bouquet of pink, red and white flowers.",27.923025878110433,0.040165086453052834,0.9632051711474564,0.9632051711474564,"A vase filled with a beautiful bouquet of blue, purple and white flowers.",fe_115_flowers_2_blue_purple_white
0.0,0.0,0.0,0.0,0.0,0.0,0.0,0.0,0.0,0.0,31,0.9990626573562622,0.006432185415178537,0.0010692153591662645,0.10692153591662645,0.24710845947265625,41.89370932919011,0.994683563709259,0.994683563709259,0.4678907096385956,0.7425676584243774,0.2544572651386261,0.3456987738609314,0.0912415087223053,0.3456987738609314,True,0.7528915405273438,0.9422585964202881,0.0912415087223053,0.6789054870605469,,,9.280759350508506,0.0,0.6789054870605469,0.030426305409308258,0.03460043668746948,0.03460043668746948,19.726289512125113,0.10320138468491481,9.61788272857666,0.2544572651386261,0.3456987738609314,0.0912415087223053,0.3456987738609314,"0,0,512,512",0.05790835991501808,0.0012802891433238983,/cluster/users/grad/2025/25t8103/project/data/flowedit_compatible_118/eval_masks/fe_116_free_wifi_1_free_beer_eval_mask.png,fixed_eval_mask,0.0,0.0,0.0,0.0,dece_rf_flux,dece_rf_flux,,0.0063820150680840015,0.0063820150680840015,42.02901241277753,0.007916794636053121,,/cluster/users/grad/2025/25t8103/project/outputs/flowedit118_dece_metric_runs/fe_116_free_wifi_1_free_beer/dece_rf_flux/seed_10/result.png,1.0363249778747559,fe_116_free_wifi_1_free_beer/dece_rf_flux/seed_10,,10,/cluster/users/grad/2025/25t8103/project/_baselines/src/FlowEdit/Data/Images/free_wifi.png,0.025539672002196312,"A wooden table with a black board on it. The board displays the words ""FREE WIFI"" in white letters. The table is positioned in the center of the scene, and the board is placed on top of it.",21.396124962531328,0.08515178412792485,0.9050606828523813,0.9050606828523813,"A wooden table with a black board on it. The board displays the words ""FREE BEER"" in white letters. The table is positioned in the center of the scene, and the board is placed on top of it.",fe_116_free_wifi_1_free_beer
0.0,0.0,0.0,0.0,0.0,0.0,0.0,0.0,0.0,0.0,31,0.9948822855949402,0.006950576789677143,0.001717273611575365,0.1717273611575365,0.24710845947265625,41.089859045235485,0.9920641183853149,0.9920641183853149,0.18852216005325317,0.5938342809677124,0.2805303931236267,0.28058362007141113,5.322694778442383e-05,0.28058362007141113,True,0.7528915405273438,0.9545201063156128,5.322694778442383e-05,0.6789054870605469,,,9.007278900127758,0.0,0.6789054870605469,0.0038714172533727406,0.02664945274591446,0.02664945274591446,22.078939334715663,0.07871419045610381,9.081945419311523,0.2805303931236267,0.28058362007141113,5.322694778442383e-05,0.28058362007141113,"0,0,512,512",0.03622238337993622,0.00214550644159317,/cluster/users/grad/2025/25t8103/project/data/flowedit_compatible_118/eval_masks/fe_116_free_wifi_1_free_beer_eval_mask.png,fixed_eval_mask,0.0,0.0,0.0,0.0,dece_rf_sd3,dece_rf_sd3,,0.006832830607891083,0.006832830607891083,41.28789719241113,0.008621942860827585,,/cluster/users/grad/2025/25t8103/project/outputs/flowedit118_dece_metric_runs/fe_116_free_wifi_1_free_beer/dece_rf_sd3/seed_10/result.png,1.0082895755767822,fe_116_free_wifi_1_free_beer/dece_rf_sd3/seed_10,,10,/cluster/users/grad/2025/25t8103/project/_baselines/src/FlowEdit/Data/Images/free_wifi.png,0.020286448299884796,"A wooden table with a black board on it. The board displays the words ""FREE WIFI"" in white letters. The table is positioned in the center of the scene, and the board is placed on top of it.",23.73627115313687,0.0650408850520463,0.9043023571636083,0.9043023571636083,"A wooden table with a black board on it. The board displays the words ""FREE BEER"" in white letters. The table is positioned in the center of the scene, and the board is placed on top of it.",fe_116_free_wifi_1_free_beer
0.0,0.0,0.0,0.0,0.0,0.0,0.0,0.0,0.0,0.0,31,0.9991106986999512,0.006185650359839201,0.0010678861290216446,0.10678861290216446,0.24710845947265625,42.169928971851306,0.99466872215271,0.99466872215271,0.2245851457118988,0.5059914588928223,0.25410279631614685,0.2928069233894348,0.038704127073287964,0.2928069233894348,True,0.7528915405273438,0.9177395105361938,0.038704127073287964,0.6789054870605469,,,9.09586522241947,0.0,0.6789054870605469,0.02014373128206281,0.034878816455602646,0.034878816455602646,19.57506023938903,0.10501394846917003,9.420985221862793,0.25410279631614685,0.2928069233894348,0.038704127073287964,0.2928069233894348,"0,0,512,512",0.06539392471313477,0.0012763015693053603,/cluster/users/grad/2025/25t8103/project/data/flowedit_compatible_118/eval_masks/fe_117_free_wifi_2_free_hugs_eval_mask.png,fixed_eval_mask,0.0,0.0,0.0,0.0,dece_rf_flux,dece_rf_flux,,0.0061339279636740685,0.0061339279636740685,42.306446790587856,0.007667921540820164,,/cluster/users/grad/2025/25t8103/project/outputs/flowedit118_dece_metric_runs/fe_117_free_wifi_2_free_hugs/dece_rf_flux/seed_10/result.png,1.0357437133789062,fe_117_free_wifi_2_free_hugs/dece_rf_flux/seed_10,,10,/cluster/users/grad/2025/25t8103/project/_baselines/src/FlowEdit/Data/Images/free_wifi.png,0.025648994371294975,"A wooden table with a black board on it. The board displays the words ""FREE WIFI"" in white letters. The table is positioned in the center of the scene, and the board is placed on top of it.",21.246027901285906,0.08663604235332395,0.9007897544938384,0.9007897544938384,"A wooden table with a black board on it. The board displays the words ""FREE HUGS"" in white letters. The table is positioned in the center of the scene, and the board is placed on top of it.",fe_117_free_wifi_2_free_hugs
0.0,0.0,0.0,0.0,0.0,0.0,0.0,0.0,0.0,0.0,31,0.9948215484619141,0.00694999098777771,0.001726433401927352,0.1726433401927352,0.24710845947265625,41.08558140091597,0.9920339584350586,0.9920339584350586,0.16406215727329254,0.565093457698822,0.257112979888916,0.25297030806541443,-0.004142671823501587,0.25297030806541443,True,0.7528915405273438,0.9451205730438232,-0.004142671823501587,0.6789054870605469,,,8.917606628329972,0.0,0.6789054870605469,0.005484039534530907,0.02659379132091999,0.02659379132091999,22.04014956568299,0.07906650131168609,9.009719848632812,0.257112979888916,0.25297030806541443,-0.004142671823501587,0.25297030806541443,"0,0,512,512",0.04068395867943764,0.002154977759346366,/cluster/users/grad/2025/25t8103/project/data/flowedit_compatible_118/eval_masks/fe_117_free_wifi_2_free_hugs_eval_mask.png,fixed_eval_mask,0.0,0.0,0.0,0.0,dece_rf_sd3,dece_rf_sd3,,0.006827628705650568,0.006827628705650568,41.288584165770594,0.008621260972031367,,/cluster/users/grad/2025/25t8103/project/outputs/flowedit118_dece_metric_runs/fe_117_free_wifi_2_free_hugs/dece_rf_sd3/seed_10/result.png,1.0103293657302856,fe_117_free_wifi_2_free_hugs/dece_rf_sd3/seed_10,,10,/cluster/users/grad/2025/25t8103/project/_baselines/src/FlowEdit/Data/Images/free_wifi.png,0.02024698816239834,"A wooden table with a black board on it. The board displays the words ""FREE WIFI"" in white letters. The table is positioned in the center of the scene, and the board is placed on top of it.",23.69770292227138,0.06533033029483144,0.9035634116952173,0.9035634116952173,"A wooden table with a black board on it. The board displays the words ""FREE HUGS"" in white letters. The table is positioned in the center of the scene, and the board is placed on top of it.",fe_117_free_wifi_2_free_hugs
0.0,0.0,0.0,0.0,0.0,0.0,0.0,0.0,0.0,0.0,31,0.9188380837440491,0.02776496484875679,0.06224880740046501,6.224880740046501,0.8448410034179688,24.010501845112078,0.8870075345039368,0.8870075345039368,0.3116244077682495,0.8914163708686829,0.20996277034282684,0.2720685303211212,0.06210575997829437,0.2720685303211212,True,0.15515899658203125,0.9260855317115784,0.06210575997829437,0.10755157470703125,,,2.947842044460028,0.0,0.10755157470703125,0.47932184152656593,0.10831905901432037,0.10831905901432037,13.94033930846896,0.20090143302747698,8.009743690490723,0.22727790474891663,0.33147066831588745,0.10419276356697083,0.33147066831588745,"4,0,490,294",0.10962981730699539,0.06967565417289734,/cluster/users/grad/2025/25t8103/project/data/flowedit_compatible_118/eval_masks/fe_118_gas_station_1_cvpr_eval_mask.png,fixed_eval_mask,0.0,0.0,0.0,0.0,dece_rf_flux,dece_rf_flux,,0.029575474560260773,0.029575474560260773,23.213204995463297,0.06907799923351879,,/cluster/users/grad/2025/25t8103/project/outputs/flowedit118_dece_metric_runs/fe_118_gas_station_1_cvpr/dece_rf_flux/seed_10/result.png,2.7171549797058105,fe_118_gas_station_1_cvpr/dece_rf_flux/seed_10,,10,/cluster/users/grad/2025/25t8103/project/_baselines/src/FlowEdit/Data/Images/gas_station.png,0.038044463843107224,"A gas station with a white and red sign that reads ""CAFE"" There are several cars parked in front of the gas station, including a white car and a van.",20.655273548987985,0.09273342976494127,0.8560897154118472,0.8560897154118472,"A gas station with a white and red sign that reads ""CVPR"" There are several cars parked in front of the gas station, including a white car and a van.",fe_118_gas_station_1_cvpr
0.0,0.0,0.0,0.0,0.0,0.0,0.0,0.0,0.0,0.0,31,0.9117252230644226,0.04341887682676315,0.11478345096111298,11.478345096111298,0.8448410034179688,21.423918298377508,0.8066191077232361,0.8066191077232361,0.23412872850894928,0.8558838367462158,0.21151283383369446,0.2622291147708893,0.050716280937194824,0.2622291147708893,True,0.15515899658203125,0.9002754092216492,0.050716280937194824,0.10755157470703125,,,1.3168815074906008,0.0,0.10755157470703125,0.6837270341207349,0.08879783749580383,0.08879783749580383,14.395071938377132,0.19065421146390324,5.726897239685059,0.20586621761322021,0.28288185596466064,0.07701563835144043,0.28288185596466064,"4,0,490,294",0.17606602609157562,0.12039749324321747,/cluster/users/grad/2025/25t8103/project/data/flowedit_compatible_118/eval_masks/fe_118_gas_station_1_cvpr_eval_mask.png,fixed_eval_mask,0.0,0.0,0.0,0.0,dece_rf_sd3,dece_rf_sd3,,0.04315885901451111,0.04315885901451111,21.16955457522873,0.0874021812522699,,/cluster/users/grad/2025/25t8103/project/outputs/flowedit118_dece_metric_runs/fe_118_gas_station_1_cvpr/dece_rf_sd3/seed_10/result.png,4.348832607269287,fe_118_gas_station_1_cvpr/dece_rf_sd3/seed_10,,10,/cluster/users/grad/2025/25t8103/project/_baselines/src/FlowEdit/Data/Images/gas_station.png,0.04806739091873169,"A gas station with a white and red sign that reads ""CAFE"" There are several cars parked in front of the gas station, including a white car and a van.",19.695243039569636,0.10357092334008661,0.7933223417305709,0.7933223417305709,"A gas station with a white and red sign that reads ""CVPR"" There are several cars parked in front of the gas station, including a white car and a van.",fe_118_gas_station_1_cvpr
0.0,0.0,0.0,0.0,0.0,0.0,0.0,0.0,0.0,0.0,31,0.9163036346435547,0.027190804481506348,0.05956127122044563,5.956127122044563,0.8448410034179688,24.41855442493663,0.8891902565956116,0.8891902565956116,0.1906566619873047,0.928093433380127,0.22382348775863647,0.24121731519699097,0.017393827438354492,0.24121731519699097,True,0.15515899658203125,0.8997998833656311,0.017393827438354492,0.10755157470703125,,,2.4033605768564055,0.0,0.10755157470703125,0.4582889976590764,0.11656922847032547,0.11656922847032547,14.21071538215018,0.19474406493720456,7.313572883605957,0.22616054117679596,0.24775832891464233,0.021597787737846375,0.24775832891464233,"4,0,490,294",0.12221024930477142,0.0656825602054596,/cluster/users/grad/2025/25t8103/project/data/flowedit_compatible_118/eval_masks/fe_119_gas_station_2_iccv_eval_mask.png,fixed_eval_mask,0.0,0.0,0.0,0.0,dece_rf_flux,dece_rf_flux,,0.02890503592789173,0.02890503592789173,23.399479336296082,0.0676123503470444,,/cluster/users/grad/2025/25t8103/project/outputs/flowedit118_dece_metric_runs/fe_119_gas_station_2_iccv/dece_rf_flux/seed_10/result.png,3.0430610179901123,fe_119_gas_station_2_iccv/dece_rf_flux/seed_10,,10,/cluster/users/grad/2025/25t8103/project/_baselines/src/FlowEdit/Data/Images/gas_station.png,0.03833344206213951,"A gas station with a white and red sign that reads ""CAFE"" There are several cars parked in front of the gas station, including a white car and a van.",20.883797506769763,0.09032544807983624,0.8566882586316323,0.8566882586316323,"A gas station with a white and red sign that reads ""ICCV"" There are several cars parked in front of the gas station, including a white car and a van.",fe_119_gas_station_2_iccv
0.0,0.0,0.0,0.0,0.0,0.0,0.0,0.0,0.0,0.0,31,0.9319454431533813,0.04625141993165016,0.1179463118314743,11.79463118314743,0.8448410034179688,20.510448659379207,0.8031542897224426,0.8031542897224426,0.04753001779317856,0.8478780388832092,0.23551496863365173,0.23003144562244415,-0.005483523011207581,0.23003144562244415,True,0.15515899658203125,0.9190205335617065,-0.005483523011207581,0.10755157470703125,,,1.1559473457538716,0.0,0.10755157470703125,0.6534369014683975,0.07979220896959305,0.07979220896959305,14.70488512435651,0.18397370042226563,5.476452350616455,0.21744656562805176,0.2013813853263855,-0.01606518030166626,0.2013813853263855,"4,0,490,294",0.17596736550331116,0.12252827733755112,/cluster/users/grad/2025/25t8103/project/data/flowedit_compatible_118/eval_masks/fe_119_gas_station_2_iccv_eval_mask.png,fixed_eval_mask,0.0,0.0,0.0,0.0,dece_rf_sd3,dece_rf_sd3,,0.04565766081213951,0.04565766081213951,20.43497165872548,0.09511552668224019,,/cluster/users/grad/2025/25t8103/project/outputs/flowedit118_dece_metric_runs/fe_119_gas_station_2_iccv/dece_rf_sd3/seed_10/result.png,4.737631320953369,fe_119_gas_station_2_iccv/dece_rf_sd3/seed_10,,10,/cluster/users/grad/2025/25t8103/project/_baselines/src/FlowEdit/Data/Images/gas_station.png,0.04932887852191925,"A gas station with a white and red sign that reads ""CAFE"" There are several cars parked in front of the gas station, including a white car and a van.",19.312882449988052,0.1082320482797774,0.7965724259120587,0.7965724259120587,"A gas station with a white and red sign that reads ""ICCV"" There are several cars parked in front of the gas station, including a white car and a van.",fe_119_gas_station_2_iccv
0.0,0.0,0.0,0.0,0.0,0.0,0.0,0.0,0.0,0.0,31,0.9174870848655701,0.02688536047935486,0.058801934123039246,5.880193412303925,0.8448410034179688,24.36362136956331,0.8919573426246643,0.8919573426246643,0.24944132566452026,0.9108613133430481,0.2179705649614334,0.24560333788394928,0.02763277292251587,0.24560333788394928,True,0.15515899658203125,0.9107339978218079,0.02763277292251587,0.10755157470703125,,,2.1996132881645347,0.0,0.10755157470703125,0.5567141945094701,0.0960124135017395,0.0960124135017395,14.745370546625159,0.18311818396606686,7.970475196838379,0.2470233291387558,0.2986912131309509,0.05166788399219513,0.2986912131309509,"4,0,490,294",0.1078258752822876,0.06466375291347504,/cluster/users/grad/2025/25t8103/project/data/flowedit_compatible_118/eval_masks/fe_120_gas_station_3_eccv_eval_mask.png,fixed_eval_mask,0.0,0.0,0.0,0.0,dece_rf_flux,dece_rf_flux,,0.028953254222869873,0.028953254222869873,23.079859259646227,0.07014666644251585,,/cluster/users/grad/2025/25t8103/project/outputs/flowedit118_dece_metric_runs/fe_120_gas_station_3_eccv/dece_rf_flux/seed_10/result.png,3.62358021736145,fe_120_gas_station_3_eccv/dece_rf_flux/seed_10,,10,/cluster/users/grad/2025/25t8103/project/_baselines/src/FlowEdit/Data/Images/gas_station.png,0.03616558387875557,"A gas station with a white and red sign that reads ""CAFE"" There are several cars parked in front of the gas station, including a white car and a van.",20.970301360630184,0.08943035031544003,0.8626311642347263,0.8626311642347263,"A gas station with a white and red sign that reads ""ECCV"" There are several cars parked in front of the gas station, including a white car and a van.",fe_120_gas_station_3_eccv
0.0,0.0,0.0,0.0,0.0,0.0,0.0,0.0,0.0,0.0,31,0.9364235401153564,0.0449506901204586,0.11609549820423126,11.609549820423126,0.8448410034179688,21.03459902137303,0.8012844324111938,0.8012844324111938,0.3495936095714569,0.8854968547821045,0.22526171803474426,0.28179579973220825,0.05653408169746399,0.28179579973220825,True,0.15515899658203125,0.9195365309715271,0.05653408169746399,0.10755157470703125,,,1.3064453995809586,0.0,0.10755157470703125,0.6741505284812371,0.0935441181063652,0.0935441181063652,14.046041457941193,0.19847139722307675,5.836233615875244,0.24887056648731232,0.29875439405441284,0.049883827567100525,0.29875439405441284,"4,0,490,294",0.179927259683609,0.12091194093227386,/cluster/users/grad/2025/25t8103/project/data/flowedit_compatible_118/eval_masks/fe_120_gas_station_3_eccv_eval_mask.png,fixed_eval_mask,0.0,0.0,0.0,0.0,dece_rf_sd3,dece_rf_sd3,,0.04464074969291687,0.04464074969291687,20.851186757531863,0.09066520797847377,,/cluster/users/grad/2025/25t8103/project/outputs/flowedit118_dece_metric_runs/fe_120_gas_station_3_eccv/dece_rf_sd3/seed_10/result.png,4.467261791229248,fe_120_gas_station_3_eccv/dece_rf_sd3/seed_10,,10,/cluster/users/grad/2025/25t8103/project/_baselines/src/FlowEdit/Data/Images/gas_station.png,0.04990037903189659,"A gas station with a white and red sign that reads ""CAFE"" There are several cars parked in front of the gas station, including a white car and a van.",19.365675420304136,0.10757620735647834,0.787615578088834,0.787615578088834,"A gas station with a white and red sign that reads ""ECCV"" There are several cars parked in front of the gas station, including a white car and a van.",fe_120_gas_station_3_eccv
0.0,0.0,0.0,0.0,0.0,0.0,0.0,0.0,0.0,0.0,31,0.9135873317718506,0.0259195975959301,0.05053351819515228,5.053351819515228,0.8448410034179688,25.082567933264436,0.8976683020591736,0.8976683020591736,0.22405540943145752,0.9405856132507324,0.218189999461174,0.22687551379203796,0.008685514330863953,0.22687551379203796,True,0.15515899658203125,0.9027071595191956,0.008685514330863953,0.10755157470703125,,,2.4932045704393415,0.0,0.10755157470703125,0.535255728169114,0.09894397109746933,0.09894397109746933,14.599867234041902,0.18621155993399793,8.696882247924805,0.2329297959804535,0.26450663805007935,0.031576842069625854,0.26450663805007935,"4,0,490,294",0.09702128171920776,0.05516980588436127,/cluster/users/grad/2025/25t8103/project/data/flowedit_compatible_118/eval_masks/fe_121_gas_station_4_food_eval_mask.png,fixed_eval_mask,0.0,0.0,0.0,0.0,dece_rf_flux,dece_rf_flux,,0.027411021292209625,0.027411021292209625,24.14827854373625,0.06202775642684878,,/cluster/users/grad/2025/25t8103/project/outputs/flowedit118_dece_metric_runs/fe_121_gas_station_4_food/dece_rf_flux/seed_10/result.png,3.488234519958496,fe_121_gas_station_4_food/dece_rf_flux/seed_10,,10,/cluster/users/grad/2025/25t8103/project/_baselines/src/FlowEdit/Data/Images/gas_station.png,0.03510449454188347,"A gas station with a white and red sign that reads ""CAFE"" There are several cars parked in front of the gas station, including a white car and a van.",21.44907035631033,0.08463431473772703,0.8666452080364372,0.8666452080364372,"A gas station with a white and red sign that reads ""FOOD"" There are several cars parked in front of the gas station, including a white car and a van.",fe_121_gas_station_4_food
0.0,0.0,0.0,0.0,0.0,0.0,0.0,0.0,0.0,0.0,31,0.9095657467842102,0.05282539129257202,0.1311854124069214,13.118541240692139,0.8448410034179688,19.861543387584344,0.7795392274856567,0.7795392274856567,0.3719426393508911,0.9045066833496094,0.21956202387809753,0.2553092837333679,0.035747259855270386,0.2553092837333679,True,0.15515899658203125,0.9092597961425781,0.035747259855270386,0.10755157470703125,,,1.407629640935628,0.0,0.10755157470703125,0.6968149251613819,0.10550583153963089,0.10550583153963089,13.821614751844562,0.20366634162377686,6.262183666229248,0.20484720170497894,0.23861107230186462,0.03376387059688568,0.23861107230186462,"4,0,490,294",0.19796572625637054,0.13673102855682373,/cluster/users/grad/2025/25t8103/project/data/flowedit_compatible_118/eval_masks/fe_121_gas_station_4_food_eval_mask.png,fixed_eval_mask,0.0,0.0,0.0,0.0,dece_rf_sd3,dece_rf_sd3,,0.052241336554288864,0.052241336554288864,19.71858562792383,0.10329295897803858,,/cluster/users/grad/2025/25t8103/project/outputs/flowedit118_dece_metric_runs/fe_121_gas_station_4_food/dece_rf_sd3/seed_10/result.png,4.44874382019043,fe_121_gas_station_4_food/dece_rf_sd3/seed_10,,10,/cluster/users/grad/2025/25t8103/project/_baselines/src/FlowEdit/Data/Images/gas_station.png,0.05797000601887703,"A gas station with a white and red sign that reads ""CAFE"" There are several cars parked in front of the gas station, including a white car and a van.",18.54394751760009,0.11825040153577387,0.762858703774836,0.762858703774836,"A gas station with a white and red sign that reads ""FOOD"" There are several cars parked in front of the gas station, including a white car and a van.",fe_121_gas_station_4_food
0.0,0.0,0.0,0.0,0.0,0.0,0.0,0.0,0.0,0.0,31,0.949399471282959,0.026374097913503647,0.055497199296951294,5.549719929695129,0.8448410034179688,24.94408091617168,0.8924500346183777,0.8924500346183777,0.5218721032142639,0.9103150367736816,0.1945062279701233,0.2508671283721924,0.05636090040206909,0.2508671283721924,True,0.15515899658203125,0.9361260533332825,0.05636090040206909,0.10755157470703125,,,3.1254818634803554,0.0,0.10755157470703125,0.627935021635809,0.09093758463859558,0.09093758463859558,15.271711088722137,0.17235125318710165,7.608098030090332,0.1908460110425949,0.25415462255477905,0.06330861151218414,0.25415462255477905,"4,0,490,294",0.10431404411792755,0.06073439121246338,/cluster/users/grad/2025/25t8103/project/data/flowedit_compatible_118/eval_masks/fe_122_gas_station_5_love_eval_mask.png,fixed_eval_mask,0.0,0.0,0.0,0.0,dece_rf_flux,dece_rf_flux,,0.02873658761382103,0.02873658761382103,23.410750487351784,0.06752467080997826,,/cluster/users/grad/2025/25t8103/project/outputs/flowedit118_dece_metric_runs/fe_122_gas_station_5_love/dece_rf_flux/seed_10/result.png,2.434216022491455,fe_122_gas_station_5_love/dece_rf_flux/seed_10,,10,/cluster/users/grad/2025/25t8103/project/_baselines/src/FlowEdit/Data/Images/gas_station.png,0.03542639687657356,"A gas station with a white and red sign that reads ""CAFE"" There are several cars parked in front of the gas station, including a white car and a van.",21.388240592236755,0.08522911333946752,0.861223936397767,0.861223936397767,"A gas station with a white and red sign that reads ""LOVE"" There are several cars parked in front of the gas station, including a white car and a van.",fe_122_gas_station_5_love
0.0,0.0,0.0,0.0,0.0,0.0,0.0,0.0,0.0,0.0,31,0.9193350672721863,0.048783767968416214,0.12973055243492126,12.973055243492126,0.8448410034179688,20.530595236795076,0.7879923582077026,0.7879923582077026,0.4927161931991577,0.8975489139556885,0.20405834913253784,0.26241594552993774,0.0583575963973999,0.26241594552993774,True,0.15515899658203125,0.9184969663619995,0.0583575963973999,0.10755157470703125,,,1.3682763740655892,0.0,0.10755157470703125,0.7514719443853302,0.10718138515949249,0.10718138515949249,13.99239697590332,0.19970095935348978,5.782753944396973,0.2202189564704895,0.28045621514320374,0.06023725867271423,0.28045621514320374,"4,0,490,294",0.20053744316101074,0.13473421335220337,/cluster/users/grad/2025/25t8103/project/data/flowedit_compatible_118/eval_masks/fe_122_gas_station_5_love_eval_mask.png,fixed_eval_mask,0.0,0.0,0.0,0.0,dece_rf_sd3,dece_rf_sd3,,0.04849232733249664,0.04849232733249664,20.292464051877577,0.09668893962477555,,/cluster/users/grad/2025/25t8103/project/outputs/flowedit118_dece_metric_runs/fe_122_gas_station_5_love/dece_rf_sd3/seed_10/result.png,4.2263054847717285,fe_122_gas_station_5_love/dece_rf_sd3/seed_10,,10,/cluster/users/grad/2025/25t8103/project/_baselines/src/FlowEdit/Data/Images/gas_station.png,0.05480441451072693,"A gas station with a white and red sign that reads ""CAFE"" There are several cars parked in front of the gas station, including a white car and a van.",18.98511064233099,0.11239434685252964,0.7655939982622081,0.7655939982622081,"A gas station with a white and red sign that reads ""LOVE"" There are several cars parked in front of the gas station, including a white car and a van.",fe_122_gas_station_5_love
0.0,0.0,0.0,0.0,0.0,0.0,0.0,0.0,0.0,0.0,31,0.8824869394302368,0.027272164821624756,0.05562705919146538,5.562705919146538,0.8448410034179688,24.135529134319704,0.8921438455581665,0.8921438455581665,0.38350871205329895,0.9403270483016968,0.2063455581665039,0.23509401082992554,0.02874845266342163,0.23509401082992554,True,0.15515899658203125,0.8926407694816589,0.02874845266342163,0.10755157470703125,,,3.046013124829541,0.0,0.10755157470703125,0.6003759665176988,0.10398893058300018,0.10398893058300018,14.307655907801713,0.19258267047152577,9.261066436767578,0.22003866732120514,0.27172788977622986,0.05168922245502472,0.27172788977622986,"4,0,490,294",0.10515554249286652,0.06049187481403351,/cluster/users/grad/2025/25t8103/project/data/flowedit_compatible_118/eval_masks/fe_123_gas_station_6_free_eval_mask.png,fixed_eval_mask,0.0,0.0,0.0,0.0,dece_rf_flux,dece_rf_flux,,0.02877304144203663,0.02877304144203663,23.167035630445714,0.06944615710484403,,/cluster/users/grad/2025/25t8103/project/outputs/flowedit118_dece_metric_runs/fe_123_gas_station_6_free/dece_rf_flux/seed_10/result.png,3.0403895378112793,fe_123_gas_station_6_free/dece_rf_flux/seed_10,,10,/cluster/users/grad/2025/25t8103/project/_baselines/src/FlowEdit/Data/Images/gas_station.png,0.03686262294650078,"A gas station with a white and red sign that reads ""CAFE"" There are several cars parked in front of the gas station, including a white car and a van.",20.812906730792605,0.09106566502478036,0.8591398403082137,0.8591398403082137,"A gas station with a white and red sign that reads ""FREE"" There are several cars parked in front of the gas station, including a white car and a van.",fe_123_gas_station_6_free
0.0,0.0,0.0,0.0,0.0,0.0,0.0,0.0,0.0,0.0,31,0.9125067591667175,0.04943356290459633,0.12705819308757782,12.705819308757782,0.8448410034179688,20.451007002882633,0.7884707450866699,0.7884707450866699,0.37501204013824463,0.8821831941604614,0.20838436484336853,0.2554033696651459,0.047019004821777344,0.2554033696651459,True,0.15515899658203125,0.9023076295852661,0.047019004821777344,0.10755157470703125,,,1.3769354120107378,0.0,0.10755157470703125,0.7399801376179329,0.11212630569934845,0.11212630569934845,13.454765276531692,0.21245244630095125,5.853459358215332,0.22987239062786102,0.28863272070884705,0.05876033008098602,0.28863272070884705,"4,0,490,294",0.19916316866874695,0.1326475739479065,/cluster/users/grad/2025/25t8103/project/data/flowedit_compatible_118/eval_masks/fe_123_gas_station_6_free_eval_mask.png,fixed_eval_mask,0.0,0.0,0.0,0.0,dece_rf_sd3,dece_rf_sd3,,0.04912516474723816,0.04912516474723816,20.19199537992082,0.09781382246007045,,/cluster/users/grad/2025/25t8103/project/outputs/flowedit118_dece_metric_runs/fe_123_gas_station_6_free/dece_rf_sd3/seed_10/result.png,4.251077651977539,fe_123_gas_station_6_free/dece_rf_sd3/seed_10,,10,/cluster/users/grad/2025/25t8103/project/_baselines/src/FlowEdit/Data/Images/gas_station.png,0.05590105429291725,"A gas station with a white and red sign that reads ""CAFE"" There are several cars parked in front of the gas station, including a white car and a van.",18.731223802793185,0.1157280964920643,0.7658869898132601,0.7658869898132601,"A gas station with a white and red sign that reads ""FREE"" There are several cars parked in front of the gas station, including a white car and a van.",fe_123_gas_station_6_free
0.0,0.0,0.0,0.0,0.0,0.0,0.0,0.0,0.0,0.0,31,0.9998779296875,0.010522616095840931,0.004268069751560688,0.4268069751560688,0.2613525390625,35.157257805872945,0.9691023826599121,0.9691023826599121,0.08362997323274612,0.8692447543144226,0.23328885436058044,0.2358502745628357,0.002561420202255249,0.2358502745628357,True,0.7386474609375,0.599604070186615,0.002561420202255249,0.6410293579101562,,,1.6837486368067098,0.0,0.6410293579101562,0.141577700812892,0.029089350253343582,0.029089350253343582,22.71460297520178,0.0731593521901322,7.1139678955078125,0.23328885436058044,0.2358502745628357,0.002561420202255249,0.2358502745628357,"0,0,512,512",0.08699437230825424,0.005991728510707617,/cluster/users/grad/2025/25t8103/project/data/flowedit_compatible_118/eval_masks/fe_127_gray_bird_1_origami_bird_eval_mask.png,fixed_eval_mask,0.0,0.0,0.0,0.0,dece_rf_flux,dece_rf_flux,,0.010498481802642345,0.010498481802642345,35.084021272608354,0.017611605000009058,,/cluster/users/grad/2025/25t8103/project/outputs/flowedit118_dece_metric_runs/fe_127_gray_bird_1_origami_bird/dece_rf_flux/seed_10/result.png,4.225077152252197,fe_127_gray_bird_1_origami_bird/dece_rf_flux/seed_10,,10,/cluster/users/grad/2025/25t8103/project/_baselines/src/FlowEdit/Data/Images/gray_bird.png,0.022415772080421448,A small blue and gray bird perched on a wooden fence or post. The bird is positioned towards the left side of the image,24.507125385832857,0.059517369820483106,0.9179310112891683,0.9179310112891683,A small blue and gray origami bird perched on a wooden fence or post. The origami bird is positioned towards the left side of the image,fe_127_gray_bird_1_origami_bird
0.0,0.0,0.0,0.0,0.0,0.0,0.0,0.0,0.0,0.0,31,0.9996957182884216,0.011097965762019157,0.007342065684497356,0.7342065684497356,0.2613525390625,33.63124613862799,0.9515445828437805,0.9515445828437805,0.22974416613578796,0.7182949185371399,0.2328900545835495,0.30366623401641846,0.07077617943286896,0.30366623401641846,True,0.7386474609375,0.33589765429496765,0.07077617943286896,0.6410293579101562,,,1.7119317040378428,0.0,0.6410293579101562,0.18653074826531463,0.07354364544153214,0.07354364544153214,16.455576132185328,0.15039077362449535,7.123161315917969,0.2328900545835495,0.30366623401641846,0.07077617943286896,0.30366623401641846,"0,0,512,512",0.18503135442733765,0.010927926748991013,/cluster/users/grad/2025/25t8103/project/data/flowedit_compatible_118/eval_masks/fe_127_gray_bird_1_origami_bird_eval_mask.png,fixed_eval_mask,0.0,0.0,0.0,0.0,dece_rf_sd3,dece_rf_sd3,,0.01122897770255804,0.01122897770255804,33.46306807712737,0.021224946104971228,,/cluster/users/grad/2025/25t8103/project/outputs/flowedit118_dece_metric_runs/fe_127_gray_bird_1_origami_bird/dece_rf_sd3/seed_10/result.png,4.160891056060791,fe_127_gray_bird_1_origami_bird/dece_rf_sd3/seed_10,,10,/cluster/users/grad/2025/25t8103/project/_baselines/src/FlowEdit/Data/Images/gray_bird.png,0.05117451027035713,A small blue and gray bird perched on a wooden fence or post. The bird is positioned towards the left side of the image,18.338623641089224,0.12107899791320655,0.8248854523842267,0.8248854523842267,A small blue and gray origami bird perched on a wooden fence or post. The origami bird is positioned towards the left side of the image,fe_127_gray_bird_1_origami_bird
0.0,0.0,0.0,0.0,0.0,0.0,0.0,0.0,0.0,0.0,31,0.9999880194664001,0.0020195115357637405,0.002328082686290145,0.2328082686290145,0.2613525390625,45.39725347206595,0.9962387084960938,0.9962387084960938,0.2712266445159912,0.813910722732544,0.17128099501132965,0.224054217338562,0.05277322232723236,0.224054217338562,True,0.7386474609375,0.6163392066955566,0.05277322232723236,0.6410293579101562,,,1.2887399166233244,0.0,0.6410293579101562,0.054087668559050714,0.08643299341201782,0.08643299341201782,15.063478712143514,0.17653306614445843,4.617405414581299,0.17128099501132965,0.224054217338562,0.05277322232723236,0.224054217338562,"0,0,512,512",0.18495823442935944,0.0031897712033241987,/cluster/users/grad/2025/25t8103/project/data/flowedit_compatible_118/eval_masks/fe_128_gray_bird_2_red_bird_eval_mask.png,fixed_eval_mask,0.0,0.0,0.0,0.0,dece_rf_flux,dece_rf_flux,,0.002096154261380434,0.002096154261380434,45.16990367849391,0.00551448317591605,,/cluster/users/grad/2025/25t8103/project/outputs/flowedit118_dece_metric_runs/fe_128_gray_bird_2_red_bird/dece_rf_flux/seed_10/result.png,3.582883834838867,fe_128_gray_bird_2_red_bird/dece_rf_flux/seed_10,,10,/cluster/users/grad/2025/25t8103/project/_baselines/src/FlowEdit/Data/Images/gray_bird.png,0.05615854635834694,A small blue and gray bird perched on a wooden fence or post. The bird is positioned towards the left side of the image,16.99232795666301,0.14137857572037182,0.928511505556766,0.928511505556766,A small red and gray bird perched on a wooden fence or post. The bird is positioned towards the left side of the image,fe_128_gray_bird_2_red_bird
0.0,0.0,0.0,0.0,0.0,0.0,0.0,0.0,0.0,0.0,31,0.9999921917915344,0.0012117718579247594,0.0007234154618345201,0.07234154618345201,0.2613525390625,50.28582503287091,0.9980433583259583,0.9980433583259583,0.24773499369621277,0.850054144859314,0.24023909866809845,0.27633729577064514,0.03609819710254669,0.27633729577064514,True,0.7386474609375,0.41770386695861816,0.03609819710254669,0.6410293579101562,,,1.600704452765345,0.0,0.6410293579101562,0.07535616095976005,0.051886994391679764,0.051886994391679764,18.577310610792313,0.11779706490209522,7.012852668762207,0.24023909866809845,0.27633729577064514,0.03609819710254669,0.27633729577064514,"0,0,512,512",0.16801248490810394,0.0010369934607297182,/cluster/users/grad/2025/25t8103/project/data/flowedit_compatible_118/eval_masks/fe_128_gray_bird_2_red_bird_eval_mask.png,fixed_eval_mask,0.0,0.0,0.0,0.0,dece_rf_sd3,dece_rf_sd3,,0.0012335939100012183,0.0012335939100012183,50.20405253012305,0.0030888539458277294,,/cluster/users/grad/2025/25t8103/project/outputs/flowedit118_dece_metric_runs/fe_128_gray_bird_2_red_bird/dece_rf_sd3/seed_10/result.png,4.381103992462158,fe_128_gray_bird_2_red_bird/dece_rf_sd3/seed_10,,10,/cluster/users/grad/2025/25t8103/project/_baselines/src/FlowEdit/Data/Images/gray_bird.png,0.03370391204953194,A small blue and gray bird perched on a wooden fence or post. The bird is positioned towards the left side of the image,20.506859506642808,0.09433156175120215,0.8683164390257273,0.8683164390257273,A small red and gray bird perched on a wooden fence or post. The bird is positioned towards the left side of the image,fe_128_gray_bird_2_red_bird
0.0,0.0,0.0,0.0,0.0,0.0,0.0,0.0,0.0,0.0,31,0.9997228384017944,0.013516930863261223,0.010220326483249664,1.0220326483249664,0.2613525390625,31.12920151322815,0.9426437020301819,0.9426437020301819,0.1483302116394043,0.767004132270813,0.30882981419563293,0.32609498500823975,0.01726517081260681,0.32609498500823975,True,0.7386474609375,0.1800953447818756,0.01726517081260681,0.6410293579101562,,,1.9633202768590197,0.0,0.6410293579101562,0.13484724057080968,0.05819779634475708,0.05819779634475708,19.23093121644342,0.10925804850771376,6.295374870300293,0.30882981419563293,0.32609498500823975,0.01726517081260681,0.32609498500823975,"0,0,512,512",0.22703132033348083,0.020819757133722305,/cluster/users/grad/2025/25t8103/project/data/flowedit_compatible_118/eval_masks/fe_129_gray_bird_3_sculpture_eval_mask.png,fixed_eval_mask,0.0,0.0,0.0,0.0,dece_rf_flux,dece_rf_flux,,0.01459300983697176,0.01459300983697176,29.973787106911402,0.03171835420507214,,/cluster/users/grad/2025/25t8103/project/outputs/flowedit118_dece_metric_runs/fe_129_gray_bird_3_sculpture/dece_rf_flux/seed_10/result.png,3.206494092941284,fe_129_gray_bird_3_sculpture/dece_rf_flux/seed_10,,10,/cluster/users/grad/2025/25t8103/project/_baselines/src/FlowEdit/Data/Images/gray_bird.png,0.042544957250356674,A small blue and gray bird perched on a wooden fence or post. The bird is positioned towards the left side of the image,20.961877074829317,0.0895171292555311,0.8082322627312192,0.8082322627312192,A small sculpture of a blue and gray bird perched on a wooden fence or post. The sculpture is positioned towards the left side of the image,fe_129_gray_bird_3_sculpture
0.0,0.0,0.0,0.0,0.0,0.0,0.0,0.0,0.0,0.0,31,0.9968904852867126,0.014484976418316364,0.030121438205242157,3.0121438205242157,0.2613525390625,31.81433389628232,0.9463481903076172,0.9463481903076172,-0.0025025587528944016,0.9782940149307251,0.25692376494407654,0.2242278903722763,-0.03269587457180023,0.2242278903722763,True,0.7386474609375,0.9915187358856201,-0.03269587457180023,0.6410293579101562,,,1.6626408725847783,0.0,0.6410293579101562,0.12246938265433642,0.020219389349222183,0.020219389349222183,28.70910767905481,0.03668973846974415,6.998646259307861,0.25692376494407654,0.2242278903722763,-0.03269587457180023,0.2242278903722763,"0,0,512,512",0.05102141574025154,0.03827643394470215,/cluster/users/grad/2025/25t8103/project/data/flowedit_compatible_118/eval_masks/fe_129_gray_bird_3_sculpture_eval_mask.png,fixed_eval_mask,0.0,0.0,0.0,0.0,dece_rf_sd3,dece_rf_sd3,,0.016228696331381798,0.016228696331381798,30.53140636801293,0.029746075889734828,,/cluster/users/grad/2025/25t8103/project/outputs/flowedit118_dece_metric_runs/fe_129_gray_bird_3_sculpture/dece_rf_sd3/seed_10/result.png,4.209355354309082,fe_129_gray_bird_3_sculpture/dece_rf_sd3/seed_10,,10,/cluster/users/grad/2025/25t8103/project/_baselines/src/FlowEdit/Data/Images/gray_bird.png,0.018786849454045296,A small blue and gray bird perched on a wooden fence or post. The bird is positioned towards the left side of the image,29.279188813700493,0.03435900347126278,0.9274460187707569,0.9274460187707569,A small sculpture of a blue and gray bird perched on a wooden fence or post. The sculpture is positioned towards the left side of the image,fe_129_gray_bird_3_sculpture
0.0,0.0,0.0,0.0,0.0,0.0,0.0,0.0,0.0,0.0,31,0.9992438554763794,0.013733578845858574,0.015171326696872711,1.5171326696872711,0.2613525390625,29.877149322622945,0.9382631778717041,0.9382631778717041,0.3251170516014099,0.8504563570022583,0.22252720594406128,0.24894240498542786,0.026415199041366577,0.24894240498542786,True,0.7386474609375,0.8103673458099365,0.026415199041366577,0.6410293579101562,,,2.1072387718639622,0.0,0.6410293579101562,0.12139227097987408,0.05483028665184975,0.05483028665184975,18.32405343972171,0.12128227310098066,7.190515518188477,0.22252720594406128,0.24894240498542786,0.026415199041366577,0.24894240498542786,"0,0,512,512",0.18766450881958008,0.028250757604837418,/cluster/users/grad/2025/25t8103/project/data/flowedit_compatible_118/eval_masks/fe_130_gray_bird_4_golden_sculpture_eval_mask.png,fixed_eval_mask,0.0,0.0,0.0,0.0,dece_rf_flux,dece_rf_flux,,0.016234254464507103,0.016234254464507103,27.40697002042775,0.04262373459846787,,/cluster/users/grad/2025/25t8103/project/outputs/flowedit118_dece_metric_runs/fe_130_gray_bird_4_golden_sculpture/dece_rf_flux/seed_10/result.png,3.412292718887329,fe_130_gray_bird_4_golden_sculpture/dece_rf_flux/seed_10,,10,/cluster/users/grad/2025/25t8103/project/_baselines/src/FlowEdit/Data/Images/gray_bird.png,0.04097544401884079,A small blue and gray bird perched on a wooden fence or post. The bird is positioned towards the left side of the image,19.964824362313344,0.10040579562465794,0.818178600418358,0.818178600418358,A small golden sculpture of a bird perched on a wooden fence or post. The golden sculpture is positioned towards the left side of the image,fe_130_gray_bird_4_golden_sculpture
0.0,0.0,0.0,0.0,0.0,0.0,0.0,0.0,0.0,0.0,31,0.9995909333229065,0.011771975085139275,0.011246639303863049,1.1246639303863049,0.2613525390625,33.412794175070005,0.9503002166748047,0.9503002166748047,0.043344467878341675,0.9833372831344604,0.2579489052295685,0.14780673384666443,-0.11014217138290405,0.14780673384666443,True,0.7386474609375,0.9923784136772156,-0.11014217138290405,0.6410293579101562,,,1.6734212641734643,0.0,0.6410293579101562,0.12255269515954345,0.015494436956942081,0.015494436956942081,30.953680119842794,0.028334528750302446,6.977324962615967,0.2579489052295685,0.14780673384666443,-0.11014217138290405,0.14780673384666443,"0,0,512,512",0.036272261291742325,0.015123383142054081,/cluster/users/grad/2025/25t8103/project/data/flowedit_compatible_118/eval_masks/fe_130_gray_bird_4_golden_sculpture_eval_mask.png,fixed_eval_mask,0.0,0.0,0.0,0.0,dece_rf_sd3,dece_rf_sd3,,0.011964516714215279,0.011964516714215279,33.233560929158706,0.02179324762521825,,/cluster/users/grad/2025/25t8103/project/outputs/flowedit118_dece_metric_runs/fe_130_gray_bird_4_golden_sculpture/dece_rf_sd3/seed_10/result.png,4.169497013092041,fe_130_gray_bird_4_golden_sculpture/dece_rf_sd3/seed_10,,10,/cluster/users/grad/2025/25t8103/project/_baselines/src/FlowEdit/Data/Images/gray_bird.png,0.014227300882339478,A small blue and gray bird perched on a wooden fence or post. The bird is positioned towards the left side of the image,31.64221251240197,0.026175161767371363,0.9367114242871251,0.9367114242871251,A small golden sculpture of a bird perched on a wooden fence or post. The golden sculpture is positioned towards the left side of the image,fe_130_gray_bird_4_golden_sculpture
0.0,0.0,0.0,0.0,0.0,0.0,0.0,0.0,0.0,0.0,31,1.0000001192092896,0.00795286986976862,0.0003618045593611896,0.03618045593611896,0.025447845458984375,40.844247685072745,0.9809244871139526,0.9809244871139526,-0.014152231626212597,0.9476900100708008,0.34142646193504333,0.3324003517627716,-0.009026110172271729,0.3324003517627716,True,0.9745521545410156,0.9322246313095093,-0.009026110172271729,0.9446830749511719,,,4.2211981306398165,0.0,0.9446830749511719,0.07220878441950711,0.017791492864489555,0.017791492864489555,27.070730967820964,0.04430609267822744,4.630326271057129,0.34142646193504333,0.3324003517627716,-0.009026110172271729,0.3324003517627716,"0,0,512,512",0.08451798558235168,0.0006216316833160818,/cluster/users/grad/2025/25t8103/project/data/flowedit_compatible_118/eval_masks/fe_131_groceries_1_bacon_eval_mask.png,fixed_eval_mask,0.0,0.0,0.0,0.0,dece_rf_flux,dece_rf_flux,,0.00792201329022646,0.00792201329022646,40.88467346437818,0.009031633936705192,,/cluster/users/grad/2025/25t8103/project/outputs/flowedit118_dece_metric_runs/fe_131_groceries_1_bacon/dece_rf_flux/seed_10/result.png,1.0969222784042358,fe_131_groceries_1_bacon/dece_rf_flux/seed_10,,10,/cluster/users/grad/2025/25t8103/project/_baselines/src/FlowEdit/Data/Images/groceries.png,0.017245540395379066,"A grocery list writing on a piece of brown paper with a black marker, which includes BREAD, EGGS, and MILK. The grocery list is attached to a wall or refrigerator with a magnet. The magnet is red and white, possibly in the shape of a phone booth in London.",27.30731527269424,0.04311558036406166,0.9259869679350747,0.9259869679350747,"A grocery list writing on a piece of brown paper with a black marker, which includes BACON, BREAD, EGGS, and MILK. The grocery list is attached to a wall or refrigerator with a magnet. The magnet is red and white, possibly in the shape of a phone booth in London.",fe_131_groceries_1_bacon
0.0,0.0,0.0,0.0,0.0,0.0,0.0,0.0,0.0,0.0,31,1.0000001192092896,0.006032745353877544,0.00017824655515141785,0.017824655515141785,0.025447845458984375,42.4398285246362,0.9730352759361267,0.9730352759361267,0.06415660679340363,0.8400372862815857,0.4075385332107544,0.4065779745578766,-0.0009605586528778076,0.4065779745578766,True,0.9745521545410156,0.9497024416923523,-0.0009605586528778076,0.9446830749511719,,,4.458320211894818,0.0,0.9446830749511719,0.08444010127481899,0.01860402151942253,0.01860402151942253,25.84450588026227,0.05102402397771357,4.560096263885498,0.4075385332107544,0.4065779745578766,-0.0009605586528778076,0.4065779745578766,"0,0,512,512",0.08255138993263245,0.00041031945147551596,/cluster/users/grad/2025/25t8103/project/data/flowedit_compatible_118/eval_masks/fe_131_groceries_1_bacon_eval_mask.png,fixed_eval_mask,0.0,0.0,0.0,0.0,dece_rf_sd3,dece_rf_sd3,,0.005726987961679697,0.005726987961679697,42.842083963366136,0.007209344881167516,,/cluster/users/grad/2025/25t8103/project/outputs/flowedit118_dece_metric_runs/fe_131_groceries_1_bacon/dece_rf_sd3/seed_10/result.png,1.0228283405303955,fe_131_groceries_1_bacon/dece_rf_sd3/seed_10,,10,/cluster/users/grad/2025/25t8103/project/_baselines/src/FlowEdit/Data/Images/groceries.png,0.01789170131087303,"A grocery list writing on a piece of brown paper with a black marker, which includes BREAD, EGGS, and MILK. The grocery list is attached to a wall or refrigerator with a magnet. The magnet is red and white, possibly in the shape of a phone booth in London.",26.086569394337175,0.04962168760394025,0.9113044309230931,0.9113044309230931,"A grocery list writing on a piece of brown paper with a black marker, which includes BACON, BREAD, EGGS, and MILK. The grocery list is attached to a wall or refrigerator with a magnet. The magnet is red and white, possibly in the shape of a phone booth in London.",fe_131_groceries_1_bacon
0.0,0.0,0.0,0.0,0.0,0.0,0.0,0.0,0.0,0.0,31,1.0000001192092896,0.00867808423936367,0.0003757451777346432,0.03757451777346432,0.025447845458984375,40.204004259169864,0.9805669784545898,0.9805669784545898,0.36033058166503906,0.9179879426956177,0.361954003572464,0.37007561326026917,0.008121609687805176,0.37007561326026917,True,0.9745521545410156,0.9834750294685364,0.008121609687805176,0.9446830749511719,,,4.874535024844093,0.0,0.9446830749511719,0.06905505102102623,0.0234636552631855,0.0234636552631855,22.497563840344156,0.07501045640931049,5.160416126251221,0.361954003572464,0.37007561326026917,0.008121609687805176,0.37007561326026917,"0,0,512,512",0.08176681399345398,0.0005857779760845006,/cluster/users/grad/2025/25t8103/project/data/flowedit_compatible_118/eval_masks/fe_132_groceries_2_coffee_eval_mask.png,fixed_eval_mask,0.0,0.0,0.0,0.0,dece_rf_flux,dece_rf_flux,,0.008649571798741817,0.008649571798741817,40.24889955982058,0.009717510576970258,,/cluster/users/grad/2025/25t8103/project/outputs/flowedit118_dece_metric_runs/fe_132_groceries_2_coffee/dece_rf_flux/seed_10/result.png,1.058647871017456,fe_132_groceries_2_coffee/dece_rf_flux/seed_10,,10,/cluster/users/grad/2025/25t8103/project/_baselines/src/FlowEdit/Data/Images/groceries.png,0.02264418452978134,"A grocery list writing on a piece of brown paper with a black marker, which includes BREAD, EGGS, and MILK. The grocery list is attached to a wall or refrigerator with a magnet. The magnet is red and white, possibly in the shape of a phone booth in London.",22.74043665899303,0.07294208397246824,0.9073394353295041,0.9073394353295041,"A grocery list writing on a piece of brown paper with a black marker, which includes BREAD, COFFEE, and MILK. The grocery list is attached to a wall or refrigerator with a magnet. The magnet is red and white, possibly in the shape of a phone booth in London.",fe_132_groceries_2_coffee
0.0,0.0,0.0,0.0,0.0,0.0,0.0,0.0,0.0,0.0,31,1.0000001192092896,0.00607761787250638,0.00018088979413732886,0.018088979413732886,0.025447845458984375,42.38903061117381,0.9731049537658691,0.9731049537658691,0.29978635907173157,0.8941572904586792,0.3838387429714203,0.3906710743904114,0.006832331418991089,0.3906710743904114,True,0.9745521545410156,0.9558610916137695,0.006832331418991089,0.9446830749511719,,,4.44398369830111,0.0,0.9446830749511719,0.08380208606744385,0.021459167823195457,0.021459167823195457,24.051599214050093,0.06272202038755943,4.55523681640625,0.3838387429714203,0.3906710743904114,0.006832331418991089,0.3906710743904114,"0,0,512,512",0.09911269694566727,0.00041710850200615823,/cluster/users/grad/2025/25t8103/project/data/flowedit_compatible_118/eval_masks/fe_132_groceries_2_coffee_eval_mask.png,fixed_eval_mask,0.0,0.0,0.0,0.0,dece_rf_sd3,dece_rf_sd3,,0.005787114147096872,0.005787114147096872,42.764010290823045,0.007274438648538244,,/cluster/users/grad/2025/25t8103/project/outputs/flowedit118_dece_metric_runs/fe_132_groceries_2_coffee/dece_rf_sd3/seed_10/result.png,1.0250345468521118,fe_132_groceries_2_coffee/dece_rf_sd3/seed_10,,10,/cluster/users/grad/2025/25t8103/project/_baselines/src/FlowEdit/Data/Images/groceries.png,0.02059224434196949,"A grocery list writing on a piece of brown paper with a black marker, which includes BREAD, EGGS, and MILK. The grocery list is attached to a wall or refrigerator with a magnet. The magnet is red and white, possibly in the shape of a phone booth in London.",24.295319622767863,0.06098654336944786,0.8954529648444504,0.8954529648444504,"A grocery list writing on a piece of brown paper with a black marker, which includes BREAD, COFFEE, and MILK. The grocery list is attached to a wall or refrigerator with a magnet. The magnet is red and white, possibly in the shape of a phone booth in London.",fe_132_groceries_2_coffee
0.0,0.0,0.0,0.0,0.0,0.0,0.0,0.0,0.0,0.0,31,1.0000001192092896,0.011502718552947044,0.0006564087234437466,0.06564087234437466,0.025447845458984375,38.06122795644023,0.9798694252967834,0.9798694252967834,0.35136139392852783,0.7636834383010864,0.3170991539955139,0.39372724294662476,0.07662808895111084,0.39372724294662476,True,0.9745521545410156,0.9339924454689026,0.07662808895111084,0.9446830749511719,,,4.927275243719117,0.0,0.9446830749511719,0.0688814139709178,0.036031413823366165,0.036031413823366165,19.657922354735618,0.10401689421458299,5.198794364929199,0.3170991539955139,0.39372724294662476,0.07662808895111084,0.39372724294662476,"0,0,512,512",0.12588530778884888,0.0008855400374159217,/cluster/users/grad/2025/25t8103/project/data/flowedit_compatible_118/eval_masks/fe_133_groceries_3_cvpr_eval_mask.png,fixed_eval_mask,0.0,0.0,0.0,0.0,dece_rf_flux,dece_rf_flux,,0.011528165079653263,0.011528165079653263,38.07138416865226,0.012486214505368907,,/cluster/users/grad/2025/25t8103/project/outputs/flowedit118_dece_metric_runs/fe_133_groceries_3_cvpr/dece_rf_flux/seed_10/result.png,1.0551053285598755,fe_133_groceries_3_cvpr/dece_rf_flux/seed_10,,10,/cluster/users/grad/2025/25t8103/project/_baselines/src/FlowEdit/Data/Images/groceries.png,0.034675974398851395,"A grocery list writing on a piece of brown paper with a black marker, which includes BREAD, EGGS, and MILK. The grocery list is attached to a wall or refrigerator with a magnet. The magnet is red and white, possibly in the shape of a phone booth in London.",19.901398992346756,0.10114165373900295,0.8780172499351088,0.8780172499351088,"A grocery list writing on a piece of brown paper with a black marker, which includes CVPR, EGGS, and MILK. The grocery list is attached to a wall or refrigerator with a magnet. The magnet is red and white, possibly in the shape of a phone booth in London.",fe_133_groceries_3_cvpr
0.0,0.0,0.0,0.0,0.0,0.0,0.0,0.0,0.0,0.0,31,1.0000001192092896,0.006017656996846199,0.00017710156680550426,0.017710156680550426,0.025447845458984375,42.46654091578677,0.9731228947639465,0.9731228947639465,0.10150416195392609,0.7598713636398315,0.36604854464530945,0.37499845027923584,0.008949905633926392,0.37499845027923584,True,0.9745521545410156,0.9512138366699219,0.008949905633926392,0.9446830749511719,,,4.354378788021167,0.0,0.9446830749511719,0.08524367739043703,0.02026250772178173,0.02026250772178173,25.162828946420163,0.055189765997733974,4.474371433258057,0.36604854464530945,0.37499845027923584,0.008949905633926392,0.37499845027923584,"0,0,512,512",0.09275498986244202,0.0004168236337136477,/cluster/users/grad/2025/25t8103/project/data/flowedit_compatible_118/eval_masks/fe_133_groceries_3_cvpr_eval_mask.png,fixed_eval_mask,0.0,0.0,0.0,0.0,dece_rf_sd3,dece_rf_sd3,,0.005727889481931925,0.005727889481931925,42.83978127577727,0.007211256380204326,,/cluster/users/grad/2025/25t8103/project/outputs/flowedit118_dece_metric_runs/fe_133_groceries_3_cvpr/dece_rf_sd3/seed_10/result.png,1.0275567770004272,fe_133_groceries_3_cvpr/dece_rf_sd3/seed_10,,10,/cluster/users/grad/2025/25t8103/project/_baselines/src/FlowEdit/Data/Images/groceries.png,0.019458498805761337,"A grocery list writing on a piece of brown paper with a black marker, which includes BREAD, EGGS, and MILK. The grocery list is attached to a wall or refrigerator with a magnet. The magnet is red and white, possibly in the shape of a phone booth in London.",25.405627425977965,0.0536683976165775,0.9017683583537828,0.9017683583537828,"A grocery list writing on a piece of brown paper with a black marker, which includes CVPR, EGGS, and MILK. The grocery list is attached to a wall or refrigerator with a magnet. The magnet is red and white, possibly in the shape of a phone booth in London.",fe_133_groceries_3_cvpr
0.0,0.0,0.0,0.0,0.0,0.0,0.0,0.0,0.0,0.0,31,1.0000001192092896,0.010625248774886131,0.0005684503121301532,0.05684503121301532,0.025447845458984375,38.68623420811649,0.9801658987998962,0.9801658987998962,0.38442981243133545,0.7772274017333984,0.34382712841033936,0.42450737953186035,0.080680251121521,0.42450737953186035,True,0.9745521545410156,0.9475526213645935,0.080680251121521,0.9446830749511719,,,4.58201355372252,0.0,0.9446830749511719,0.06734694701647129,0.03313077241182327,0.03313077241182327,20.4520571581276,0.09492861445171069,4.883988857269287,0.34382712841033936,0.42450737953186035,0.080680251121521,0.42450737953186035,"0,0,512,512",0.11445096880197525,0.000801307032816112,/cluster/users/grad/2025/25t8103/project/data/flowedit_compatible_118/eval_masks/fe_134_groceries_4_eccv_eval_mask.png,fixed_eval_mask,0.0,0.0,0.0,0.0,dece_rf_flux,dece_rf_flux,,0.010610941797494888,0.010610941797494888,38.723466618864755,0.011583149696756636,,/cluster/users/grad/2025/25t8103/project/outputs/flowedit118_dece_metric_runs/fe_134_groceries_4_eccv/dece_rf_flux/seed_10/result.png,1.0659044981002808,fe_134_groceries_4_eccv/dece_rf_flux/seed_10,,10,/cluster/users/grad/2025/25t8103/project/_baselines/src/FlowEdit/Data/Images/groceries.png,0.03188503906130791,"A grocery list writing on a piece of brown paper with a black marker, which includes BREAD, EGGS, and MILK. The grocery list is attached to a wall or refrigerator with a magnet. The magnet is red and white, possibly in the shape of a phone booth in London.",20.69541147867044,0.09230589255225576,0.887366462822593,0.887366462822593,"A grocery list writing on a piece of brown paper with a black marker, which includes ECCV, EGGS, and MILK. The grocery list is attached to a wall or refrigerator with a magnet. The magnet is red and white, possibly in the shape of a phone booth in London.",fe_134_groceries_4_eccv
0.0,0.0,0.0,0.0,0.0,0.0,0.0,0.0,0.0,0.0,31,1.0000001192092896,0.005993946455419064,0.0001765997731126845,0.01765997731126845,0.025447845458984375,42.49022086789253,0.9731101989746094,0.9731101989746094,0.2758479416370392,0.741398811340332,0.34479087591171265,0.40528401732444763,0.060493141412734985,0.40528401732444763,True,0.9745521545410156,0.944368302822113,0.060493141412734985,0.9446830749511719,,,4.347967509867386,0.0,0.9446830749511719,0.08368094393946124,0.02023633010685444,0.02023633010685444,25.047274595835315,0.05592889902451883,4.466228008270264,0.34479087591171265,0.40528401732444763,0.060493141412734985,0.40528401732444763,"0,0,512,512",0.09690636396408081,0.0004171207547187805,/cluster/users/grad/2025/25t8103/project/data/flowedit_compatible_118/eval_masks/fe_134_groceries_4_eccv_eval_mask.png,fixed_eval_mask,0.0,0.0,0.0,0.0,dece_rf_sd3,dece_rf_sd3,,0.005724464077502489,0.005724464077502489,42.8446844257813,0.0072071868035217465,,/cluster/users/grad/2025/25t8103/project/outputs/flowedit118_dece_metric_runs/fe_134_groceries_4_eccv/dece_rf_sd3/seed_10/result.png,1.0271990299224854,fe_134_groceries_4_eccv/dece_rf_sd3/seed_10,,10,/cluster/users/grad/2025/25t8103/project/_baselines/src/FlowEdit/Data/Images/groceries.png,0.019433582201600075,"A grocery list writing on a piece of brown paper with a black marker, which includes BREAD, EGGS, and MILK. The grocery list is attached to a wall or refrigerator with a magnet. The magnet is red and white, possibly in the shape of a phone booth in London.",25.290193419787297,0.054386402067147295,0.9016141611420657,0.9016141611420657,"A grocery list writing on a piece of brown paper with a black marker, which includes ECCV, EGGS, and MILK. The grocery list is attached to a wall or refrigerator with a magnet. The magnet is red and white, possibly in the shape of a phone booth in London.",fe_134_groceries_4_eccv
0.0,0.0,0.0,0.0,0.0,0.0,0.0,0.0,0.0,0.0,31,1.0000001192092896,0.010336809791624546,0.0005367564153857529,0.05367564153857529,0.025447845458984375,38.887112390721455,0.9802671074867249,0.9802671074867249,0.3514425754547119,0.7965984344482422,0.3410490155220032,0.40884143114089966,0.06779241561889648,0.40884143114089966,True,0.9745521545410156,0.9393609166145325,0.06779241561889648,0.9446830749511719,,,4.786219708767041,0.0,0.9446830749511719,0.06742367036419361,0.03312298282980919,0.03312298282980919,20.24461041457846,0.09722310327895141,5.012226104736328,0.3410490155220032,0.40884143114089966,0.06779241561889648,0.40884143114089966,"0,0,512,512",0.12274172902107239,0.0007497875485569239,/cluster/users/grad/2025/25t8103/project/data/flowedit_compatible_118/eval_masks/fe_135_groceries_5_iccv_eval_mask.png,fixed_eval_mask,0.0,0.0,0.0,0.0,dece_rf_flux,dece_rf_flux,,0.01031589787453413,0.01031589787453413,38.92705215944081,0.01131481329351896,,/cluster/users/grad/2025/25t8103/project/outputs/flowedit118_dece_metric_runs/fe_135_groceries_5_iccv/dece_rf_flux/seed_10/result.png,1.047220230102539,fe_135_groceries_5_iccv/dece_rf_flux/seed_10,,10,/cluster/users/grad/2025/25t8103/project/_baselines/src/FlowEdit/Data/Images/groceries.png,0.031861357390880585,"A grocery list writing on a piece of brown paper with a black marker, which includes BREAD, EGGS, and MILK. The grocery list is attached to a wall or refrigerator with a magnet. The magnet is red and white, possibly in the shape of a phone booth in London.",20.488307665613593,0.09453325604446187,0.8803937556570269,0.8803937556570269,"A grocery list writing on a piece of brown paper with a black marker, which includes ICCV, EGGS, and MILK. The grocery list is attached to a wall or refrigerator with a magnet. The magnet is red and white, possibly in the shape of a phone booth in London.",fe_135_groceries_5_iccv
0.0,0.0,0.0,0.0,0.0,0.0,0.0,0.0,0.0,0.0,31,1.0000001192092896,0.00661060493439436,0.0002111177600454539,0.02111177600454539,0.025447845458984375,41.80146739629304,0.9728294014930725,0.9728294014930725,0.007420403882861137,0.7584936022758484,0.39492782950401306,0.3807157278060913,-0.014212101697921753,0.3807157278060913,True,0.9745521545410156,0.9611287117004395,-0.014212101697921753,0.9446830749511719,,,4.0860763244764104,0.0,0.9446830749511719,0.08480352765876685,0.016662510111927986,0.016662510111927986,25.926647210466356,0.05054377083481366,4.253984451293945,0.39492782950401306,0.3807157278060913,-0.014212101697921753,0.3807157278060913,"0,0,512,512",0.08408576250076294,0.0004346422210801393,/cluster/users/grad/2025/25t8103/project/data/flowedit_compatible_118/eval_masks/fe_135_groceries_5_iccv_eval_mask.png,fixed_eval_mask,0.0,0.0,0.0,0.0,dece_rf_sd3,dece_rf_sd3,,0.006261996924877167,0.006261996924877167,42.20716620419344,0.007756069460230343,,/cluster/users/grad/2025/25t8103/project/outputs/flowedit118_dece_metric_runs/fe_135_groceries_5_iccv/dece_rf_sd3/seed_10/result.png,1.0410927534103394,fe_135_groceries_5_iccv/dece_rf_sd3/seed_10,,10,/cluster/users/grad/2025/25t8103/project/_baselines/src/FlowEdit/Data/Images/groceries.png,0.016087191179394722,"A grocery list writing on a piece of brown paper with a black marker, which includes BREAD, EGGS, and MILK. The grocery list is attached to a wall or refrigerator with a magnet. The magnet is red and white, possibly in the shape of a phone booth in London.",26.167800806995785,0.0491597832812232,0.9055563541582864,0.9055563541582864,"A grocery list writing on a piece of brown paper with a black marker, which includes ICCV, EGGS, and MILK. The grocery list is attached to a wall or refrigerator with a magnet. The magnet is red and white, possibly in the shape of a phone booth in London.",fe_135_groceries_5_iccv
0.0,0.0,0.0,0.0,0.0,0.0,0.0,0.0,0.0,0.0,31,0.9999315142631531,0.019861822947859764,0.008564584888517857,0.8564584888517857,0.2257080078125,29.069770088646536,0.9036304950714111,0.9036304950714111,-0.008925684727728367,0.9569807052612305,0.29282134771347046,0.24151897430419922,-0.05130237340927124,0.24151897430419922,True,0.7742919921875,0.8901417255401611,-0.05130237340927124,0.695404052734375,,,0.6387247165313065,0.0,0.695404052734375,0.19176504147101417,0.030067553743720055,0.030067553743720055,21.28962182058329,0.08620231099562893,7.842113971710205,0.29282134771347046,0.24151897430419922,-0.05130237340927124,0.24151897430419922,"0,0,512,512",0.07222630083560944,0.01289271004498005,/cluster/users/grad/2025/25t8103/project/data/flowedit_compatible_118/eval_masks/fe_139_horse_3_bronze_sculpture_eval_mask.png,fixed_eval_mask,0.0,0.0,0.0,0.0,dece_rf_flux,dece_rf_flux,,0.02243443951010704,0.02243443951010704,27.718762274388197,0.04112083134676626,,/cluster/users/grad/2025/25t8103/project/outputs/flowedit118_dece_metric_runs/fe_139_horse_3_bronze_sculpture/dece_rf_flux/seed_10/result.png,12.2777681350708,fe_139_horse_3_bronze_sculpture/dece_rf_flux/seed_10,,10,/cluster/users/grad/2025/25t8103/project/_baselines/src/FlowEdit/Data/Images/horse.png,0.027742544189095497,"A white horse running through a grassy field. The horse appears to be galloping, creating a sense of motion and energy in the image. The field is surrounded by a forest, with trees visible in the background. The overall atmosphere of the scene is lively and dynamic, capturing the horse''s freedom and grace as it moves through the natural environment.",22.454617951588524,0.07538225110149684,0.897011081366268,0.897011081366268,"A sculpture bronze horse running through a grassy field. The horse appears to be galloping, creating a sense of motion and energy in the image. The field is surrounded by a forest, with trees visible in the background. The overall atmosphere of the scene is lively and dynamic, capturing the horse''s freedom and grace as it moves through the natural environment.",fe_139_horse_3_bronze_sculpture
0.0,0.0,0.0,0.0,0.0,0.0,0.0,0.0,0.0,0.0,31,0.9995536804199219,0.023354526609182358,0.016055738553404808,1.6055738553404808,0.2257080078125,27.828047360342083,0.85323566198349,0.85323566198349,0.2725507915019989,0.8157631158828735,0.2761811316013336,0.3170148730278015,0.040833741426467896,0.3170148730278015,True,0.7742919921875,0.671404242515564,0.040833741426467896,0.695404052734375,,,0.7164721887394129,0.0,0.695404052734375,0.23975292930179487,0.08271075785160065,0.08271075785160065,15.092563628198834,0.17594292940601086,8.531794548034668,0.2761811316013336,0.3170148730278015,0.040833741426467896,0.3170148730278015,"0,0,512,512",0.19689270853996277,0.024890927597880363,/cluster/users/grad/2025/25t8103/project/data/flowedit_compatible_118/eval_masks/fe_139_horse_3_bronze_sculpture_eval_mask.png,fixed_eval_mask,0.0,0.0,0.0,0.0,dece_rf_sd3,dece_rf_sd3,,0.026065325364470482,0.026065325364470482,26.49387875602239,0.047348482238523816,,/cluster/users/grad/2025/25t8103/project/outputs/flowedit118_dece_metric_runs/fe_139_horse_3_bronze_sculpture/dece_rf_sd3/seed_10/result.png,11.908061027526855,fe_139_horse_3_bronze_sculpture/dece_rf_sd3/seed_10,,10,/cluster/users/grad/2025/25t8103/project/_baselines/src/FlowEdit/Data/Images/horse.png,0.06545679271221161,"A white horse running through a grassy field. The horse appears to be galloping, creating a sense of motion and energy in the image. The field is surrounded by a forest, with trees visible in the background. The overall atmosphere of the scene is lively and dynamic, capturing the horse''s freedom and grace as it moves through the natural environment.",16.534565389659043,0.14902932366661792,0.7679400749744569,0.7679400749744569,"A sculpture bronze horse running through a grassy field. The horse appears to be galloping, creating a sense of motion and energy in the image. The field is surrounded by a forest, with trees visible in the background. The overall atmosphere of the scene is lively and dynamic, capturing the horse''s freedom and grace as it moves through the natural environment.",fe_139_horse_3_bronze_sculpture
0.0,0.0,0.0,0.0,0.0,0.0,0.0,0.0,0.0,0.0,31,0.9999039769172668,0.004560427274554968,0.004480419680476189,0.44804196804761887,0.2257080078125,41.23544193647732,0.9918695688247681,0.9918695688247681,0.11620567739009857,0.9636415243148804,0.2925122082233429,0.26946917176246643,-0.023043036460876465,0.26946917176246643,True,0.7742919921875,0.9401031136512756,-0.023043036460876465,0.695404052734375,,,0.6948508220741028,0.0,0.695404052734375,0.1773269846842498,0.017106855288147926,0.017106855288147926,27.164190888014396,0.043831916046314146,6.8830366134643555,0.2925122082233429,0.26946917176246643,-0.023043036460876465,0.26946917176246643,"0,0,512,512",0.03734665736556053,0.006650517228990793,/cluster/users/grad/2025/25t8103/project/data/flowedit_compatible_118/eval_masks/fe_140_horse_4_brown_horse_eval_mask.png,fixed_eval_mask,0.0,0.0,0.0,0.0,dece_rf_flux,dece_rf_flux,,0.005246160086244345,0.005246160086244345,39.691179720051096,0.010361938587226244,,/cluster/users/grad/2025/25t8103/project/outputs/flowedit118_dece_metric_runs/fe_140_horse_4_brown_horse/dece_rf_flux/seed_10/result.png,9.905776023864746,fe_140_horse_4_brown_horse/dece_rf_flux/seed_10,,10,/cluster/users/grad/2025/25t8103/project/_baselines/src/FlowEdit/Data/Images/horse.png,0.01349413488060236,"A white horse running through a grassy field. The horse appears to be galloping, creating a sense of motion and energy in the image. The field is surrounded by a forest, with trees visible in the background. The overall atmosphere of the scene is lively and dynamic, capturing the horse''s freedom and grace as it moves through the natural environment.",28.636790065303575,0.03699648777741127,0.9674052706608897,0.9674052706608897,"A brown horse running through a grassy field. The horse appears to be galloping, creating a sense of motion and energy in the image. The field is surrounded by a forest, with trees visible in the background. The overall atmosphere of the scene is lively and dynamic, capturing the horse''s freedom and grace as it moves through the natural environment.",fe_140_horse_4_brown_horse
0.0,0.0,0.0,0.0,0.0,0.0,0.0,0.0,0.0,0.0,31,0.9999801516532898,0.00263777538202703,0.0010648046154528856,0.10648046154528856,0.2257080078125,45.73406530539502,0.997340977191925,0.997340977191925,0.1939258873462677,0.9562784433364868,0.2835370898246765,0.2720336318016052,-0.011503458023071289,0.2720336318016052,True,0.7742919921875,0.8538007140159607,-0.011503458023071289,0.695404052734375,,,0.5794711441224408,0.0,0.695404052734375,0.11787422653267214,0.05082032456994057,0.05082032456994057,19.027722171126886,0.11184430919469053,7.227067470550537,0.2835370898246765,0.2720336318016052,-0.011503458023071289,0.2720336318016052,"0,0,512,512",0.131306454539299,0.001643141731619835,/cluster/users/grad/2025/25t8103/project/data/flowedit_compatible_118/eval_masks/fe_140_horse_4_brown_horse_eval_mask.png,fixed_eval_mask,0.0,0.0,0.0,0.0,dece_rf_sd3,dece_rf_sd3,,0.003019446274265647,0.003019446274265647,44.30126981800659,0.006094477936035854,,/cluster/users/grad/2025/25t8103/project/outputs/flowedit118_dece_metric_runs/fe_140_horse_4_brown_horse/dece_rf_sd3/seed_10/result.png,12.471833229064941,fe_140_horse_4_brown_horse/dece_rf_sd3/seed_10,,10,/cluster/users/grad/2025/25t8103/project/_baselines/src/FlowEdit/Data/Images/horse.png,0.03626035526394844,"A white horse running through a grassy field. The horse appears to be galloping, creating a sense of motion and energy in the image. The field is surrounded by a forest, with trees visible in the background. The overall atmosphere of the scene is lively and dynamic, capturing the horse''s freedom and grace as it moves through the natural environment.",20.59970481349513,0.0933286017612176,0.9088019399127379,0.9088019399127379,"A brown horse running through a grassy field. The horse appears to be galloping, creating a sense of motion and energy in the image. The field is surrounded by a forest, with trees visible in the background. The overall atmosphere of the scene is lively and dynamic, capturing the horse''s freedom and grace as it moves through the natural environment.",fe_140_horse_4_brown_horse
0.0,0.0,0.0,0.0,0.0,0.0,0.0,0.0,0.0,0.0,31,0.9999218583106995,0.00222115614451468,0.005795331671833992,0.5795331671833992,0.6007080078125,45.28716911815363,0.9955443739891052,0.9955443739891052,0.22181859612464905,0.8726295828819275,0.2463194876909256,0.28268706798553467,0.03636758029460907,0.28268706798553467,True,0.3992919921875,0.8906186819076538,0.03636758029460907,0.327880859375,,,1.3301579991613948,0.0,0.327880859375,0.21072226358897989,0.08200491964817047,0.08200491964817047,15.809473535392438,0.1620042184078859,9.092692375183105,0.2509360611438751,0.28643038868904114,0.035494327545166016,0.28643038868904114,"0,53,512,512",0.10254000872373581,0.006372686941176653,/cluster/users/grad/2025/25t8103/project/data/flowedit_compatible_118/eval_masks/fe_141_iguana_1_green_lizard_eval_mask.png,fixed_eval_mask,0.0,0.0,0.0,0.0,dece_rf_flux,dece_rf_flux,,0.0024463802110403776,0.0024463802110403776,44.60095106127744,0.00588779183463418,,/cluster/users/grad/2025/25t8103/project/outputs/flowedit118_dece_metric_runs/fe_141_iguana_1_green_lizard/dece_rf_flux/seed_10/result.png,6.835798740386963,fe_141_iguana_1_green_lizard/dece_rf_flux/seed_10,,10,/cluster/users/grad/2025/25t8103/project/_baselines/src/FlowEdit/Data/Images/iguana.png,0.028532108291983604,"A large orange lizard sitting on a rock near the ocean. The lizard is positioned in the center of the scene, with the ocean waves visible in the background. The rock is located close to the water, providing a picturesque setting for the lizard''s resting spot.",20.640570243829654,0.09289054005156179,0.9624206553396467,0.9624206553396467,"A large green lizard sitting on a rock near the ocean. The green lizard is positioned in the center of the scene, with the ocean waves visible in the background. The rock is located close to the water, providing a picturesque setting for the green lizard''s resting spot.",fe_141_iguana_1_green_lizard
0.0,0.0,0.0,0.0,0.0,0.0,0.0,0.0,0.0,0.0,31,0.999977707862854,0.0013260992709547281,0.001603335840627551,0.1603335840627551,0.6007080078125,49.64465399064637,0.9983270764350891,0.9983270764350891,0.2786865234375,0.922722339630127,0.2720910608768463,0.30672359466552734,0.03463253378868103,0.30672359466552734,True,0.3992919921875,0.7964991331100464,0.03463253378868103,0.327880859375,,,1.313822739035876,0.0,0.327880859375,0.2512332464631422,0.07514647394418716,0.07514647394418716,16.427153358729896,0.15088370232227616,10.993379592895508,0.27486300468444824,0.3070254921913147,0.032162487506866455,0.3070254921913147,"0,53,512,512",0.12066274136304855,0.0018966590287163854,/cluster/users/grad/2025/25t8103/project/data/flowedit_compatible_118/eval_masks/fe_141_iguana_1_green_lizard_eval_mask.png,fixed_eval_mask,0.0,0.0,0.0,0.0,dece_rf_sd3,dece_rf_sd3,,0.0014591703657060862,0.0014591703657060862,48.95264350103161,0.0035675315696853745,,/cluster/users/grad/2025/25t8103/project/outputs/flowedit118_dece_metric_runs/fe_141_iguana_1_green_lizard/dece_rf_sd3/seed_10/result.png,8.367475509643555,fe_141_iguana_1_green_lizard/dece_rf_sd3/seed_10,,10,/cluster/users/grad/2025/25t8103/project/_baselines/src/FlowEdit/Data/Images/iguana.png,0.02561982534825802,"A large orange lizard sitting on a rock near the ocean. The lizard is positioned in the center of the scene, with the ocean waves visible in the background. The rock is located close to the water, providing a picturesque setting for the lizard''s resting spot.",21.26501886725492,0.08644682687242249,0.9088467965415099,0.9088467965415099,"A large green lizard sitting on a rock near the ocean. The green lizard is positioned in the center of the scene, with the ocean waves visible in the background. The rock is located close to the water, providing a picturesque setting for the green lizard''s resting spot.",fe_141_iguana_1_green_lizard
0.0,0.0,0.0,0.0,0.0,0.0,0.0,0.0,0.0,0.0,31,0.9147003889083862,0.025798408314585686,0.06353679299354553,6.353679299354553,0.7865943908691406,23.096188893795148,0.8907038569450378,0.8907038569450378,0.15463688969612122,0.8676614165306091,0.2692008316516876,0.25880423188209534,-0.010396599769592285,0.25880423188209534,True,0.21340560913085938,0.7609268426895142,-0.010396599769592285,0.15446853637695312,,,0.769063791037335,0.0,0.15446853637695312,0.5419208258217469,0.08422131836414337,0.08422131836414337,16.424100385498956,0.15093674523301104,5.618227958679199,0.2546485662460327,0.2842082977294922,0.029559731483459473,0.2842082977294922,"0,53,512,426",0.1313197761774063,0.07530414313077927,/cluster/users/grad/2025/25t8103/project/data/flowedit_compatible_118/eval_masks/fe_142_iguana_2_blue_lizard_top_hat_eval_mask.png,fixed_eval_mask,0.0,0.0,0.0,0.0,dece_rf_flux,dece_rf_flux,,0.027643375098705292,0.027643375098705292,22.398643488100273,0.075869605452957,,/cluster/users/grad/2025/25t8103/project/outputs/flowedit118_dece_metric_runs/fe_142_iguana_2_blue_lizard_top_hat/dece_rf_flux/seed_10/result.png,7.305282115936279,fe_142_iguana_2_blue_lizard_top_hat/dece_rf_flux/seed_10,,10,/cluster/users/grad/2025/25t8103/project/_baselines/src/FlowEdit/Data/Images/iguana.png,0.036382876336574554,"A large orange lizard sitting on a rock near the ocean. The lizard is positioned in the center of the scene, with the ocean waves visible in the background. The rock is located close to the water, providing a picturesque setting for the lizard''s resting spot.",20.76438290048475,0.09157582818271771,0.8614926487999098,0.8614926487999098,"A large blue lizard sitting on a rock near the ocean. The blue lizard is wearing a top hat. The blue lizard is positioned in the center of the scene, with the ocean waves visible in the background. The rock is located close to the water, providing a picturesque setting for the blue lizard''s resting spot.",fe_142_iguana_2_blue_lizard_top_hat
0.0,0.0,0.0,0.0,0.0,0.0,0.0,0.0,0.0,0.0,31,0.9417431354522705,0.0377546064555645,0.11364557594060898,11.364557594060898,0.7865943908691406,21.294911383027856,0.8246135115623474,0.8246135115623474,0.20061886310577393,0.8882107138633728,0.2535979449748993,0.25512897968292236,0.0015310347080230713,0.25512897968292236,True,0.21340560913085938,0.8195152282714844,0.0015310347080230713,0.15446853637695312,,,1.3950161978532194,0.0,0.15446853637695312,0.3856469019336676,0.15022781491279602,0.15022781491279602,12.398765683394643,0.23991738316744865,9.316230773925781,0.2506857216358185,0.250662624835968,-2.3096799850463867e-05,0.250662624835968,"0,53,512,426",0.17847740650177002,0.1314944326877594,/cluster/users/grad/2025/25t8103/project/data/flowedit_compatible_118/eval_masks/fe_142_iguana_2_blue_lizard_top_hat_eval_mask.png,fixed_eval_mask,0.0,0.0,0.0,0.0,dece_rf_sd3,dece_rf_sd3,,0.04228908568620682,0.04228908568620682,20.21729188691314,0.09752936703454157,,/cluster/users/grad/2025/25t8103/project/outputs/flowedit118_dece_metric_runs/fe_142_iguana_2_blue_lizard_top_hat/dece_rf_sd3/seed_10/result.png,6.678224086761475,fe_142_iguana_2_blue_lizard_top_hat/dece_rf_sd3/seed_10,,10,/cluster/users/grad/2025/25t8103/project/_baselines/src/FlowEdit/Data/Images/iguana.png,0.05896223708987236,"A large orange lizard sitting on a rock near the ocean. The lizard is positioned in the center of the scene, with the ocean waves visible in the background. The rock is located close to the water, providing a picturesque setting for the lizard''s resting spot.",17.712420221132312,0.13013046717953572,0.793213933523088,0.793213933523088,"A large blue lizard sitting on a rock near the ocean. The blue lizard is wearing a top hat. The blue lizard is positioned in the center of the scene, with the ocean waves visible in the background. The rock is located close to the water, providing a picturesque setting for the blue lizard''s resting spot.",fe_142_iguana_2_blue_lizard_top_hat
0.0,0.0,0.0,0.0,0.0,0.0,0.0,0.0,0.0,0.0,31,0.999529242515564,0.02340044267475605,0.008976893499493599,0.8976893499493599,0.33309173583984375,29.146192565806427,0.9256381988525391,0.9256381988525391,0.03305192291736603,0.976060152053833,0.2828901708126068,0.274260938167572,-0.00862923264503479,0.274260938167572,True,0.6669082641601562,0.9417017698287964,-0.00862923264503479,0.5905990600585938,,,1.7833889338326943,0.0,0.5905990600585938,0.4878570229037217,0.05398651957511902,0.05398651957511902,18.298572636291453,0.12163858745193915,10.34984016418457,0.28220170736312866,0.2727360129356384,-0.009465694427490234,0.2727360129356384,"0,0,512,508",0.10817752778530121,0.010554090142250061,/cluster/users/grad/2025/25t8103/project/data/flowedit_compatible_118/eval_masks/fe_146_japanese_castle_1_lego_castle_eval_mask.png,fixed_eval_mask,0.0,0.0,0.0,0.0,dece_rf_flux,dece_rf_flux,,0.022063860669732094,0.022063860669732094,29.481327152287555,0.033568631945077344,,/cluster/users/grad/2025/25t8103/project/outputs/flowedit118_dece_metric_runs/fe_146_japanese_castle_1_lego_castle/dece_rf_flux/seed_10/result.png,5.803467750549316,fe_146_japanese_castle_1_lego_castle/dece_rf_flux/seed_10,,10,/cluster/users/grad/2025/25t8103/project/_baselines/src/FlowEdit/Data/Images/japanese_castle.png,0.040917348116636276,"A large, white, Japanese castle with a distinctive pagoda-style roof. The castle is surrounded by green trees. The castle is situated on a hill, giving it a majestic appearance.",20.362213076132996,0.0959156217153931,0.8498101151700547,0.8498101151700547,"A large, white, Japanese castle made out of lego bricks with a distinctive pagoda-style roof. The lego castle is surrounded by green trees, creating a serene and picturesque scene. The lego castle is situated on a hill, giving it a majestic appearance.",fe_146_japanese_castle_1_lego_castle
0.0,0.0,0.0,0.0,0.0,0.0,0.0,0.0,0.0,0.0,31,0.9986510276794434,0.02859545685350895,0.01821778528392315,1.821778528392315,0.33309173583984375,27.51777503839002,0.879673182964325,0.879673182964325,-0.019832808524370193,0.984156608581543,0.2760394811630249,0.2607439458370209,-0.015295535326004028,0.2607439458370209,True,0.6669082641601562,0.9921174049377441,-0.015295535326004028,0.5905990600585938,,,1.4784733047347238,0.0,0.5905990600585938,0.48751469429409255,0.021883811801671982,0.021883811801671982,28.16069196553565,0.039080976050647684,8.864748001098633,0.2785062789916992,0.2616397738456726,-0.01686650514602661,0.2616397738456726,"0,0,512,508",0.05108935013413429,0.02250111848115921,/cluster/users/grad/2025/25t8103/project/data/flowedit_compatible_118/eval_masks/fe_146_japanese_castle_1_lego_castle_eval_mask.png,fixed_eval_mask,0.0,0.0,0.0,0.0,dece_rf_sd3,dece_rf_sd3,,0.026841340586543083,0.026841340586543083,27.810646372882736,0.04068812540329212,,/cluster/users/grad/2025/25t8103/project/outputs/flowedit118_dece_metric_runs/fe_146_japanese_castle_1_lego_castle/dece_rf_sd3/seed_10/result.png,5.995879650115967,fe_146_japanese_castle_1_lego_castle/dece_rf_sd3/seed_10,,10,/cluster/users/grad/2025/25t8103/project/_baselines/src/FlowEdit/Data/Images/japanese_castle.png,0.023913433775305748,"A large, white, Japanese castle with a distinctive pagoda-style roof. The castle is surrounded by green trees. The castle is situated on a hill, giving it a majestic appearance.",28.013956396866885,0.039746800974053316,0.9009158102239153,0.9009158102239153,"A large, white, Japanese castle made out of lego bricks with a distinctive pagoda-style roof. The lego castle is surrounded by green trees, creating a serene and picturesque scene. The lego castle is situated on a hill, giving it a majestic appearance.",fe_146_japanese_castle_1_lego_castle
0.0,0.0,0.0,0.0,0.0,0.0,0.0,0.0,0.0,0.0,31,0.999015212059021,0.01839745044708252,0.006317879073321819,0.6317879073321819,0.3536033630371094,30.708490519259488,0.9632807970046997,0.9632807970046997,0.1379263699054718,0.8631748557090759,0.31310224533081055,0.3173302710056305,0.004228025674819946,0.3173302710056305,True,0.6463966369628906,0.9213941097259521,0.004228025674819946,0.5553016662597656,,,1.1504654849417932,0.0,0.5553016662597656,0.3156716059051034,0.033241935074329376,0.033241935074329376,22.0453690797834,0.07901900303985758,11.85794448852539,0.31310224533081055,0.3173302710056305,0.004228025674819946,0.3173302710056305,"0,0,512,512",0.059264250099658966,0.008287735283374786,/cluster/users/grad/2025/25t8103/project/data/flowedit_compatible_118/eval_masks/fe_148_jump_kick_2_bronze_statue_eval_mask.png,fixed_eval_mask,0.0,0.0,0.0,0.0,dece_rf_flux,dece_rf_flux,,0.01795828714966774,0.01795828714966774,30.89820430969518,0.028516077379335474,,/cluster/users/grad/2025/25t8103/project/outputs/flowedit118_dece_metric_runs/fe_148_jump_kick_2_bronze_statue/dece_rf_flux/seed_10/result.png,10.307084083557129,fe_148_jump_kick_2_bronze_statue/dece_rf_flux/seed_10,,10,/cluster/users/grad/2025/25t8103/project/_baselines/src/FlowEdit/Data/Images/jump_kick.png,0.026445331051945686,"A woman in a white uniform, kicking in the air. She appears to be in the middle of a karate kick, showcasing her skill and agility. The scene takes place outdoors, in a park.",24.169238443124947,0.06187825784692085,0.9370885921222312,0.9370885921222312,"A bronze statue of a woman kicking in the air. It appears to be in the middle of a karate kick, showcasing her skill and agility. The scene takes place outdoors, in a park.",fe_148_jump_kick_2_bronze_statue
0.0,0.0,0.0,0.0,0.0,0.0,0.0,0.0,0.0,0.0,31,0.9982291460037231,0.021680070087313652,0.011916667222976685,1.1916667222976685,0.3536033630371094,28.931113253164696,0.9383682012557983,0.9383682012557983,0.15889041125774384,0.8365707397460938,0.3105373978614807,0.32616233825683594,0.015624940395355225,0.32616233825683594,True,0.6463966369628906,0.7725687026977539,0.015624940395355225,0.5553016662597656,,,1.2180324674779008,0.0,0.5553016662597656,0.288316880654535,0.0669412836432457,0.0669412836432457,17.90619318373645,0.12725953757876585,11.888015747070312,0.3105373978614807,0.32616233825683594,0.015624940395355225,0.32616233825683594,"0,0,512,512",0.15404897928237915,0.015527678653597832,/cluster/users/grad/2025/25t8103/project/data/flowedit_compatible_118/eval_masks/fe_148_jump_kick_2_bronze_statue_eval_mask.png,fixed_eval_mask,0.0,0.0,0.0,0.0,dece_rf_sd3,dece_rf_sd3,,0.02135675586760044,0.02135675586760044,29.08073990670441,0.03515304941602376,,/cluster/users/grad/2025/25t8103/project/outputs/flowedit118_dece_metric_runs/fe_148_jump_kick_2_bronze_statue/dece_rf_sd3/seed_10/result.png,9.760015487670898,fe_148_jump_kick_2_bronze_statue/dece_rf_sd3/seed_10,,10,/cluster/users/grad/2025/25t8103/project/_baselines/src/FlowEdit/Data/Images/jump_kick.png,0.04666992649435997,"A woman in a white uniform, kicking in the air. She appears to be in the middle of a karate kick, showcasing her skill and agility. The scene takes place outdoors, in a park.",20.203316581380978,0.09768641482822518,0.8615913502195086,0.8615913502195086,"A bronze statue of a woman kicking in the air. It appears to be in the middle of a karate kick, showcasing her skill and agility. The scene takes place outdoors, in a park.",fe_148_jump_kick_2_bronze_statue
0.0,0.0,0.0,0.0,0.0,0.0,0.0,0.0,0.0,0.0,31,0.9830294251441956,0.027235545217990875,0.025675632059574127,2.5675632059574127,0.3536033630371094,26.529237937496774,0.9317030906677246,0.9317030906677246,0.22658434510231018,0.7704630494117737,0.3072052299976349,0.36429718136787415,0.05709195137023926,0.36429718136787415,True,0.6463966369628906,0.7021135091781616,0.05709195137023926,0.5553016662597656,,,1.1182657062862538,0.0,0.5553016662597656,0.3181652687041884,0.0690803974866867,0.0690803974866867,18.160092582885955,0.12359342595526923,11.408096313476562,0.3072052299976349,0.36429718136787415,0.05709195137023926,0.36429718136787415,"0,0,512,512",0.18647432327270508,0.04221044480800629,/cluster/users/grad/2025/25t8103/project/data/flowedit_compatible_118/eval_masks/fe_149_jump_kick_3_golden_statue_eval_mask.png,fixed_eval_mask,0.0,0.0,0.0,0.0,dece_rf_flux,dece_rf_flux,,0.029392918571829796,0.029392918571829796,25.62816076664252,0.05231087225001778,,/cluster/users/grad/2025/25t8103/project/outputs/flowedit118_dece_metric_runs/fe_149_jump_kick_3_golden_statue/dece_rf_flux/seed_10/result.png,10.201597213745117,fe_149_jump_kick_3_golden_statue/dece_rf_flux/seed_10,,10,/cluster/users/grad/2025/25t8103/project/_baselines/src/FlowEdit/Data/Images/jump_kick.png,0.05143144726753235,"A woman in a white uniform, kicking in the air. She appears to be in the middle of a karate kick, showcasing her skill and agility. The scene takes place outdoors, in a park.",20.132595690687726,0.09848502862287627,0.8416549561027354,0.8416549561027354,"A golden sculpture of a woman kicking in the air. It appears to be in the middle of a karate kick, showcasing her skill and agility. The scene takes place outdoors, in a park.",fe_149_jump_kick_3_golden_statue
0.0,0.0,0.0,0.0,0.0,0.0,0.0,0.0,0.0,0.0,31,0.9976586699485779,0.02252555638551712,0.012121772393584251,1.2121772393584251,0.3536033630371094,28.835409593566922,0.938069760799408,0.938069760799408,0.18102514743804932,0.8423037528991699,0.28533241152763367,0.30986112356185913,0.024528712034225464,0.30986112356185913,True,0.6463966369628906,0.7377899289131165,0.024528712034225464,0.5553016662597656,,,1.063804961757476,0.0,0.5553016662597656,0.3255569523731014,0.07801983505487442,0.07801983505487442,16.411311549468063,0.15115914352783175,10.362630844116211,0.28533241152763367,0.30986112356185913,0.024528712034225464,0.30986112356185913,"0,0,512,512",0.17068877816200256,0.015588403679430485,/cluster/users/grad/2025/25t8103/project/data/flowedit_compatible_118/eval_masks/fe_149_jump_kick_3_golden_statue_eval_mask.png,fixed_eval_mask,0.0,0.0,0.0,0.0,dece_rf_sd3,dece_rf_sd3,,0.02215040847659111,0.02215040847659111,28.998263000126435,0.035488435173330696,,/cluster/users/grad/2025/25t8103/project/outputs/flowedit118_dece_metric_runs/fe_149_jump_kick_3_golden_statue/dece_rf_sd3/seed_10/result.png,9.741100311279297,fe_149_jump_kick_3_golden_statue/dece_rf_sd3/seed_10,,10,/cluster/users/grad/2025/25t8103/project/_baselines/src/FlowEdit/Data/Images/jump_kick.png,0.05317479744553566,"A woman in a white uniform, kicking in the air. She appears to be in the middle of a karate kick, showcasing her skill and agility. The scene takes place outdoors, in a park.",18.778429237311748,0.11510085193541834,0.8404113877134785,0.8404113877134785,"A golden sculpture of a woman kicking in the air. It appears to be in the middle of a karate kick, showcasing her skill and agility. The scene takes place outdoors, in a park.",fe_149_jump_kick_3_golden_statue
0.0,0.0,0.0,0.0,0.0,0.0,0.0,0.0,0.0,0.0,31,0.9988058805465698,0.018276778981089592,0.006321972236037254,0.6321972236037254,0.3536033630371094,30.709704842728133,0.963085412979126,0.963085412979126,0.011753858998417854,0.9708045125007629,0.3147958219051361,0.28836819529533386,-0.026427626609802246,0.28836819529533386,True,0.6463966369628906,0.7550391554832458,-0.026427626609802246,0.5553016662597656,,,1.1628736012833292,0.0,0.5553016662597656,0.2888183610521471,0.03357301279902458,0.03357301279902458,22.016324184938767,0.07928367831439904,11.93509578704834,0.3147958219051361,0.28836819529533386,-0.026427626609802246,0.28836819529533386,"0,0,512,512",0.07180122286081314,0.00864378921687603,/cluster/users/grad/2025/25t8103/project/data/flowedit_compatible_118/eval_masks/fe_150_jump_kick_4_marble_statue_eval_mask.png,fixed_eval_mask,0.0,0.0,0.0,0.0,dece_rf_flux,dece_rf_flux,,0.017933711409568787,0.017933711409568787,30.86747485841719,0.028617141905843836,,/cluster/users/grad/2025/25t8103/project/outputs/flowedit118_dece_metric_runs/fe_150_jump_kick_4_marble_statue/dece_rf_flux/seed_10/result.png,10.263450622558594,fe_150_jump_kick_4_marble_statue/dece_rf_flux/seed_10,,10,/cluster/users/grad/2025/25t8103/project/_baselines/src/FlowEdit/Data/Images/jump_kick.png,0.026618240401148796,"A woman in a white uniform, kicking in the air. She appears to be in the middle of a karate kick, showcasing her skill and agility. The scene takes place outdoors, in a park.",24.14003394246008,0.06208666080213375,0.9378752912323739,0.9378752912323739,"A marble statue of a woman kicking in the air. It appears to be in the middle of a karate kick, showcasing her skill and agility. The scene takes place outdoors, in a park.",fe_150_jump_kick_4_marble_statue
0.0,0.0,0.0,0.0,0.0,0.0,0.0,0.0,0.0,0.0,31,0.9983865022659302,0.021366624161601067,0.01191401295363903,1.191401295363903,0.3536033630371094,28.950388750883633,0.9383012056350708,0.9383012056350708,0.18659377098083496,0.9027570486068726,0.3088834285736084,0.3234356939792633,0.014552265405654907,0.3234356939792633,True,0.6463966369628906,0.6868751645088196,0.014552265405654907,0.5553016662597656,,,1.283224034350959,0.0,0.5553016662597656,0.27773083554877753,0.08176548033952713,0.08176548033952713,16.437975562416543,0.15069582550184588,12.45361328125,0.3088834285736084,0.3234356939792633,0.014552265405654907,0.3234356939792633,"0,0,512,512",0.1947534829378128,0.016049211844801903,/cluster/users/grad/2025/25t8103/project/data/flowedit_compatible_118/eval_masks/fe_150_jump_kick_4_marble_statue_eval_mask.png,fixed_eval_mask,0.0,0.0,0.0,0.0,dece_rf_sd3,dece_rf_sd3,,0.021241139620542526,0.021241139620542526,28.97796751940445,0.03557145453148178,,/cluster/users/grad/2025/25t8103/project/outputs/flowedit118_dece_metric_runs/fe_150_jump_kick_4_marble_statue/dece_rf_sd3/seed_10/result.png,9.704940795898438,fe_150_jump_kick_4_marble_statue/dece_rf_sd3/seed_10,,10,/cluster/users/grad/2025/25t8103/project/_baselines/src/FlowEdit/Data/Images/jump_kick.png,0.05485039949417114,"A woman in a white uniform, kicking in the air. She appears to be in the middle of a karate kick, showcasing her skill and agility. The scene takes place outdoors, in a park.",18.803100592257877,0.11477438395336308,0.8308785118255547,0.8308785118255547,"A marble statue of a woman kicking in the air. It appears to be in the middle of a karate kick, showcasing her skill and agility. The scene takes place outdoors, in a park.",fe_150_jump_kick_4_marble_statue
0.0,0.0,0.0,0.0,0.0,0.0,0.0,0.0,0.0,0.0,31,0.9977051019668579,0.007113616913557053,0.0017538000829517841,0.1753800082951784,0.4199981689453125,41.89051926756271,0.9947429895401001,0.9947429895401001,0.17671126127243042,0.6789610385894775,0.23260405659675598,0.31575703620910645,0.08315297961235046,0.31575703620910645,True,0.5800018310546875,0.5281270742416382,0.08315297961235046,0.5203590393066406,,,7.582825270206458,0.0,0.5203590393066406,0.31593956410500773,0.06420344114303589,0.06420344114303589,17.31614242175981,0.1362049461712116,7.662843227386475,0.23260405659675598,0.31575703620910645,0.08315297961235046,0.31575703620910645,"0,0,512,512",0.12250060588121414,0.0018766392022371292,/cluster/users/grad/2025/25t8103/project/data/flowedit_compatible_118/eval_masks/fe_152_jump_yay_2_bronze_statue_eval_mask.png,fixed_eval_mask,0.0,0.0,0.0,0.0,dece_rf_flux,dece_rf_flux,,0.007187603507190943,0.007187603507190943,41.81399887611227,0.008115215484394025,,/cluster/users/grad/2025/25t8103/project/outputs/flowedit118_dece_metric_runs/fe_152_jump_yay_2_bronze_statue/dece_rf_flux/seed_10/result.png,1.0105525255203247,fe_152_jump_yay_2_bronze_statue/dece_rf_flux/seed_10,,10,/cluster/users/grad/2025/25t8103/project/_baselines/src/FlowEdit/Data/Images/jump_yay.png,0.036856308579444885,"A man wearing a white shirt and black shorts, jumping in the air with his left arm raised. He appears to be enjoying the moment and is smiling. The background consists of a cloudy sky, which adds to the overall atmosphere of the scene.",20.138923802634288,0.0984133034062331,0.8885269169189848,0.8885269169189848,"A bronze statue of a man jumping in the air with his left arm raised. He appears to be enjoying the moment and is smiling. The background consists of a cloudy sky, which adds to the overall atmosphere of the scene.",fe_152_jump_yay_2_bronze_statue
0.0,0.0,0.0,0.0,0.0,0.0,0.0,0.0,0.0,0.0,31,0.9966192841529846,0.0070893242955207825,0.0037382959853857756,0.37382959853857756,0.4199981689453125,41.65575064104076,0.9927353262901306,0.9927353262901306,0.11540412902832031,0.9038002490997314,0.2462221086025238,0.2628363370895386,0.01661422848701477,0.2628363370895386,True,0.5800018310546875,0.7910204529762268,0.01661422848701477,0.5203590393066406,,,7.658994207378654,0.0,0.5203590393066406,0.32962634430279525,0.04685904085636139,0.04685904085636139,18.35875025734034,0.12079876302083224,7.117176532745361,0.2462221086025238,0.2628363370895386,0.01661422848701477,0.2628363370895386,"0,0,512,512",0.08386121690273285,0.004187935963273048,/cluster/users/grad/2025/25t8103/project/data/flowedit_compatible_118/eval_masks/fe_152_jump_yay_2_bronze_statue_eval_mask.png,fixed_eval_mask,0.0,0.0,0.0,0.0,dece_rf_sd3,dece_rf_sd3,,0.007098849397152662,0.007098849397152662,41.648438653270226,0.00827138178822563,,/cluster/users/grad/2025/25t8103/project/outputs/flowedit118_dece_metric_runs/fe_152_jump_yay_2_bronze_statue/dece_rf_sd3/seed_10/result.png,0.929257333278656,fe_152_jump_yay_2_bronze_statue/dece_rf_sd3/seed_10,,10,/cluster/users/grad/2025/25t8103/project/_baselines/src/FlowEdit/Data/Images/jump_yay.png,0.027788415551185608,"A man wearing a white shirt and black shorts, jumping in the air with his left arm raised. He appears to be enjoying the moment and is smiling. The background consists of a cloudy sky, which adds to the overall atmosphere of the scene.",21.17699096578353,0.08732738423865138,0.9260339322955958,0.9260339322955958,"A bronze statue of a man jumping in the air with his left arm raised. He appears to be enjoying the moment and is smiling. The background consists of a cloudy sky, which adds to the overall atmosphere of the scene.",fe_152_jump_yay_2_bronze_statue
0.0,0.0,0.0,0.0,0.0,0.0,0.0,0.0,0.0,0.0,31,0.9987590312957764,0.006493988912552595,0.0018854476511478424,0.18854476511478424,0.4199981689453125,42.5588761999047,0.9946490526199341,0.9946490526199341,0.16726291179656982,0.8052322864532471,0.19214199483394623,0.25513526797294617,0.06299327313899994,0.25513526797294617,True,0.5800018310546875,0.8760775327682495,0.06299327313899994,0.5203590393066406,,,7.887632618028566,0.0,0.5203590393066406,0.3037849408763351,0.03188876062631607,0.03188876062631607,21.014316928943344,0.0889783101614854,8.026824951171875,0.19214199483394623,0.25513526797294617,0.06299327313899994,0.25513526797294617,"0,0,512,512",0.05417711287736893,0.002062756335362792,/cluster/users/grad/2025/25t8103/project/data/flowedit_compatible_118/eval_masks/fe_153_jump_yay_3_golden_statue_eval_mask.png,fixed_eval_mask,0.0,0.0,0.0,0.0,dece_rf_flux,dece_rf_flux,,0.006533442530781031,0.006533442530781031,42.52067740982984,0.007481111532799095,,/cluster/users/grad/2025/25t8103/project/outputs/flowedit118_dece_metric_runs/fe_153_jump_yay_3_golden_statue/dece_rf_flux/seed_10/result.png,1.0176469087600708,fe_153_jump_yay_3_golden_statue/dece_rf_flux/seed_10,,10,/cluster/users/grad/2025/25t8103/project/_baselines/src/FlowEdit/Data/Images/jump_yay.png,0.0197273101657629,"A man wearing a white shirt and black shorts, jumping in the air with his left arm raised. He appears to be enjoying the moment and is smiling. The background consists of a cloudy sky, which adds to the overall atmosphere of the scene.",23.823078905333738,0.06439409659634979,0.9506344872591566,0.9506344872591566,"A golden sculpture of a man jumping in the air with his left arm raised. He appears to be enjoying the moment and is smiling. The background consists of a cloudy sky, which adds to the overall atmosphere of the scene.",fe_153_jump_yay_3_golden_statue
0.0,0.0,0.0,0.0,0.0,0.0,0.0,0.0,0.0,0.0,31,0.9967742562294006,0.006967354565858841,0.0037436289712786674,0.37436289712786674,0.4199981689453125,41.78367317707695,0.9927241802215576,0.9927241802215576,0.23913109302520752,0.9247013330459595,0.20947693288326263,0.260873019695282,0.05139608681201935,0.260873019695282,True,0.5800018310546875,0.8317896127700806,0.05139608681201935,0.5203590393066406,,,7.896651082003269,0.0,0.5203590393066406,0.2977589455241223,0.046133168041706085,0.046133168041706085,18.239794844285786,0.12246451243364609,7.353915691375732,0.20947693288326263,0.260873019695282,0.05139608681201935,0.260873019695282,"0,0,512,512",0.08713487535715103,0.004170981235802174,/cluster/users/grad/2025/25t8103/project/data/flowedit_compatible_118/eval_masks/fe_153_jump_yay_3_golden_statue_eval_mask.png,fixed_eval_mask,0.0,0.0,0.0,0.0,dece_rf_sd3,dece_rf_sd3,,0.006980569567531347,0.006980569567531347,41.773919697829314,0.008152747935098814,,/cluster/users/grad/2025/25t8103/project/outputs/flowedit118_dece_metric_runs/fe_153_jump_yay_3_golden_statue/dece_rf_sd3/seed_10/result.png,0.931270182132721,fe_153_jump_yay_3_golden_statue/dece_rf_sd3/seed_10,,10,/cluster/users/grad/2025/25t8103/project/_baselines/src/FlowEdit/Data/Images/jump_yay.png,0.027353979647159576,"A man wearing a white shirt and black shorts, jumping in the air with his left arm raised. He appears to be enjoying the moment and is smiling. The background consists of a cloudy sky, which adds to the overall atmosphere of the scene.",21.059057756787066,0.08852116321668493,0.9290589164600201,0.9290589164600201,"A golden sculpture of a man jumping in the air with his left arm raised. He appears to be enjoying the moment and is smiling. The background consists of a cloudy sky, which adds to the overall atmosphere of the scene.",fe_153_jump_yay_3_golden_statue
0.0,0.0,0.0,0.0,0.0,0.0,0.0,0.0,0.0,0.0,31,0.9985591769218445,0.016554884612560272,0.015404989942908287,1.5404989942908287,0.7075691223144531,30.082906319214846,0.9672601819038391,0.9672601819038391,0.2132972627878189,0.9224425554275513,0.29596859216690063,0.30849984288215637,0.012531250715255737,0.30849984288215637,True,0.2924308776855469,0.777294933795929,0.012531250715255737,0.22605514526367188,,,1.5149725117332014,0.0,0.22605514526367188,0.016858198754619552,0.07898879796266556,0.07898879796266556,16.20225260224612,0.15484150002439465,11.3230562210083,0.2833090126514435,0.3132578134536743,0.029948800802230835,0.3132578134536743,"34,0,463,512",0.07275959104299545,0.0166829414665699,/cluster/users/grad/2025/25t8103/project/data/flowedit_compatible_118/eval_masks/fe_157_kid_running_3_sculpture_eval_mask.png,fixed_eval_mask,0.0,0.0,0.0,0.0,dece_rf_flux,dece_rf_flux,,0.016522737219929695,0.016522737219929695,30.13643568251506,0.031129935143886876,,/cluster/users/grad/2025/25t8103/project/outputs/flowedit118_dece_metric_runs/fe_157_kid_running_3_sculpture/dece_rf_flux/seed_10/result.png,7.474100112915039,fe_157_kid_running_3_sculpture/dece_rf_flux/seed_10,,10,/cluster/users/grad/2025/25t8103/project/_baselines/src/FlowEdit/Data/Images/kid_running.png,0.030643505975604057,"A young boy running through a grassy field. He appears to be enjoying his time outdoors. The field is surrounded by trees, providing a natural and serene environment.",22.097230666184377,0.07854860322533407,0.9181452828405269,0.9181452828405269,"A sculpture of a young boy running through a grassy field. He appears to be enjoying his time outdoors. The field is surrounded by trees, providing a natural and serene environment.",fe_157_kid_running_3_sculpture
0.0,0.0,0.0,0.0,0.0,0.0,0.0,0.0,0.0,0.0,31,0.9974879026412964,0.019127367064356804,0.02786421962082386,2.786421962082386,0.7075691223144531,29.52684781530577,0.947256863117218,0.947256863117218,0.31530481576919556,0.751497745513916,0.28773343563079834,0.3700169026851654,0.08228346705436707,0.3700169026851654,True,0.2924308776855469,0.7785944938659668,0.08228346705436707,0.22605514526367188,,,1.6821150595914174,0.0,0.22605514526367188,0.03699016183195802,0.13731636106967926,0.13731636106967926,13.027604468532207,0.22316175932708152,12.039079666137695,0.28065764904022217,0.36349818110466003,0.08284053206443787,0.36349818110466003,"34,0,463,512",0.14071646332740784,0.030923791229724884,/cluster/users/grad/2025/25t8103/project/data/flowedit_compatible_118/eval_masks/fe_157_kid_running_3_sculpture_eval_mask.png,fixed_eval_mask,0.0,0.0,0.0,0.0,dece_rf_sd3,dece_rf_sd3,,0.01907409355044365,0.01907409355044365,29.489871501353623,0.033535626565882284,,/cluster/users/grad/2025/25t8103/project/outputs/flowedit118_dece_metric_runs/fe_157_kid_running_3_sculpture/dece_rf_sd3/seed_10/result.png,7.157108306884766,fe_157_kid_running_3_sculpture/dece_rf_sd3/seed_10,,10,/cluster/users/grad/2025/25t8103/project/_baselines/src/FlowEdit/Data/Images/kid_running.png,0.04580335319042206,"A young boy running through a grassy field. He appears to be enjoying his time outdoors. The field is surrounded by trees, providing a natural and serene environment.",19.162030693045594,0.11012818083705013,0.856802405721681,0.856802405721681,"A sculpture of a young boy running through a grassy field. He appears to be enjoying his time outdoors. The field is surrounded by trees, providing a natural and serene environment.",fe_157_kid_running_3_sculpture
0.0,0.0,0.0,0.0,0.0,0.0,0.0,0.0,0.0,0.0,31,0.9985073804855347,0.01561195682734251,0.015100107528269291,1.510010752826929,0.7075691223144531,31.19745025485956,0.9689295291900635,0.9689295291900635,0.1282568871974945,0.7506380677223206,0.26538586616516113,0.2854170799255371,0.020031213760375977,0.2854170799255371,True,0.2924308776855469,0.6271244287490845,0.020031213760375977,0.22605514526367188,,,1.5605094308599585,0.0,0.22605514526367188,0.049713967498607806,0.07429869472980499,0.07429869472980499,16.243983859961777,0.15409935005640088,11.725826263427734,0.27283555269241333,0.3035147190093994,0.030679166316986084,0.3035147190093994,"34,0,463,512",0.06475524604320526,0.01680750586092472,/cluster/users/grad/2025/25t8103/project/data/flowedit_compatible_118/eval_masks/fe_158_kid_running_4_wooden_sculpture_eval_mask.png,fixed_eval_mask,0.0,0.0,0.0,0.0,dece_rf_flux,dece_rf_flux,,0.015766097232699394,0.015766097232699394,31.119514638940196,0.02779868600411403,,/cluster/users/grad/2025/25t8103/project/outputs/flowedit118_dece_metric_runs/fe_158_kid_running_4_wooden_sculpture/dece_rf_flux/seed_10/result.png,7.514101505279541,fe_158_kid_running_4_wooden_sculpture/dece_rf_flux/seed_10,,10,/cluster/users/grad/2025/25t8103/project/_baselines/src/FlowEdit/Data/Images/kid_running.png,0.02899768389761448,"A young boy running through a grassy field. He appears to be enjoying his time outdoors. The field is surrounded by trees, providing a natural and serene environment.",22.243078171026912,0.07724068052419747,0.921758221052345,0.921758221052345,"A wooden sculpture of a young boy running through a grassy field. He appears to be enjoying his time outdoors. The field is surrounded by trees, providing a natural and serene environment.",fe_158_kid_running_4_wooden_sculpture
0.0,0.0,0.0,0.0,0.0,0.0,0.0,0.0,0.0,0.0,31,0.9971305727958679,0.019278481602668762,0.02794455736875534,2.794455736875534,0.7075691223144531,29.50216394603813,0.9469273090362549,0.9469273090362549,0.24684329330921173,0.7372204065322876,0.2733948528766632,0.3482933044433594,0.07489845156669617,0.3482933044433594,True,0.2924308776855469,0.6908866167068481,0.07489845156669617,0.22605514526367188,,,1.6922051288275333,0.0,0.22605514526367188,0.000556877436338784,0.14506761729717255,0.14506761729717255,12.65918565376738,0.23283095382672822,12.10003662109375,0.27172228693962097,0.37052619457244873,0.09880390763282776,0.37052619457244873,"34,0,463,512",0.13463985919952393,0.030945148319005966,/cluster/users/grad/2025/25t8103/project/data/flowedit_compatible_118/eval_masks/fe_158_kid_running_4_wooden_sculpture_eval_mask.png,fixed_eval_mask,0.0,0.0,0.0,0.0,dece_rf_sd3,dece_rf_sd3,,0.01923350989818573,0.01923350989818573,29.46568957241967,0.03362912142832424,,/cluster/users/grad/2025/25t8103/project/outputs/flowedit118_dece_metric_runs/fe_158_kid_running_4_wooden_sculpture/dece_rf_sd3/seed_10/result.png,7.150454998016357,fe_158_kid_running_4_wooden_sculpture/dece_rf_sd3/seed_10,,10,/cluster/users/grad/2025/25t8103/project/_baselines/src/FlowEdit/Data/Images/kid_running.png,0.04767895117402077,"A young boy running through a grassy field. He appears to be enjoying his time outdoors. The field is surrounded by trees, providing a natural and serene environment.",18.817427333524968,0.11458522802289185,0.8529823324545304,0.8529823324545304,"A wooden sculpture of a young boy running through a grassy field. He appears to be enjoying his time outdoors. The field is surrounded by trees, providing a natural and serene environment.",fe_158_kid_running_4_wooden_sculpture
0.0,0.0,0.0,0.0,0.0,0.0,0.0,0.0,0.0,0.0,31,0.9906991720199585,0.013684575445950031,0.011314604431390762,1.1314604431390762,0.73309326171875,33.46230499370278,0.9303221106529236,0.9303221106529236,0.6839038729667664,0.8400511741638184,0.21841025352478027,0.3205726742744446,0.1021624207496643,0.3205726742744446,True,0.26690673828125,0.9843303561210632,0.1021624207496643,0.20865631103515625,,,1.877707220724276,0.0,0.20865631103515625,0.3242714541665143,0.06173238530755043,0.06173238530755043,16.72619781778439,0.14577736944449177,11.174144744873047,0.22345922887325287,0.343668133020401,0.12020890414714813,0.343668133020401,"63,0,512,341",0.04195708781480789,0.012171171605587006,/cluster/users/grad/2025/25t8103/project/data/flowedit_compatible_118/eval_masks/fe_164_luna_1_sol_eval_mask.png,fixed_eval_mask,0.0,0.0,0.0,0.0,dece_rf_flux,dece_rf_flux,,0.013718613423407078,0.013718613423407078,33.40402879337975,0.021369706642604812,,/cluster/users/grad/2025/25t8103/project/outputs/flowedit118_dece_metric_runs/fe_164_luna_1_sol/dece_rf_flux/seed_10/result.png,5.95095157623291,fe_164_luna_1_sol/dece_rf_flux/seed_10,,10,/cluster/users/grad/2025/25t8103/project/_baselines/src/FlowEdit/Data/Images/luna.png,0.023736992850899696,"A neon sign for a restaurant called Luna, which is located on a street corner. The sign is illuminated with red and orange colors.",23.19162175726174,0.0692498619768079,0.9071083422803521,0.9071083422803521,"A neon sign for a restaurant called Sol, which is located on a street corner. The sign is illuminated with red and orange colors.",fe_164_luna_1_sol
0.0,0.0,0.0,0.0,0.0,0.0,0.0,0.0,0.0,0.0,31,0.9821774959564209,0.016702886670827866,0.02585362084209919,2.585362084209919,0.73309326171875,31.513875012721698,0.8934857249259949,0.8934857249259949,0.6981880068778992,0.7820184230804443,0.20608334243297577,0.34943151473999023,0.14334817230701447,0.34943151473999023,True,0.26690673828125,0.9596686363220215,0.14334817230701447,0.20865631103515625,,,1.9407025619167504,0.0,0.20865631103515625,0.29792679805477346,0.11907011270523071,0.11907011270523071,12.902094196987502,0.22640983601080508,11.15080738067627,0.22499552369117737,0.345253586769104,0.12025806307792664,0.345253586769104,"63,0,512,341",0.10191585123538971,0.027035927399992943,/cluster/users/grad/2025/25t8103/project/data/flowedit_compatible_118/eval_masks/fe_164_luna_1_sol_eval_mask.png,fixed_eval_mask,0.0,0.0,0.0,0.0,dece_rf_sd3,dece_rf_sd3,,0.01662893407046795,0.01662893407046795,31.579583510762134,0.026364578011979573,,/cluster/users/grad/2025/25t8103/project/outputs/flowedit118_dece_metric_runs/fe_164_luna_1_sol/dece_rf_sd3/seed_10/result.png,5.745758056640625,fe_164_luna_1_sol/dece_rf_sd3/seed_10,,10,/cluster/users/grad/2025/25t8103/project/_baselines/src/FlowEdit/Data/Images/luna.png,0.038003914058208466,"A neon sign for a restaurant called Luna, which is located on a street corner. The sign is illuminated with red and orange colors.",19.48999099437868,0.10604750378833856,0.8367358097518279,0.8367358097518279,"A neon sign for a restaurant called Sol, which is located on a street corner. The sign is illuminated with red and orange colors.",fe_164_luna_1_sol
0.0,0.0,0.0,0.0,0.0,0.0,0.0,0.0,0.0,0.0,31,0.9916544556617737,0.013530995696783066,0.011359327472746372,1.1359327472746372,0.73309326171875,33.414254620305776,0.9299816489219666,0.9299816489219666,0.44390690326690674,0.8488131761550903,0.20871776342391968,0.2538081407546997,0.04509037733078003,0.2538081407546997,True,0.26690673828125,0.9836222529411316,0.04509037733078003,0.20865631103515625,,,2.1182258685204363,0.0,0.20865631103515625,0.33059709678598853,0.06347678601741791,0.06347678601741791,16.744794623216904,0.1454655886838218,12.566990852355957,0.22239454090595245,0.28581517934799194,0.06342063844203949,0.28581517934799194,"63,0,512,341",0.041525788605213165,0.01222385372966528,/cluster/users/grad/2025/25t8103/project/data/flowedit_compatible_118/eval_masks/fe_165_luna_2_cvpr_eval_mask.png,fixed_eval_mask,0.0,0.0,0.0,0.0,dece_rf_flux,dece_rf_flux,,0.013571619987487793,0.013571619987487793,33.35148129392766,0.021499379970766057,,/cluster/users/grad/2025/25t8103/project/outputs/flowedit118_dece_metric_runs/fe_165_luna_2_cvpr/dece_rf_flux/seed_10/result.png,5.932790756225586,fe_165_luna_2_cvpr/dece_rf_flux/seed_10,,10,/cluster/users/grad/2025/25t8103/project/_baselines/src/FlowEdit/Data/Images/luna.png,0.023984648287296295,"A neon sign for a restaurant called Luna, which is located on a street corner. The sign is illuminated with red and orange colors.",23.204816082825946,0.06914474763271214,0.906842411204505,0.906842411204505,"A neon sign for a restaurant called CVPR, which is located on a street corner. The sign is illuminated with red and orange colors.",fe_165_luna_2_cvpr
0.0,0.0,0.0,0.0,0.0,0.0,0.0,0.0,0.0,0.0,31,0.9036542177200317,0.03905096650123596,0.14525461196899414,14.525461196899414,0.73309326171875,20.323288757216936,0.7996825575828552,0.7996825575828552,0.5196352601051331,0.6337944269180298,0.1857551485300064,0.3722209334373474,0.186465784907341,0.3722209334373474,True,0.26690673828125,0.902000904083252,0.186465784907341,0.20865631103515625,,,1.592060087759449,0.0,0.20865631103515625,0.3215474057552378,0.1064307689666748,0.1064307689666748,13.510218850324208,0.21110040061238186,11.26990032196045,0.2001364529132843,0.3894604742527008,0.1893240213394165,0.3894604742527008,"63,0,512,341",0.2064206600189209,0.14906799793243408,/cluster/users/grad/2025/25t8103/project/data/flowedit_compatible_118/eval_masks/fe_165_luna_2_cvpr_eval_mask.png,fixed_eval_mask,0.0,0.0,0.0,0.0,dece_rf_sd3,dece_rf_sd3,,0.03896750137209892,0.03896750137209892,20.339706965272235,0.09616447207191413,,/cluster/users/grad/2025/25t8103/project/outputs/flowedit118_dece_metric_runs/fe_165_luna_2_cvpr/dece_rf_sd3/seed_10/result.png,7.078815937042236,fe_165_luna_2_cvpr/dece_rf_sd3/seed_10,,10,/cluster/users/grad/2025/25t8103/project/_baselines/src/FlowEdit/Data/Images/luna.png,0.053044140338897705,"A neon sign for a restaurant called Luna, which is located on a street corner. The sign is illuminated with red and orange colors.",17.79461446553932,0.12890485560501086,0.7654146358900361,0.7654146358900361,"A neon sign for a restaurant called CVPR, which is located on a street corner. The sign is illuminated with red and orange colors.",fe_165_luna_2_cvpr
0.0,0.0,0.0,0.0,0.0,0.0,0.0,0.0,0.0,0.0,31,0.9919888973236084,0.013545635156333447,0.011113602668046951,1.1113602668046951,0.73309326171875,33.46016739084041,0.9302645325660706,0.9302645325660706,0.5351674556732178,0.8123456835746765,0.22823503613471985,0.3281973898410797,0.09996235370635986,0.3281973898410797,True,0.26690673828125,0.9896670579910278,0.09996235370635986,0.20865631103515625,,,1.872602138482117,0.0,0.20865631103515625,0.3258620059234341,0.059751980006694794,0.059751980006694794,16.812737643128223,0.14433216224244683,11.118142127990723,0.22910723090171814,0.37012773752212524,0.1410205066204071,0.37012773752212524,"63,0,512,341",0.04215537756681442,0.011970010586082935,/cluster/users/grad/2025/25t8103/project/data/flowedit_compatible_118/eval_masks/fe_166_luna_3_iccv_eval_mask.png,fixed_eval_mask,0.0,0.0,0.0,0.0,dece_rf_flux,dece_rf_flux,,0.013577139005064964,0.013577139005064964,33.39493193322926,0.02139209917508904,,/cluster/users/grad/2025/25t8103/project/outputs/flowedit118_dece_metric_runs/fe_166_luna_3_iccv/dece_rf_flux/seed_10/result.png,5.9372687339782715,fe_166_luna_3_iccv/dece_rf_flux/seed_10,,10,/cluster/users/grad/2025/25t8103/project/_baselines/src/FlowEdit/Data/Images/luna.png,0.023211808875203133,"A neon sign for a restaurant called Luna, which is located on a street corner. The sign is illuminated with red and orange colors.",23.27088252135831,0.06862081533581713,0.9050875698826616,0.9050875698826616,"A neon sign for a restaurant called ICCV, which is located on a street corner. The sign is illuminated with red and orange colors.",fe_166_luna_3_iccv
0.0,0.0,0.0,0.0,0.0,0.0,0.0,0.0,0.0,0.0,31,0.9817954301834106,0.01669420301914215,0.025694623589515686,2.5694623589515686,0.73309326171875,31.529473098877872,0.8941041231155396,0.8941041231155396,0.5009933710098267,0.6013091802597046,0.17588576674461365,0.35354119539260864,0.177655428647995,0.35354119539260864,True,0.26690673828125,0.9601779580116272,0.177655428647995,0.20865631103515625,,,2.085741161343139,0.0,0.20865631103515625,0.2817287652199349,0.14985443651676178,0.14985443651676178,11.22235851374532,0.27471481078978127,11.862001419067383,0.1962549090385437,0.3629079759120941,0.16665306687355042,0.3629079759120941,"63,0,512,341",0.11770136654376984,0.027068503201007843,/cluster/users/grad/2025/25t8103/project/data/flowedit_compatible_118/eval_masks/fe_166_luna_3_iccv_eval_mask.png,fixed_eval_mask,0.0,0.0,0.0,0.0,dece_rf_sd3,dece_rf_sd3,,0.01666373759508133,0.01666373759508133,31.569756652350996,0.02639442269088542,,/cluster/users/grad/2025/25t8103/project/outputs/flowedit118_dece_metric_runs/fe_166_luna_3_iccv/dece_rf_sd3/seed_10/result.png,5.687187671661377,fe_166_luna_3_iccv/dece_rf_sd3/seed_10,,10,/cluster/users/grad/2025/25t8103/project/_baselines/src/FlowEdit/Data/Images/luna.png,0.044454801827669144,"A neon sign for a restaurant called Luna, which is located on a street corner. The sign is illuminated with red and orange colors.",17.878596869912172,0.1276645023078549,0.8186997048607837,0.8186997048607837,"A neon sign for a restaurant called ICCV, which is located on a street corner. The sign is illuminated with red and orange colors.",fe_166_luna_3_iccv
0.0,0.0,0.0,0.0,0.0,0.0,0.0,0.0,0.0,0.0,31,0.9910346269607544,0.013529079966247082,0.01121927984058857,1.121927984058857,0.73309326171875,33.48006371105409,0.9304752945899963,0.9304752945899963,0.597922682762146,0.8079291582107544,0.18072131276130676,0.294738233089447,0.11401692032814026,0.294738233089447,True,0.26690673828125,0.9890729784965515,0.11401692032814026,0.20865631103515625,,,1.8437265134966179,0.0,0.20865631103515625,0.32566090167830636,0.062182869762182236,0.062182869762182236,16.528839890012406,0.14912759208384935,11.014497756958008,0.16151563823223114,0.3089637756347656,0.14744813740253448,0.3089637756347656,"63,0,512,341",0.04308066517114639,0.012132452800869942,/cluster/users/grad/2025/25t8103/project/data/flowedit_compatible_118/eval_masks/fe_167_luna_4_eccv_eval_mask.png,fixed_eval_mask,0.0,0.0,0.0,0.0,dece_rf_flux,dece_rf_flux,,0.013562562875449657,0.013562562875449657,33.416265373598584,0.021339622444738436,,/cluster/users/grad/2025/25t8103/project/outputs/flowedit118_dece_metric_runs/fe_167_luna_4_eccv/dece_rf_flux/seed_10/result.png,5.974040985107422,fe_167_luna_4_eccv/dece_rf_flux/seed_10,,10,/cluster/users/grad/2025/25t8103/project/_baselines/src/FlowEdit/Data/Images/luna.png,0.023707496002316475,"A neon sign for a restaurant called Luna, which is located on a street corner. The sign is illuminated with red and orange colors.",23.009711187844083,0.07071547136995984,0.9087844162469854,0.9087844162469854,"A neon sign for a restaurant called ECCV, which is located on a street corner. The sign is illuminated with red and orange colors.",fe_167_luna_4_eccv
0.0,0.0,0.0,0.0,0.0,0.0,0.0,0.0,0.0,0.0,31,0.981518566608429,0.016672804951667786,0.02571026235818863,2.571026235818863,0.73309326171875,31.5288184793101,0.8937277793884277,0.8937277793884277,0.6107462644577026,0.7446961998939514,0.19510148465633392,0.35284245014190674,0.15774096548557281,0.35284245014190674,True,0.26690673828125,0.9713736176490784,0.15774096548557281,0.20865631103515625,,,1.9189382899886724,0.0,0.20865631103515625,0.3253135398003583,0.09329600632190704,0.09329600632190704,13.997343820418024,0.1995872567420997,11.054612159729004,0.20945337414741516,0.3677857518196106,0.15833237767219543,0.3677857518196106,"63,0,512,341",0.07751930505037308,0.026864396408200264,/cluster/users/grad/2025/25t8103/project/data/flowedit_compatible_118/eval_masks/fe_167_luna_4_eccv_eval_mask.png,fixed_eval_mask,0.0,0.0,0.0,0.0,dece_rf_sd3,dece_rf_sd3,,0.016619089990854263,0.016619089990854263,31.589521596014364,0.02633442985228888,,/cluster/users/grad/2025/25t8103/project/outputs/flowedit118_dece_metric_runs/fe_167_luna_4_eccv/dece_rf_sd3/seed_10/result.png,5.760796070098877,fe_167_luna_4_eccv/dece_rf_sd3/seed_10,,10,/cluster/users/grad/2025/25t8103/project/_baselines/src/FlowEdit/Data/Images/luna.png,0.0326182059943676,"A neon sign for a restaurant called Luna, which is located on a street corner. The sign is illuminated with red and orange colors.",20.525348969218726,0.0941309737960606,0.8505074843687601,0.8505074843687601,"A neon sign for a restaurant called ECCV, which is located on a street corner. The sign is illuminated with red and orange colors.",fe_167_luna_4_eccv
0.0,0.0,0.0,0.0,0.0,0.0,0.0,0.0,0.0,0.0,31,0.9906032085418701,0.01359782088547945,0.010919816792011261,1.091981679201126,0.73309326171875,33.484825137500806,0.9304342269897461,0.9304342269897461,0.5032414793968201,0.8308578133583069,0.20562246441841125,0.27995696663856506,0.07433450222015381,0.27995696663856506,True,0.26690673828125,0.9883300065994263,0.07433450222015381,0.20865631103515625,,,1.884137491741875,0.0,0.20865631103515625,0.3207429887747267,0.062375184148550034,0.062375184148550034,16.326621068142124,0.15264020709580853,11.080574035644531,0.1829690933227539,0.28860992193222046,0.10564082860946655,0.28860992193222046,"63,0,512,341",0.04289384186267853,0.011724953539669514,/cluster/users/grad/2025/25t8103/project/data/flowedit_compatible_118/eval_masks/fe_168_luna_5_welcome_eval_mask.png,fixed_eval_mask,0.0,0.0,0.0,0.0,dece_rf_flux,dece_rf_flux,,0.013613179326057434,0.013613179326057434,33.44384813433339,0.02127196419325071,,/cluster/users/grad/2025/25t8103/project/outputs/flowedit118_dece_metric_runs/fe_168_luna_5_welcome/dece_rf_flux/seed_10/result.png,5.880979537963867,fe_168_luna_5_welcome/dece_rf_flux/seed_10,,10,/cluster/users/grad/2025/25t8103/project/_baselines/src/FlowEdit/Data/Images/luna.png,0.023787690326571465,"A neon sign for a restaurant called Luna, which is located on a street corner. The sign is illuminated with red and orange colors.",22.823652823891347,0.07224659089131126,0.9033517731233267,0.9033517731233267,"A neon sign for a restaurant with the word WELCOME, which is located on a street corner. The sign is illuminated with red and orange colors.",fe_168_luna_5_welcome
0.0,0.0,0.0,0.0,0.0,0.0,0.0,0.0,0.0,0.0,31,0.9819403886795044,0.016643941402435303,0.025895193219184875,2.5895193219184875,0.73309326171875,31.525041874874844,0.8933306932449341,0.8933306932449341,0.4925212860107422,0.8072424530982971,0.2083495557308197,0.2897227108478546,0.08137315511703491,0.2897227108478546,True,0.26690673828125,0.9594308137893677,0.08137315511703491,0.20865631103515625,,,1.9456962011284655,0.0,0.20865631103515625,0.295550111521445,0.13323144614696503,0.13323144614696503,12.36883989938285,0.2407454040797729,11.298957824707031,0.18533724546432495,0.29265421628952026,0.10731697082519531,0.29265421628952026,"63,0,512,341",0.10239174962043762,0.02735745534300804,/cluster/users/grad/2025/25t8103/project/data/flowedit_compatible_118/eval_masks/fe_168_luna_5_welcome_eval_mask.png,fixed_eval_mask,0.0,0.0,0.0,0.0,dece_rf_sd3,dece_rf_sd3,,0.0166032612323761,0.0166032612323761,31.57124717764706,0.02638989371562067,,/cluster/users/grad/2025/25t8103/project/outputs/flowedit118_dece_metric_runs/fe_168_luna_5_welcome/dece_rf_sd3/seed_10/result.png,5.807154178619385,fe_168_luna_5_welcome/dece_rf_sd3/seed_10,,10,/cluster/users/grad/2025/25t8103/project/_baselines/src/FlowEdit/Data/Images/luna.png,0.040938470512628555,"A neon sign for a restaurant called Luna, which is located on a street corner. The sign is illuminated with red and orange colors.",18.98098738876951,0.11244771391388125,0.82738041691963,0.82738041691963,"A neon sign for a restaurant with the word WELCOME, which is located on a street corner. The sign is illuminated with red and orange colors.",fe_168_luna_5_welcome
0.0,0.0,0.0,0.0,0.0,0.0,0.0,0.0,0.0,0.0,31,0.9916065335273743,0.013719969429075718,0.01153017207980156,1.153017207980156,0.73309326171875,33.45310664861284,0.9299423098564148,0.9299423098564148,0.36803585290908813,0.8765661716461182,0.23779869079589844,0.22412864863872528,-0.013670042157173157,0.22412864863872528,True,0.26690673828125,0.9745122194290161,-0.013670042157173157,0.20865631103515625,,,1.7163083197470805,0.0,0.20865631103515625,0.32447255841164213,0.054393816739320755,0.054393816739320755,18.165164856344155,0.12352127253501563,10.229302406311035,0.23953156173229218,0.23844105005264282,-0.001090511679649353,0.23844105005264282,"63,0,512,341",0.04084514081478119,0.012387368828058243,/cluster/users/grad/2025/25t8103/project/data/flowedit_compatible_118/eval_masks/fe_169_luna_6_hi_eval_mask.png,fixed_eval_mask,0.0,0.0,0.0,0.0,dece_rf_flux,dece_rf_flux,,0.013756022788584232,0.013756022788584232,33.381396750472184,0.021425460373571723,,/cluster/users/grad/2025/25t8103/project/outputs/flowedit118_dece_metric_runs/fe_169_luna_6_hi/dece_rf_flux/seed_10/result.png,5.960061073303223,fe_169_luna_6_hi/dece_rf_flux/seed_10,,10,/cluster/users/grad/2025/25t8103/project/_baselines/src/FlowEdit/Data/Images/luna.png,0.02223535068333149,"A neon sign for a restaurant called Luna, which is located on a street corner. The sign is illuminated with red and orange colors.",24.50158225723024,0.05955536451559164,0.9071756620494738,0.9071756620494738,"A neon sign for a restaurant with the word HI, which is located on a street corner. The sign is illuminated with red and orange colors.",fe_169_luna_6_hi
0.0,0.0,0.0,0.0,0.0,0.0,0.0,0.0,0.0,0.0,31,0.9821580648422241,0.017123669385910034,0.02642415277659893,2.642415277659893,0.73309326171875,31.419083433974574,0.8922848701477051,0.8922848701477051,0.49915364384651184,0.7569904923439026,0.16800029575824738,0.2652755379676819,0.09727524220943451,0.2652755379676819,True,0.26690673828125,0.9506697654724121,0.09727524220943451,0.20865631103515625,,,1.605070654560283,0.0,0.20865631103515625,0.33081648323521884,0.15605106949806213,0.15605106949806213,11.309555510498363,0.27197076601642,9.044661521911621,0.17583897709846497,0.2666293978691101,0.09079042077064514,0.2666293978691101,"63,0,512,341",0.12797482311725616,0.028269579634070396,/cluster/users/grad/2025/25t8103/project/data/flowedit_compatible_118/eval_masks/fe_169_luna_6_hi_eval_mask.png,fixed_eval_mask,0.0,0.0,0.0,0.0,dece_rf_sd3,dece_rf_sd3,,0.017175277695059776,0.017175277695059776,31.404942920430283,0.02690003555183716,,/cluster/users/grad/2025/25t8103/project/outputs/flowedit118_dece_metric_runs/fe_169_luna_6_hi/dece_rf_sd3/seed_10/result.png,5.635055065155029,fe_169_luna_6_hi/dece_rf_sd3/seed_10,,10,/cluster/users/grad/2025/25t8103/project/_baselines/src/FlowEdit/Data/Images/luna.png,0.04615257680416107,"A neon sign for a restaurant called Luna, which is located on a street corner. The sign is illuminated with red and orange colors.",17.957026230624816,0.12651694266693245,0.8176128624624338,0.8176128624624338,"A neon sign for a restaurant with the word HI, which is located on a street corner. The sign is illuminated with red and orange colors.",fe_169_luna_6_hi
0.0,0.0,0.0,0.0,0.0,0.0,0.0,0.0,0.0,0.0,31,0.9922230839729309,0.01351178903132677,0.011147200129926205,1.1147200129926205,0.73309326171875,33.513534784145435,0.9305776357650757,0.9305776357650757,0.3689101040363312,0.8640483617782593,0.26263627409935,0.28343796730041504,0.020801693201065063,0.28343796730041504,True,0.26690673828125,0.9867748618125916,0.020801693201065063,0.20865631103515625,,,1.7487922122754356,0.0,0.20865631103515625,0.3226809024095945,0.06609521806240082,0.06609521806240082,15.903992796592876,0.16025085678779094,10.372628211975098,0.2659280598163605,0.29249653220176697,0.026568472385406494,0.29249653220176697,"63,0,512,341",0.043921880424022675,0.011875930242240429,/cluster/users/grad/2025/25t8103/project/data/flowedit_compatible_118/eval_masks/fe_170_luna_7_heart_eval_mask.png,fixed_eval_mask,0.0,0.0,0.0,0.0,dece_rf_flux,dece_rf_flux,,0.013525580056011677,0.013525580056011677,33.51094770011204,0.021108268751292684,,/cluster/users/grad/2025/25t8103/project/outputs/flowedit118_dece_metric_runs/fe_170_luna_7_heart/dece_rf_flux/seed_10/result.png,5.931309700012207,fe_170_luna_7_heart/dece_rf_flux/seed_10,,10,/cluster/users/grad/2025/25t8103/project/_baselines/src/FlowEdit/Data/Images/luna.png,0.024494566023349762,"A neon sign for a restaurant called Luna, which is located on a street corner. The sign is illuminated with red and orange colors.",22.4329134959872,0.07557085315499508,0.9046853974034262,0.9046853974034262,"A neon sign for a restaurant with an heart on it, which is located on a street corner. The sign is illuminated with red and orange colors.",fe_170_luna_7_heart
0.0,0.0,0.0,0.0,0.0,0.0,0.0,0.0,0.0,0.0,31,0.9820519089698792,0.01682615466415882,0.025760281831026077,2.5760281831026077,0.73309326171875,31.51568082575826,0.8936560750007629,0.8936560750007629,0.38827502727508545,0.8111923933029175,0.25366878509521484,0.30206573009490967,0.048396944999694824,0.30206573009490967,True,0.26690673828125,0.9673305749893188,0.048396944999694824,0.20865631103515625,,,1.8227003271197881,0.0,0.20865631103515625,0.3469962338659549,0.13288527727127075,0.13288527727127075,12.284397432068257,0.24309729613171926,10.461624145507812,0.25213363766670227,0.3008010983467102,0.048667460680007935,0.3008010983467102,"63,0,512,341",0.1200748011469841,0.027064111083745956,/cluster/users/grad/2025/25t8103/project/data/flowedit_compatible_118/eval_masks/fe_170_luna_7_heart_eval_mask.png,fixed_eval_mask,0.0,0.0,0.0,0.0,dece_rf_sd3,dece_rf_sd3,,0.01676531694829464,0.01676531694829464,31.570241461517163,0.026392949508346857,,/cluster/users/grad/2025/25t8103/project/outputs/flowedit118_dece_metric_runs/fe_170_luna_7_heart/dece_rf_sd3/seed_10/result.png,5.73962926864624,fe_170_luna_7_heart/dece_rf_sd3/seed_10,,10,/cluster/users/grad/2025/25t8103/project/_baselines/src/FlowEdit/Data/Images/luna.png,0.040994491428136826,"A neon sign for a restaurant called Luna, which is located on a street corner. The sign is illuminated with red and orange colors.",18.90014921051379,0.11349913180618927,0.8275616691129469,0.8275616691129469,"A neon sign for a restaurant with an heart on it, which is located on a street corner. The sign is illuminated with red and orange colors.",fe_170_luna_7_heart
0.0,0.0,0.0,0.0,0.0,0.0,0.0,0.0,0.0,0.0,31,1.0,0.006029324606060982,0.00023843625967856497,0.023843625967856497,0.0371856689453125,42.74890389539517,0.9926065802574158,0.9926065802574158,0.13329549133777618,0.8790979385375977,0.23672489821910858,0.2506530284881592,0.013928130269050598,0.2506530284881592,True,0.9628143310546875,0.6186611652374268,0.013928130269050598,0.9031715393066406,,,3.0466574929163674,0.0,0.9031715393066406,0.12427300104324614,0.025773944333195686,0.025773944333195686,22.6747273745848,0.07349598779906402,4.237990379333496,0.23672489821910858,0.2506530284881592,0.013928130269050598,0.2506530284881592,"0,0,512,512",0.06718666106462479,0.0005879457457922399,/cluster/users/grad/2025/25t8103/project/data/flowedit_compatible_118/eval_masks/fe_171_meditation_1_wooden_statue_eval_mask.png,fixed_eval_mask,0.0,0.0,0.0,0.0,dece_rf_flux,dece_rf_flux,,0.0065902783535420895,0.0065902783535420895,42.29942186057694,0.007674125672262777,,/cluster/users/grad/2025/25t8103/project/outputs/flowedit118_dece_metric_runs/fe_171_meditation_1_wooden_statue/dece_rf_flux/seed_10/result.png,1.3910294771194458,fe_171_meditation_1_wooden_statue/dece_rf_flux/seed_10,,10,/cluster/users/grad/2025/25t8103/project/_baselines/src/FlowEdit/Data/Images/meditation.png,0.023916417732834816,A woman sitting on the floor in a room and meditating.,23.111951176963164,0.06988797244985344,0.9289150216818485,0.9289150216818485,A wooden statue of a woman sitting on the floor in a room and meditating.,fe_171_meditation_1_wooden_statue
0.0,0.0,0.0,0.0,0.0,0.0,0.0,0.0,0.0,0.0,31,1.0,0.005994592793285847,0.0002548224583733827,0.02548224583733827,0.0371856689453125,42.4668780025685,0.9883589148521423,0.9883589148521423,0.10506446659564972,0.7870050668716431,0.23867464065551758,0.2546045184135437,0.015929877758026123,0.2546045184135437,True,0.9628143310546875,0.595737099647522,0.015929877758026123,0.9031715393066406,,,3.3708352109972175,0.0,0.9031715393066406,0.1456025274432867,0.04860126972198486,0.04860126972198486,18.394707384112056,0.12029972395624444,4.669830322265625,0.23867464065551758,0.2546045184135437,0.015929877758026123,0.2546045184135437,"0,0,512,512",0.15037095546722412,0.0006638753693550825,/cluster/users/grad/2025/25t8103/project/data/flowedit_compatible_118/eval_masks/fe_171_meditation_1_wooden_statue_eval_mask.png,fixed_eval_mask,0.0,0.0,0.0,0.0,dece_rf_sd3,dece_rf_sd3,,0.005774952005594969,0.005774952005594969,42.81622626698674,0.0072308389150583414,,/cluster/users/grad/2025/25t8103/project/outputs/flowedit118_dece_metric_runs/fe_171_meditation_1_wooden_statue/dece_rf_sd3/seed_10/result.png,1.385362982749939,fe_171_meditation_1_wooden_statue/dece_rf_sd3/seed_10,,10,/cluster/users/grad/2025/25t8103/project/_baselines/src/FlowEdit/Data/Images/meditation.png,0.044454459100961685,A woman sitting on the floor in a room and meditating.,18.835322362708258,0.11434939781251621,0.8446234500195915,0.8446234500195915,A wooden statue of a woman sitting on the floor in a room and meditating.,fe_171_meditation_1_wooden_statue
0.0,0.0,0.0,0.0,0.0,0.0,0.0,0.0,0.0,0.0,31,0.9984226226806641,0.012804832309484482,0.0326952263712883,3.26952263712883,0.793731689453125,33.64635584640386,0.9537525773048401,0.9537525773048401,0.28139954805374146,0.8989143371582031,0.21754279732704163,0.24627308547496796,0.02873028814792633,0.24627308547496796,True,0.206268310546875,0.807411789894104,0.02873028814792633,0.1556854248046875,,,0.855637746799233,0.0,0.1556854248046875,0.014260511614231109,0.07688018679618835,0.07688018679618835,16.666849590263848,0.14677683563042948,7.6442766189575195,0.18751035630702972,0.22935445606708527,0.04184409976005554,0.22935445606708527,"103,102,443,512",0.10307981073856354,0.05134765803813934,/cluster/users/grad/2025/25t8103/project/data/flowedit_compatible_118/eval_masks/fe_180_milk_4_whipped_cream_eval_mask.png,fixed_eval_mask,0.0,0.0,0.0,0.0,dece_rf_flux,dece_rf_flux,,0.01479638647288084,0.01479638647288084,30.63659120612713,0.029388027643984082,,/cluster/users/grad/2025/25t8103/project/outputs/flowedit118_dece_metric_runs/fe_180_milk_4_whipped_cream/dece_rf_flux/seed_10/result.png,8.93401050567627,fe_180_milk_4_whipped_cream/dece_rf_flux/seed_10,,10,/cluster/users/grad/2025/25t8103/project/_baselines/src/FlowEdit/Data/Images/milk.png,0.02446192502975464,"A glass of milk placed on a wooden table. The glass is filled with milk, and a straw is inserted into it.",23.889996064032246,0.0638999026907447,0.9054250133053462,0.9054250133053462,"A glass of milk placed on a wooden table. The glass is filled with milk, and a straw is inserted into it. There is whipped cream on top of the milk.",fe_180_milk_4_whipped_cream
0.0,0.0,0.0,0.0,0.0,0.0,0.0,0.0,0.0,0.0,31,0.9977462887763977,0.014453771524131298,0.049075350165367126,4.907535016536713,0.793731689453125,33.41143209031337,0.924608588218689,0.924608588218689,0.22663992643356323,0.8988609313964844,0.21915492415428162,0.24019791185855865,0.02104298770427704,0.24019791185855865,True,0.206268310546875,0.7436410188674927,0.02104298770427704,0.1556854248046875,,,0.8213249116446715,0.0,0.1556854248046875,0.01614721160443007,0.12836958467960358,0.12836958467960358,15.083267757103854,0.1761313290257522,8.351785659790039,0.23544904589653015,0.26371777057647705,0.0282687246799469,0.26371777057647705,"103,102,443,512",0.12909290194511414,0.0643446072936058,/cluster/users/grad/2025/25t8103/project/data/flowedit_compatible_118/eval_masks/fe_180_milk_4_whipped_cream_eval_mask.png,fixed_eval_mask,0.0,0.0,0.0,0.0,dece_rf_sd3,dece_rf_sd3,,0.016325632110238075,0.016325632110238075,29.038006623218173,0.03532642332122415,,/cluster/users/grad/2025/25t8103/project/outputs/flowedit118_dece_metric_runs/fe_180_milk_4_whipped_cream/dece_rf_sd3/seed_10/result.png,10.16867446899414,fe_180_milk_4_whipped_cream/dece_rf_sd3/seed_10,,10,/cluster/users/grad/2025/25t8103/project/_baselines/src/FlowEdit/Data/Images/milk.png,0.03376924619078636,"A glass of milk placed on a wooden table. The glass is filled with milk, and a straw is inserted into it.",22.30373180786277,0.07670318707875273,0.8717579372569368,0.8717579372569368,"A glass of milk placed on a wooden table. The glass is filled with milk, and a straw is inserted into it. There is whipped cream on top of the milk.",fe_180_milk_4_whipped_cream
0.0,0.0,0.0,0.0,0.0,0.0,0.0,0.0,0.0,0.0,31,0.940197229385376,0.023638451471924782,0.06058429554104805,6.058429554104805,0.8399162292480469,24.256415695276296,0.9252198934555054,0.9252198934555054,0.26040223240852356,0.9635747075080872,0.28616297245025635,0.26621025800704956,-0.019952714443206787,0.26621025800704956,True,0.16008377075195312,0.9400010108947754,-0.019952714443206787,0.10044097900390625,,,2.5307055710174513,0.0,0.10044097900390625,0.0,0.016574745997786522,0.016574745997786522,32.61306465934302,0.023407054537944286,10.32154369354248,0.28761374950408936,0.2808513641357422,-0.006762385368347168,0.2808513641357422,"0,112,512,512",0.06376534700393677,0.06167803704738617,/cluster/users/grad/2025/25t8103/project/data/flowedit_compatible_118/eval_masks/fe_186_muffins_1_strawberries_eval_mask.png,fixed_eval_mask,0.0,0.0,0.0,0.0,dece_rf_flux,dece_rf_flux,,0.022883592173457146,0.022883592173457146,24.523970716118715,0.05940205426665165,,/cluster/users/grad/2025/25t8103/project/outputs/flowedit118_dece_metric_runs/fe_186_muffins_1_strawberries/dece_rf_flux/seed_10/result.png,4.078524112701416,fe_186_muffins_1_strawberries/dece_rf_flux/seed_10,,10,/cluster/users/grad/2025/25t8103/project/_baselines/src/FlowEdit/Data/Images/muffins.png,0.022249924018979073,"A plate of white muffins, decorated with a few raspberries.",24.909025320972056,0.05682621549915056,0.9266220986802295,0.9266220986802295,"A plate of white muffins, decorated with a few strawberries.",fe_186_muffins_1_strawberries
0.0,0.0,0.0,0.0,0.0,0.0,0.0,0.0,0.0,0.0,31,0.9887717366218567,0.016404861584305763,0.02902960777282715,2.902960777282715,0.8399162292480469,30.211556216692145,0.9605411887168884,0.9605411887168884,0.1259913444519043,0.9811667203903198,0.29667750000953674,0.2523364722728729,-0.04434102773666382,0.2523364722728729,True,0.16008377075195312,0.983253002166748,-0.04434102773666382,0.10044097900390625,,,2.6168049383289786,0.0,0.10044097900390625,0.0,0.019858509302139282,0.019858509302139282,31.179822768593976,0.0276063418506021,9.827117919921875,0.301135778427124,0.25444847345352173,-0.046687304973602295,0.25444847345352173,"0,112,512,512",0.03313916176557541,0.030541568994522095,/cluster/users/grad/2025/25t8103/project/data/flowedit_compatible_118/eval_masks/fe_186_muffins_1_strawberries_eval_mask.png,fixed_eval_mask,0.0,0.0,0.0,0.0,dece_rf_sd3,dece_rf_sd3,,0.016165414825081825,0.016165414825081825,30.392148147473318,0.03022682924392028,,/cluster/users/grad/2025/25t8103/project/outputs/flowedit118_dece_metric_runs/fe_186_muffins_1_strawberries/dece_rf_sd3/seed_10/result.png,3.755388021469116,fe_186_muffins_1_strawberries/dece_rf_sd3/seed_10,,10,/cluster/users/grad/2025/25t8103/project/_baselines/src/FlowEdit/Data/Images/muffins.png,0.016536355018615723,"A plate of white muffins, decorated with a few raspberries.",30.465113335828292,0.029973974479749105,0.9517609851693423,0.9517609851693423,"A plate of white muffins, decorated with a few strawberries.",fe_186_muffins_1_strawberries
0.0,0.0,0.0,0.0,0.0,0.0,0.0,0.0,0.0,0.0,31,0.9975870251655579,0.018693068996071815,0.04250922054052353,4.250922054052353,0.6493301391601562,26.87615131713969,0.9458813667297363,0.9458813667297363,0.28024762868881226,0.8444921970367432,0.2884142994880676,0.35646072030067444,0.06804642081260681,0.35646072030067444,True,0.35066986083984375,0.18564878404140472,0.06804642081260681,0.280059814453125,,,1.2720659774997065,0.0,0.280059814453125,0.044390868475536666,0.08900251984596252,0.08900251984596252,16.735761698169,0.1456169448822684,8.7518310546875,0.28181391954421997,0.3508768677711487,0.06906294822692871,0.3508768677711487,"57,0,512,512",0.15106502175331116,0.050257302820682526,/cluster/users/grad/2025/25t8103/project/data/flowedit_compatible_118/eval_masks/fe_187_parrot_1_glass_sculpture_eval_mask.png,fixed_eval_mask,0.0,0.0,0.0,0.0,dece_rf_flux,dece_rf_flux,,0.019390957430005074,0.019390957430005074,26.854246361132255,0.04542424127089292,,/cluster/users/grad/2025/25t8103/project/outputs/flowedit118_dece_metric_runs/fe_187_parrot_1_glass_sculpture/dece_rf_flux/seed_10/result.png,6.880013465881348,fe_187_parrot_1_glass_sculpture/dece_rf_flux/seed_10,,10,/cluster/users/grad/2025/25t8103/project/_baselines/src/FlowEdit/Data/Images/parrot.png,0.038886360824108124,"A colorful parrot perched on a tree branch. The parrot is predominantly blue, with a mix of red, green, and yellow colors. It sitting comfortably on the branch. The tree itself is filled with green leaves, creating a lush and vibrant backdrop for the parrot.",21.293639600539528,0.08616244612957327,0.8597171764296108,0.8597171764296108,"A glass sculpture of a colorful parrot perched on a tree branch. The glass sculpture of the parrot is predominantly red, with a mix of blue, green, and yellow colors. It sitting comfortably on the branch. The tree itself is filled with green leaves, creating a lush and vibrant backdrop for the glass sculpture of the parrot.",fe_187_parrot_1_glass_sculpture
0.0,0.0,0.0,0.0,0.0,0.0,0.0,0.0,0.0,0.0,31,0.9993084669113159,0.011528445407748222,0.013844749890267849,1.384474989026785,0.6493301391601562,34.62566703631954,0.9742074608802795,0.9742074608802795,0.08974577486515045,0.8885805606842041,0.30205515027046204,0.293550968170166,-0.00850418210029602,0.293550968170166,True,0.35066986083984375,0.6330337524414062,-0.00850418210029602,0.280059814453125,,,1.5300874668191793,0.0,0.280059814453125,0.05600958919036722,0.0669044628739357,0.0669044628739357,16.97563651968816,0.14165052027993907,9.389167785644531,0.299422025680542,0.28921499848365784,-0.010207027196884155,0.28921499848365784,"57,0,512,512",0.07514522224664688,0.01695171929895878,/cluster/users/grad/2025/25t8103/project/data/flowedit_compatible_118/eval_masks/fe_187_parrot_1_glass_sculpture_eval_mask.png,fixed_eval_mask,0.0,0.0,0.0,0.0,dece_rf_sd3,dece_rf_sd3,,0.012015818618237972,0.012015818618237972,33.9724233540844,0.02001607097401367,,/cluster/users/grad/2025/25t8103/project/outputs/flowedit118_dece_metric_runs/fe_187_parrot_1_glass_sculpture/dece_rf_sd3/seed_10/result.png,6.136360168457031,fe_187_parrot_1_glass_sculpture/dece_rf_sd3/seed_10,,10,/cluster/users/grad/2025/25t8103/project/_baselines/src/FlowEdit/Data/Images/parrot.png,0.027387922629714012,"A colorful parrot perched on a tree branch. The parrot is predominantly blue, with a mix of red, green, and yellow colors. It sitting comfortably on the branch. The tree itself is filled with green leaves, creating a lush and vibrant backdrop for the parrot.",22.285740750222224,0.07686222681678469,0.912521850511028,0.912521850511028,"A glass sculpture of a colorful parrot perched on a tree branch. The glass sculpture of the parrot is predominantly red, with a mix of blue, green, and yellow colors. It sitting comfortably on the branch. The tree itself is filled with green leaves, creating a lush and vibrant backdrop for the glass sculpture of the parrot.",fe_187_parrot_1_glass_sculpture
0.0,0.0,0.0,0.0,0.0,0.0,0.0,0.0,0.0,0.0,31,0.9949396848678589,0.017975803464651108,0.04146281257271767,4.146281257271767,0.6493301391601562,25.928610882827844,0.9492202401161194,0.9492202401161194,0.1453939527273178,0.9810155630111694,0.269438773393631,0.27494463324546814,0.005505859851837158,0.27494463324546814,True,0.35066986083984375,0.9912420511245728,0.005505859851837158,0.280059814453125,,,1.1645593056393726,0.0,0.280059814453125,0.07684973302822273,0.01578252762556076,0.01578252762556076,32.04075745789104,0.025001273271799594,8.206058502197266,0.2690499424934387,0.2717092037200928,0.0026592612266540527,0.2717092037200928,"57,0,512,512",0.049453992396593094,0.045987531542778015,/cluster/users/grad/2025/25t8103/project/data/flowedit_compatible_118/eval_masks/fe_188_parrot_2_origami_eval_mask.png,fixed_eval_mask,0.0,0.0,0.0,0.0,dece_rf_flux,dece_rf_flux,,0.01803370751440525,0.01803370751440525,25.959969510627946,0.05035023761882488,,/cluster/users/grad/2025/25t8103/project/outputs/flowedit118_dece_metric_runs/fe_188_parrot_2_origami/dece_rf_flux/seed_10/result.png,7.046492576599121,fe_188_parrot_2_origami/dece_rf_flux/seed_10,,10,/cluster/users/grad/2025/25t8103/project/_baselines/src/FlowEdit/Data/Images/parrot.png,0.017403239384293556,"A colorful parrot perched on a tree branch. The parrot is predominantly blue, with a mix of red, green, and yellow colors. It sitting comfortably on the branch. The tree itself is filled with green leaves, creating a lush and vibrant backdrop for the parrot.",26.989245339684224,0.044723700760821966,0.9526528933895818,0.9526528933895818,"An origami of a colorful parrot perched on a tree branch. The origami of the parrot is predominantly red, with a mix of blue, green, and yellow colors. It sitting comfortably on the branch. The tree itself is filled with green leaves, creating a lush and vibrant backdrop for the origami of the parrot.",fe_188_parrot_2_origami
0.0,0.0,0.0,0.0,0.0,0.0,0.0,0.0,0.0,0.0,31,0.9992384314537048,0.011530241928994656,0.0139190424233675,1.39190424233675,0.6493301391601562,34.62638214414893,0.973879337310791,0.973879337310791,0.18388450145721436,0.83454430103302,0.2738178074359894,0.3259408473968506,0.052123039960861206,0.3259408473968506,True,0.35066986083984375,0.27007025480270386,0.052123039960861206,0.280059814453125,,,1.4112531328436817,0.0,0.280059814453125,0.07249101013403073,0.08456648141145706,0.08456648141145706,15.588804160088056,0.16617274422680522,8.72253131866455,0.27393487095832825,0.3307249844074249,0.05679011344909668,0.3307249844074249,"57,0,512,512",0.09461808949708939,0.016724800691008568,/cluster/users/grad/2025/25t8103/project/data/flowedit_compatible_118/eval_masks/fe_188_parrot_2_origami_eval_mask.png,fixed_eval_mask,0.0,0.0,0.0,0.0,dece_rf_sd3,dece_rf_sd3,,0.012113355100154877,0.012113355100154877,33.79331585159476,0.020433097504848896,,/cluster/users/grad/2025/25t8103/project/outputs/flowedit118_dece_metric_runs/fe_188_parrot_2_origami/dece_rf_sd3/seed_10/result.png,6.180699348449707,fe_188_parrot_2_origami/dece_rf_sd3/seed_10,,10,/cluster/users/grad/2025/25t8103/project/_baselines/src/FlowEdit/Data/Images/parrot.png,0.03240456059575081,"A colorful parrot perched on a tree branch. The parrot is predominantly blue, with a mix of red, green, and yellow colors. It sitting comfortably on the branch. The tree itself is filled with green leaves, creating a lush and vibrant backdrop for the parrot.",20.950691701335586,0.08963248042288914,0.8988107573957967,0.8988107573957967,"An origami of a colorful parrot perched on a tree branch. The origami of the parrot is predominantly red, with a mix of blue, green, and yellow colors. It sitting comfortably on the branch. The tree itself is filled with green leaves, creating a lush and vibrant backdrop for the origami of the parrot.",fe_188_parrot_2_origami
0.0,0.0,0.0,0.0,0.0,0.0,0.0,0.0,0.0,0.0,31,0.9979574084281921,0.01742619462311268,0.03261245787143707,3.2612457871437073,0.6493301391601562,29.363183910430614,0.9605708718299866,0.9605708718299866,0.24317070841789246,0.7817335724830627,0.2853631377220154,0.35592925548553467,0.07056611776351929,0.35592925548553467,True,0.35066986083984375,0.09228920191526413,0.07056611776351929,0.280059814453125,,,1.3261797206590324,0.0,0.280059814453125,0.05945570447858777,0.09659922868013382,0.09659922868013382,15.294808266544521,0.17189355229906375,8.988639831542969,0.2581802308559418,0.3403061330318451,0.08212590217590332,0.3403061330318451,"57,0,512,512",0.13743846118450165,0.03753289952874184,/cluster/users/grad/2025/25t8103/project/data/flowedit_compatible_118/eval_masks/fe_190_parrot_4_lego_parrot_eval_mask.png,fixed_eval_mask,0.0,0.0,0.0,0.0,dece_rf_flux,dece_rf_flux,,0.017817607149481773,0.017817607149481773,29.229200072622792,0.03455731536867536,,/cluster/users/grad/2025/25t8103/project/outputs/flowedit118_dece_metric_runs/fe_190_parrot_4_lego_parrot/dece_rf_flux/seed_10/result.png,6.777844429016113,fe_190_parrot_4_lego_parrot/dece_rf_flux/seed_10,,10,/cluster/users/grad/2025/25t8103/project/_baselines/src/FlowEdit/Data/Images/parrot.png,0.039881180971860886,"A colorful parrot perched on a tree branch. The parrot is predominantly blue, with a mix of red, green, and yellow colors. It sitting comfortably on the branch. The tree itself is filled with green leaves, creating a lush and vibrant backdrop for the parrot.",20.39301302759408,0.09557610958163987,0.8718521297241303,0.8718521297241303,"A colorful lego parrot perched on a tree branch. The lego parrot is predominantly blue, with a mix of red, green, and yellow colors. It sitting comfortably on the branch. The tree itself is filled with green leaves, creating a lush and vibrant backdrop for the lego parrot.",fe_190_parrot_4_lego_parrot
0.0,0.0,0.0,0.0,0.0,0.0,0.0,0.0,0.0,0.0,31,0.999377965927124,0.011869622394442558,0.014028827659785748,1.4028827659785748,0.6493301391601562,34.52475031161193,0.9738979935646057,0.9738979935646057,0.24882802367210388,0.8589475154876709,0.2896808385848999,0.3416317403316498,0.05195090174674988,0.3416317403316498,True,0.35066986083984375,0.584738552570343,0.05195090174674988,0.280059814453125,,,1.2740552848632671,0.0,0.280059814453125,0.06652500817260543,0.07481256127357483,0.07481256127357483,16.974983045512243,0.14166117761533797,7.815553665161133,0.2697153091430664,0.3388493061065674,0.06913399696350098,0.3388493061065674,"57,0,512,512",0.09471356123685837,0.016654465347528458,/cluster/users/grad/2025/25t8103/project/data/flowedit_compatible_118/eval_masks/fe_190_parrot_4_lego_parrot_eval_mask.png,fixed_eval_mask,0.0,0.0,0.0,0.0,dece_rf_sd3,dece_rf_sd3,,0.012383931316435337,0.012383931316435337,33.85691484307354,0.020284030637541958,,/cluster/users/grad/2025/25t8103/project/outputs/flowedit118_dece_metric_runs/fe_190_parrot_4_lego_parrot/dece_rf_sd3/seed_10/result.png,6.1343913078308105,fe_190_parrot_4_lego_parrot/dece_rf_sd3/seed_10,,10,/cluster/users/grad/2025/25t8103/project/_baselines/src/FlowEdit/Data/Images/parrot.png,0.029867686331272125,"A colorful parrot perched on a tree branch. The parrot is predominantly blue, with a mix of red, green, and yellow colors. It sitting comfortably on the branch. The tree itself is filled with green leaves, creating a lush and vibrant backdrop for the parrot.",22.27940702864659,0.07691829493449946,0.8991926689780295,0.8991926689780295,"A colorful lego parrot perched on a tree branch. The lego parrot is predominantly blue, with a mix of red, green, and yellow colors. It sitting comfortably on the branch. The tree itself is filled with green leaves, creating a lush and vibrant backdrop for the lego parrot.",fe_190_parrot_4_lego_parrot
0.0,0.0,0.0,0.0,0.0,0.0,0.0,0.0,0.0,0.0,31,0.9905756115913391,0.0217745304107666,0.05116327852010727,5.116327852010727,0.4805145263671875,25.464366313179816,0.9202284812927246,0.9202284812927246,0.3675890266895294,0.821437656879425,0.2643953561782837,0.3452347218990326,0.0808393657207489,0.3452347218990326,True,0.5194854736328125,0.5473757982254028,0.0808393657207489,0.438232421875,,,2.3931025751783177,0.0,0.438232421875,0.5200034818941505,0.06153307110071182,0.06153307110071182,17.600156016989413,0.13182330600837275,6.016610622406006,0.26199448108673096,0.34626978635787964,0.08427530527114868,0.34626978635787964,"7,0,512,504",0.17108625173568726,0.06816502660512924,/cluster/users/grad/2025/25t8103/project/data/flowedit_compatible_118/eval_masks/fe_191_parrot2_1_glass_sculpture_eval_mask.png,fixed_eval_mask,0.0,0.0,0.0,0.0,dece_rf_flux,dece_rf_flux,,0.02302715927362442,0.02302715927362442,24.68404332426008,0.05831735709188987,,/cluster/users/grad/2025/25t8103/project/outputs/flowedit118_dece_metric_runs/fe_191_parrot2_1_glass_sculpture/dece_rf_flux/seed_10/result.png,2.514146566390991,fe_191_parrot2_1_glass_sculpture/dece_rf_flux/seed_10,,10,/cluster/users/grad/2025/25t8103/project/_baselines/src/FlowEdit/Data/Images/parrot2.png,0.039901696145534515,"A colorful parrot perched on top of a tall, brightly colored flower. The parrot is positioned towards the center of the scene, with its vibrant colors contrasting beautifully with the flower''s hues.",20.210958603722425,0.09760050613154098,0.8492157239350467,0.8492157239350467,"A glass sculpture of a colorful parrot perched on top of a tall, brightly colored flower. The glass sculpture of the parrot is positioned towards the center of the scene, with its vibrant colors contrasting beautifully with the flower''s hues.",fe_191_parrot2_1_glass_sculpture
0.0,0.0,0.0,0.0,0.0,0.0,0.0,0.0,0.0,0.0,31,0.9985887408256531,0.008948630653321743,0.005407069809734821,0.5407069809734821,0.4805145263671875,36.81617363152911,0.9848731756210327,0.9848731756210327,0.21588821709156036,0.8681254386901855,0.2858756482601166,0.3045586943626404,0.018683046102523804,0.3045586943626404,True,0.5194854736328125,0.7510302066802979,0.018683046102523804,0.438232421875,,,3.3088044481909606,0.0,0.438232421875,0.4926009749303621,0.092039093375206,0.092039093375206,14.380882406194186,0.19096592449631744,9.028037071228027,0.28612062335014343,0.3009468913078308,0.014826267957687378,0.3009468913078308,"7,0,512,504",0.13624481856822968,0.006190652959048748,/cluster/users/grad/2025/25t8103/project/data/flowedit_compatible_118/eval_masks/fe_191_parrot2_1_glass_sculpture_eval_mask.png,fixed_eval_mask,0.0,0.0,0.0,0.0,dece_rf_sd3,dece_rf_sd3,,0.008893406018614769,0.008893406018614769,36.89910502664964,0.014290411959216952,,/cluster/users/grad/2025/25t8103/project/outputs/flowedit118_dece_metric_runs/fe_191_parrot2_1_glass_sculpture/dece_rf_sd3/seed_10/result.png,2.7284891605377197,fe_191_parrot2_1_glass_sculpture/dece_rf_sd3/seed_10,,10,/cluster/users/grad/2025/25t8103/project/_baselines/src/FlowEdit/Data/Images/parrot2.png,0.04533053934574127,"A colorful parrot perched on top of a tall, brightly colored flower. The parrot is positioned towards the center of the scene, with its vibrant colors contrasting beautifully with the flower''s hues.",17.93277222008703,0.1268707154635764,0.8652089861696705,0.8652089861696705,"A glass sculpture of a colorful parrot perched on top of a tall, brightly colored flower. The glass sculpture of the parrot is positioned towards the center of the scene, with its vibrant colors contrasting beautifully with the flower''s hues.",fe_191_parrot2_1_glass_sculpture
0.0,0.0,0.0,0.0,0.0,0.0,0.0,0.0,0.0,0.0,31,0.9910436272621155,0.019538260996341705,0.040689192712306976,4.068919271230698,0.8908042907714844,25.035402951593383,0.9497211575508118,0.9497211575508118,0.37736910581588745,0.8966040015220642,0.27945229411125183,0.30824047327041626,0.02878817915916443,0.30824047327041626,True,0.10919570922851562,0.9708569645881653,0.02878817915916443,0.07303237915039062,,,1.7666243199603011,0.0,0.07303237915039062,0.05202402716113868,0.09578144550323486,0.09578144550323486,14.65056394212452,0.18512786937450057,13.139156341552734,0.23971383273601532,0.2672663629055023,0.027552530169487,0.2672663629055023,"198,131,495,364",0.05624838173389435,0.04332384467124939,/cluster/users/grad/2025/25t8103/project/data/flowedit_compatible_118/eval_masks/fe_192_parrots_1_top_hat_eval_mask.png,fixed_eval_mask,0.0,0.0,0.0,0.0,dece_rf_flux,dece_rf_flux,,0.02065867744386196,0.02065867744386196,24.6120299342272,0.058802867295135904,,/cluster/users/grad/2025/25t8103/project/outputs/flowedit118_dece_metric_runs/fe_192_parrots_1_top_hat/dece_rf_flux/seed_10/result.png,7.437436580657959,fe_192_parrots_1_top_hat/dece_rf_flux/seed_10,,10,/cluster/users/grad/2025/25t8103/project/_baselines/src/FlowEdit/Data/Images/parrots.png,0.026145076379179955,"Two colorful parrots sitting on a wooden stump or log. They are positioned close to each other, with one parrot on the left side and the other on the right side of the stump. The parrot''s wings have blue feathers and their body is yellow.",22.434979547141488,0.07555287978816534,0.9262591882466034,0.9262591882466034,"Two colorful parrots sitting on a wooden stump or log. They are positioned close to each other, with one parrot on the left side and the other on the right side of the stump. The parrot''s wings have blue feathers and their body is yellow. Both parrots have a top hat on their head.",fe_192_parrots_1_top_hat
0.0,0.0,0.0,0.0,0.0,0.0,0.0,0.0,0.0,0.0,31,0.96619713306427,0.03311494365334511,0.10109975934028625,10.109975934028625,0.8908042907714844,20.847294965014704,0.8963363766670227,0.8963363766670227,-0.007622139062732458,0.9628123044967651,0.28746551275253296,0.2861347794532776,-0.001330733299255371,0.2861347794532776,True,0.10919570922851562,0.9556933641433716,-0.001330733299255371,0.07303237915039062,,,0.9300178558027322,0.0,0.07303237915039062,0.060799164272656046,0.15294478833675385,0.15294478833675385,11.844125253101659,0.25573710075133577,11.865656852722168,0.23286336660385132,0.2575436234474182,0.024680256843566895,0.2575436234474182,"198,131,495,364",0.1331486850976944,0.11310985684394836,/cluster/users/grad/2025/25t8103/project/data/flowedit_compatible_118/eval_masks/fe_192_parrots_1_top_hat_eval_mask.png,fixed_eval_mask,0.0,0.0,0.0,0.0,dece_rf_sd3,dece_rf_sd3,,0.03641735389828682,0.03641735389828682,20.176128984883853,0.09799266091425278,,/cluster/users/grad/2025/25t8103/project/outputs/flowedit118_dece_metric_runs/fe_192_parrots_1_top_hat/dece_rf_sd3/seed_10/result.png,12.758525848388672,fe_192_parrots_1_top_hat/dece_rf_sd3/seed_10,,10,/cluster/users/grad/2025/25t8103/project/_baselines/src/FlowEdit/Data/Images/parrots.png,0.044927630573511124,"Two colorful parrots sitting on a wooden stump or log. They are positioned close to each other, with one parrot on the left side and the other on the right side of the stump. The parrot''s wings have blue feathers and their body is yellow.",18.6398726753665,0.11695165345916801,0.8604057919814582,0.8604057919814582,"Two colorful parrots sitting on a wooden stump or log. They are positioned close to each other, with one parrot on the left side and the other on the right side of the stump. The parrot''s wings have blue feathers and their body is yellow. Both parrots have a top hat on their head.",fe_192_parrots_1_top_hat
0.0,0.0,0.0,0.0,0.0,0.0,0.0,0.0,0.0,0.0,31,0.9983310699462891,0.010607140138745308,0.008579344488680363,0.8579344488680363,0.7915840148925781,34.388777741640844,0.977850079536438,0.977850079536438,0.4071207642555237,0.8444697260856628,0.23921221494674683,0.34114983677864075,0.10193762183189392,0.34114983677864075,True,0.20841598510742188,0.9439883828163147,0.10193762183189392,0.15691757202148438,,,1.158490339462201,0.0,0.15691757202148438,0.04922815120943236,0.11789952963590622,0.11789952963590622,13.80108848892358,0.2041482096393381,11.29801082611084,0.24357542395591736,0.33175942301750183,0.08818399906158447,0.33175942301750183,"176,87,512,512",0.07781021296977997,0.015435082837939262,/cluster/users/grad/2025/25t8103/project/data/flowedit_compatible_118/eval_masks/fe_193_parrots_2_origami_eval_mask.png,fixed_eval_mask,0.0,0.0,0.0,0.0,dece_rf_flux,dece_rf_flux,,0.011948492377996445,0.011948492377996445,31.79501774265313,0.02571870593916594,,/cluster/users/grad/2025/25t8103/project/outputs/flowedit118_dece_metric_runs/fe_193_parrots_2_origami/dece_rf_flux/seed_10/result.png,9.75235652923584,fe_193_parrots_2_origami/dece_rf_flux/seed_10,,10,/cluster/users/grad/2025/25t8103/project/_baselines/src/FlowEdit/Data/Images/parrots.png,0.02857406623661518,"Two colorful parrots sitting on a wooden stump or log. They are positioned close to each other, with one parrot on the left side and the other on the right side of the stump. The parrot''s wings have blue feathers and their body is yellow.",21.488987358718596,0.08424626039092409,0.9050480120984994,0.9050480120984994,"Two colorful origami parrots sitting on a wooden stump or log. They are positioned close to each other, with one origami parrot on the left side and the other on the right side of the stump. The origami parrot''s wings have blue feathers and their body is yellow.",fe_193_parrots_2_origami
0.0,0.0,0.0,0.0,0.0,0.0,0.0,0.0,0.0,0.0,31,0.968216061592102,0.02898024022579193,0.05886199325323105,5.886199325323105,0.7915840148925781,20.645684036806877,0.9148153066635132,0.9148153066635132,0.3394242823123932,0.8053848743438721,0.25954973697662354,0.3533349633216858,0.09378522634506226,0.3533349633216858,True,0.20841598510742188,0.8591382503509521,0.09378522634506226,0.15691757202148438,,,1.3232572590340188,0.0,0.15691757202148438,0.026230703780235808,0.07335267215967178,0.07335267215967178,17.13796801974006,0.1390277835287757,12.62393856048584,0.2127864956855774,0.31326594948768616,0.10047945380210876,0.31326594948768616,"176,87,512,512",0.095947265625,0.06437854468822479,/cluster/users/grad/2025/25t8103/project/data/flowedit_compatible_118/eval_masks/fe_193_parrots_2_origami_eval_mask.png,fixed_eval_mask,0.0,0.0,0.0,0.0,dece_rf_sd3,dece_rf_sd3,,0.029634876176714897,0.029634876176714897,20.68223936820937,0.09244598019501522,,/cluster/users/grad/2025/25t8103/project/outputs/flowedit118_dece_metric_runs/fe_193_parrots_2_origami/dece_rf_sd3/seed_10/result.png,9.540048599243164,fe_193_parrots_2_origami/dece_rf_sd3/seed_10,,10,/cluster/users/grad/2025/25t8103/project/_baselines/src/FlowEdit/Data/Images/parrots.png,0.036494966596364975,"Two colorful parrots sitting on a wooden stump or log. They are positioned close to each other, with one parrot on the left side and the other on the right side of the stump. The parrot''s wings have blue feathers and their body is yellow.",19.897755432017775,0.10118408957872652,0.877225492528475,0.877225492528475,"Two colorful origami parrots sitting on a wooden stump or log. They are positioned close to each other, with one origami parrot on the left side and the other on the right side of the stump. The origami parrot''s wings have blue feathers and their body is yellow.",fe_193_parrots_2_origami
0.0,0.0,0.0,0.0,0.0,0.0,0.0,0.0,0.0,0.0,31,0.9982733726501465,0.011512805707752705,0.013097988441586494,1.3097988441586494,0.7915840148925781,33.39058943913773,0.9742226004600525,0.9742226004600525,0.13451963663101196,0.8630185723304749,0.2962370216846466,0.2931426763534546,-0.0030943453311920166,0.2931426763534546,True,0.20841598510742188,0.9314770698547363,-0.0030943453311920166,0.15691757202148438,,,1.1963833169157994,0.0,0.15691757202148438,0.07713625866050808,0.12066959589719772,0.12066959589719772,13.659635762967978,0.20750005294040785,11.238731384277344,0.277271032333374,0.2967289984226227,0.019457966089248657,0.2967289984226227,"176,87,512,512",0.08309081941843033,0.02013097144663334,/cluster/users/grad/2025/25t8103/project/data/flowedit_compatible_118/eval_masks/fe_194_parrots_3_sculpture_eval_mask.png,fixed_eval_mask,0.0,0.0,0.0,0.0,dece_rf_flux,dece_rf_flux,,0.012612327001988888,0.012612327001988888,31.59948722463378,0.02630423275522209,,/cluster/users/grad/2025/25t8103/project/outputs/flowedit118_dece_metric_runs/fe_194_parrots_3_sculpture/dece_rf_flux/seed_10/result.png,9.393921852111816,fe_194_parrots_3_sculpture/dece_rf_flux/seed_10,,10,/cluster/users/grad/2025/25t8103/project/_baselines/src/FlowEdit/Data/Images/parrots.png,0.029568413272500038,"Two colorful parrots sitting on a wooden stump or log. They are positioned close to each other, with one parrot on the left side and the other on the right side of the stump. The parrot''s wings have blue feathers and their body is yellow.",21.343261471800062,0.08567160958000783,0.9039260039330471,0.9039260039330471,"A sculpture of two colorful parrots sitting on a wooden stump or log. They are positioned close to each other, with one parrot on the left side and the other on the right side of the stump. The parrot''s wings have blue feathers and their body is yellow.",fe_194_parrots_3_sculpture
0.0,0.0,0.0,0.0,0.0,0.0,0.0,0.0,0.0,0.0,31,0.9779155254364014,0.03211866319179535,0.08506814390420914,8.506814390420914,0.7915840148925781,20.19669764033371,0.9059829711914062,0.9059829711914062,0.061110708862543106,0.9658545255661011,0.2889052629470825,0.26561567187309265,-0.023289591073989868,0.26561567187309265,True,0.20841598510742188,0.9378265142440796,-0.023289591073989868,0.15691757202148438,,,0.9104036431863207,0.0,0.15691757202148438,0.035833232040841136,0.08955947309732437,0.08955947309732437,14.667872149785595,0.1847593358846606,12.6631441116333,0.27446219325065613,0.25396955013275146,-0.020492643117904663,0.25396955013275146,"176,87,512,512",0.1324009895324707,0.10127691924571991,/cluster/users/grad/2025/25t8103/project/data/flowedit_compatible_118/eval_masks/fe_194_parrots_3_sculpture_eval_mask.png,fixed_eval_mask,0.0,0.0,0.0,0.0,dece_rf_sd3,dece_rf_sd3,,0.03460588678717613,0.03460588678717613,19.85604319064797,0.10167117448474275,,/cluster/users/grad/2025/25t8103/project/outputs/flowedit118_dece_metric_runs/fe_194_parrots_3_sculpture/dece_rf_sd3/seed_10/result.png,13.90937328338623,fe_194_parrots_3_sculpture/dece_rf_sd3/seed_10,,10,/cluster/users/grad/2025/25t8103/project/_baselines/src/FlowEdit/Data/Images/parrots.png,0.04322907328605652,"Two colorful parrots sitting on a wooden stump or log. They are positioned close to each other, with one parrot on the left side and the other on the right side of the stump. The parrot''s wings have blue feathers and their body is yellow.",18.51659405971717,0.11862338069744124,0.8666526602320314,0.8666526602320314,"A sculpture of two colorful parrots sitting on a wooden stump or log. They are positioned close to each other, with one parrot on the left side and the other on the right side of the stump. The parrot''s wings have blue feathers and their body is yellow.",fe_194_parrots_3_sculpture
0.0,0.0,0.0,0.0,0.0,0.0,0.0,0.0,0.0,0.0,31,0.9549800157546997,0.043482113629579544,0.10186084359884262,10.186084359884262,0.7816925048828125,22.927719168727872,0.8231383562088013,0.8231383562088013,-0.023383472114801407,0.8918070793151855,0.3278750777244568,0.32190197706222534,-0.005973100662231445,0.32190197706222534,True,0.2183074951171875,0.8923197984695435,-0.005973100662231445,0.17243194580078125,,,0.9885599578992311,0.0,0.17243194580078125,0.05891332241936197,0.08809195458889008,0.08809195458889008,16.891985587833197,0.14302129978327063,16.216144561767578,0.31494081020355225,0.3050432801246643,-0.00989753007888794,0.3050432801246643,"0,8,338,365",0.17547385394573212,0.11811824887990952,/cluster/users/grad/2025/25t8103/project/data/flowedit_compatible_118/eval_masks/fe_195_parrots2_1_crown_eval_mask.png,fixed_eval_mask,0.0,0.0,0.0,0.0,dece_rf_flux,dece_rf_flux,,0.04523642361164093,0.04523642361164093,22.556784589468307,0.07450077156453018,,/cluster/users/grad/2025/25t8103/project/outputs/flowedit118_dece_metric_runs/fe_195_parrots2_1_crown/dece_rf_flux/seed_10/result.png,16.403804779052734,fe_195_parrots2_1_crown/dece_rf_flux/seed_10,,10,/cluster/users/grad/2025/25t8103/project/_baselines/src/FlowEdit/Data/Images/parrots2.png,0.05262608453631401,"Two colorful parrots perched on a rocky surface. The parrots are positioned close to each other, with one parrot on the left side and the other on the right side of the rock. The parrot colors are predominantly red.",20.904216862693964,0.09011335452410532,0.7919744510184534,0.7919744510184534,"Two colorful parrots perched on a rocky surface. Both parrots have a crown on their head. The birds are positioned close to each other, with one parrot on the left side and the other on the right side of the rock. The parrot colors are predominantly red.",fe_195_parrots2_1_crown
0.0,0.0,0.0,0.0,0.0,0.0,0.0,0.0,0.0,0.0,31,0.9209291934967041,0.09754599630832672,0.2621743679046631,26.21743679046631,0.7816925048828125,15.23346815116708,0.6378898620605469,0.6378898620605469,0.05429016798734665,0.93546462059021,0.28996723890304565,0.2913951575756073,0.0014279186725616455,0.2913951575756073,True,0.2183074951171875,0.898746132850647,0.0014279186725616455,0.17243194580078125,,,1.0858308065899662,0.0,0.17243194580078125,0.06519623025529844,0.16008079051971436,0.16008079051971436,12.648782127006102,0.23310999424428516,16.10895347595215,0.27237918972969055,0.2745967507362366,0.0022175610065460205,0.2745967507362366,"0,8,338,365",0.35015761852264404,0.2849605679512024,/cluster/users/grad/2025/25t8103/project/data/flowedit_compatible_118/eval_masks/fe_195_parrots2_1_crown_eval_mask.png,fixed_eval_mask,0.0,0.0,0.0,0.0,dece_rf_sd3,dece_rf_sd3,,0.10158608853816986,0.10158608853816986,14.987697441629454,0.1780799921795909,,/cluster/users/grad/2025/25t8103/project/outputs/flowedit118_dece_metric_runs/fe_195_parrots2_1_crown/dece_rf_sd3/seed_10/result.png,14.835601806640625,fe_195_parrots2_1_crown/dece_rf_sd3/seed_10,,10,/cluster/users/grad/2025/25t8103/project/_baselines/src/FlowEdit/Data/Images/parrots2.png,0.11167246103286743,"Two colorful parrots perched on a rocky surface. The parrots are positioned close to each other, with one parrot on the left side and the other on the right side of the rock. The parrot colors are predominantly red.",14.483762623881649,0.18871736708600378,0.5989251106329043,0.5989251106329043,"Two colorful parrots perched on a rocky surface. Both parrots have a crown on their head. The birds are positioned close to each other, with one parrot on the left side and the other on the right side of the rock. The parrot colors are predominantly red.",fe_195_parrots2_1_crown
0.0,0.0,0.0,0.0,0.0,0.0,0.0,0.0,0.0,0.0,31,0.9997586607933044,0.010105921886861324,0.005400041118264198,0.5400041118264198,0.4398460388183594,36.97560269212533,0.9737969636917114,0.9737969636917114,0.14208225905895233,0.9939547777175903,0.2902989089488983,0.25699537992477417,-0.033303529024124146,0.25699537992477417,True,0.5601539611816406,0.9891395568847656,-0.033303529024124146,0.4732933044433594,,,1.1832596338803378,0.0,0.4732933044433594,0.03287633693610916,0.030844438821077347,0.030844438821077347,21.549975560620855,0.08365679495932854,9.65207290649414,0.28589189052581787,0.2518702745437622,-0.034021615982055664,0.2518702745437622,"36,0,512,512",0.05012870207428932,0.008546949364244938,/cluster/users/grad/2025/25t8103/project/data/flowedit_compatible_118/eval_masks/fe_196_penguins_1_origami_eval_mask.png,fixed_eval_mask,0.0,0.0,0.0,0.0,dece_rf_flux,dece_rf_flux,,0.01058975700289011,0.01058975700289011,35.88429802035926,0.01606146290379731,,/cluster/users/grad/2025/25t8103/project/outputs/flowedit118_dece_metric_runs/fe_196_penguins_1_origami/dece_rf_flux/seed_10/result.png,8.15718936920166,fe_196_penguins_1_origami/dece_rf_flux/seed_10,,10,/cluster/users/grad/2025/25t8103/project/_baselines/src/FlowEdit/Data/Images/penguins.png,0.02017616294324398,"Two penguins standing in a lake. They are positioned close to each other, with one penguin on the left side and the other on the right side of the picture.",24.62407617878478,0.05872137158456041,0.9375971150129473,0.9375971150129473,"Two origami penguins standing in a lake. They are positioned close to each other, with one origami penguin on the left side and the other on the right side of the picture.",fe_196_penguins_1_origami
0.0,0.0,0.0,0.0,0.0,0.0,0.0,0.0,0.0,0.0,31,0.995202898979187,0.012966709211468697,0.010411953553557396,1.0411953553557396,0.4398460388183594,31.57784254632268,0.9523639678955078,0.9523639678955078,0.04609587788581848,0.9809805750846863,0.28486356139183044,0.24722033739089966,-0.037643224000930786,0.24722033739089966,True,0.5601539611816406,0.9715782403945923,-0.037643224000930786,0.4732933044433594,,,1.2226480177562773,0.0,0.4732933044433594,0.015555609288230127,0.0352061428129673,0.0352061428129673,20.943262652784075,0.0897091759513156,9.113317489624023,0.28501376509666443,0.25129812955856323,-0.033715635538101196,0.25129812955856323,"36,0,512,512",0.053943030536174774,0.014254651963710785,/cluster/users/grad/2025/25t8103/project/data/flowedit_compatible_118/eval_masks/fe_196_penguins_1_origami_eval_mask.png,fixed_eval_mask,0.0,0.0,0.0,0.0,dece_rf_sd3,dece_rf_sd3,,0.013797826133668423,0.013797826133668423,30.13254069815354,0.031143897766678606,,/cluster/users/grad/2025/25t8103/project/outputs/flowedit118_dece_metric_runs/fe_196_penguins_1_origami/dece_rf_sd3/seed_10/result.png,7.45375394821167,fe_196_penguins_1_origami/dece_rf_sd3/seed_10,,10,/cluster/users/grad/2025/25t8103/project/_baselines/src/FlowEdit/Data/Images/penguins.png,0.02393023669719696,"Two penguins standing in a lake. They are positioned close to each other, with one penguin on the left side and the other on the right side of the picture.",23.64534808532712,0.06572530282007216,0.9120808251953542,0.9120808251953542,"Two origami penguins standing in a lake. They are positioned close to each other, with one origami penguin on the left side and the other on the right side of the picture.",fe_196_penguins_1_origami
0.0,0.0,0.0,0.0,0.0,0.0,0.0,0.0,0.0,0.0,31,0.996371328830719,0.018514161929488182,0.02524169348180294,2.524169348180294,0.4398460388183594,26.89960119319987,0.9401628971099854,0.9401628971099854,0.13764677941799164,0.939234733581543,0.28074127435684204,0.27092692255973816,-0.009814351797103882,0.27092692255973816,True,0.5601539611816406,0.9846396446228027,-0.009814351797103882,0.4732933044433594,,,1.1926448798446205,0.0,0.4732933044433594,0.05551659936649177,0.0328458696603775,0.0328458696603775,21.188366496221214,0.08721309023545029,9.681290626525879,0.29178687930107117,0.2728348970413208,-0.018951982259750366,0.2728348970413208,"36,0,512,512",0.0664852187037468,0.028753457590937614,/cluster/users/grad/2025/25t8103/project/data/flowedit_compatible_118/eval_masks/fe_197_penguins_2_sculpture_eval_mask.png,fixed_eval_mask,0.0,0.0,0.0,0.0,dece_rf_flux,dece_rf_flux,,0.01848571188747883,0.01848571188747883,27.000465958670215,0.04466596302404855,,/cluster/users/grad/2025/25t8103/project/outputs/flowedit118_dece_metric_runs/fe_197_penguins_2_sculpture/dece_rf_flux/seed_10/result.png,8.117496490478516,fe_197_penguins_2_sculpture/dece_rf_flux/seed_10,,10,/cluster/users/grad/2025/25t8103/project/_baselines/src/FlowEdit/Data/Images/penguins.png,0.025282278656959534,"Two penguins standing in a lake. They are positioned close to each other, with one penguin on the left side and the other on the right side of the picture.",23.324785957394546,0.06819628265530724,0.9215258483869718,0.9215258483869718,"A sculpture of two penguins standing in a lake. They are positioned close to each other, with one penguin on the left side and the other on the right side of the picture.",fe_197_penguins_2_sculpture
0.0,0.0,0.0,0.0,0.0,0.0,0.0,0.0,0.0,0.0,31,0.9965345859527588,0.011852577328681946,0.008481832221150398,0.8481832221150398,0.4398460388183594,34.75732125211084,0.9551634192466736,0.9551634192466736,0.09848056733608246,0.9923274517059326,0.2888162136077881,0.26172345876693726,-0.02709275484085083,0.26172345876693726,True,0.5601539611816406,0.9807019233703613,-0.02709275484085083,0.4732933044433594,,,1.2158090795389245,0.0,0.4732933044433594,0.02730694521685164,0.029744813218712807,0.029744813218712807,22.399413678060796,0.07586287828737837,9.00403118133545,0.28592443466186523,0.26149141788482666,-0.024433016777038574,0.26149141788482666,"36,0,512,512",0.046961501240730286,0.01087208092212677,/cluster/users/grad/2025/25t8103/project/data/flowedit_compatible_118/eval_masks/fe_197_penguins_2_sculpture_eval_mask.png,fixed_eval_mask,0.0,0.0,0.0,0.0,dece_rf_sd3,dece_rf_sd3,,0.012336489744484425,0.012336489744484425,33.759538836486165,0.020512710849144966,,/cluster/users/grad/2025/25t8103/project/outputs/flowedit118_dece_metric_runs/fe_197_penguins_2_sculpture/dece_rf_sd3/seed_10/result.png,7.4057936668396,fe_197_penguins_2_sculpture/dece_rf_sd3/seed_10,,10,/cluster/users/grad/2025/25t8103/project/_baselines/src/FlowEdit/Data/Images/penguins.png,0.02057573013007641,"Two penguins standing in a lake. They are positioned close to each other, with one penguin on the left side and the other on the right side of the picture.",25.308395369468055,0.05427255051331329,0.9195877740041971,0.9195877740041971,"A sculpture of two penguins standing in a lake. They are positioned close to each other, with one penguin on the left side and the other on the right side of the picture.",fe_197_penguins_2_sculpture
0.0,0.0,0.0,0.0,0.0,0.0,0.0,0.0,0.0,0.0,31,1.0,0.001028520753607154,8.152042573783547e-05,0.008152042573783547,0.07379531860351562,53.36246093176585,0.9987521171569824,0.9987521171569824,0.33906468749046326,0.8621463775634766,0.19093254208564758,0.2548663914203644,0.0639338493347168,0.2548663914203644,True,0.9262046813964844,0.9462175369262695,0.0639338493347168,0.8500022888183594,,,1.9106803144013604,0.0,0.8500022888183594,0.0,0.10348769277334213,0.10348769277334213,15.14394772097611,0.1749051567204998,5.37461519241333,0.19093254208564758,0.2548663914203644,0.0639338493347168,0.2548663914203644,"0,0,512,512",0.25015878677368164,0.00024632629356347024,/cluster/users/grad/2025/25t8103/project/data/flowedit_compatible_118/eval_masks/fe_199_piece_of_cake_2_red_velvet_cake_eval_mask.png,fixed_eval_mask,0.0,0.0,0.0,0.0,dece_rf_flux,dece_rf_flux,,0.0009051359375007451,0.0009051359375007451,53.99374505935522,0.0019966996740223997,,/cluster/users/grad/2025/25t8103/project/outputs/flowedit118_dece_metric_runs/fe_199_piece_of_cake_2_red_velvet_cake/dece_rf_flux/seed_10/result.png,2.8129327297210693,fe_199_piece_of_cake_2_red_velvet_cake/dece_rf_flux/seed_10,,10,/cluster/users/grad/2025/25t8103/project/_baselines/src/FlowEdit/Data/Images/piece_of_cake.png,0.08810052275657654,"A delicious chocolate cake with chocolate frosting, sitting on a dining table.",15.849646394014467,0.1612566674225417,0.8877558515709704,0.8877558515709704,"A delicious red velvet cake with white frosting, sitting on a dining table.",fe_199_piece_of_cake_2_red_velvet_cake
0.0,0.0,0.0,0.0,0.0,0.0,0.0,0.0,0.0,0.0,31,1.0,0.000605854787863791,2.120134377037175e-05,0.002120134377037175,0.07379531860351562,56.203137777234076,0.9991451501846313,0.9991451501846313,0.29257598519325256,0.8363937735557556,0.20254364609718323,0.25854921340942383,0.0560055673122406,0.25854921340942383,True,0.9262046813964844,0.8434817790985107,0.0560055673122406,0.8500022888183594,,,2.348087598352079,0.0,0.8500022888183594,2.6927202308558813e-05,0.10316948592662811,0.10316948592662811,14.962534960697617,0.17859662678588464,6.7898664474487305,0.20254364609718323,0.25854921340942383,0.0560055673122406,0.25854921340942383,"0,0,512,512",0.41179096698760986,6.034346733940765e-05,/cluster/users/grad/2025/25t8103/project/data/flowedit_compatible_118/eval_masks/fe_199_piece_of_cake_2_red_velvet_cake_eval_mask.png,fixed_eval_mask,0.0,0.0,0.0,0.0,dece_rf_sd3,dece_rf_sd3,,0.0005667778896167874,0.0005667778896167874,56.4982821694936,0.001496531599693075,,/cluster/users/grad/2025/25t8103/project/outputs/flowedit118_dece_metric_runs/fe_199_piece_of_cake_2_red_velvet_cake/dece_rf_sd3/seed_10/result.png,2.891658067703247,fe_199_piece_of_cake_2_red_velvet_cake/dece_rf_sd3/seed_10,,10,/cluster/users/grad/2025/25t8103/project/_baselines/src/FlowEdit/Data/Images/piece_of_cake.png,0.08777930587530136,"A delicious chocolate cake with chocolate frosting, sitting on a dining table.",15.668279765218546,0.16465920405182355,0.6949043305924074,0.6949043305924074,"A delicious red velvet cake with white frosting, sitting on a dining table.",fe_199_piece_of_cake_2_red_velvet_cake
0.0,0.0,0.0,0.0,0.0,0.0,0.0,0.0,0.0,0.0,31,0.9999672174453735,0.011810856871306896,0.0017062886618077755,0.17062886618077755,0.2227935791015625,34.93964305692363,0.971683919429779,0.971683919429779,0.18544194102287292,0.8468687534332275,0.2881980240345001,0.30515584349632263,0.01695781946182251,0.30515584349632263,True,0.7772064208984375,0.46417105197906494,0.01695781946182251,0.6814956665039062,,,1.0450824695744247,0.0,0.6814956665039062,0.014318499860061572,0.06183305382728577,0.06183305382728577,17.58762764996456,0.1320135827066259,10.139372825622559,0.2881980240345001,0.30515584349632263,0.01695781946182251,0.30515584349632263,"0,0,512,512",0.1587897688150406,0.0027614724822342396,/cluster/users/grad/2025/25t8103/project/data/flowedit_compatible_118/eval_masks/fe_213_rabbit_1_sculpture_eval_mask.png,fixed_eval_mask,0.0,0.0,0.0,0.0,dece_rf_flux,dece_rf_flux,,0.012693206779658794,0.012693206779658794,33.99006849974316,0.019975450150926485,,/cluster/users/grad/2025/25t8103/project/outputs/flowedit118_dece_metric_runs/fe_213_rabbit_1_sculpture/dece_rf_flux/seed_10/result.png,9.701983451843262,fe_213_rabbit_1_sculpture/dece_rf_flux/seed_10,,10,/cluster/users/grad/2025/25t8103/project/_baselines/src/FlowEdit/Data/Images/rabbit.png,0.0461818091571331,A small brown and white rabbit sitting in a grassy field. The rabbit is surrounded by a variety of white flowers.,19.20677175661881,0.10956236849595799,0.8456041301720207,0.8456041301720207,A small sculpture of a rabbit sitting in a grassy field. The rabbit is surrounded by a variety of white flowers.,fe_213_rabbit_1_sculpture
0.0,0.0,0.0,0.0,0.0,0.0,0.0,0.0,0.0,0.0,31,0.9999254941940308,0.014562995173037052,0.0029622972942888737,0.29622972942888737,0.2227935791015625,33.19462264668693,0.9506826996803284,0.9506826996803284,-0.049867309629917145,0.9965704679489136,0.3109728693962097,0.26527702808380127,-0.04569584131240845,0.26527702808380127,True,0.7772064208984375,0.9915876388549805,-0.04569584131240845,0.6814956665039062,,,1.0518183659500762,0.0,0.6814956665039062,0.010663308144416456,0.022204330191016197,0.022204330191016197,28.95766343591289,0.03565470341325543,9.766209602355957,0.3109728693962097,0.26527702808380127,-0.04569584131240845,0.26527702808380127,"0,0,512,512",0.02845107577741146,0.004744016565382481,/cluster/users/grad/2025/25t8103/project/data/flowedit_compatible_118/eval_masks/fe_213_rabbit_1_sculpture_eval_mask.png,fixed_eval_mask,0.0,0.0,0.0,0.0,dece_rf_sd3,dece_rf_sd3,,0.015483326278626919,0.015483326278626919,32.423466662113945,0.023923607406342362,,/cluster/users/grad/2025/25t8103/project/outputs/flowedit118_dece_metric_runs/fe_213_rabbit_1_sculpture/dece_rf_sd3/seed_10/result.png,9.285072326660156,fe_213_rabbit_1_sculpture/dece_rf_sd3/seed_10,,10,/cluster/users/grad/2025/25t8103/project/_baselines/src/FlowEdit/Data/Images/rabbit.png,0.02006366290152073,A small brown and white rabbit sitting in a grassy field. The rabbit is surrounded by a variety of white flowers.,29.79369820175295,0.03238285162190558,0.9219326821680361,0.9219326821680361,A small sculpture of a rabbit sitting in a grassy field. The rabbit is surrounded by a variety of white flowers.,fe_213_rabbit_1_sculpture
0.0,0.0,0.0,0.0,0.0,0.0,0.0,0.0,0.0,0.0,31,0.993324875831604,0.00796383898705244,0.0160573311150074,1.60573311150074,0.4715919494628906,33.3418996892648,0.9847078919410706,0.9847078919410706,0.305356502532959,0.9034238457679749,0.22049519419670105,0.30297455191612244,0.08247935771942139,0.30297455191612244,True,0.5284080505371094,0.577907919883728,0.08247935771942139,0.46120452880859375,,,2.3695332847355575,0.0,0.46120452880859375,0.062182594167176725,0.07906680554151535,0.07906680554151535,16.24410888158646,0.15409713202079853,6.077459812164307,0.22049519419670105,0.30297455191612244,0.08247935771942139,0.30297455191612244,"0,0,512,512",0.18206363916397095,0.01810186728835106,/cluster/users/grad/2025/25t8103/project/data/flowedit_compatible_118/eval_masks/fe_221_rocks_6_colorful_wooden_blocks_eval_mask.png,fixed_eval_mask,0.0,0.0,0.0,0.0,dece_rf_flux,dece_rf_flux,,0.008803294971585274,0.008803294971585274,32.14048624075632,0.024715857804469034,,/cluster/users/grad/2025/25t8103/project/outputs/flowedit118_dece_metric_runs/fe_221_rocks_6_colorful_wooden_blocks/dece_rf_flux/seed_10/result.png,2.5648341178894043,fe_221_rocks_6_colorful_wooden_blocks/dece_rf_flux/seed_10,,10,/cluster/users/grad/2025/25t8103/project/_baselines/src/FlowEdit/Data/Images/rocks.png,0.0412091426551342,"A stack of gray rocks, laying on top of each other on a brown and gray beach. The rocks are arranged in a pyramid shape, creating an impressive and natural display. The brown and gray beach setting provides a serene and picturesque backdrop for this unique rock formation.",19.47657654001938,0.10621140967822157,0.8624574210477113,0.8624574210477113,"A stack of colorful wooden blocks, laying on top of each other on a brown and gray beach. The colorful wooden blocks are arranged in a pyramid shape, creating an impressive and natural display. The brown and gray beach setting provides a serene and picturesque backdrop for this unique colorful wooden blocks formation.",fe_221_rocks_6_colorful_wooden_blocks
0.0,0.0,0.0,0.0,0.0,0.0,0.0,0.0,0.0,0.0,31,0.9989495277404785,0.0062006316147744656,0.003973506856709719,0.39735068567097187,0.4715919494628906,42.36121261666571,0.9923056960105896,0.9923056960105896,0.3228248059749603,0.9379444122314453,0.22960011661052704,0.2959606945514679,0.06636057794094086,0.2959606945514679,True,0.5284080505371094,0.7744666337966919,0.06636057794094086,0.46120452880859375,,,2.3039923466115573,0.0,0.46120452880859375,0.09669815222246117,0.0780595913529396,0.0780595913529396,15.498967748447313,0.16790035429961736,5.8027873039245605,0.22960011661052704,0.2959606945514679,0.06636057794094086,0.2959606945514679,"0,0,512,512",0.14864487946033478,0.00479233730584383,/cluster/users/grad/2025/25t8103/project/data/flowedit_compatible_118/eval_masks/fe_221_rocks_6_colorful_wooden_blocks_eval_mask.png,fixed_eval_mask,0.0,0.0,0.0,0.0,dece_rf_sd3,dece_rf_sd3,,0.006159769371151924,0.006159769371151924,42.3927667355245,0.007592095514602926,,/cluster/users/grad/2025/25t8103/project/outputs/flowedit118_dece_metric_runs/fe_221_rocks_6_colorful_wooden_blocks/dece_rf_sd3/seed_10/result.png,2.5185792446136475,fe_221_rocks_6_colorful_wooden_blocks/dece_rf_sd3/seed_10,,10,/cluster/users/grad/2025/25t8103/project/_baselines/src/FlowEdit/Data/Images/rocks.png,0.039320286363363266,"A stack of gray rocks, laying on top of each other on a brown and gray beach. The rocks are arranged in a pyramid shape, creating an impressive and natural display. The brown and gray beach setting provides a serene and picturesque backdrop for this unique rock formation.",18.849671866035838,0.11416064312050331,0.8724871610252509,0.8724871610252509,"A stack of colorful wooden blocks, laying on top of each other on a brown and gray beach. The colorful wooden blocks are arranged in a pyramid shape, creating an impressive and natural display. The brown and gray beach setting provides a serene and picturesque backdrop for this unique colorful wooden blocks formation.",fe_221_rocks_6_colorful_wooden_blocks
0.0,0.0,0.0,0.0,0.0,0.0,0.0,0.0,0.0,0.0,31,0.9999999403953552,0.014754795469343662,0.00027141530881635845,0.027141530881635845,0.033260345458984375,32.83619477359704,0.9475829601287842,0.9475829601287842,0.07683119177818298,0.9801737070083618,0.3383486270904541,0.2668374180793762,-0.07151120901107788,0.2668374180793762,True,0.9667396545410156,0.9873008131980896,-0.07151120901107788,0.9206466674804688,,,0.6890130015407987,0.0,0.9206466674804688,0.6503178062666258,0.02750062756240368,0.02750062756240368,23.180584393065963,0.06933791533859474,8.316459655761719,0.3383486270904541,0.2668374180793762,-0.07151120901107788,0.2668374180793762,"0,0,512,512",0.04404769092798233,0.0008660779567435384,/cluster/users/grad/2025/25t8103/project/data/flowedit_compatible_118/eval_masks/fe_222_sign_1_cvpr_eval_mask.png,fixed_eval_mask,0.0,0.0,0.0,0.0,dece_rf_flux,dece_rf_flux,,0.01565403863787651,0.01565403863787651,32.778951062591375,0.02296425955532703,,/cluster/users/grad/2025/25t8103/project/outputs/flowedit118_dece_metric_runs/fe_222_sign_1_cvpr/dece_rf_flux/seed_10/result.png,12.07010555267334,fe_222_sign_1_cvpr/dece_rf_flux/seed_10,,10,/cluster/users/grad/2025/25t8103/project/_baselines/src/FlowEdit/Data/Images/sign.png,0.02656056173145771,"A large white billboard with a bold message written in black letters. The message reads, ""LOVE IS ALL YOU NEED."" The billboard is prominently displayed in the scene, capturing the viewer''s attention.",23.49878640320419,0.06684373054352521,0.9305377403011639,0.9305377403011639,"A large white billboard with a bold message written in black letters. The message reads, ""CVPR IS ALL YOU NEED."" The billboard is prominently displayed in the scene, capturing the viewer''s attention.",fe_222_sign_1_cvpr
0.0,0.0,0.0,0.0,0.0,0.0,0.0,0.0,0.0,0.0,31,0.9999999403953552,0.01830904930830002,0.0004575012135319412,0.04575012135319412,0.033260345458984375,31.402324295796433,0.9177790880203247,0.9177790880203247,0.32933902740478516,0.7296286821365356,0.2779514789581299,0.37873637676239014,0.10078489780426025,0.37873637676239014,True,0.9667396545410156,0.9710102081298828,0.10078489780426025,0.9206466674804688,,,0.6872885370158768,0.0,0.9206466674804688,0.7205625212354253,0.036180272698402405,0.036180272698402405,20.070117475010356,0.09919599230784897,7.944066047668457,0.2779514789581299,0.37873637676239014,0.10078489780426025,0.37873637676239014,"0,0,512,512",0.08047502487897873,0.0013038507895544171,/cluster/users/grad/2025/25t8103/project/data/flowedit_compatible_118/eval_masks/fe_222_sign_1_cvpr_eval_mask.png,fixed_eval_mask,0.0,0.0,0.0,0.0,dece_rf_sd3,dece_rf_sd3,,0.019533753395080566,0.019533753395080566,31.15107309065824,0.02769786827127678,,/cluster/users/grad/2025/25t8103/project/outputs/flowedit118_dece_metric_runs/fe_222_sign_1_cvpr/dece_rf_sd3/seed_10/result.png,11.558560371398926,fe_222_sign_1_cvpr/dece_rf_sd3/seed_10,,10,/cluster/users/grad/2025/25t8103/project/_baselines/src/FlowEdit/Data/Images/sign.png,0.0348593145608902,"A large white billboard with a bold message written in black letters. The message reads, ""LOVE IS ALL YOU NEED."" The billboard is prominently displayed in the scene, capturing the viewer''s attention.",20.400101037908726,0.09549814772120271,0.906229508960498,0.906229508960498,"A large white billboard with a bold message written in black letters. The message reads, ""CVPR IS ALL YOU NEED."" The billboard is prominently displayed in the scene, capturing the viewer''s attention.",fe_222_sign_1_cvpr
0.0,0.0,0.0,0.0,0.0,0.0,0.0,0.0,0.0,0.0,31,0.9999999403953552,0.015101419761776924,0.00025031715631484985,0.025031715631484985,0.033260345458984375,32.83317368904713,0.9478011131286621,0.9478011131286621,0.013647984713315964,0.988082766532898,0.3451120853424072,0.26528406143188477,-0.07982802391052246,0.26528406143188477,True,0.9667396545410156,0.991094708442688,-0.07982802391052246,0.9206466674804688,,,0.7060995184204364,0.0,0.9206466674804688,0.6490581829934284,0.02185768261551857,0.02185768261551857,22.16080507715573,0.07797578330319985,8.393528938293457,0.3451120853424072,0.26528406143188477,-0.07982802391052246,0.26528406143188477,"0,0,512,512",0.026443567126989365,0.0008117450051940978,/cluster/users/grad/2025/25t8103/project/data/flowedit_compatible_118/eval_masks/fe_223_sign_2_eccv_eval_mask.png,fixed_eval_mask,0.0,0.0,0.0,0.0,dece_rf_flux,dece_rf_flux,,0.01596785895526409,0.01596785895526409,32.75967817783626,0.02301527090044645,,/cluster/users/grad/2025/25t8103/project/outputs/flowedit118_dece_metric_runs/fe_223_sign_2_eccv/dece_rf_flux/seed_10/result.png,11.887175559997559,fe_223_sign_2_eccv/dece_rf_flux/seed_10,,10,/cluster/users/grad/2025/25t8103/project/_baselines/src/FlowEdit/Data/Images/sign.png,0.021390296518802643,"A large white billboard with a bold message written in black letters. The message reads, ""LOVE IS ALL YOU NEED."" The billboard is prominently displayed in the scene, capturing the viewer''s attention.",22.487386734315567,0.07509839636707079,0.9500715844393001,0.9500715844393001,"A large white billboard with a bold message written in black letters. The message reads, ""ECCV IS ALL YOU NEED."" The billboard is prominently displayed in the scene, capturing the viewer''s attention.",fe_223_sign_2_eccv
0.0,0.0,0.0,0.0,0.0,0.0,0.0,0.0,0.0,0.0,31,0.9999999403953552,0.018282361328601837,0.0004554091428872198,0.04554091428872198,0.033260345458984375,31.404349418064868,0.9176571369171143,0.9176571369171143,0.04770997539162636,0.9320725202560425,0.34936195611953735,0.27440473437309265,-0.0749572217464447,0.27440473437309265,True,0.9667396545410156,0.962234616279602,-0.0749572217464447,0.9206466674804688,,,0.6828728769102859,0.0,0.9206466674804688,0.7260485120700085,0.031994666904211044,0.031994666904211044,20.900715719118274,0.09014968510167848,7.895509243011475,0.34936195611953735,0.27440473437309265,-0.0749572217464447,0.27440473437309265,"0,0,512,512",0.07762056589126587,0.0013096771435812116,/cluster/users/grad/2025/25t8103/project/data/flowedit_compatible_118/eval_masks/fe_223_sign_2_eccv_eval_mask.png,fixed_eval_mask,0.0,0.0,0.0,0.0,dece_rf_sd3,dece_rf_sd3,,0.019551411271095276,0.019551411271095276,31.14457634318031,0.027718593076317646,,/cluster/users/grad/2025/25t8103/project/outputs/flowedit118_dece_metric_runs/fe_223_sign_2_eccv/dece_rf_sd3/seed_10/result.png,11.56219482421875,fe_223_sign_2_eccv/dece_rf_sd3/seed_10,,10,/cluster/users/grad/2025/25t8103/project/_baselines/src/FlowEdit/Data/Images/sign.png,0.031007250770926476,"A large white billboard with a bold message written in black letters. The message reads, ""LOVE IS ALL YOU NEED."" The billboard is prominently displayed in the scene, capturing the viewer''s attention.",21.224542074103816,0.08685061464155339,0.9118478084094958,0.9118478084094958,"A large white billboard with a bold message written in black letters. The message reads, ""ECCV IS ALL YOU NEED."" The billboard is prominently displayed in the scene, capturing the viewer''s attention.",fe_223_sign_2_eccv
0.0,0.0,0.0,0.0,0.0,0.0,0.0,0.0,0.0,0.0,31,0.9999999403953552,0.014704719185829163,0.0002822399546857923,0.028223995468579233,0.033260345458984375,32.87860371775579,0.948136568069458,0.948136568069458,0.3152053654193878,0.6402542591094971,0.32437410950660706,0.4189440906047821,0.09456998109817505,0.4189440906047821,True,0.9667396545410156,0.9676855206489563,0.09456998109817505,0.9206466674804688,,,0.6822956369026546,0.0,0.9206466674804688,0.6447530889774676,0.03663713112473488,0.03663713112473488,21.16795190594006,0.08741830967680218,8.281641006469727,0.32437410950660706,0.4189440906047821,0.09456998109817505,0.4189440906047821,"0,0,512,512",0.09222374856472015,0.0008687743102200329,/cluster/users/grad/2025/25t8103/project/data/flowedit_compatible_118/eval_masks/fe_224_sign_3_iccv_eval_mask.png,fixed_eval_mask,0.0,0.0,0.0,0.0,dece_rf_flux,dece_rf_flux,,0.015586172230541706,0.015586172230541706,32.822095442728845,0.02285047476576099,,/cluster/users/grad/2025/25t8103/project/outputs/flowedit118_dece_metric_runs/fe_224_sign_3_iccv/dece_rf_flux/seed_10/result.png,12.137907028198242,fe_224_sign_3_iccv/dece_rf_flux/seed_10,,10,/cluster/users/grad/2025/25t8103/project/_baselines/src/FlowEdit/Data/Images/sign.png,0.034966666251420975,"A large white billboard with a bold message written in black letters. The message reads, ""LOVE IS ALL YOU NEED."" The billboard is prominently displayed in the scene, capturing the viewer''s attention.",21.50152083952441,0.08412478320407707,0.9052424734273864,0.9052424734273864,"A large white billboard with a bold message written in black letters. The message reads, ""ICCV IS ALL YOU NEED."" The billboard is prominently displayed in the scene, capturing the viewer''s attention.",fe_224_sign_3_iccv
0.0,0.0,0.0,0.0,0.0,0.0,0.0,0.0,0.0,0.0,31,0.9999999403953552,0.01826872117817402,0.0004533192259259522,0.04533192259259522,0.033260345458984375,31.412559801376005,0.9177833199501038,0.9177833199501038,0.06740890443325043,0.9523177146911621,0.35323548316955566,0.27542752027511597,-0.0778079628944397,0.27542752027511597,True,0.9667396545410156,0.9572428464889526,-0.0778079628944397,0.9206466674804688,,,0.6710030769190201,0.0,0.9206466674804688,0.7307182338755791,0.037725262343883514,0.037725262343883514,19.82153856036431,0.10207586573353462,7.76553201675415,0.35323548316955566,0.27542752027511597,-0.0778079628944397,0.27542752027511597,"0,0,512,512",0.09592612087726593,0.0013107846025377512,/cluster/users/grad/2025/25t8103/project/data/flowedit_compatible_118/eval_masks/fe_224_sign_3_iccv_eval_mask.png,fixed_eval_mask,0.0,0.0,0.0,0.0,dece_rf_sd3,dece_rf_sd3,,0.01954374462366104,0.01954374462366104,31.14382920338388,0.027720977467045042,,/cluster/users/grad/2025/25t8103/project/outputs/flowedit118_dece_metric_runs/fe_224_sign_3_iccv/dece_rf_sd3/seed_10/result.png,11.573019981384277,fe_224_sign_3_iccv/dece_rf_sd3/seed_10,,10,/cluster/users/grad/2025/25t8103/project/_baselines/src/FlowEdit/Data/Images/sign.png,0.0362824909389019,"A large white billboard with a bold message written in black letters. The message reads, ""LOVE IS ALL YOU NEED."" The billboard is prominently displayed in the scene, capturing the viewer''s attention.",20.153088597828113,0.09825294352325067,0.8995225556324923,0.8995225556324923,"A large white billboard with a bold message written in black letters. The message reads, ""ICCV IS ALL YOU NEED."" The billboard is prominently displayed in the scene, capturing the viewer''s attention.",fe_224_sign_3_iccv
0.0,0.0,0.0,0.0,0.0,0.0,0.0,0.0,0.0,0.0,31,0.9999999403953552,0.015045949257910252,0.0002618211437948048,0.02618211437948048,0.033260345458984375,32.81829512794758,0.9478022456169128,0.9478022456169128,0.022985288873314857,0.9825910925865173,0.3359290063381195,0.29343026876449585,-0.04249873757362366,0.29343026876449585,True,0.9667396545410156,0.9942072629928589,-0.04249873757362366,0.9206466674804688,,,0.7090713548815989,0.0,0.9206466674804688,0.6575482095946831,0.020938904955983162,0.020938904955983162,22.96396349422022,0.07108890509078727,8.471325874328613,0.3359290063381195,0.29343026876449585,-0.04249873757362366,0.29343026876449585,"0,0,512,512",0.029416650533676147,0.0008203727193176746,/cluster/users/grad/2025/25t8103/project/data/flowedit_compatible_118/eval_masks/fe_225_sign_4_flow_eval_mask.png,fixed_eval_mask,0.0,0.0,0.0,0.0,dece_rf_flux,dece_rf_flux,,0.015904579311609268,0.015904579311609268,32.76803639618171,0.02299313452267729,,/cluster/users/grad/2025/25t8103/project/outputs/flowedit118_dece_metric_runs/fe_225_sign_4_flow/dece_rf_flux/seed_10/result.png,11.947071075439453,fe_225_sign_4_flow/dece_rf_flux/seed_10,,10,/cluster/users/grad/2025/25t8103/project/_baselines/src/FlowEdit/Data/Images/sign.png,0.02053942158818245,"A large white billboard with a bold message written in black letters. The message reads, ""LOVE IS ALL YOU NEED."" The billboard is prominently displayed in the scene, capturing the viewer''s attention.",23.284048403620545,0.06851688019027947,0.9467797905905878,0.9467797905905878,"A large white billboard with a bold message written in black letters. The message reads, ""FLOW IS ALL YOU NEED."" The billboard is prominently displayed in the scene, capturing the viewer''s attention.",fe_225_sign_4_flow
0.0,0.0,0.0,0.0,0.0,0.0,0.0,0.0,0.0,0.0,31,0.9999999403953552,0.01835057884454727,0.00045500704436562955,0.045500704436562955,0.033260345458984375,31.397294736834198,0.9176828265190125,0.9176828265190125,0.5368227362632751,0.706800103187561,0.2245885133743286,0.38161855936050415,0.15703004598617554,0.38161855936050415,True,0.9667396545410156,0.9083582162857056,0.15703004598617554,0.9206466674804688,,,0.7015564631584167,0.0,0.9206466674804688,0.712060064141343,0.05352591723203659,0.05352591723203659,17.210535457677818,0.13787109571706302,8.096569061279297,0.2245885133743286,0.38161855936050415,0.15703004598617554,0.38161855936050415,"0,0,512,512",0.1390698105096817,0.0013186129508540034,/cluster/users/grad/2025/25t8103/project/data/flowedit_compatible_118/eval_masks/fe_225_sign_4_flow_eval_mask.png,fixed_eval_mask,0.0,0.0,0.0,0.0,dece_rf_sd3,dece_rf_sd3,,0.01961676776409149,0.01961676776409149,31.13588378939714,0.02774634682135654,,/cluster/users/grad/2025/25t8103/project/outputs/flowedit118_dece_metric_runs/fe_225_sign_4_flow/dece_rf_sd3/seed_10/result.png,11.540865898132324,fe_225_sign_4_flow/dece_rf_sd3/seed_10,,10,/cluster/users/grad/2025/25t8103/project/_baselines/src/FlowEdit/Data/Images/sign.png,0.05083509907126427,"A large white billboard with a bold message written in black letters. The message reads, ""LOVE IS ALL YOU NEED."" The billboard is prominently displayed in the scene, capturing the viewer''s attention.",17.55446983784236,0.13251849900070634,0.8631320147617837,0.8631320147617837,"A large white billboard with a bold message written in black letters. The message reads, ""FLOW IS ALL YOU NEED."" The billboard is prominently displayed in the scene, capturing the viewer''s attention.",fe_225_sign_4_flow
0.0,0.0,0.0,0.0,0.0,0.0,0.0,0.0,0.0,0.0,31,0.976451575756073,0.0053583779372274876,0.0057692457921803,0.57692457921803,0.6632728576660156,43.341893140862595,0.9926536083221436,0.9926536083221436,0.20730066299438477,0.8109909892082214,0.20035117864608765,0.22093862295150757,0.020587444305419922,0.22093862295150757,True,0.3367271423339844,0.8920727968215942,0.020587444305419922,0.2891960144042969,,,3.502376952192817,0.0,0.2891960144042969,0.13714368627244067,0.027358490973711014,0.027358490973711014,22.154859093865163,0.07802918041679169,4.91104793548584,0.18185028433799744,0.23515385389328003,0.05330356955528259,0.23515385389328003,"161,0,512,470",0.023032575845718384,0.0073886290192604065,/cluster/users/grad/2025/25t8103/project/data/flowedit_compatible_118/eval_masks/fe_235_stop_1_cvpr_eval_mask.png,fixed_eval_mask,0.0,0.0,0.0,0.0,dece_rf_flux,dece_rf_flux,,0.005603790283203125,0.005603790283203125,42.746859731072306,0.007288816444359666,,/cluster/users/grad/2025/25t8103/project/outputs/flowedit118_dece_metric_runs/fe_235_stop_1_cvpr/dece_rf_flux/seed_10/result.png,1.4022042751312256,fe_235_stop_1_cvpr/dece_rf_flux/seed_10,,10,/cluster/users/grad/2025/25t8103/project/_baselines/src/FlowEdit/Data/Images/stop.png,0.011895163916051388,A stop sign prominently placed in a field of yellow flowers.,27.450778176218495,0.04240929873580644,0.9721499253288256,0.9721499253288256,A sign that says CVPR prominently placed in a field of yellow flowers.,fe_235_stop_1_cvpr
0.0,0.0,0.0,0.0,0.0,0.0,0.0,0.0,0.0,0.0,31,0.9879043102264404,0.005874177906662226,0.0073553710244596004,0.73553710244596,0.6632728576660156,42.63655419813837,0.9896854758262634,0.9896854758262634,0.2815396785736084,0.7019644975662231,0.18828192353248596,0.30047932267189026,0.1121973991394043,0.30047932267189026,True,0.3367271423339844,0.9817883968353271,0.1121973991394043,0.2891960144042969,,,3.7921561356372,0.0,0.2891960144042969,0.15040033768186675,0.03684108704328537,0.03684108704328537,19.472746831104857,0.10625824983909418,4.693404674530029,0.17690712213516235,0.2960062623023987,0.11909914016723633,0.2960062623023987,"161,0,512,470",0.03183632344007492,0.007673588581383228,/cluster/users/grad/2025/25t8103/project/data/flowedit_compatible_118/eval_masks/fe_235_stop_1_cvpr_eval_mask.png,fixed_eval_mask,0.0,0.0,0.0,0.0,dece_rf_sd3,dece_rf_sd3,,0.0058604395017027855,0.0058604395017027855,42.659658671456384,0.007362360287204772,,/cluster/users/grad/2025/25t8103/project/outputs/flowedit118_dece_metric_runs/fe_235_stop_1_cvpr/dece_rf_sd3/seed_10/result.png,1.2376612424850464,fe_235_stop_1_cvpr/dece_rf_sd3/seed_10,,10,/cluster/users/grad/2025/25t8103/project/_baselines/src/FlowEdit/Data/Images/stop.png,0.014819920063018799,A stop sign prominently placed in a field of yellow flowers.,24.809878718429815,0.057478584455687216,0.9539307536931607,0.9539307536931607,A sign that says CVPR prominently placed in a field of yellow flowers.,fe_235_stop_1_cvpr
0.0,0.0,0.0,0.0,0.0,0.0,0.0,0.0,0.0,0.0,31,0.9931017756462097,0.005126684904098511,0.004721499979496002,0.4721499979496002,0.6632728576660156,43.70866863491203,0.9928678274154663,0.9928678274154663,0.1758703589439392,0.7652102708816528,0.2033601552248001,0.24872618913650513,0.04536603391170502,0.24872618913650513,True,0.3367271423339844,0.9633418917655945,0.04536603391170502,0.2891960144042969,,,3.6815908781690085,0.0,0.2891960144042969,0.138871667699938,0.03239284083247185,0.03239284083247185,19.84564795821027,0.10179292691670283,5.045027256011963,0.20267343521118164,0.24486403167247772,0.04219059646129608,0.24486403167247772,"161,0,512,470",0.03425810858607292,0.005535957869142294,/cluster/users/grad/2025/25t8103/project/data/flowedit_compatible_118/eval_masks/fe_236_stop_2_iccv_eval_mask.png,fixed_eval_mask,0.0,0.0,0.0,0.0,dece_rf_flux,dece_rf_flux,,0.005405216012150049,0.005405216012150049,43.01445195794067,0.007067688530291939,,/cluster/users/grad/2025/25t8103/project/outputs/flowedit118_dece_metric_runs/fe_236_stop_2_iccv/dece_rf_flux/seed_10/result.png,1.3703389167785645,fe_236_stop_2_iccv/dece_rf_flux/seed_10,,10,/cluster/users/grad/2025/25t8103/project/_baselines/src/FlowEdit/Data/Images/stop.png,0.013209925033152103,A stop sign prominently placed in a field of yellow flowers.,25.18256924393536,0.055064479426014154,0.9678289875700137,0.9678289875700137,A sign that says ICCV prominently placed in a field of yellow flowers.,fe_236_stop_2_iccv
0.0,0.0,0.0,0.0,0.0,0.0,0.0,0.0,0.0,0.0,31,0.9873746633529663,0.006063272710889578,0.0076570953242480755,0.7657095324248075,0.6632728576660156,42.44490203248267,0.9894695281982422,0.9894695281982422,0.21957668662071228,0.5874236226081848,0.13602201640605927,0.26289114356040955,0.12686912715435028,0.26289114356040955,True,0.3367271423339844,0.9474525451660156,0.12686912715435028,0.2891960144042969,,,3.6770115601526325,0.0,0.2891960144042969,0.20082837582936514,0.06635796278715134,0.06635796278715134,16.761130778450468,0.14519225857540005,4.4725775718688965,0.13737711310386658,0.25340044498443604,0.11602333188056946,0.25340044498443604,"161,0,512,470",0.06708645075559616,0.008185254409909248,/cluster/users/grad/2025/25t8103/project/data/flowedit_compatible_118/eval_masks/fe_236_stop_2_iccv_eval_mask.png,fixed_eval_mask,0.0,0.0,0.0,0.0,dece_rf_sd3,dece_rf_sd3,,0.006103122606873512,0.006103122606873512,42.370309968231766,0.00761174974917657,,/cluster/users/grad/2025/25t8103/project/outputs/flowedit118_dece_metric_runs/fe_236_stop_2_iccv/dece_rf_sd3/seed_10/result.png,1.2163621187210083,fe_236_stop_2_iccv/dece_rf_sd3/seed_10,,10,/cluster/users/grad/2025/25t8103/project/_baselines/src/FlowEdit/Data/Images/stop.png,0.023528585210442543,A stop sign prominently placed in a field of yellow flowers.,22.11996826885954,0.078343250478294,0.9358455093204265,0.9358455093204265,A sign that says ICCV prominently placed in a field of yellow flowers.,fe_236_stop_2_iccv
0.0,0.0,0.0,0.0,0.0,0.0,0.0,0.0,0.0,0.0,31,0.9957023859024048,0.004952649585902691,0.004135793540626764,0.41357935406267643,0.6632728576660156,43.989028833212004,0.9930809736251831,0.9930809736251831,0.12609674036502838,0.7567707300186157,0.2420494556427002,0.25911545753479004,0.017066001892089844,0.25911545753479004,True,0.3367271423339844,0.9767234325408936,0.017066001892089844,0.2891960144042969,,,4.294454960720502,0.0,0.2891960144042969,0.1439632770969912,0.03857353329658508,0.03857353329658508,19.13524488670899,0.11046832161460163,5.622342109680176,0.20287375152111053,0.24402973055839539,0.04115597903728485,0.24402973055839539,"161,0,512,470",0.038405247032642365,0.004632018972188234,/cluster/users/grad/2025/25t8103/project/data/flowedit_compatible_118/eval_masks/fe_237_stop_3_eccv_eval_mask.png,fixed_eval_mask,0.0,0.0,0.0,0.0,dece_rf_flux,dece_rf_flux,,0.005116491578519344,0.005116491578519344,43.61461456796615,0.006595827234822891,,/cluster/users/grad/2025/25t8103/project/outputs/flowedit118_dece_metric_runs/fe_237_stop_3_eccv/dece_rf_flux/seed_10/result.png,1.3092097043991089,fe_237_stop_3_eccv/dece_rf_flux/seed_10,,10,/cluster/users/grad/2025/25t8103/project/_baselines/src/FlowEdit/Data/Images/stop.png,0.014792133122682571,A stop sign prominently placed in a field of yellow flowers.,24.4854331510947,0.05966619490501294,0.9627061222429164,0.9627061222429164,A sign that says ECCV prominently placed in a field of yellow flowers.,fe_237_stop_3_eccv
0.0,0.0,0.0,0.0,0.0,0.0,0.0,0.0,0.0,0.0,31,0.9772570133209229,0.007331021595746279,0.02148691937327385,2.148691937327385,0.6632728576660156,34.141300466540415,0.9834570288658142,0.9834570288658142,0.24915684759616852,0.6846038103103638,0.138631671667099,0.25957825779914856,0.12094658613204956,0.25957825779914856,True,0.3367271423339844,0.8977636098861694,0.12094658613204956,0.2891960144042969,,,3.1688016493317877,0.0,0.2891960144042969,0.1913574547229294,0.06716162711381912,0.06716162711381912,15.780372887909731,0.16254789719410997,4.756363868713379,0.13404083251953125,0.23971381783485413,0.10567298531532288,0.23971381783485413,"161,0,512,470",0.077078677713871,0.025778234004974365,/cluster/users/grad/2025/25t8103/project/data/flowedit_compatible_118/eval_masks/fe_237_stop_3_eccv_eval_mask.png,fixed_eval_mask,0.0,0.0,0.0,0.0,dece_rf_sd3,dece_rf_sd3,,0.009041019715368748,0.009041019715368748,30.110455167414756,0.031223187827989204,,/cluster/users/grad/2025/25t8103/project/outputs/flowedit118_dece_metric_runs/fe_237_stop_3_eccv/dece_rf_sd3/seed_10/result.png,1.5009976625442505,fe_237_stop_3_eccv/dece_rf_sd3/seed_10,,10,/cluster/users/grad/2025/25t8103/project/_baselines/src/FlowEdit/Data/Images/stop.png,0.025849265977740288,A stop sign prominently placed in a field of yellow flowers.,20.79144483057152,0.09129095672156974,0.9207372722901023,0.9207372722901023,A sign that says ECCV prominently placed in a field of yellow flowers.,fe_237_stop_3_eccv
0.0,0.0,0.0,0.0,0.0,0.0,0.0,0.0,0.0,0.0,31,0.9871190786361694,0.01076185517013073,0.010766529478132725,1.0766529478132725,0.7422637939453125,29.8301352591741,0.9855436086654663,0.9855436086654663,-0.06084473803639412,0.9940449595451355,0.26165086030960083,0.20378024876117706,-0.05787061154842377,0.20378024876117706,True,0.2577362060546875,0.9800468683242798,-0.05787061154842377,0.20154571533203125,,,3.827158035538292,0.0,0.20154571533203125,0.4180262709618806,0.019136393442749977,0.019136393442749977,26.07766107593738,0.04967260611332952,6.360452651977539,0.26399901509284973,0.20547807216644287,-0.05852094292640686,0.20547807216644287,"64,0,455,342",0.015345139428973198,0.011670500971376896,/cluster/users/grad/2025/25t8103/project/data/flowedit_compatible_118/eval_masks/fe_238_stop_arrow_1_cvpr_eval_mask.png,fixed_eval_mask,0.0,0.0,0.0,0.0,dece_rf_flux,dece_rf_flux,,0.010959173552691936,0.010959173552691936,29.51222409342624,0.033449435685757464,,/cluster/users/grad/2025/25t8103/project/outputs/flowedit118_dece_metric_runs/fe_238_stop_arrow_1_cvpr/dece_rf_flux/seed_10/result.png,1.6619257926940918,fe_238_stop_arrow_1_cvpr/dece_rf_flux/seed_10,,10,/cluster/users/grad/2025/25t8103/project/_baselines/src/FlowEdit/Data/Images/stop_arrow.png,0.012607256881892681,A stop sign above a blue sign with arrow pointing up.,28.567822158694792,0.03729141752036165,0.9801560203046333,0.9801560203046333,A sign that says CVPR above a blue sign with arrow pointing up.,fe_238_stop_arrow_1_cvpr
0.0,0.0,0.0,0.0,0.0,0.0,0.0,0.0,0.0,0.0,31,0.9886280298233032,0.007581866811960936,0.0036612439434975386,0.36612439434975386,0.7422637939453125,38.83783920899831,0.9899889230728149,0.9899889230728149,0.12883521616458893,0.943535327911377,0.25143665075302124,0.2303873598575592,-0.021049290895462036,0.2303873598575592,True,0.2577362060546875,0.9369762539863586,-0.021049290895462036,0.20154571533203125,,,3.552158417377775,0.0,0.20154571533203125,0.41874550478858313,0.06682407110929489,0.06682407110929489,16.145298075644895,0.15586015227848213,5.283737659454346,0.2530267834663391,0.21867233514785767,-0.034354448318481445,0.21867233514785767,"64,0,455,342",0.04905356094241142,0.0037196024786680937,/cluster/users/grad/2025/25t8103/project/data/flowedit_compatible_118/eval_masks/fe_238_stop_arrow_1_cvpr_eval_mask.png,fixed_eval_mask,0.0,0.0,0.0,0.0,dece_rf_sd3,dece_rf_sd3,,0.007566566113382578,0.007566566113382578,38.811812979107565,0.01146593171567465,,/cluster/users/grad/2025/25t8103/project/outputs/flowedit118_dece_metric_runs/fe_238_stop_arrow_1_cvpr/dece_rf_sd3/seed_10/result.png,1.487472414970398,fe_238_stop_arrow_1_cvpr/dece_rf_sd3/seed_10,,10,/cluster/users/grad/2025/25t8103/project/_baselines/src/FlowEdit/Data/Images/stop_arrow.png,0.019509663805365562,A stop sign above a blue sign with arrow pointing up.,23.009434173482557,0.07071772669605138,0.9510309151962067,0.9510309151962067,A sign that says CVPR above a blue sign with arrow pointing up.,fe_238_stop_arrow_1_cvpr
0.0,0.0,0.0,0.0,0.0,0.0,0.0,0.0,0.0,0.0,31,0.9934729337692261,0.010520095005631447,0.009412994608283043,0.9412994608283043,0.7422637939453125,29.731367546215672,0.9846439957618713,0.9846439957618713,-0.03687506169080734,0.9960243701934814,0.26386338472366333,0.2174873799085617,-0.046376004815101624,0.2174873799085617,True,0.2577362060546875,0.9890680313110352,-0.046376004815101624,0.20154571533203125,,,4.361848245769569,0.0,0.20154571533203125,0.4197297194988076,0.019621869549155235,0.019621869549155235,24.576688462040867,0.05904261401237403,6.220017433166504,0.2632249593734741,0.2161809802055359,-0.04704397916793823,0.2161809802055359,"64,0,455,342",0.012693412601947784,0.0095145795494318,/cluster/users/grad/2025/25t8103/project/data/flowedit_compatible_118/eval_masks/fe_239_stop_arrow_2_iccv_eval_mask.png,fixed_eval_mask,0.0,0.0,0.0,0.0,dece_rf_flux,dece_rf_flux,,0.010480787605047226,0.010480787605047226,29.837522908928467,0.03221987524874985,,/cluster/users/grad/2025/25t8103/project/outputs/flowedit118_dece_metric_runs/fe_239_stop_arrow_2_iccv/dece_rf_flux/seed_10/result.png,1.4260050058364868,fe_239_stop_arrow_2_iccv/dece_rf_flux/seed_10,,10,/cluster/users/grad/2025/25t8103/project/_baselines/src/FlowEdit/Data/Images/stop_arrow.png,0.012323129922151566,A stop sign above a blue sign with arrow pointing up.,28.14886954676901,0.039134205629165315,0.9789320965667501,0.9789320965667501,A sign that says ICCV above a blue sign with arrow pointing up.,fe_239_stop_arrow_2_iccv
0.0,0.0,0.0,0.0,0.0,0.0,0.0,0.0,0.0,0.0,31,0.9888141751289368,0.007691968698054552,0.0037269366439431906,0.37269366439431906,0.7422637939453125,38.75784120032068,0.9899553656578064,0.9899553656578064,0.13480374217033386,0.9569231867790222,0.27104878425598145,0.2546829879283905,-0.016365796327590942,0.2546829879283905,True,0.2577362060546875,0.9170684814453125,-0.016365796327590942,0.20154571533203125,,,3.519781805202199,0.0,0.20154571533203125,0.42266343642351517,0.07402391731739044,0.07402391731739044,15.385832744441345,0.17010158594287503,5.071207046508789,0.27050894498825073,0.23348668217658997,-0.03702226281166077,0.23348668217658997,"64,0,455,342",0.05356144905090332,0.003794141812250018,/cluster/users/grad/2025/25t8103/project/data/flowedit_compatible_118/eval_masks/fe_239_stop_arrow_2_iccv_eval_mask.png,fixed_eval_mask,0.0,0.0,0.0,0.0,dece_rf_sd3,dece_rf_sd3,,0.0076776049099862576,0.0076776049099862576,38.72595532693221,0.011579831332158388,,/cluster/users/grad/2025/25t8103/project/outputs/flowedit118_dece_metric_runs/fe_239_stop_arrow_2_iccv/dece_rf_sd3/seed_10/result.png,1.4407731294631958,fe_239_stop_arrow_2_iccv/dece_rf_sd3/seed_10,,10,/cluster/users/grad/2025/25t8103/project/_baselines/src/FlowEdit/Data/Images/stop_arrow.png,0.02104942314326763,A stop sign above a blue sign with arrow pointing up.,22.26308515654609,0.0770629699117251,0.9476327793254079,0.9476327793254079,A sign that says ICCV above a blue sign with arrow pointing up.,fe_239_stop_arrow_2_iccv
0.0,0.0,0.0,0.0,0.0,0.0,0.0,0.0,0.0,0.0,31,0.9837998747825623,0.010457116179168224,0.013404413126409054,1.3404413126409054,0.7422637939453125,29.251893598060757,0.9851225018501282,0.9851225018501282,-0.02156483754515648,0.9945188164710999,0.2610859274864197,0.2153168022632599,-0.04576912522315979,0.2153168022632599,True,0.2577362060546875,0.9778687953948975,-0.04576912522315979,0.20154571533203125,,,4.422549999730923,0.0,0.20154571533203125,0.41906726729000265,0.018571967259049416,0.018571967259049416,25.889266157186427,0.05076176241938499,6.367796897888184,0.2638818621635437,0.2183370739221573,-0.045544788241386414,0.2183370739221573,"64,0,455,342",0.018298916518688202,0.014237506315112114,/cluster/users/grad/2025/25t8103/project/data/flowedit_compatible_118/eval_masks/fe_240_stop_arrow_3_eccv_eval_mask.png,fixed_eval_mask,0.0,0.0,0.0,0.0,dece_rf_flux,dece_rf_flux,,0.010503790341317654,0.010503790341317654,29.058015458422286,0.035245138951170374,,/cluster/users/grad/2025/25t8103/project/outputs/flowedit118_dece_metric_runs/fe_240_stop_arrow_3_eccv/dece_rf_flux/seed_10/result.png,1.4398473501205444,fe_240_stop_arrow_3_eccv/dece_rf_flux/seed_10,,10,/cluster/users/grad/2025/25t8103/project/_baselines/src/FlowEdit/Data/Images/stop_arrow.png,0.012129899114370346,A stop sign above a blue sign with arrow pointing up.,28.206809040457674,0.03887402843291604,0.9803133193987429,0.9803133193987429,A sign that says ECCV above a blue sign with arrow pointing up.,fe_240_stop_arrow_3_eccv
0.0,0.0,0.0,0.0,0.0,0.0,0.0,0.0,0.0,0.0,31,0.9881834983825684,0.007624560967087746,0.0036524671595543623,0.36524671595543623,0.7422637939453125,38.799669378797944,0.9899731874465942,0.9899731874465942,0.03906174376606941,0.9174985885620117,0.2889029383659363,0.2533564865589142,-0.035546451807022095,0.2533564865589142,True,0.2577362060546875,0.9197285175323486,-0.035546451807022095,0.20154571533203125,,,3.4847446885377487,0.0,0.20154571533203125,0.4158117878638755,0.07550421357154846,0.07550421357154846,15.51931268217678,0.16750754201513235,5.081221580505371,0.28275227546691895,0.24500520527362823,-0.03774707019329071,0.24500520527362823,"64,0,455,342",0.055496275424957275,0.0037107765674591064,/cluster/users/grad/2025/25t8103/project/data/flowedit_compatible_118/eval_masks/fe_240_stop_arrow_3_eccv_eval_mask.png,fixed_eval_mask,0.0,0.0,0.0,0.0,dece_rf_sd3,dece_rf_sd3,,0.007596274372190237,0.007596274372190237,38.783609514287456,0.011503222608937495,,/cluster/users/grad/2025/25t8103/project/outputs/flowedit118_dece_metric_runs/fe_240_stop_arrow_3_eccv/dece_rf_sd3/seed_10/result.png,1.4581331014633179,fe_240_stop_arrow_3_eccv/dece_rf_sd3/seed_10,,10,/cluster/users/grad/2025/25t8103/project/_baselines/src/FlowEdit/Data/Images/stop_arrow.png,0.021282823756337166,A stop sign above a blue sign with arrow pointing up.,22.395186343612046,0.07589980896747778,0.9457718119217807,0.9457718119217807,A sign that says ECCV above a blue sign with arrow pointing up.,fe_240_stop_arrow_3_eccv
0.0,0.0,0.0,0.0,0.0,0.0,0.0,0.0,0.0,0.0,31,0.9839661717414856,0.011093266308307648,0.010965358465909958,1.0965358465909958,0.7422637939453125,28.720842063778935,0.9807322025299072,0.9807322025299072,0.06364867836236954,0.9923576712608337,0.26472488045692444,0.2319996953010559,-0.03272518515586853,0.2319996953010559,True,0.2577362060546875,0.9702289700508118,-0.03272518515586853,0.20154571533203125,,,2.9419705264540696,0.0,0.20154571533203125,0.41829125184540256,0.021543366834521294,0.021543366834521294,24.076025512757045,0.06254588246016614,6.492748737335205,0.2647473216056824,0.22585336863994598,-0.03889395296573639,0.22585336863994598,"64,0,455,342",0.017700916156172752,0.013081159442663193,/cluster/users/grad/2025/25t8103/project/data/flowedit_compatible_118/eval_masks/fe_241_stop_arrow_4_love_eval_mask.png,fixed_eval_mask,0.0,0.0,0.0,0.0,dece_rf_flux,dece_rf_flux,,0.011429225094616413,0.011429225094616413,28.137669248066146,0.03918470103399511,,/cluster/users/grad/2025/25t8103/project/outputs/flowedit118_dece_metric_runs/fe_241_stop_arrow_4_love/dece_rf_flux/seed_10/result.png,2.2069387435913086,fe_241_stop_arrow_4_love/dece_rf_flux/seed_10,,10,/cluster/users/grad/2025/25t8103/project/_baselines/src/FlowEdit/Data/Images/stop_arrow.png,0.01346768531948328,A stop sign above a blue sign with arrow pointing up.,26.958490728447817,0.04488233712943103,0.9735379563776243,0.9735379563776243,A sign that says LOVE above a blue sign with arrow pointing up.,fe_241_stop_arrow_4_love
0.0,0.0,0.0,0.0,0.0,0.0,0.0,0.0,0.0,0.0,31,0.9865846633911133,0.007836190052330494,0.0037353127263486385,0.37353127263486385,0.7422637939453125,38.6267841977541,0.9899685978889465,0.9899685978889465,0.08288021385669708,0.9622812271118164,0.27019643783569336,0.24642673134803772,-0.02376970648765564,0.24642673134803772,True,0.2577362060546875,0.9377802610397339,-0.02376970648765564,0.20154571533203125,,,2.276252240075206,0.0,0.20154571533203125,0.448063746829693,0.0938042402267456,0.0938042402267456,14.964653635727858,0.17855306854548927,3.388737916946411,0.2792634963989258,0.23984183371067047,-0.03942166268825531,0.23984183371067047,"64,0,455,342",0.07264281809329987,0.003780878148972988,/cluster/users/grad/2025/25t8103/project/data/flowedit_compatible_118/eval_masks/fe_241_stop_arrow_4_love_eval_mask.png,fixed_eval_mask,0.0,0.0,0.0,0.0,dece_rf_sd3,dece_rf_sd3,,0.007794325239956379,0.007794325239956379,38.62565065521571,0.011714330351403776,,/cluster/users/grad/2025/25t8103/project/outputs/flowedit118_dece_metric_runs/fe_241_stop_arrow_4_love/dece_rf_sd3/seed_10/result.png,1.4887356758117676,fe_241_stop_arrow_4_love/dece_rf_sd3/seed_10,,10,/cluster/users/grad/2025/25t8103/project/_baselines/src/FlowEdit/Data/Images/stop_arrow.png,0.02512926608324051,A stop sign above a blue sign with arrow pointing up.,21.84748486228271,0.08083989800273718,0.9406486129232697,0.9406486129232697,A sign that says LOVE above a blue sign with arrow pointing up.,fe_241_stop_arrow_4_love
0.0,0.0,0.0,0.0,0.0,0.0,0.0,0.0,0.0,0.0,31,0.9805986881256104,0.009870716370642185,0.01407509297132492,1.407509297132492,0.7422637939453125,29.50483005916519,0.9797425866127014,0.9797425866127014,-0.008393526077270508,0.9935383796691895,0.26594462990760803,0.2077760100364685,-0.058168619871139526,0.2077760100364685,True,0.2577362060546875,0.980769157409668,-0.058168619871139526,0.20154571533203125,,,3.4214582522286783,0.0,0.20154571533203125,0.42415868569481774,0.023112120106816292,0.023112120106816292,22.830616295711067,0.07218869405952033,6.319688320159912,0.26485151052474976,0.20289237797260284,-0.06195913255214691,0.20289237797260284,"64,0,455,342",0.019877972081303596,0.015190604142844677,/cluster/users/grad/2025/25t8103/project/data/flowedit_compatible_118/eval_masks/fe_242_stop_arrow_5_home_eval_mask.png,fixed_eval_mask,0.0,0.0,0.0,0.0,dece_rf_flux,dece_rf_flux,,0.01010704506188631,0.01010704506188631,29.108178830017767,0.03504217535085387,,/cluster/users/grad/2025/25t8103/project/outputs/flowedit118_dece_metric_runs/fe_242_stop_arrow_5_home/dece_rf_flux/seed_10/result.png,1.8470745086669922,fe_242_stop_arrow_5_home/dece_rf_flux/seed_10,,10,/cluster/users/grad/2025/25t8103/project/_baselines/src/FlowEdit/Data/Images/stop_arrow.png,0.012728162109851837,A stop sign above a blue sign with arrow pointing up.,26.923409407186835,0.04506397835628518,0.9727103666883563,0.9727103666883563,A sign that says HOME above a blue sign with arrow pointing up.,fe_242_stop_arrow_5_home
0.0,0.0,0.0,0.0,0.0,0.0,0.0,0.0,0.0,0.0,31,0.9884836673736572,0.007626132108271122,0.003713154699653387,0.3713154699653387,0.7422637939453125,38.79521351875046,0.990042507648468,0.990042507648468,0.14317774772644043,0.8908035755157471,0.2529706656932831,0.23229029774665833,-0.020680367946624756,0.23229029774665833,True,0.2577362060546875,0.9675495624542236,-0.020680367946624756,0.20154571533203125,,,3.6349699941308913,0.0,0.20154571533203125,0.41838588787523184,0.07362742722034454,0.07362742722034454,15.971909534670072,0.15900270885883078,5.430270195007324,0.24397799372673035,0.21282118558883667,-0.031156808137893677,0.21282118558883667,"64,0,455,342",0.04846324771642685,0.0037590190768241882,/cluster/users/grad/2025/25t8103/project/data/flowedit_compatible_118/eval_masks/fe_242_stop_arrow_5_home_eval_mask.png,fixed_eval_mask,0.0,0.0,0.0,0.0,dece_rf_sd3,dece_rf_sd3,,0.007614191621541977,0.007614191621541977,38.76709350977118,0.011525116511241348,,/cluster/users/grad/2025/25t8103/project/outputs/flowedit118_dece_metric_runs/fe_242_stop_arrow_5_home/dece_rf_sd3/seed_10/result.png,1.4938968420028687,fe_242_stop_arrow_5_home/dece_rf_sd3/seed_10,,10,/cluster/users/grad/2025/25t8103/project/_baselines/src/FlowEdit/Data/Images/stop_arrow.png,0.02091887593269348,A stop sign above a blue sign with arrow pointing up.,22.83870588282089,0.07212149255284138,0.9502205370920883,0.9502205370920883,A sign that says HOME above a blue sign with arrow pointing up.,fe_242_stop_arrow_5_home
0.0,0.0,0.0,0.0,0.0,0.0,0.0,0.0,0.0,0.0,31,0.9908010959625244,0.010745510458946228,0.006444581784307957,0.6444581784307957,0.7422637939453125,30.70038795217303,0.9893163442611694,0.9893163442611694,-0.009565148502588272,0.9956279397010803,0.26202282309532166,0.19415283203125,-0.06786999106407166,0.19415283203125,True,0.2577362060546875,0.9777877926826477,-0.06786999106407166,0.20154571533203125,,,3.644575454009343,0.0,0.20154571533203125,0.4152061172729682,0.022848451510071754,0.022848451510071754,23.42692708482513,0.06739902992249057,6.296846389770508,0.26357728242874146,0.18716059625148773,-0.07641668617725372,0.18716059625148773,"64,0,455,342",0.01151182595640421,0.006664817221462727,/cluster/users/grad/2025/25t8103/project/data/flowedit_compatible_118/eval_masks/fe_243_stop_arrow_6_beer_eval_mask.png,fixed_eval_mask,0.0,0.0,0.0,0.0,dece_rf_flux,dece_rf_flux,,0.011026918888092041,0.011026918888092041,30.36619377519479,0.030317285339117678,,/cluster/users/grad/2025/25t8103/project/outputs/flowedit118_dece_metric_runs/fe_243_stop_arrow_6_beer/dece_rf_flux/seed_10/result.png,1.7277311086654663,fe_243_stop_arrow_6_beer/dece_rf_flux/seed_10,,10,/cluster/users/grad/2025/25t8103/project/_baselines/src/FlowEdit/Data/Images/stop_arrow.png,0.013409498147666454,A stop sign above a blue sign with arrow pointing up.,27.82664296538748,0.04061326002856243,0.9809790585886061,0.9809790585886061,A sign that says BEER above a blue sign with arrow pointing up.,fe_243_stop_arrow_6_beer
0.0,0.0,0.0,0.0,0.0,0.0,0.0,0.0,0.0,0.0,31,0.9830418825149536,0.009876717813313007,0.010121220722794533,1.0121220722794533,0.7422637939453125,32.48970767361311,0.9842926859855652,0.9842926859855652,0.3290545344352722,0.7933083772659302,0.23480287194252014,0.30408725142478943,0.06928437948226929,0.30408725142478943,True,0.2577362060546875,0.9509435892105103,0.06928437948226929,0.20154571533203125,,,4.470881573972954,0.0,0.20154571533203125,0.43922474164363856,0.07304629683494568,0.07304629683494568,15.212094639794456,0.17353827173702618,6.08173942565918,0.22133103013038635,0.2927449941635132,0.07141396403312683,0.2927449941635132,"64,0,455,342",0.049933843314647675,0.010540040209889412,/cluster/users/grad/2025/25t8103/project/data/flowedit_compatible_118/eval_masks/fe_243_stop_arrow_6_beer_eval_mask.png,fixed_eval_mask,0.0,0.0,0.0,0.0,dece_rf_sd3,dece_rf_sd3,,0.00986501108855009,0.00986501108855009,32.33362926704188,0.024172331227523162,,/cluster/users/grad/2025/25t8103/project/outputs/flowedit118_dece_metric_runs/fe_243_stop_arrow_6_beer/dece_rf_sd3/seed_10/result.png,1.360299825668335,fe_243_stop_arrow_6_beer/dece_rf_sd3/seed_10,,10,/cluster/users/grad/2025/25t8103/project/_baselines/src/FlowEdit/Data/Images/stop_arrow.png,0.022598927840590477,A stop sign above a blue sign with arrow pointing up.,21.846751197281172,0.08084672653858756,0.9401433034507218,0.9401433034507218,A sign that says BEER above a blue sign with arrow pointing up.,fe_243_stop_arrow_6_beer
0.0,0.0,0.0,0.0,0.0,0.0,0.0,0.0,0.0,0.0,31,0.975566029548645,0.009051181375980377,0.0058950986713171005,0.58950986713171,0.3474884033203125,39.93962602258181,0.9811446666717529,0.9811446666717529,0.44124341011047363,0.5808446407318115,0.1612444967031479,0.4045841693878174,0.2433396726846695,0.4045841693878174,True,0.6525115966796875,0.9320825338363647,0.2433396726846695,0.56072998046875,,,6.702611387225105,0.0,0.56072998046875,0.027817840426689888,0.0551777109503746,0.0551777109503746,16.921495898252804,0.1425362094249674,7.0719194412231445,0.1612444967031479,0.4045841693878174,0.2433396726846695,0.4045841693878174,"0,0,512,512",0.08589552342891693,0.007183474954217672,/cluster/users/grad/2025/25t8103/project/data/flowedit_compatible_118/eval_masks/fe_244_stop_sticker_1_cvpr_eval_mask.png,fixed_eval_mask,0.0,0.0,0.0,0.0,dece_rf_flux,dece_rf_flux,,0.009043028578162193,0.009043028578162193,39.93318974618953,0.010077214727235453,,/cluster/users/grad/2025/25t8103/project/outputs/flowedit118_dece_metric_runs/fe_244_stop_sticker_1_cvpr/dece_rf_flux/seed_10/result.png,1.0550991296768188,fe_244_stop_sticker_1_cvpr/dece_rf_flux/seed_10,,10,/cluster/users/grad/2025/25t8103/project/_baselines/src/FlowEdit/Data/Images/stop_sticker.png,0.03491213172674179,A STOP! sticker with a red and yellow color scheme which is placed on a white background.,19.416985323804344,0.10694259884337179,0.8953386240403705,0.8953386240403705,A CVPR! sticker with a red and yellow color scheme which is placed on a white background.,fe_244_stop_sticker_1_cvpr
0.0,0.0,0.0,0.0,0.0,0.0,0.0,0.0,0.0,0.0,31,0.9758450984954834,0.005906992591917515,0.0038146465085446835,0.38146465085446835,0.3474884033203125,42.59203151720061,0.9722570180892944,0.9722570180892944,0.46641817688941956,0.5852948427200317,0.16721129417419434,0.42992261052131653,0.2627113163471222,0.42992261052131653,True,0.6525115966796875,0.8192946314811707,0.2627113163471222,0.56072998046875,,,4.228200021663905,0.0,0.56072998046875,0.00031294220093610535,0.07308200001716614,0.07308200001716614,14.956522965842414,0.17872028639056795,4.4857587814331055,0.16721129417419434,0.42992261052131653,0.2627113163471222,0.42992261052131653,"0,0,512,512",0.1682135909795761,0.004774605855345726,/cluster/users/grad/2025/25t8103/project/data/flowedit_compatible_118/eval_masks/fe_244_stop_sticker_1_cvpr_eval_mask.png,fixed_eval_mask,0.0,0.0,0.0,0.0,dece_rf_sd3,dece_rf_sd3,,0.0058942376635968685,0.0058942376635968685,42.60528050105737,0.007408597060040724,,/cluster/users/grad/2025/25t8103/project/outputs/flowedit118_dece_metric_runs/fe_244_stop_sticker_1_cvpr/dece_rf_sd3/seed_10/result.png,1.0609145164489746,fe_244_stop_sticker_1_cvpr/dece_rf_sd3/seed_10,,10,/cluster/users/grad/2025/25t8103/project/_baselines/src/FlowEdit/Data/Images/stop_sticker.png,0.04356842860579491,A STOP! sticker with a red and yellow color scheme which is placed on a white background.,17.463142615678947,0.13391920706958085,0.8339483261787932,0.8339483261787932,A CVPR! sticker with a red and yellow color scheme which is placed on a white background.,fe_244_stop_sticker_1_cvpr
0.0,0.0,0.0,0.0,0.0,0.0,0.0,0.0,0.0,0.0,31,0.9748719930648804,0.008656262420117855,0.005378713831305504,0.5378713831305504,0.3474884033203125,40.26829914141055,0.9813929796218872,0.9813929796218872,0.4715820252895355,0.6183181405067444,0.14651800692081451,0.36144518852233887,0.21492718160152435,0.36144518852233887,True,0.6525115966796875,0.9328584671020508,0.21492718160152435,0.56072998046875,,,6.208450524075639,0.0,0.56072998046875,0.0,0.053617626428604126,0.053617626428604126,17.206568431854294,0.13793407868574498,6.526953220367432,0.14651800692081451,0.36144518852233887,0.21492718160152435,0.36144518852233887,"0,0,512,512",0.09473221749067307,0.0065728421323001385,/cluster/users/grad/2025/25t8103/project/data/flowedit_compatible_118/eval_masks/fe_245_stop_sticker_2_eccv_eval_mask.png,fixed_eval_mask,0.0,0.0,0.0,0.0,dece_rf_flux,dece_rf_flux,,0.008648470975458622,0.008648470975458622,40.25991010516969,0.009705200116144517,,/cluster/users/grad/2025/25t8103/project/outputs/flowedit118_dece_metric_runs/fe_245_stop_sticker_2_eccv/dece_rf_flux/seed_10/result.png,1.0513014793395996,fe_245_stop_sticker_2_eccv/dece_rf_flux/seed_10,,10,/cluster/users/grad/2025/25t8103/project/_baselines/src/FlowEdit/Data/Images/stop_sticker.png,0.03386402130126953,A STOP! sticker with a red and yellow color scheme which is placed on a white background.,19.702217809726996,0.10348778926217082,0.887507486415484,0.887507486415484,A ECCV! sticker with a red and yellow color scheme which is placed on a white background.,fe_245_stop_sticker_2_eccv
0.0,0.0,0.0,0.0,0.0,0.0,0.0,0.0,0.0,0.0,31,0.9767674207687378,0.006210829596966505,0.00415956974029541,0.415956974029541,0.3474884033203125,42.23848655993626,0.9721190333366394,0.9721190333366394,0.44052761793136597,0.5885883569717407,0.16998258233070374,0.37467658519744873,0.204694002866745,0.37467658519744873,True,0.6525115966796875,0.6809887290000916,0.204694002866745,0.56072998046875,,,4.122443893124895,0.0,0.56072998046875,0.0001292587351692609,0.06783275306224823,0.06783275306224823,15.455175809816982,0.16874900062583,4.385179042816162,0.16998258233070374,0.37467658519744873,0.204694002866745,0.37467658519744873,"0,0,512,512",0.1866435408592224,0.005133762490004301,/cluster/users/grad/2025/25t8103/project/data/flowedit_compatible_118/eval_masks/fe_245_stop_sticker_2_eccv_eval_mask.png,fixed_eval_mask,0.0,0.0,0.0,0.0,dece_rf_sd3,dece_rf_sd3,,0.00619887700304389,0.00619887700304389,42.247220695339756,0.007720385123886531,,/cluster/users/grad/2025/25t8103/project/outputs/flowedit118_dece_metric_runs/fe_245_stop_sticker_2_eccv/dece_rf_sd3/seed_10/result.png,1.0637328624725342,fe_245_stop_sticker_2_eccv/dece_rf_sd3/seed_10,,10,/cluster/users/grad/2025/25t8103/project/_baselines/src/FlowEdit/Data/Images/stop_sticker.png,0.04075883701443672,A STOP! sticker with a red and yellow color scheme which is placed on a white background.,17.960523849524265,0.12646600730095614,0.8362620788154154,0.8362620788154154,A ECCV! sticker with a red and yellow color scheme which is placed on a white background.,fe_245_stop_sticker_2_eccv
0.0,0.0,0.0,0.0,0.0,0.0,0.0,0.0,0.0,0.0,31,0.9760891199111938,0.007396587170660496,0.004517516121268272,0.45175161212682724,0.3474884033203125,41.37412228347975,0.9813136458396912,0.9813136458396912,0.3225144147872925,0.6013504862785339,0.1952141970396042,0.3219500780105591,0.1267358809709549,0.3219500780105591,True,0.6525115966796875,0.9627705812454224,0.1267358809709549,0.56072998046875,,,7.044058104216689,0.0,0.56072998046875,0.0034083487536736693,0.03331037983298302,0.03331037983298302,20.32996135738425,0.09627242960236279,7.411404132843018,0.1952141970396042,0.3219500780105591,0.1267358809709549,0.3219500780105591,"0,0,512,512",0.04479112848639488,0.00566846551373601,/cluster/users/grad/2025/25t8103/project/data/flowedit_compatible_118/eval_masks/fe_246_stop_sticker_3_iccv_eval_mask.png,fixed_eval_mask,0.0,0.0,0.0,0.0,dece_rf_flux,dece_rf_flux,,0.007380639668554068,0.007380639668554068,41.37602836240671,0.0085349028467069,,/cluster/users/grad/2025/25t8103/project/outputs/flowedit118_dece_metric_runs/fe_246_stop_sticker_3_iccv/dece_rf_flux/seed_10/result.png,1.052149772644043,fe_246_stop_sticker_3_iccv/dece_rf_flux/seed_10,,10,/cluster/users/grad/2025/25t8103/project/_baselines/src/FlowEdit/Data/Images/stop_sticker.png,0.021920224651694298,A STOP! sticker with a red and yellow color scheme which is placed on a white background.,22.815766782832767,0.072312214370475,0.932624410550673,0.932624410550673,A ICCV! sticker with a red and yellow color scheme which is placed on a white background.,fe_246_stop_sticker_3_iccv
0.0,0.0,0.0,0.0,0.0,0.0,0.0,0.0,0.0,0.0,31,0.9766070246696472,0.006265992298722267,0.0040917545557022095,0.40917545557022095,0.3474884033203125,42.167594872179365,0.9718919992446899,0.9718919992446899,0.38464033603668213,0.5522617101669312,0.1726761758327484,0.36882054805755615,0.19614437222480774,0.36882054805755615,True,0.6525115966796875,0.8251270651817322,0.19614437222480774,0.56072998046875,,,4.090696445398274,0.0,0.56072998046875,0.0002857298356373136,0.07086164504289627,0.07086164504289627,15.180648839262002,0.17416767646148507,4.376560688018799,0.1726761758327484,0.36882054805755615,0.19614437222480774,0.36882054805755615,"0,0,512,512",0.19180519878864288,0.005057931412011385,/cluster/users/grad/2025/25t8103/project/data/flowedit_compatible_118/eval_masks/fe_246_stop_sticker_3_iccv_eval_mask.png,fixed_eval_mask,0.0,0.0,0.0,0.0,dece_rf_sd3,dece_rf_sd3,,0.00625009648501873,0.00625009648501873,42.181050730601335,0.007779424377822841,,/cluster/users/grad/2025/25t8103/project/outputs/flowedit118_dece_metric_runs/fe_246_stop_sticker_3_iccv/dece_rf_sd3/seed_10/result.png,1.069881558418274,fe_246_stop_sticker_3_iccv/dece_rf_sd3/seed_10,,10,/cluster/users/grad/2025/25t8103/project/_baselines/src/FlowEdit/Data/Images/stop_sticker.png,0.04247971251606941,A STOP! sticker with a red and yellow color scheme which is placed on a white background.,17.686330265758546,0.13052192991845887,0.8309052064516719,0.8309052064516719,A ICCV! sticker with a red and yellow color scheme which is placed on a white background.,fe_246_stop_sticker_3_iccv
0.0,0.0,0.0,0.0,0.0,0.0,0.0,0.0,0.0,0.0,31,0.9943503737449646,0.00653636921197176,0.005596076603978872,0.5596076603978872,0.39011383056640625,39.31364194038287,0.9935644268989563,0.9935644268989563,-0.05302935093641281,0.9968104362487793,0.2614879608154297,0.2476704716682434,-0.01381748914718628,0.2476704716682434,True,0.6098861694335938,0.9678356051445007,-0.01381748914718628,0.520050048828125,,,2.9155970009087726,0.0,0.520050048828125,0.0027653893550847954,0.026404352858662605,0.026404352858662605,23.790829091729663,0.06463362965020555,6.369435787200928,0.2614879608154297,0.2476704716682434,-0.01381748914718628,0.2476704716682434,"0,0,512,512",0.03885473310947418,0.004205768927931786,/cluster/users/grad/2025/25t8103/project/data/flowedit_compatible_118/eval_masks/fe_247_this_must_be_the_place_1_home_eval_mask.png,fixed_eval_mask,0.0,0.0,0.0,0.0,dece_rf_flux,dece_rf_flux,,0.006989240180701017,0.006989240180701017,38.63216392075459,0.011705549449547955,,/cluster/users/grad/2025/25t8103/project/outputs/flowedit118_dece_metric_runs/fe_247_this_must_be_the_place_1_home/dece_rf_flux/seed_10/result.png,2.184607744216919,fe_247_this_must_be_the_place_1_home/dece_rf_flux/seed_10,,10,/cluster/users/grad/2025/25t8103/project/_baselines/src/FlowEdit/Data/Images/this_must_be_the_place.png,0.01708606816828251,"A large, colorful wall with a neon sign that reads ""this must be the place.""",26.5008659779927,0.047310408841593064,0.9567094712429204,0.9567094712429204,"A large, colorful wall with a neon sign that reads ""home must be the place.""",fe_247_this_must_be_the_place_1_home
0.0,0.0,0.0,0.0,0.0,0.0,0.0,0.0,0.0,0.0,31,0.9788233041763306,0.012256322428584099,0.010510724037885666,1.0510724037885666,0.39011383056640625,31.19291448448007,0.9727166891098022,0.9727166891098022,0.08515167236328125,0.9526385068893433,0.27469804883003235,0.27359622716903687,-0.0011018216609954834,0.27359622716903687,True,0.6098861694335938,0.9431165456771851,-0.0011018216609954834,0.520050048828125,,,3.0289660358150234,0.0,0.520050048828125,0.0026333548500674844,0.03754602372646332,0.03754602372646332,20.432410667011382,0.09514357516087195,5.916117191314697,0.27469804883003235,0.27359622716903687,-0.0011018216609954834,0.27359622716903687,"0,0,512,512",0.06558893620967865,0.011496630497276783,/cluster/users/grad/2025/25t8103/project/data/flowedit_compatible_118/eval_masks/fe_247_this_must_be_the_place_1_home_eval_mask.png,fixed_eval_mask,0.0,0.0,0.0,0.0,dece_rf_sd3,dece_rf_sd3,,0.01223771646618843,0.01223771646618843,31.00102970290534,0.028180488347930324,,/cluster/users/grad/2025/25t8103/project/outputs/flowedit118_dece_metric_runs/fe_247_this_must_be_the_place_1_home/dece_rf_sd3/seed_10/result.png,1.9531804323196411,fe_247_this_must_be_the_place_1_home/dece_rf_sd3/seed_10,,10,/cluster/users/grad/2025/25t8103/project/_baselines/src/FlowEdit/Data/Images/this_must_be_the_place.png,0.02539929933845997,"A large, colorful wall with a neon sign that reads ""this must be the place.""",22.933848871913955,0.07133580334669264,0.9287574658345683,0.9287574658345683,"A large, colorful wall with a neon sign that reads ""home must be the place.""",fe_247_this_must_be_the_place_1_home
0.0,0.0,0.0,0.0,0.0,0.0,0.0,0.0,0.0,0.0,31,0.9948800802230835,0.006847170647233725,0.005821851082146168,0.5821851082146168,0.39011383056640625,39.19847547913865,0.9935869574546814,0.9935869574546814,-0.026689354330301285,0.9969565868377686,0.25020402669906616,0.21156975626945496,-0.038634270429611206,0.21156975626945496,True,0.6098861694335938,0.9626293778419495,-0.038634270429611206,0.520050048828125,,,2.97246763143643,0.0,0.520050048828125,0.002266592336130509,0.02752937749028206,0.02752937749028206,23.514392207430596,0.06672374126538572,6.524652004241943,0.25020402669906616,0.21156975626945496,-0.038634270429611206,0.21156975626945496,"0,0,512,512",0.03531764820218086,0.004742661025375128,/cluster/users/grad/2025/25t8103/project/data/flowedit_compatible_118/eval_masks/fe_248_this_must_be_the_place_2_cvpr_eval_mask.png,fixed_eval_mask,0.0,0.0,0.0,0.0,dece_rf_flux,dece_rf_flux,,0.007378167472779751,0.007378167472779751,38.48746118635856,0.011902191695330314,,/cluster/users/grad/2025/25t8103/project/outputs/flowedit118_dece_metric_runs/fe_248_this_must_be_the_place_2_cvpr/dece_rf_flux/seed_10/result.png,2.195028781890869,fe_248_this_must_be_the_place_2_cvpr/dece_rf_flux/seed_10,,10,/cluster/users/grad/2025/25t8103/project/_baselines/src/FlowEdit/Data/Images/this_must_be_the_place.png,0.017857801169157028,"A large, colorful wall with a neon sign that reads ""this must be the place.""",26.22824280546634,0.04881888540587,0.9558589474981918,0.9558589474981918,"A large, colorful wall with a neon sign that reads ""cvpr must be the place.""",fe_248_this_must_be_the_place_2_cvpr
0.0,0.0,0.0,0.0,0.0,0.0,0.0,0.0,0.0,0.0,31,0.9899030923843384,0.009885294362902641,0.0098495464771986,0.9849546477198601,0.39011383056640625,32.982846964674756,0.983635425567627,0.983635425567627,0.06970445066690445,0.995107114315033,0.23718735575675964,0.20568615198135376,-0.031501203775405884,0.20568615198135376,True,0.6098861694335938,0.9835414290428162,-0.031501203775405884,0.520050048828125,,,3.0230516867382304,0.0,0.520050048828125,0.001034270289302271,0.011531380005180836,0.011531380005180836,33.36641861466502,0.0214624387744902,5.716518402099609,0.23718735575675964,0.20568615198135376,-0.031501203775405884,0.20568615198135376,"0,0,512,512",0.020225021988153458,0.013905172236263752,/cluster/users/grad/2025/25t8103/project/data/flowedit_compatible_118/eval_masks/fe_248_this_must_be_the_place_2_cvpr_eval_mask.png,fixed_eval_mask,0.0,0.0,0.0,0.0,dece_rf_sd3,dece_rf_sd3,,0.011112918145954609,0.011112918145954609,31.118677602517934,0.02780136501971806,,/cluster/users/grad/2025/25t8103/project/outputs/flowedit118_dece_metric_runs/fe_248_this_must_be_the_place_2_cvpr/dece_rf_sd3/seed_10/result.png,1.890976071357727,fe_248_this_must_be_the_place_2_cvpr/dece_rf_sd3/seed_10,,10,/cluster/users/grad/2025/25t8103/project/_baselines/src/FlowEdit/Data/Images/this_must_be_the_place.png,0.011330537497997284,"A large, colorful wall with a neon sign that reads ""this must be the place.""",32.14303778606036,0.02470859840195033,0.9837161220668516,0.9837161220668516,"A large, colorful wall with a neon sign that reads ""cvpr must be the place.""",fe_248_this_must_be_the_place_2_cvpr
0.0,0.0,0.0,0.0,0.0,0.0,0.0,0.0,0.0,0.0,31,0.9949167370796204,0.006899232044816017,0.0050702705048024654,0.5070270504802465,0.39011383056640625,39.3581192908055,0.9937788844108582,0.9937788844108582,-0.04676838219165802,0.9980828762054443,0.25113654136657715,0.22420859336853027,-0.026927947998046875,0.22420859336853027,True,0.6098861694335938,0.9472521543502808,-0.026927947998046875,0.520050048828125,,,2.8969466871416243,0.0,0.520050048828125,0.0018851593216360541,0.027541063725948334,0.027541063725948334,23.51210021928678,0.06674135030823979,6.274825572967529,0.25113654136657715,0.22420859336853027,-0.026927947998046875,0.22420859336853027,"0,0,512,512",0.03539201617240906,0.0041432734578847885,/cluster/users/grad/2025/25t8103/project/data/flowedit_compatible_118/eval_masks/fe_249_this_must_be_the_place_3_eccv_eval_mask.png,fixed_eval_mask,0.0,0.0,0.0,0.0,dece_rf_flux,dece_rf_flux,,0.00739299226552248,0.00739299226552248,38.644339549009096,0.011689152444830098,,/cluster/users/grad/2025/25t8103/project/outputs/flowedit118_dece_metric_runs/fe_249_this_must_be_the_place_3_eccv/dece_rf_flux/seed_10/result.png,2.166013479232788,fe_249_this_must_be_the_place_3_eccv/dece_rf_flux/seed_10,,10,/cluster/users/grad/2025/25t8103/project/_baselines/src/FlowEdit/Data/Images/this_must_be_the_place.png,0.01787099987268448,"A large, colorful wall with a neon sign that reads ""this must be the place.""",26.230410549511518,0.04880670315995214,0.9565080244697504,0.9565080244697504,"A large, colorful wall with a neon sign that reads ""eccv must be the place.""",fe_249_this_must_be_the_place_3_eccv
0.0,0.0,0.0,0.0,0.0,0.0,0.0,0.0,0.0,0.0,31,0.9913967847824097,0.008164123632013798,0.003177589038386941,0.3177589038386941,0.39011383056640625,37.880601684825145,0.9905884265899658,0.9905884265899658,0.07486548274755478,0.9959380626678467,0.2380589246749878,0.21724145114421844,-0.020817473530769348,0.21724145114421844,True,0.6098861694335938,0.9872152209281921,-0.020817473530769348,0.520050048828125,,,2.909699397040201,0.0,0.520050048828125,0.0010562760401384896,0.01018380094319582,0.01018380094319582,35.580947571225934,0.016632311933108806,5.719482421875,0.2380589246749878,0.21724145114421844,-0.020817473530769348,0.21724145114421844,"0,0,512,512",0.007042244542390108,0.0034825585316866636,/cluster/users/grad/2025/25t8103/project/data/flowedit_compatible_118/eval_masks/fe_249_this_must_be_the_place_3_eccv_eval_mask.png,fixed_eval_mask,0.0,0.0,0.0,0.0,dece_rf_sd3,dece_rf_sd3,,0.008128625340759754,0.008128625340759754,38.107298551821174,0.012434693142081971,,/cluster/users/grad/2025/25t8103/project/outputs/flowedit118_dece_metric_runs/fe_249_this_must_be_the_place_3_eccv/dece_rf_sd3/seed_10/result.png,1.9656609296798706,fe_249_this_must_be_the_place_3_eccv/dece_rf_sd3/seed_10,,10,/cluster/users/grad/2025/25t8103/project/_baselines/src/FlowEdit/Data/Images/this_must_be_the_place.png,0.009197418577969074,"A large, colorful wall with a neon sign that reads ""this must be the place.""",36.61395999346202,0.014767330691015754,0.989984979683819,0.989984979683819,"A large, colorful wall with a neon sign that reads ""eccv must be the place.""",fe_249_this_must_be_the_place_3_eccv
0.0,0.0,0.0,0.0,0.0,0.0,0.0,0.0,0.0,0.0,31,0.9946955442428589,0.006608064752072096,0.005316738039255142,0.5316738039255142,0.39011383056640625,39.45424852724856,0.9934282302856445,0.9934282302856445,0.04223346710205078,0.9769693613052368,0.2760578989982605,0.25997447967529297,-0.01608341932296753,0.25997447967529297,True,0.6098861694335938,0.9528083801269531,-0.01608341932296753,0.520050048828125,,,3.0079359007351663,0.0,0.520050048828125,0.0018704888210785752,0.026892300695180893,0.026892300695180893,23.442872819689754,0.06727541090286222,6.5989990234375,0.2760578989982605,0.25997447967529297,-0.01608341932296753,0.25997447967529297,"0,0,512,512",0.04614195600152016,0.00443385262042284,/cluster/users/grad/2025/25t8103/project/data/flowedit_compatible_118/eval_masks/fe_250_this_must_be_the_place_4_iccv_eval_mask.png,fixed_eval_mask,0.0,0.0,0.0,0.0,dece_rf_flux,dece_rf_flux,,0.007011172361671925,0.007011172361671925,38.856767972484946,0.011406741545035669,,/cluster/users/grad/2025/25t8103/project/outputs/flowedit118_dece_metric_runs/fe_250_this_must_be_the_place_4_iccv/dece_rf_flux/seed_10/result.png,2.1938629150390625,fe_250_this_must_be_the_place_4_iccv/dece_rf_flux/seed_10,,10,/cluster/users/grad/2025/25t8103/project/_baselines/src/FlowEdit/Data/Images/this_must_be_the_place.png,0.01735035888850689,"A large, colorful wall with a neon sign that reads ""this must be the place.""",26.168698394309757,0.04915470344256178,0.953026265968723,0.953026265968723,"A large, colorful wall with a neon sign that reads ""iccv must be the place.""",fe_250_this_must_be_the_place_4_iccv
0.0,0.0,0.0,0.0,0.0,0.0,0.0,0.0,0.0,0.0,31,0.9842954874038696,0.01041695661842823,0.006146833300590515,0.6146833300590515,0.39011383056640625,33.59810780497632,0.9851187467575073,0.9851187467575073,0.04265187680721283,0.973991870880127,0.25718802213668823,0.24140116572380066,-0.015786856412887573,0.24140116572380066,True,0.6098861694335938,0.9758462905883789,-0.015786856412887573,0.520050048828125,,,3.112767415978264,0.0,0.520050048828125,0.002471979343935215,0.03208707273006439,0.03208707273006439,21.757064663947226,0.08168583763316532,6.146533489227295,0.25718802213668823,0.24140116572380066,-0.015786856412887573,0.24140116572380066,"0,0,512,512",0.041752830147743225,0.0069420901127159595,/cluster/users/grad/2025/25t8103/project/data/flowedit_compatible_118/eval_masks/fe_250_this_must_be_the_place_4_iccv_eval_mask.png,fixed_eval_mask,0.0,0.0,0.0,0.0,dece_rf_sd3,dece_rf_sd3,,0.01050235703587532,0.01050235703587532,33.58673677292079,0.02092488892672205,,/cluster/users/grad/2025/25t8103/project/outputs/flowedit118_dece_metric_runs/fe_250_this_must_be_the_place_4_iccv/dece_rf_sd3/seed_10/result.png,1.9746202230453491,fe_250_this_must_be_the_place_4_iccv/dece_rf_sd3/seed_10,,10,/cluster/users/grad/2025/25t8103/project/_baselines/src/FlowEdit/Data/Images/this_must_be_the_place.png,0.021727489307522774,"A large, colorful wall with a neon sign that reads ""this must be the place.""",24.341261513122344,0.06066482153833393,0.9524892072303844,0.9524892072303844,"A large, colorful wall with a neon sign that reads ""iccv must be the place.""",fe_250_this_must_be_the_place_4_iccv
0.0,0.0,0.0,0.0,0.0,0.0,0.0,0.0,0.0,0.0,31,0.9999432563781738,0.005415346473455429,0.0029476992785930634,0.29476992785930634,0.3748130798339844,43.57650378668595,0.9913040399551392,0.9913040399551392,0.18290576338768005,0.9600538015365601,0.2639073431491852,0.22232124209403992,-0.041586101055145264,0.22232124209403992,True,0.6251869201660156,0.9720783233642578,-0.041586101055145264,0.5337486267089844,,,2.834984463183007,0.0,0.5337486267089844,0.0,0.025501908734440804,0.025501908734440804,23.17040375281642,0.06941923322937876,4.176705837249756,0.2639073431491852,0.22232124209403992,-0.041586101055145264,0.22232124209403992,"0,0,512,512",0.06925258785486221,0.004585511516779661,/cluster/users/grad/2025/25t8103/project/data/flowedit_compatible_118/eval_masks/fe_266_yellow_bulldog_10_origami_lion_eval_mask.png,fixed_eval_mask,0.0,0.0,0.0,0.0,dece_rf_flux,dece_rf_flux,,0.0055851563811302185,0.0055851563811302185,43.11434214083863,0.006986873704302899,,/cluster/users/grad/2025/25t8103/project/outputs/flowedit118_dece_metric_runs/fe_266_yellow_bulldog_10_origami_lion/dece_rf_flux/seed_10/result.png,1.4732729196548462,fe_266_yellow_bulldog_10_origami_lion/dece_rf_flux/seed_10,,10,/cluster/users/grad/2025/25t8103/project/_baselines/src/FlowEdit/Data/Images/yellow_bulldog.png,0.016215695068240166,"A small, yellow, shiny dog figurine positioned in the center of the scene, and it appears to be a decorative piece.",25.85877450378313,0.05094027378568942,0.9475754085781164,0.9475754085781164,"A small, yellow, origami lion positioned in the center of the scene, and it appears to be a decorative piece.",fe_266_yellow_bulldog_10_origami_lion
0.0,0.0,0.0,0.0,0.0,0.0,0.0,0.0,0.0,0.0,31,0.9994863271713257,0.006179571617394686,0.00420011393725872,0.42001139372587204,0.3748130798339844,42.394409224983605,0.9881259202957153,0.9881259202957153,0.361873984336853,0.7233649492263794,0.2039567232131958,0.30636757612228394,0.10241085290908813,0.30636757612228394,True,0.6251869201660156,0.6288104057312012,0.10241085290908813,0.5337486267089844,,,3.358295335071776,0.0,0.5337486267089844,5.7175937506700303e-05,0.05513060837984085,0.05513060837984085,17.586604739443125,0.1320291304559265,4.146693706512451,0.2039567232131958,0.30636757612228394,0.10241085290908813,0.30636757612228394,"0,0,512,512",0.13546952605247498,0.004717058967798948,/cluster/users/grad/2025/25t8103/project/data/flowedit_compatible_118/eval_masks/fe_266_yellow_bulldog_10_origami_lion_eval_mask.png,fixed_eval_mask,0.0,0.0,0.0,0.0,dece_rf_sd3,dece_rf_sd3,,0.006218094378709793,0.006218094378709793,42.34612810877507,0.007632970687059541,,/cluster/users/grad/2025/25t8103/project/outputs/flowedit118_dece_metric_runs/fe_266_yellow_bulldog_10_origami_lion/dece_rf_sd3/seed_10/result.png,1.2347614765167236,fe_266_yellow_bulldog_10_origami_lion/dece_rf_sd3/seed_10,,10,/cluster/users/grad/2025/25t8103/project/_baselines/src/FlowEdit/Data/Images/yellow_bulldog.png,0.03232508525252342,"A small, yellow, shiny dog figurine positioned in the center of the scene, and it appears to be a decorative piece.",20.30057678025773,0.09659867312054884,0.8947981753505095,0.8947981753505095,"A small, yellow, origami lion positioned in the center of the scene, and it appears to be a decorative piece.",fe_266_yellow_bulldog_10_origami_lion
0.0,0.0,0.0,0.0,0.0,0.0,0.0,0.0,0.0,0.0,31,0.9999493956565857,0.006304031237959862,0.0024443583097308874,0.24443583097308874,0.3748130798339844,42.57064018982963,0.9915308356285095,0.9915308356285095,0.36112523078918457,0.724445104598999,0.20258182287216187,0.2874286472797394,0.08484682440757751,0.2874286472797394,True,0.6251869201660156,0.22504889965057373,0.08484682440757751,0.5337486267089844,,,3.1847331673740844,0.0,0.5337486267089844,0.00017867480470843845,0.05425088107585907,0.05425088107585907,18.06774204444564,0.12491451260817664,4.854000091552734,0.20258182287216187,0.2874286472797394,0.08484682440757751,0.2874286472797394,"0,0,512,512",0.15904822945594788,0.005385603290051222,/cluster/users/grad/2025/25t8103/project/data/flowedit_compatible_118/eval_masks/fe_267_yellow_bulldog_11_origami_cat_eval_mask.png,fixed_eval_mask,0.0,0.0,0.0,0.0,dece_rf_flux,dece_rf_flux,,0.006672190967947245,0.006672190967947245,41.57581766249243,0.008340827066071293,,/cluster/users/grad/2025/25t8103/project/outputs/flowedit118_dece_metric_runs/fe_267_yellow_bulldog_11_origami_cat/dece_rf_flux/seed_10/result.png,1.524146556854248,fe_267_yellow_bulldog_11_origami_cat/dece_rf_flux/seed_10,,10,/cluster/users/grad/2025/25t8103/project/_baselines/src/FlowEdit/Data/Images/yellow_bulldog.png,0.03206724673509598,"A small, yellow, shiny dog figurine positioned in the center of the scene, and it appears to be a decorative piece.",20.777492453600637,0.09143771766987391,0.8792444052262581,0.8792444052262581,"A small, yellow, origami cat positioned in the center of the scene, and it appears to be a decorative piece.",fe_267_yellow_bulldog_11_origami_cat
0.0,0.0,0.0,0.0,0.0,0.0,0.0,0.0,0.0,0.0,31,0.9993698000907898,0.006894851103425026,0.004475051537156105,0.4475051537156105,0.3748130798339844,41.600127645063395,0.9881109595298767,0.9881109595298767,0.45242637395858765,0.7150783538818359,0.2043498456478119,0.33604398369789124,0.13169413805007935,0.33604398369789124,True,0.6251869201660156,0.2640545070171356,0.13169413805007935,0.5337486267089844,,,3.25345190809616,0.0,0.5337486267089844,1.4293984376675076e-05,0.06246965378522873,0.06246965378522873,17.937539145106737,0.12680110632886865,4.002139568328857,0.2043498456478119,0.33604398369789124,0.13169413805007935,0.33604398369789124,"0,0,512,512",0.1655382663011551,0.005033842753618956,/cluster/users/grad/2025/25t8103/project/data/flowedit_compatible_118/eval_masks/fe_267_yellow_bulldog_11_origami_cat_eval_mask.png,fixed_eval_mask,0.0,0.0,0.0,0.0,dece_rf_sd3,dece_rf_sd3,,0.006947286427021027,0.006947286427021027,41.54227380736238,0.008373100609436756,,/cluster/users/grad/2025/25t8103/project/outputs/flowedit118_dece_metric_runs/fe_267_yellow_bulldog_11_origami_cat/dece_rf_sd3/seed_10/result.png,1.2301210165023804,fe_267_yellow_bulldog_11_origami_cat/dece_rf_sd3/seed_10,,10,/cluster/users/grad/2025/25t8103/project/_baselines/src/FlowEdit/Data/Images/yellow_bulldog.png,0.03658227249979973,"A small, yellow, shiny dog figurine positioned in the center of the scene, and it appears to be a decorative piece.",20.647662127853103,0.09281472742895032,0.868345019325644,0.868345019325644,"A small, yellow, origami cat positioned in the center of the scene, and it appears to be a decorative piece.",fe_267_yellow_bulldog_11_origami_cat
0.0,0.0,0.0,0.0,0.0,0.0,0.0,0.0,0.0,0.0,31,0.9998989105224609,0.008025162853300571,0.00269042095169425,0.269042095169425,0.3748130798339844,40.91449222215803,0.9914904832839966,0.9914904832839966,0.44640859961509705,0.721790075302124,0.17644761502742767,0.31063276529312134,0.13418515026569366,0.31063276529312134,True,0.6251869201660156,0.2148583084344864,0.13418515026569366,0.5337486267089844,,,3.067206937264284,0.0,0.5337486267089844,0.00015723382814342583,0.07050364464521408,0.07050364464521408,16.78468273329248,0.14479910027566265,4.59238862991333,0.17644761502742767,0.31063276529312134,0.13418515026569366,0.31063276529312134,"0,0,512,512",0.18983528017997742,0.0048474036157131195,/cluster/users/grad/2025/25t8103/project/data/flowedit_compatible_118/eval_masks/fe_268_yellow_bulldog_12_origami_bear_eval_mask.png,fixed_eval_mask,0.0,0.0,0.0,0.0,dece_rf_flux,dece_rf_flux,,0.008377510122954845,0.008377510122954845,40.30414681243375,0.009655897776131,,/cluster/users/grad/2025/25t8103/project/outputs/flowedit118_dece_metric_runs/fe_268_yellow_bulldog_12_origami_bear/dece_rf_flux/seed_10/result.png,1.4972542524337769,fe_268_yellow_bulldog_12_origami_bear/dece_rf_flux/seed_10,,10,/cluster/users/grad/2025/25t8103/project/_baselines/src/FlowEdit/Data/Images/yellow_bulldog.png,0.04153725132346153,"A small, yellow, shiny dog figurine positioned in the center of the scene, and it appears to be a decorative piece.",19.49447710301605,0.10599274626690239,0.8503789113067984,0.8503789113067984,"A small, yellow, origami bear positioned in the center of the scene, and it appears to be a decorative piece.",fe_268_yellow_bulldog_12_origami_bear
0.0,0.0,0.0,0.0,0.0,0.0,0.0,0.0,0.0,0.0,31,0.9994096755981445,0.006570378318428993,0.004231961444020271,0.42319614440202713,0.3748130798339844,41.949199807365474,0.9882013201713562,0.9882013201713562,0.3659772574901581,0.7026852369308472,0.18759837746620178,0.2880220115184784,0.10042363405227661,0.2880220115184784,True,0.6251869201660156,0.23701708018779755,0.10042363405227661,0.5337486267089844,,,2.9973362369524583,0.0,0.5337486267089844,8.576390626005046e-05,0.05822547525167465,0.05822547525167465,18.438081279750026,0.11970049214875399,3.7028636932373047,0.18759837746620178,0.2880220115184784,0.10042363405227661,0.2880220115184784,"0,0,512,512",0.1640232503414154,0.004806937649846077,/cluster/users/grad/2025/25t8103/project/data/flowedit_compatible_118/eval_masks/fe_268_yellow_bulldog_12_origami_bear_eval_mask.png,fixed_eval_mask,0.0,0.0,0.0,0.0,dece_rf_sd3,dece_rf_sd3,,0.006602127104997635,0.006602127104997635,41.90949819235475,0.008026479307035107,,/cluster/users/grad/2025/25t8103/project/outputs/flowedit118_dece_metric_runs/fe_268_yellow_bulldog_12_origami_bear/dece_rf_sd3/seed_10/result.png,1.2353848218917847,fe_268_yellow_bulldog_12_origami_bear/dece_rf_sd3/seed_10,,10,/cluster/users/grad/2025/25t8103/project/_baselines/src/FlowEdit/Data/Images/yellow_bulldog.png,0.03415602073073387,"A small, yellow, shiny dog figurine positioned in the center of the scene, and it appears to be a decorative piece.",21.147690250201588,0.08762246921264627,0.8705529097071726,0.8705529097071726,"A small, yellow, origami bear positioned in the center of the scene, and it appears to be a decorative piece.",fe_268_yellow_bulldog_12_origami_bear
0.0,0.0,0.0,0.0,0.0,0.0,0.0,0.0,0.0,0.0,31,0.9999389052391052,0.00550749059766531,0.003030556719750166,0.3030556719750166,0.3748130798339844,43.373788118602405,0.9912768602371216,0.9912768602371216,0.2622491121292114,0.9659570455551147,0.27352175116539,0.21313954889774323,-0.06038220226764679,0.21313954889774323,True,0.6251869201660156,0.9578118324279785,-0.06038220226764679,0.5337486267089844,,,2.375067319335485,0.0,0.5337486267089844,0.0,0.021131515502929688,0.021131515502929688,25.1585631522018,0.0552168773260445,3.631688117980957,0.27352175116539,0.21313954889774323,-0.06038220226764679,0.21313954889774323,"0,0,512,512",0.05379365384578705,0.006384256761521101,/cluster/users/grad/2025/25t8103/project/data/flowedit_compatible_118/eval_masks/fe_269_yellow_bulldog_13_origami_deer_eval_mask.png,fixed_eval_mask,0.0,0.0,0.0,0.0,dece_rf_flux,dece_rf_flux,,0.00581256253644824,0.00581256253644824,42.097989596021336,0.007854174033887556,,/cluster/users/grad/2025/25t8103/project/outputs/flowedit118_dece_metric_runs/fe_269_yellow_bulldog_13_origami_deer/dece_rf_flux/seed_10/result.png,1.5290884971618652,fe_269_yellow_bulldog_13_origami_deer/dece_rf_flux/seed_10,,10,/cluster/users/grad/2025/25t8103/project/_baselines/src/FlowEdit/Data/Images/yellow_bulldog.png,0.013989032246172428,"A small, yellow, shiny dog figurine positioned in the center of the scene, and it appears to be a decorative piece.",27.809107159516024,0.04069533632335965,0.9561802271791211,0.9561802271791211,"A small, yellow, origami deer positioned in the center of the scene, and it appears to be a decorative piece.",fe_269_yellow_bulldog_13_origami_deer
0.0,0.0,0.0,0.0,0.0,0.0,0.0,0.0,0.0,0.0,31,0.9993647933006287,0.0068047549575567245,0.004312590695917606,0.43125906959176064,0.3748130798339844,41.701457390934955,0.9881489276885986,0.9881489276885986,0.43277209997177124,0.6635355353355408,0.19452205300331116,0.32604652643203735,0.1315244734287262,0.32604652643203735,True,0.6251869201660156,0.16684716939926147,0.1315244734287262,0.5337486267089844,,,2.814510309639212,0.0,0.5337486267089844,0.0001286458593900757,0.053973183035850525,0.053973183035850525,18.660767732041098,0.11667064891629204,3.4746298789978027,0.19452205300331116,0.32604652643203735,0.1315244734287262,0.32604652643203735,"0,0,512,512",0.1556822657585144,0.004908187780529261,/cluster/users/grad/2025/25t8103/project/data/flowedit_compatible_118/eval_masks/fe_269_yellow_bulldog_13_origami_deer_eval_mask.png,fixed_eval_mask,0.0,0.0,0.0,0.0,dece_rf_sd3,dece_rf_sd3,,0.006853480823338032,0.006853480823338032,41.64717516488445,0.00827258506795929,,/cluster/users/grad/2025/25t8103/project/outputs/flowedit118_dece_metric_runs/fe_269_yellow_bulldog_13_origami_deer/dece_rf_sd3/seed_10/result.png,1.2345415353775024,fe_269_yellow_bulldog_13_origami_deer/dece_rf_sd3/seed_10,,10,/cluster/users/grad/2025/25t8103/project/_baselines/src/FlowEdit/Data/Images/yellow_bulldog.png,0.032003555446863174,"A small, yellow, shiny dog figurine positioned in the center of the scene, and it appears to be a decorative piece.",21.368368408506498,0.08542432967514799,0.8793972434564569,0.8793972434564569,"A small, yellow, origami deer positioned in the center of the scene, and it appears to be a decorative piece.",fe_269_yellow_bulldog_13_origami_deer
0.0,0.0,0.0,0.0,0.0,0.0,0.0,0.0,0.0,0.0,31,0.9999492764472961,0.00541139580309391,0.00239177281036973,0.239177281036973,0.3748130798339844,43.66139305038406,0.9916958808898926,0.9916958808898926,0.24577704071998596,0.8728786706924438,0.2716267704963684,0.2467171549797058,-0.024909615516662598,0.2467171549797058,True,0.6251869201660156,0.4106864929199219,-0.024909615516662598,0.5337486267089844,,,2.8012165918449514,0.0,0.5337486267089844,0.0,0.03385387361049652,0.03385387361049652,21.163023996785274,0.08746792022138405,3.972834348678589,0.2716267704963684,0.2467171549797058,-0.024909615516662598,0.2467171549797058,"0,0,512,512",0.09385118633508682,0.0035063563846051693,/cluster/users/grad/2025/25t8103/project/data/flowedit_compatible_118/eval_masks/fe_270_yellow_bulldog_14_origami_rabbit_eval_mask.png,fixed_eval_mask,0.0,0.0,0.0,0.0,dece_rf_flux,dece_rf_flux,,0.0054990085773169994,0.0054990085773169994,43.4349797040942,0.006733657377314675,,/cluster/users/grad/2025/25t8103/project/outputs/flowedit118_dece_metric_runs/fe_270_yellow_bulldog_14_origami_rabbit/dece_rf_flux/seed_10/result.png,1.4182531833648682,fe_270_yellow_bulldog_14_origami_rabbit/dece_rf_flux/seed_10,,10,/cluster/users/grad/2025/25t8103/project/_baselines/src/FlowEdit/Data/Images/yellow_bulldog.png,0.02063337340950966,"A small, yellow, shiny dog figurine positioned in the center of the scene, and it appears to be a decorative piece.",23.86723167079245,0.06406759425005472,0.9312016339259747,0.9312016339259747,"A small, yellow, origami rabbit positioned in the center of the scene, and it appears to be a decorative piece.",fe_270_yellow_bulldog_14_origami_rabbit
0.0,0.0,0.0,0.0,0.0,0.0,0.0,0.0,0.0,0.0,31,0.9994200468063354,0.006754785310477018,0.004395380616188049,0.43953806161880493,0.3748130798339844,41.75106243755104,0.9881286025047302,0.9881286025047302,0.435438871383667,0.662119448184967,0.17567911744117737,0.2986946702003479,0.12301555275917053,0.2986946702003479,True,0.6251869201660156,0.19163241982460022,0.12301555275917053,0.5337486267089844,,,2.8633188651807995,0.0,0.5337486267089844,0.0,0.06607718765735626,0.06607718765735626,17.425925932080922,0.1344942456480436,3.524188995361328,0.17567911744117737,0.2986946702003479,0.12301555275917053,0.2986946702003479,"0,0,512,512",0.1748313307762146,0.00493640685454011,/cluster/users/grad/2025/25t8103/project/data/flowedit_compatible_118/eval_masks/fe_270_yellow_bulldog_14_origami_rabbit_eval_mask.png,fixed_eval_mask,0.0,0.0,0.0,0.0,dece_rf_sd3,dece_rf_sd3,,0.006807673256844282,0.006807673256844282,41.69273108497077,0.008229310438588627,,/cluster/users/grad/2025/25t8103/project/outputs/flowedit118_dece_metric_runs/fe_270_yellow_bulldog_14_origami_rabbit/dece_rf_sd3/seed_10/result.png,1.2308056354522705,fe_270_yellow_bulldog_14_origami_rabbit/dece_rf_sd3/seed_10,,10,/cluster/users/grad/2025/25t8103/project/_baselines/src/FlowEdit/Data/Images/yellow_bulldog.png,0.03844268247485161,"A small, yellow, shiny dog figurine positioned in the center of the scene, and it appears to be a decorative piece.",20.13837843076905,0.09841948279995043,0.8651569089087592,0.8651569089087592,"A small, yellow, origami rabbit positioned in the center of the scene, and it appears to be a decorative piece.",fe_270_yellow_bulldog_14_origami_rabbit
0.0,0.0,0.0,0.0,0.0,0.0,0.0,0.0,0.0,0.0,31,0.9999386072158813,0.005499216262251139,0.002839541994035244,0.2839541994035244,0.3748130798339844,43.488630491239924,0.9913704991340637,0.9913704991340637,0.203098863363266,0.938433051109314,0.2761557698249817,0.2440595030784607,-0.032096266746520996,0.2440595030784607,True,0.6251869201660156,0.9644467830657959,-0.032096266746520996,0.5337486267089844,,,2.8716929644085725,0.0,0.5337486267089844,2.1440976565012614e-05,0.02457481250166893,0.02457481250166893,22.96671757662244,0.07106636811706563,4.050739765167236,0.2761557698249817,0.2440595030784607,-0.032096266746520996,0.2440595030784607,"0,0,512,512",0.059497494250535965,0.0038199694827198982,/cluster/users/grad/2025/25t8103/project/data/flowedit_compatible_118/eval_masks/fe_271_yellow_bulldog_15_origami_wolf_eval_mask.png,fixed_eval_mask,0.0,0.0,0.0,0.0,dece_rf_flux,dece_rf_flux,,0.005627336911857128,0.005627336911857128,43.23808626430879,0.006888040417299782,,/cluster/users/grad/2025/25t8103/project/outputs/flowedit118_dece_metric_runs/fe_271_yellow_bulldog_15_origami_wolf/dece_rf_flux/seed_10/result.png,1.41057550907135,fe_271_yellow_bulldog_15_origami_wolf/dece_rf_flux/seed_10,,10,/cluster/users/grad/2025/25t8103/project/_baselines/src/FlowEdit/Data/Images/yellow_bulldog.png,0.015740523114800453,"A small, yellow, shiny dog figurine positioned in the center of the scene, and it appears to be a decorative piece.",25.657855609108683,0.05213234006478144,0.953047330232426,0.953047330232426,"A small, yellow, origami wolf positioned in the center of the scene, and it appears to be a decorative piece.",fe_271_yellow_bulldog_15_origami_wolf
0.0,0.0,0.0,0.0,0.0,0.0,0.0,0.0,0.0,0.0,31,0.9993516206741333,0.006797797977924347,0.004393736831843853,0.4393736831843853,0.3748130798339844,41.72689963904074,0.987909197807312,0.987909197807312,0.2785709500312805,0.8303321003913879,0.23281081020832062,0.2594579756259918,0.026647165417671204,0.2594579756259918,True,0.6251869201660156,0.7743550539016724,0.026647165417671204,0.5337486267089844,,,2.815474989183545,0.0,0.5337486267089844,0.00010720488282506307,0.052682939916849136,0.052682939916849136,17.497199132349778,0.13339515112295783,3.480750560760498,0.23281081020832062,0.2594579756259918,0.026647165417671204,0.2594579756259918,"0,0,512,512",0.13511736690998077,0.004935045260936022,/cluster/users/grad/2025/25t8103/project/data/flowedit_compatible_118/eval_masks/fe_271_yellow_bulldog_15_origami_wolf_eval_mask.png,fixed_eval_mask,0.0,0.0,0.0,0.0,dece_rf_sd3,dece_rf_sd3,,0.006837641820311546,0.006837641820311546,41.68160985455613,0.00823985382292224,,/cluster/users/grad/2025/25t8103/project/outputs/flowedit118_dece_metric_runs/fe_271_yellow_bulldog_15_origami_wolf/dece_rf_sd3/seed_10/result.png,1.2362924814224243,fe_271_yellow_bulldog_15_origami_wolf/dece_rf_sd3/seed_10,,10,/cluster/users/grad/2025/25t8103/project/_baselines/src/FlowEdit/Data/Images/yellow_bulldog.png,0.03130750730633736,"A small, yellow, shiny dog figurine positioned in the center of the scene, and it appears to be a decorative piece.",20.20938022664188,0.09761824345103425,0.9053422408092564,0.9053422408092564,"A small, yellow, origami wolf positioned in the center of the scene, and it appears to be a decorative piece.",fe_271_yellow_bulldog_15_origami_wolf
0.0,0.0,0.0,0.0,0.0,0.0,0.0,0.0,0.0,0.0,31,0.999934196472168,0.007265940308570862,0.0027469967026263475,0.27469967026263475,0.3748130798339844,41.54509755215975,0.9913275837898254,0.9913275837898254,0.30364716053009033,0.6850409507751465,0.2070075273513794,0.29522597789764404,0.08821845054626465,0.29522597789764404,True,0.6251869201660156,0.156833678483963,0.08821845054626465,0.5337486267089844,,,3.172878683289714,0.0,0.5337486267089844,0.004888542656822876,0.07314802706241608,0.07314802706241608,16.528655110890337,0.14913076458082944,5.048722743988037,0.2070075273513794,0.29522597789764404,0.08821845054626465,0.29522597789764404,"0,0,512,512",0.20869147777557373,0.007119276560842991,/cluster/users/grad/2025/25t8103/project/data/flowedit_compatible_118/eval_masks/fe_272_yellow_bulldog_16_origami_cow_eval_mask.png,fixed_eval_mask,0.0,0.0,0.0,0.0,dece_rf_flux,dece_rf_flux,,0.0077016097493469715,0.0077016097493469715,40.451336046647306,0.009493649584995382,,/cluster/users/grad/2025/25t8103/project/outputs/flowedit118_dece_metric_runs/fe_272_yellow_bulldog_16_origami_cow/dece_rf_flux/seed_10/result.png,1.5912120342254639,fe_272_yellow_bulldog_16_origami_cow/dece_rf_flux/seed_10,,10,/cluster/users/grad/2025/25t8103/project/_baselines/src/FlowEdit/Data/Images/yellow_bulldog.png,0.0426335483789444,"A small, yellow, shiny dog figurine positioned in the center of the scene, and it appears to be a decorative piece.",19.239940128607284,0.10914478597170628,0.8460898937507092,0.8460898937507092,"A small, yellow, origami cow positioned in the center of the scene, and it appears to be a decorative piece.",fe_272_yellow_bulldog_16_origami_cow
0.0,0.0,0.0,0.0,0.0,0.0,0.0,0.0,0.0,0.0,31,0.9993573427200317,0.006114554591476917,0.004017288330942392,0.40172883309423923,0.3748130798339844,42.470117209198165,0.9883689880371094,0.9883689880371094,0.21943844854831696,0.7092944979667664,0.23675578832626343,0.2737174928188324,0.03696170449256897,0.2737174928188324,True,0.6251869201660156,0.2930949032306671,0.03696170449256897,0.5337486267089844,,,3.5507571719234496,0.0,0.5337486267089844,0.00013579285157841323,0.06162891536951065,0.06162891536951065,17.81527291404933,0.12859863365837584,4.341134071350098,0.23675578832626343,0.2737174928188324,0.03696170449256897,0.2737174928188324,"0,0,512,512",0.17023402452468872,0.004589561838656664,/cluster/users/grad/2025/25t8103/project/data/flowedit_compatible_118/eval_masks/fe_272_yellow_bulldog_16_origami_cow_eval_mask.png,fixed_eval_mask,0.0,0.0,0.0,0.0,dece_rf_sd3,dece_rf_sd3,,0.006148533429950476,0.006148533429950476,42.42461143563506,0.007564311906442925,,/cluster/users/grad/2025/25t8103/project/outputs/flowedit118_dece_metric_runs/fe_272_yellow_bulldog_16_origami_cow/dece_rf_sd3/seed_10/result.png,1.222593903541565,fe_272_yellow_bulldog_16_origami_cow/dece_rf_sd3/seed_10,,10,/cluster/users/grad/2025/25t8103/project/_baselines/src/FlowEdit/Data/Images/yellow_bulldog.png,0.03576112166047096,"A small, yellow, shiny dog figurine positioned in the center of the scene, and it appears to be a decorative piece.",20.52879811276162,0.0940936020587403,0.8747474173431172,0.8747474173431172,"A small, yellow, origami cow positioned in the center of the scene, and it appears to be a decorative piece.",fe_272_yellow_bulldog_16_origami_cow
0.0,0.0,0.0,0.0,0.0,0.0,0.0,0.0,0.0,0.0,31,0.9999610185623169,0.006784174125641584,0.002892359159886837,0.2892359159886837,0.3748130798339844,42.04708508013421,0.9914085865020752,0.9914085865020752,0.412148118019104,0.6563373804092407,0.17872202396392822,0.30296945571899414,0.12424743175506592,0.30296945571899414,True,0.6251869201660156,0.11004302650690079,0.12424743175506592,0.5337486267089844,,,2.88874603875392,0.0,0.5337486267089844,1.4293984376675076e-05,0.07274585217237473,0.07274585217237473,16.46921907248287,0.15015474002130516,4.1051130294799805,0.17872202396392822,0.30296945571899414,0.12424743175506592,0.30296945571899414,"0,0,512,512",0.20807886123657227,0.004900324158370495,/cluster/users/grad/2025/25t8103/project/data/flowedit_compatible_118/eval_masks/fe_273_yellow_bulldog_17_origami_horse_eval_mask.png,fixed_eval_mask,0.0,0.0,0.0,0.0,dece_rf_flux,dece_rf_flux,,0.007163666654378176,0.007163666654378176,41.29994858323647,0.008609988489156244,,/cluster/users/grad/2025/25t8103/project/outputs/flowedit118_dece_metric_runs/fe_273_yellow_bulldog_17_origami_horse/dece_rf_flux/seed_10/result.png,1.42107093334198,fe_273_yellow_bulldog_17_origami_horse/dece_rf_flux/seed_10,,10,/cluster/users/grad/2025/25t8103/project/_baselines/src/FlowEdit/Data/Images/yellow_bulldog.png,0.04216806963086128,"A small, yellow, shiny dog figurine positioned in the center of the scene, and it appears to be a decorative piece.",19.183396405558604,0.10985761839789225,0.8576815435284415,0.8576815435284415,"A small, yellow, origami horse positioned in the center of the scene, and it appears to be a decorative piece.",fe_273_yellow_bulldog_17_origami_horse
0.0,0.0,0.0,0.0,0.0,0.0,0.0,0.0,0.0,0.0,31,0.9993964433670044,0.00712833646684885,0.0042038229294121265,0.42038229294121265,0.3748130798339844,41.372449786678345,0.9881766438484192,0.9881766438484192,0.39635902643203735,0.6626104712486267,0.19860431551933289,0.31309473514556885,0.11449041962623596,0.31309473514556885,True,0.6251869201660156,0.20182675123214722,0.11449041962623596,0.5337486267089844,,,2.654463036106355,0.0,0.5337486267089844,1.4293984376675076e-05,0.05424842983484268,0.05424842983484268,18.335491685593933,0.12112266441431846,3.27953839302063,0.19860431551933289,0.31309473514556885,0.11449041962623596,0.31309473514556885,"0,0,512,512",0.15845848619937897,0.004764932673424482,/cluster/users/grad/2025/25t8103/project/data/flowedit_compatible_118/eval_masks/fe_273_yellow_bulldog_17_origami_horse_eval_mask.png,fixed_eval_mask,0.0,0.0,0.0,0.0,dece_rf_sd3,dece_rf_sd3,,0.007171055302023888,0.007171055302023888,41.32466183610113,0.008585526008687774,,/cluster/users/grad/2025/25t8103/project/outputs/flowedit118_dece_metric_runs/fe_273_yellow_bulldog_17_origami_horse/dece_rf_sd3/seed_10/result.png,1.2354809045791626,fe_273_yellow_bulldog_17_origami_horse/dece_rf_sd3/seed_10,,10,/cluster/users/grad/2025/25t8103/project/_baselines/src/FlowEdit/Data/Images/yellow_bulldog.png,0.03229854628443718,"A small, yellow, shiny dog figurine positioned in the center of the scene, and it appears to be a decorative piece.",21.04310449952039,0.08868389825349,0.882741226086852,0.882741226086852,"A small, yellow, origami horse positioned in the center of the scene, and it appears to be a decorative piece.",fe_273_yellow_bulldog_17_origami_horse
