avg_beta_t,avg_cos_anchor_region,avg_cos_base_anchor,avg_cos_base_region,avg_cos_rec_base,avg_cos_rec_edit_total,avg_edit_norm,avg_mask_area,avg_rec_energy,avg_rec_norm,clip_direction_similarity,clip_image_source_similarity,clip_source_score,clip_target_minus_source,clip_target_score,complete,dino_source_similarity,edit_score,eval_mask_area,failure_flag,failure_note,fill_texture_ratio,final_mask_area,fixed_eval_mask_area,inside_blue_ratio,inside_mask_l1,inside_mask_psnr,inside_mask_rmse,inside_texture_energy,local_clip_source_score,local_clip_target_minus_source,local_clip_target_score,local_crop_box,mask_path,mask_source,max_beta_t,max_edit_norm,max_rec_energy,max_rec_norm,method,method_display,missing,outside_mask_l1,outside_mask_psnr,outside_mask_rmse,peak_gpu_memory_gb,result_image,ring_texture_energy,run,runtime_seconds,seed,source_image,source_l1,source_prompt,source_psnr,source_rmse,source_ssim,source_ssim_luma,target_prompt,task
1.0,0.9285701091090838,1.0000000173846881,0.9285701314608256,-0.4329734494288762,-0.0015977260809449945,49.258020877838135,0.0855654776096344,0.019017360755242407,12.870605866114298,0.08474502712488174,0.9309780597686768,0.2802489399909973,0.014924228191375732,0.29517316818237305,True,0.832621693611145,0.014924228191375732,0.03788829985119048,,,0.7775261666038323,0.0855654776096344,0.03788829985119048,0.7563669837373428,0.13426990807056427,14.883551202288615,0.18022807326459375,9.027748107910156,0.31286805868148804,0.005894601345062256,0.3187626600265503,"160,119,336,259",/cluster/users/grad/2025/25t8103/project/experiments/support_v3_2026-06-02/normalized_512/eval_masks/bowl_apple_inside_eval_mask.png,fixed_eval_mask,1.0,91.82304382324219,0.045146506279706955,20.21308135986328,adaptive_full_generic_support,Generic support control,,0.05569585785269737,20.267431722618994,0.0969679945625263,13.549590110778809,/cluster/users/grad/2025/25t8103/project/outputs/pretty_matrix/bowl_apple_inside/adaptive_full_generic_support/seed_10/result.png,11.610860824584961,bowl_apple_inside/adaptive_full_generic_support/seed_10,23.98635177896358,10,/cluster/users/grad/2025/25t8103/project/data/pretty_free_candidates/pexels_empty_ceramic_bowl_phase1.jpg,0.058672890067100525,"A top-down photo of an empty blue ceramic bowl on a wooden board in a tidy table setting, with no fruit inside the bowl.",19.881239510321016,0.10137667069516583,0.5288980945390812,0.5288980945390812,"A top-down photo of the same blue ceramic bowl on the same wooden board, with one small red apple centered inside the bowl, while the bowl, board, tableware, leaves, and background remain unchanged.",bowl_apple_inside
1.0,0.9307522922754288,1.0000000074505806,0.9307523046930631,-0.4240238269170125,-0.0029839745936139175,59.002661307652794,0.0855654776096344,0.02004178909313244,13.344950914382935,0.08057259023189545,0.9138650894165039,0.25437667965888977,0.015690892934799194,0.27006757259368896,True,0.8155215382575989,0.015690892934799194,0.03788829985119048,,,0.5919394230662863,0.0855654776096344,0.03788829985119048,0.8818656029456888,0.1019309014081955,17.623367335648478,0.13147150461735416,4.5927839279174805,0.288850873708725,0.01922103762626648,0.30807191133499146,"160,119,336,259",/cluster/users/grad/2025/25t8103/project/experiments/support_v3_2026-06-02/normalized_512/eval_masks/bowl_apple_inside_eval_mask.png,fixed_eval_mask,1.0,152.7974853515625,0.04570322483778,20.396018981933594,adaptive_full_generic_support,Generic support control,,0.06406034529209137,18.964238971339384,0.11266474846518058,13.38190746307373,/cluster/users/grad/2025/25t8103/project/outputs/pretty_matrix/bowl_apple_inside/adaptive_full_generic_support/seed_11/result.png,7.758874893188477,bowl_apple_inside/adaptive_full_generic_support/seed_11,44.02060033194721,11,/cluster/users/grad/2025/25t8103/project/data/pretty_free_candidates/pexels_empty_ceramic_bowl_phase1.jpg,0.06549518555402756,"A top-down photo of an empty blue ceramic bowl on a wooden board in a tidy table setting, with no fruit inside the bowl.",18.905123587530838,0.11343414988050231,0.5283746184475999,0.5283746184475999,"A top-down photo of the same blue ceramic bowl on the same wooden board, with one small red apple centered inside the bowl, while the bowl, board, tableware, leaves, and background remain unchanged.",bowl_apple_inside
1.0,0.9305728524923325,0.9999999925494194,0.9305728500088056,-0.42405231793721515,-0.002756239819670251,58.74592169125875,0.0855654776096344,0.020060221169842407,13.360300421714783,0.07995478808879852,0.9148617386817932,0.25261127948760986,0.015452742576599121,0.268064022064209,True,0.8226467967033386,0.015452742576599121,0.03788829985119048,,,0.5736320389022409,0.0855654776096344,0.03788829985119048,0.8643755753298558,0.10153181850910187,17.6787261881968,0.1306362456062289,4.585911273956299,0.3013796806335449,0.018735945224761963,0.3201156258583069,"160,119,336,259",/cluster/users/grad/2025/25t8103/project/experiments/support_v3_2026-06-02/normalized_512/eval_masks/bowl_apple_inside_eval_mask.png,fixed_eval_mask,1.0,150.61123657226562,0.04570322483778,20.396018981933594,adaptive_full_generic_support,Generic support control,,0.06400921940803528,18.979819354604437,0.11246283632605297,13.38190746307373,/cluster/users/grad/2025/25t8103/project/outputs/pretty_matrix/bowl_apple_inside/adaptive_full_generic_support/seed_12/result.png,7.9945173263549805,bowl_apple_inside/adaptive_full_generic_support/seed_12,45.77312180097215,12,/cluster/users/grad/2025/25t8103/project/data/pretty_free_candidates/pexels_empty_ceramic_bowl_phase1.jpg,0.0654309019446373,"A top-down photo of an empty blue ceramic bowl on a wooden board in a tidy table setting, with no fruit inside the bowl.",18.92272062177711,0.11320457247617538,0.5279583149641048,0.5279583149641048,"A top-down photo of the same blue ceramic bowl on the same wooden board, with one small red apple centered inside the bowl, while the bowl, board, tableware, leaves, and background remain unchanged.",bowl_apple_inside
1.0,0.9243635013699532,1.000000034769376,0.9243635212381681,0.0,0.0,34.61550635099411,0.0386904776096344,0.0,0.0,-0.05301354452967644,0.8419064283370972,0.308923602104187,-0.015188515186309814,0.2937350869178772,True,0.5805678367614746,-0.015188515186309814,0.03788829985119048,,,0.45108097593024316,0.0386904776096344,0.03788829985119048,0.983583921448297,0.06417462229728699,21.172524583597895,0.087372300509472,4.93698263168335,0.3168005645275116,-0.014612525701522827,0.30218803882598877,"160,119,336,259",/cluster/users/grad/2025/25t8103/project/experiments/support_v3_2026-06-02/normalized_512/eval_masks/bowl_apple_inside_eval_mask.png,fixed_eval_mask,1.0,83.87122344970703,0.0,0.0,direct_target,Direct target guidance,,0.09116657078266144,17.801677269571364,0.12880008111202976,12.404802322387695,/cluster/users/grad/2025/25t8103/project/outputs/pretty_matrix/bowl_apple_inside/direct_target/seed_10/result.png,10.944781303405762,bowl_apple_inside/direct_target/seed_10,11.739561497000977,10,/cluster/users/grad/2025/25t8103/project/data/pretty_free_candidates/pexels_empty_ceramic_bowl_phase1.jpg,0.09014389663934708,"A top-down photo of an empty blue ceramic bowl on a wooden board in a tidy table setting, with no fruit inside the bowl.",17.891427179566385,0.1274760626663702,0.3434925987526114,0.3434925987526114,"A top-down photo of the same blue ceramic bowl on the same wooden board, with one small red apple centered inside the bowl, while the bowl, board, tableware, leaves, and background remain unchanged.",bowl_apple_inside
1.0,0.9243635013699532,1.000000034769376,0.9243635212381681,0.0,0.0,34.61550635099411,0.0386904776096344,0.0,0.0,-0.05301354452967644,0.8419064283370972,0.308923602104187,-0.015188515186309814,0.2937350869178772,True,0.5805678367614746,-0.015188515186309814,0.03788829985119048,,,0.45108097593024316,0.0386904776096344,0.03788829985119048,0.983583921448297,0.06417462229728699,21.172524583597895,0.087372300509472,4.93698263168335,0.3168005645275116,-0.014612525701522827,0.30218803882598877,"160,119,336,259",/cluster/users/grad/2025/25t8103/project/experiments/support_v3_2026-06-02/normalized_512/eval_masks/bowl_apple_inside_eval_mask.png,fixed_eval_mask,1.0,83.87122344970703,0.0,0.0,direct_target,Direct target guidance,,0.09116657078266144,17.801677269571364,0.12880008111202976,12.228387355804443,/cluster/users/grad/2025/25t8103/project/outputs/pretty_matrix/bowl_apple_inside/direct_target/seed_11/result.png,10.944781303405762,bowl_apple_inside/direct_target/seed_11,25.250485384021886,11,/cluster/users/grad/2025/25t8103/project/data/pretty_free_candidates/pexels_empty_ceramic_bowl_phase1.jpg,0.09014389663934708,"A top-down photo of an empty blue ceramic bowl on a wooden board in a tidy table setting, with no fruit inside the bowl.",17.891427179566385,0.1274760626663702,0.3434925987526114,0.3434925987526114,"A top-down photo of the same blue ceramic bowl on the same wooden board, with one small red apple centered inside the bowl, while the bowl, board, tableware, leaves, and background remain unchanged.",bowl_apple_inside
1.0,0.9243635013699532,1.000000034769376,0.9243635212381681,0.0,0.0,34.61550635099411,0.0386904776096344,0.0,0.0,-0.05301354452967644,0.8419064283370972,0.308923602104187,-0.015188515186309814,0.2937350869178772,True,0.5805678367614746,-0.015188515186309814,0.03788829985119048,,,0.45108097593024316,0.0386904776096344,0.03788829985119048,0.983583921448297,0.06417462229728699,21.172524583597895,0.087372300509472,4.93698263168335,0.3168005645275116,-0.014612525701522827,0.30218803882598877,"160,119,336,259",/cluster/users/grad/2025/25t8103/project/experiments/support_v3_2026-06-02/normalized_512/eval_masks/bowl_apple_inside_eval_mask.png,fixed_eval_mask,1.0,83.87122344970703,0.0,0.0,direct_target,Direct target guidance,,0.09116657078266144,17.801677269571364,0.12880008111202976,12.228387355804443,/cluster/users/grad/2025/25t8103/project/outputs/pretty_matrix/bowl_apple_inside/direct_target/seed_12/result.png,10.944781303405762,bowl_apple_inside/direct_target/seed_12,25.940458072931506,12,/cluster/users/grad/2025/25t8103/project/data/pretty_free_candidates/pexels_empty_ceramic_bowl_phase1.jpg,0.09014389663934708,"A top-down photo of an empty blue ceramic bowl on a wooden board in a tidy table setting, with no fruit inside the bowl.",17.891427179566385,0.1274760626663702,0.3434925987526114,0.3434925987526114,"A top-down photo of the same blue ceramic bowl on the same wooden board, with one small red apple centered inside the bowl, while the bowl, board, tableware, leaves, and background remain unchanged.",bowl_apple_inside
1.0,0.9351874912778536,1.0,0.9351874912778536,-0.3357016245524089,-0.000923657042828078,40.13722817103068,0.046875,0.017873661083285697,12.69292183717092,0.10090719908475876,0.9075363874435425,0.3128325343132019,-0.005757331848144531,0.3070752024650574,True,0.7220733165740967,-0.005757331848144531,0.026402064732142856,,,1.1747330518342458,0.046875,0.026402064732142856,0.0,0.016591694205999374,29.137323117561188,0.03492479327348616,4.99585485458374,0.2644540071487427,-0.022251516580581665,0.242202490568161,"50,53,176,203",/cluster/users/grad/2025/25t8103/project/experiments/support_v3_2026-06-02/normalized_512/eval_masks/brown_bowl_lemon_phase2_eval_mask.png,fixed_eval_mask,1.0,85.15677642822266,0.04514402896165848,21.858861923217773,adaptive_full_generic_support,Generic support control,,0.04193415492773056,21.10914997062007,0.08801212389968158,13.545468807220459,/cluster/users/grad/2025/25t8103/project/outputs/pretty_matrix/brown_bowl_lemon_phase2/adaptive_full_generic_support/seed_10/result.png,4.252757549285889,brown_bowl_lemon_phase2/adaptive_full_generic_support/seed_10,24.12068403500598,10,/cluster/users/grad/2025/25t8103/project/data/phase2_candidates/pexels_brown_ceramic_bowl_black_surface_7236397.jpg,0.04126506671309471,A close-up photo of an empty brown ceramic bowl on a dark table surface with nearby chopsticks.,21.20684876457226,0.08702771117996091,0.6571919591393012,0.6571919591393012,"A close-up photo of the same empty brown ceramic bowl on the same dark table surface, with one small yellow lemon centered inside the bowl, while the bowl, chopsticks, table, lighting, and background remain unchanged.",brown_bowl_lemon_phase2
1.0,0.9336503346761068,0.9999999850988388,0.933650349577268,-0.4450471469511588,-0.0016791074006808533,42.476204891999565,0.0520833358168602,0.013135651897755452,10.1938955783844,0.17807896435260773,0.9419735670089722,0.30599355697631836,-0.0015707612037658691,0.3044227957725525,True,0.7640585899353027,-0.0015707612037658691,0.026402064732142856,,,1.255687800591683,0.0520833358168602,0.026402064732142856,0.0,0.11176931113004684,16.857263727206224,0.1435941719717274,8.465841293334961,0.24583113193511963,0.02974119782447815,0.2755723297595978,"50,53,176,203",/cluster/users/grad/2025/25t8103/project/experiments/support_v3_2026-06-02/normalized_512/eval_masks/brown_bowl_lemon_phase2_eval_mask.png,fixed_eval_mask,1.0,152.5679473876953,0.036146149039268494,16.944189071655273,adaptive_full_generic_support,Generic support control,,0.03089798055589199,24.552348520597576,0.059208297580798354,13.381566524505615,/cluster/users/grad/2025/25t8103/project/outputs/pretty_matrix/brown_bowl_lemon_phase2/adaptive_full_generic_support/seed_11/result.png,6.741995334625244,brown_bowl_lemon_phase2/adaptive_full_generic_support/seed_11,68.94977989199106,11,/cluster/users/grad/2025/25t8103/project/data/phase2_candidates/pexels_wooden_bowls_topdown_6962757.jpg,0.03303315117955208,A top-down photo of a small empty wooden bowl on a pale wooden table beside a larger wooden bowl and folded cloth.,24.02583600859321,0.06290833626607234,0.7362444991952046,0.7362444991952046,"A top-down photo of the same small wooden bowl on the same pale wooden table, with one small yellow lemon wedge centered inside the small bowl, while the bowls, table, folded cloth, lighting, and background remain unchanged.",brown_bowl_lemon_phase2
1.0,0.9330216000477473,1.0000000074505806,0.933021605014801,-0.4466742717971404,-0.00169025072924948,42.66642000277837,0.0520833358168602,0.013095225275416547,10.178680141766867,0.1830649971961975,0.9419193267822266,0.306446373462677,-0.0005348622798919678,0.30591151118278503,True,0.7649807929992676,-0.0005348622798919678,0.026402064732142856,,,1.2518014908631572,0.0520833358168602,0.026402064732142856,0.0,0.1126658096909523,16.76995866319958,0.14504476770778807,8.44576644897461,0.24585463106632233,0.03071482479572296,0.2765694558620453,"50,53,176,203",/cluster/users/grad/2025/25t8103/project/experiments/support_v3_2026-06-02/normalized_512/eval_masks/brown_bowl_lemon_phase2_eval_mask.png,fixed_eval_mask,1.0,128.18612670898438,0.036146149039268494,16.944189071655273,adaptive_full_generic_support,Generic support control,,0.031053053215146065,24.50560104056421,0.059527815841133536,13.381566524505615,/cluster/users/grad/2025/25t8103/project/outputs/pretty_matrix/brown_bowl_lemon_phase2/adaptive_full_generic_support/seed_12/result.png,6.746889591217041,brown_bowl_lemon_phase2/adaptive_full_generic_support/seed_12,69.34520481491927,12,/cluster/users/grad/2025/25t8103/project/data/phase2_candidates/pexels_wooden_bowls_topdown_6962757.jpg,0.03320780023932457,A top-down photo of a small empty wooden bowl on a pale wooden table beside a larger wooden bowl and folded cloth.,23.973487547570407,0.06328861950124905,0.736191716454941,0.736191716454941,"A top-down photo of the same small wooden bowl on the same pale wooden table, with one small yellow lemon wedge centered inside the small bowl, while the bowls, table, folded cloth, lighting, and background remain unchanged.",brown_bowl_lemon_phase2
1.0,0.9291428675254186,1.0000000074505806,0.9291428625583649,0.0,0.0,106.48166751861572,0.3292410671710968,0.0,0.0,0.14647413790225983,0.7036072015762329,0.2632021903991699,0.03679165244102478,0.2999938428401947,True,0.2523583173751831,0.03679165244102478,0.026402064732142856,,,0.9465104433560882,0.3292410671710968,0.026402064732142856,0.0,0.07549897581338882,16.383892988714784,0.1516370582554164,2.9307122230529785,0.2030547857284546,-0.03699994087219238,0.1660548448562622,"50,53,176,203",/cluster/users/grad/2025/25t8103/project/experiments/support_v3_2026-06-02/normalized_512/eval_masks/brown_bowl_lemon_phase2_eval_mask.png,fixed_eval_mask,1.0,332.3183288574219,0.0,0.0,direct_target,Direct target guidance,,0.12977352738380432,14.216739670046262,0.19460904277955393,12.404606819152832,/cluster/users/grad/2025/25t8103/project/outputs/pretty_matrix/brown_bowl_lemon_phase2/direct_target/seed_10/result.png,3.0963337421417236,brown_bowl_lemon_phase2/direct_target/seed_10,11.884150887024589,10,/cluster/users/grad/2025/25t8103/project/data/phase2_candidates/pexels_brown_ceramic_bowl_black_surface_7236397.jpg,0.12834057211875916,A close-up photo of an empty brown ceramic bowl on a dark table surface with nearby chopsticks.,14.262021828959446,0.19359712722455735,0.4687440749566489,0.4687440749566489,"A close-up photo of the same empty brown ceramic bowl on the same dark table surface, with one small yellow lemon centered inside the bowl, while the bowl, chopsticks, table, lighting, and background remain unchanged.",brown_bowl_lemon_phase2
1.0,0.9370016008615494,0.9999999751647314,0.9370015636086464,0.0,0.0,45.37236523628235,0.0416666679084301,0.0,0.0,0.08398135006427765,0.8965497016906738,0.3065357804298401,-0.013566970825195312,0.2929688096046448,True,0.5830804109573364,-0.013566970825195312,0.026402064732142856,,,1.4534072100007218,0.0416666679084301,0.026402064732142856,0.0,0.1311831921339035,15.401454359198931,0.16979593235539475,10.051826477050781,0.255992591381073,0.027470648288726807,0.2834632396697998,"50,53,176,203",/cluster/users/grad/2025/25t8103/project/experiments/support_v3_2026-06-02/normalized_512/eval_masks/brown_bowl_lemon_phase2_eval_mask.png,fixed_eval_mask,1.0,97.17489624023438,0.0,0.0,direct_target,Direct target guidance,,0.05220866948366165,21.4055154703172,0.08505977439279969,12.228387355804443,/cluster/users/grad/2025/25t8103/project/outputs/pretty_matrix/brown_bowl_lemon_phase2/direct_target/seed_11/result.png,6.916042804718018,brown_bowl_lemon_phase2/direct_target/seed_11,50.1794097609818,11,/cluster/users/grad/2025/25t8103/project/data/phase2_candidates/pexels_wooden_bowls_topdown_6962757.jpg,0.054293736815452576,A top-down photo of a small empty wooden bowl on a pale wooden table beside a larger wooden bowl and folded cloth.,21.076088225417347,0.08834776935788573,0.6689857224542733,0.6689857224542733,"A top-down photo of the same small wooden bowl on the same pale wooden table, with one small yellow lemon wedge centered inside the small bowl, while the bowls, table, folded cloth, lighting, and background remain unchanged.",brown_bowl_lemon_phase2
1.0,0.9370016008615494,0.9999999751647314,0.9370015636086464,0.0,0.0,45.37236523628235,0.0416666679084301,0.0,0.0,0.08398135006427765,0.8965497016906738,0.3065357804298401,-0.013566970825195312,0.2929688096046448,True,0.5830804109573364,-0.013566970825195312,0.026402064732142856,,,1.4534072100007218,0.0416666679084301,0.026402064732142856,0.0,0.1311831921339035,15.401454359198931,0.16979593235539475,10.051826477050781,0.255992591381073,0.027470648288726807,0.2834632396697998,"50,53,176,203",/cluster/users/grad/2025/25t8103/project/experiments/support_v3_2026-06-02/normalized_512/eval_masks/brown_bowl_lemon_phase2_eval_mask.png,fixed_eval_mask,1.0,97.17489624023438,0.0,0.0,direct_target,Direct target guidance,,0.05220866948366165,21.4055154703172,0.08505977439279969,12.228387355804443,/cluster/users/grad/2025/25t8103/project/outputs/pretty_matrix/brown_bowl_lemon_phase2/direct_target/seed_12/result.png,6.916042804718018,brown_bowl_lemon_phase2/direct_target/seed_12,50.21230889996514,12,/cluster/users/grad/2025/25t8103/project/data/phase2_candidates/pexels_wooden_bowls_topdown_6962757.jpg,0.054293736815452576,A top-down photo of a small empty wooden bowl on a pale wooden table beside a larger wooden bowl and folded cloth.,21.076088225417347,0.08834776935788573,0.6689857224542733,0.6689857224542733,"A top-down photo of the same small wooden bowl on the same pale wooden table, with one small yellow lemon wedge centered inside the small bowl, while the bowls, table, folded cloth, lighting, and background remain unchanged.",brown_bowl_lemon_phase2
1.0,0.9374190693100294,1.0,0.937419074277083,-0.4213687951366107,-0.0014240572503088818,38.087329149246216,0.0509672611951828,0.025608243444973294,15.054943641026815,0.0074769482016563416,0.9567437767982483,0.23841539025306702,-0.008012786507606506,0.2304026037454605,True,0.7527334690093994,-0.008012786507606506,0.021321614583333332,,,1.067759707601338,0.0509672611951828,0.021321614583333332,0.15839694656488548,0.035957690328359604,25.01413884760432,0.05614266934190852,10.171016693115234,0.210140198469162,0.01164788007736206,0.22178807854652405,"165,22,335,135",/cluster/users/grad/2025/25t8103/project/experiments/support_v3_2026-06-02/normalized_512/eval_masks/cat_crown_eval_mask.png,fixed_eval_mask,1.0,73.41099548339844,0.07527968287467957,27.796995162963867,adaptive_full_generic_support,Generic support control,,0.05870334804058075,19.207720703087443,0.10955039929673452,13.380748271942139,/cluster/users/grad/2025/25t8103/project/outputs/pretty_matrix/cat_crown/adaptive_full_generic_support/seed_10/result.png,9.525567054748535,cat_crown/adaptive_full_generic_support/seed_10,77.85174330091104,10,/cluster/users/grad/2025/25t8103/project/data/paper_images/cat_sitting_in_grass.jpg,0.05821836739778519,A photo of a cat sitting in grass.,19.276542167149323,0.10868582132802408,0.6587047557372241,0.6587047557372241,"A photo of the same cat sitting in the same grass, wearing a small golden crown on its head.",cat_crown
1.0,0.938508560260137,1.0000000124176343,0.93850855777661,-0.4199557552735011,-0.0013486088916276155,38.897640307744346,0.0509672611951828,0.025670879040262662,15.093058824539185,-0.014309335500001907,0.9438225626945496,0.24478872120380402,-0.011744320392608643,0.23304440081119537,True,0.7652219533920288,-0.011744320392608643,0.021321614583333332,,,1.0675182166626238,0.0509672611951828,0.021321614583333332,0.1589422028353326,0.035810865461826324,25.05249611896826,0.05589528746696199,10.14003849029541,0.21075579524040222,0.012746244668960571,0.2235020399093628,"165,22,335,135",/cluster/users/grad/2025/25t8103/project/experiments/support_v3_2026-06-02/normalized_512/eval_masks/cat_crown_eval_mask.png,fixed_eval_mask,1.0,73.22744750976562,0.07527968287467957,27.796995162963867,adaptive_full_generic_support,Generic support control,,0.05826609954237938,19.311470135064475,0.10824964810792143,13.380748271942139,/cluster/users/grad/2025/25t8103/project/outputs/pretty_matrix/cat_crown/adaptive_full_generic_support/seed_11/result.png,9.498703002929688,cat_crown/adaptive_full_generic_support/seed_11,65.602903123945,11,/cluster/users/grad/2025/25t8103/project/data/paper_images/cat_sitting_in_grass.jpg,0.05778733268380165,A photo of a cat sitting in grass.,19.379917262731723,0.10739996426546668,0.6573653059095208,0.6573653059095208,"A photo of the same cat sitting in the same grass, wearing a small golden crown on its head.",cat_crown
1.0,0.9378162249922752,1.000000037252903,0.9378162349263827,-0.42018091306090355,-0.0013414189249184953,38.04706104596456,0.0509672611951828,0.025664023676654324,15.092612584431967,-0.04886531084775925,0.9168943166732788,0.2458743155002594,-0.02217155694961548,0.22370275855064392,True,0.7269014120101929,-0.02217155694961548,0.021321614583333332,,,1.066291899053281,0.0509672611951828,0.021321614583333332,0.15812431842966193,0.03596446290612221,25.023413211265648,0.05608275496689508,10.137812614440918,0.21063415706157684,0.011614575982093811,0.22224873304367065,"165,22,335,135",/cluster/users/grad/2025/25t8103/project/experiments/support_v3_2026-06-02/normalized_512/eval_masks/cat_crown_eval_mask.png,fixed_eval_mask,1.0,73.43817901611328,0.07527968287467957,27.796995162963867,adaptive_full_generic_support,Generic support control,,0.0587281696498394,19.224349416281004,0.10934087101612305,13.382246971130371,/cluster/users/grad/2025/25t8103/project/outputs/pretty_matrix/cat_crown/adaptive_full_generic_support/seed_12/result.png,9.507539749145508,cat_crown/adaptive_full_generic_support/seed_12,75.44735418492928,12,/cluster/users/grad/2025/25t8103/project/data/paper_images/cat_sitting_in_grass.jpg,0.05824281647801399,A photo of a cat sitting in grass.,19.29312834111829,0.10847847792953985,0.6571465538888174,0.6571465538888174,"A photo of the same cat sitting in the same grass, wearing a small golden crown on its head.",cat_crown
1.0,0.9265108729402224,1.0000000223517418,0.9265108729402224,0.0,0.0,86.26876147588094,0.1439732164144516,0.0,0.0,-0.03239158168435097,0.70270174741745,0.2583063542842865,-0.024959951639175415,0.23334640264511108,True,0.31119537353515625,-0.024959951639175415,0.021321614583333332,,,1.0546990528675575,0.1439732164144516,0.021321614583333332,0.0005452562704471102,0.10723480582237244,16.9684029920515,0.14176853464193728,8.071449279785156,0.19375324249267578,0.0013417601585388184,0.1950950026512146,"165,22,335,135",/cluster/users/grad/2025/25t8103/project/experiments/support_v3_2026-06-02/normalized_512/eval_masks/cat_crown_eval_mask.png,fixed_eval_mask,1.0,192.264404296875,0.0,0.0,direct_target,Direct target guidance,,0.12478838860988617,14.92789127608983,0.17931038217633494,12.228387355804443,/cluster/users/grad/2025/25t8103/project/outputs/pretty_matrix/cat_crown/direct_target/seed_10/result.png,7.652845859527588,cat_crown/direct_target/seed_10,100.41507149883546,10,/cluster/users/grad/2025/25t8103/project/data/paper_images/cat_sitting_in_grass.jpg,0.12441408634185791,A photo of a cat sitting in grass.,14.96274597010114,0.17859228812726605,0.43582138269391796,0.43582138269391796,"A photo of the same cat sitting in the same grass, wearing a small golden crown on its head.",cat_crown
1.0,0.9265108729402224,1.0000000223517418,0.9265108729402224,0.0,0.0,86.26876147588094,0.1439732164144516,0.0,0.0,-0.03239158168435097,0.70270174741745,0.2583063542842865,-0.024959951639175415,0.23334640264511108,True,0.31119537353515625,-0.024959951639175415,0.021321614583333332,,,1.0546990528675575,0.1439732164144516,0.021321614583333332,0.0005452562704471102,0.10723480582237244,16.9684029920515,0.14176853464193728,8.071449279785156,0.19375324249267578,0.0013417601585388184,0.1950950026512146,"165,22,335,135",/cluster/users/grad/2025/25t8103/project/experiments/support_v3_2026-06-02/normalized_512/eval_masks/cat_crown_eval_mask.png,fixed_eval_mask,1.0,192.264404296875,0.0,0.0,direct_target,Direct target guidance,,0.12478838860988617,14.92789127608983,0.17931038217633494,12.228387355804443,/cluster/users/grad/2025/25t8103/project/outputs/pretty_matrix/cat_crown/direct_target/seed_11/result.png,7.652845859527588,cat_crown/direct_target/seed_11,67.39558223308995,11,/cluster/users/grad/2025/25t8103/project/data/paper_images/cat_sitting_in_grass.jpg,0.12441408634185791,A photo of a cat sitting in grass.,14.96274597010114,0.17859228812726605,0.43582138269391796,0.43582138269391796,"A photo of the same cat sitting in the same grass, wearing a small golden crown on its head.",cat_crown
1.0,0.9265108729402224,1.0000000223517418,0.9265108729402224,0.0,0.0,86.26876147588094,0.1439732164144516,0.0,0.0,-0.03239158168435097,0.70270174741745,0.2583063542842865,-0.024959951639175415,0.23334640264511108,True,0.31119537353515625,-0.024959951639175415,0.021321614583333332,,,1.0546990528675575,0.1439732164144516,0.021321614583333332,0.0005452562704471102,0.10723480582237244,16.9684029920515,0.14176853464193728,8.071449279785156,0.19375324249267578,0.0013417601585388184,0.1950950026512146,"165,22,335,135",/cluster/users/grad/2025/25t8103/project/experiments/support_v3_2026-06-02/normalized_512/eval_masks/cat_crown_eval_mask.png,fixed_eval_mask,1.0,192.264404296875,0.0,0.0,direct_target,Direct target guidance,,0.12478838860988617,14.92789127608983,0.17931038217633494,12.228387355804443,/cluster/users/grad/2025/25t8103/project/outputs/pretty_matrix/cat_crown/direct_target/seed_12/result.png,7.652845859527588,cat_crown/direct_target/seed_12,46.027922465931624,12,/cluster/users/grad/2025/25t8103/project/data/paper_images/cat_sitting_in_grass.jpg,0.12441408634185791,A photo of a cat sitting in grass.,14.96274597010114,0.17859228812726605,0.43582138269391796,0.43582138269391796,"A photo of the same cat sitting in the same grass, wearing a small golden crown on its head.",cat_crown
1.0,0.9283444558580717,0.9999999875823656,0.9283444931109747,-0.4647178103526433,-0.0024518730666992874,32.22606812914213,0.0487351194024086,0.020497821087095264,13.800270477930704,0.026994971558451653,0.9860891103744507,0.2736963927745819,-0.004357069730758667,0.26933932304382324,True,0.9712146520614624,-0.004357069730758667,0.05151948474702381,,,0.961442185972485,0.0487351194024086,0.05151948474702381,0.12411147466997631,0.05768609791994095,21.852955206395393,0.08078900133552445,9.999918937683105,0.292446494102478,-0.004394799470901489,0.28805169463157654,"68,151,249,329",/cluster/users/grad/2025/25t8103/project/experiments/support_v3_2026-06-02/normalized_512/eval_masks/dog_bow_tie_phase2_eval_mask.png,fixed_eval_mask,1.0,121.11687469482422,0.047452475875616074,20.764572143554688,adaptive_full_generic_support,Generic support control,,0.06714686006307602,19.450628599132216,0.10652917655533921,13.381566524505615,/cluster/users/grad/2025/25t8103/project/outputs/pretty_matrix/dog_bow_tie_phase2/adaptive_full_generic_support/seed_10/result.png,10.400957107543945,dog_bow_tie_phase2/adaptive_full_generic_support/seed_10,38.77559272595681,10,/cluster/users/grad/2025/25t8103/project/data/paper_images/dog_sitting_cc0.jpg,0.06665944308042526,A photo of a shaggy grey and white dog sitting in grass.,19.54674661690419,0.10535682373007202,0.4446561878348069,0.4446561878348069,"A photo of the same shaggy grey and white dog sitting in the same grass, wearing a small red bow tie attached at the front of its neck, while the dog, grass, pose, and background remain unchanged.",dog_bow_tie_phase2
1.0,0.9279403065641721,0.9999999850988388,0.9279402792453766,-0.46506854767600697,-0.0024292850478862724,32.37843454877535,0.0487351194024086,0.020513432604881626,13.809019406636557,0.02485864982008934,0.9858138561248779,0.27384987473487854,-0.004566311836242676,0.26928356289863586,True,0.9711727499961853,-0.004566311836242676,0.05151948474702381,,,0.9611957745183927,0.0487351194024086,0.05151948474702381,0.12399864605663996,0.05768433213233948,21.853406059954242,0.0807848079753758,10.000062942504883,0.29332318902015686,-0.004553735256195068,0.2887694537639618,"68,151,249,329",/cluster/users/grad/2025/25t8103/project/experiments/support_v3_2026-06-02/normalized_512/eval_masks/dog_bow_tie_phase2_eval_mask.png,fixed_eval_mask,1.0,121.11687469482422,0.047452475875616074,20.764572143554688,adaptive_full_generic_support,Generic support control,,0.06718156486749649,19.43922641005717,0.1066691119533385,13.381566524505615,/cluster/users/grad/2025/25t8103/project/outputs/pretty_matrix/dog_bow_tie_phase2/adaptive_full_generic_support/seed_11/result.png,10.403773307800293,dog_bow_tie_phase2/adaptive_full_generic_support/seed_11,44.13026991498191,11,/cluster/users/grad/2025/25t8103/project/data/paper_images/dog_sitting_cc0.jpg,0.06669226288795471,A photo of a shaggy grey and white dog sitting in grass.,19.53570344153068,0.10549085879836306,0.44459522155301623,0.44459522155301623,"A photo of the same shaggy grey and white dog sitting in the same grass, wearing a small red bow tie attached at the front of its neck, while the dog, grass, pose, and background remain unchanged.",dog_bow_tie_phase2
1.0,0.9285971000790596,0.9999999677141508,0.928597112496694,-0.464720256626606,-0.002464714645005491,32.355918089548744,0.0487351194024086,0.0204630736358619,13.77709194024404,0.025712590664625168,0.9862534999847412,0.27424073219299316,-0.004473656415939331,0.26976707577705383,True,0.9710310697555542,-0.004473656415939331,0.05151948474702381,,,0.9609707615639735,0.0487351194024086,0.05151948474702381,0.12354733160329459,0.05769067257642746,21.851193143330377,0.0808053922593881,10.001063346862793,0.2925747334957123,-0.004441648721694946,0.28813308477401733,"68,151,249,329",/cluster/users/grad/2025/25t8103/project/experiments/support_v3_2026-06-02/normalized_512/eval_masks/dog_bow_tie_phase2_eval_mask.png,fixed_eval_mask,1.0,121.11687469482422,0.047452475875616074,20.764572143554688,adaptive_full_generic_support,Generic support control,,0.06713370978832245,19.45586310732383,0.1064649966177073,13.381566524505615,/cluster/users/grad/2025/25t8103/project/outputs/pretty_matrix/dog_bow_tie_phase2/adaptive_full_generic_support/seed_12/result.png,10.40725040435791,dog_bow_tie_phase2/adaptive_full_generic_support/seed_12,44.25518021604512,12,/cluster/users/grad/2025/25t8103/project/data/paper_images/dog_sitting_cc0.jpg,0.06664720922708511,A photo of a shaggy grey and white dog sitting in grass.,19.55177073109977,0.10529590059167197,0.4445144508880468,0.4445144508880468,"A photo of the same shaggy grey and white dog sitting in the same grass, wearing a small red bow tie attached at the front of its neck, while the dog, grass, pose, and background remain unchanged.",dog_bow_tie_phase2
1.0,0.9352514346440634,1.0000000074505806,0.9352514520287514,0.0,0.0,38.96245274941126,0.0293898805975914,0.0,0.0,0.2656230032444,0.9161146879196167,0.23740895092487335,0.06593780219554901,0.30334675312042236,True,0.7252095937728882,0.06593780219554901,0.05151948474702381,,,0.9737160844223082,0.0293898805975914,0.05151948474702381,0.10673586821617963,0.22283019125461578,11.2567134896727,0.2736303875289516,9.14111614227295,0.22946979105472565,0.07972230017185211,0.30919209122657776,"68,151,249,329",/cluster/users/grad/2025/25t8103/project/experiments/support_v3_2026-06-02/normalized_512/eval_masks/dog_bow_tie_phase2_eval_mask.png,fixed_eval_mask,1.0,75.22323608398438,0.0,0.0,direct_target,Direct target guidance,,0.08245180547237396,18.068707205833437,0.12490063308964061,12.228387355804443,/cluster/users/grad/2025/25t8103/project/outputs/pretty_matrix/dog_bow_tie_phase2/direct_target/seed_10/result.png,9.387866020202637,dog_bow_tie_phase2/direct_target/seed_10,19.90057425899431,10,/cluster/users/grad/2025/25t8103/project/data/paper_images/dog_sitting_cc0.jpg,0.08968401700258255,A photo of a shaggy grey and white dog sitting in grass.,17.29230325613229,0.13657928574228886,0.40730507342719297,0.40730507342719297,"A photo of the same shaggy grey and white dog sitting in the same grass, wearing a small red bow tie attached at the front of its neck, while the dog, grass, pose, and background remain unchanged.",dog_bow_tie_phase2
1.0,0.9352514346440634,1.0000000074505806,0.9352514520287514,0.0,0.0,38.96245274941126,0.0293898805975914,0.0,0.0,0.2656230032444,0.9161146879196167,0.23740895092487335,0.06593780219554901,0.30334675312042236,True,0.7252095937728882,0.06593780219554901,0.05151948474702381,,,0.9737160844223082,0.0293898805975914,0.05151948474702381,0.10673586821617963,0.22283019125461578,11.2567134896727,0.2736303875289516,9.14111614227295,0.22946979105472565,0.07972230017185211,0.30919209122657776,"68,151,249,329",/cluster/users/grad/2025/25t8103/project/experiments/support_v3_2026-06-02/normalized_512/eval_masks/dog_bow_tie_phase2_eval_mask.png,fixed_eval_mask,1.0,75.22323608398438,0.0,0.0,direct_target,Direct target guidance,,0.08245180547237396,18.068707205833437,0.12490063308964061,12.228387355804443,/cluster/users/grad/2025/25t8103/project/outputs/pretty_matrix/dog_bow_tie_phase2/direct_target/seed_11/result.png,9.387866020202637,dog_bow_tie_phase2/direct_target/seed_11,25.57771178393159,11,/cluster/users/grad/2025/25t8103/project/data/paper_images/dog_sitting_cc0.jpg,0.08968401700258255,A photo of a shaggy grey and white dog sitting in grass.,17.29230325613229,0.13657928574228886,0.40730507342719297,0.40730507342719297,"A photo of the same shaggy grey and white dog sitting in the same grass, wearing a small red bow tie attached at the front of its neck, while the dog, grass, pose, and background remain unchanged.",dog_bow_tie_phase2
1.0,0.9352514346440634,1.0000000074505806,0.9352514520287514,0.0,0.0,38.96245274941126,0.0293898805975914,0.0,0.0,0.2656230032444,0.9161146879196167,0.23740895092487335,0.06593780219554901,0.30334675312042236,True,0.7252095937728882,0.06593780219554901,0.05151948474702381,,,0.9737160844223082,0.0293898805975914,0.05151948474702381,0.10673586821617963,0.22283019125461578,11.2567134896727,0.2736303875289516,9.14111614227295,0.22946979105472565,0.07972230017185211,0.30919209122657776,"68,151,249,329",/cluster/users/grad/2025/25t8103/project/experiments/support_v3_2026-06-02/normalized_512/eval_masks/dog_bow_tie_phase2_eval_mask.png,fixed_eval_mask,1.0,75.22323608398438,0.0,0.0,direct_target,Direct target guidance,,0.08245180547237396,18.068707205833437,0.12490063308964061,12.228387355804443,/cluster/users/grad/2025/25t8103/project/outputs/pretty_matrix/dog_bow_tie_phase2/direct_target/seed_12/result.png,9.387866020202637,dog_bow_tie_phase2/direct_target/seed_12,25.62123916798737,12,/cluster/users/grad/2025/25t8103/project/data/paper_images/dog_sitting_cc0.jpg,0.08968401700258255,A photo of a shaggy grey and white dog sitting in grass.,17.29230325613229,0.13657928574228886,0.40730507342719297,0.40730507342719297,"A photo of the same shaggy grey and white dog sitting in the same grass, wearing a small red bow tie attached at the front of its neck, while the dog, grass, pose, and background remain unchanged.",dog_bow_tie_phase2
1.0,0.9265578091144562,0.9999999950329462,0.9265578240156174,-0.4603101275861263,0.00014422279673453886,22.697650283575058,0.015914352610707283,0.01749575601328009,13.525945583979288,0.011037513613700867,0.9847497940063477,0.24956685304641724,-0.03871437907218933,0.2108524739742279,True,0.9611746072769165,-0.03871437907218933,0.2055935329861111,,,1.0312982342071348,0.015914352610707283,0.2055935329861111,0.004398117605664775,0.05348682776093483,21.93919711933123,0.07999081911458485,11.012178421020508,0.25429385900497437,-0.04317718744277954,0.21111667156219482,"0,0,512,358",/cluster/users/grad/2025/25t8103/project/experiments/support_v3_2026-06-02/normalized_512/eval_masks/dog_front_sunglasses_phase2_eval_mask.png,fixed_eval_mask,1.0,111.09757232666016,0.04963163658976555,24.152727127075195,adaptive_full_generic_support,Generic support control,,0.04872407764196396,22.45233622612251,0.07540205611894563,12.522925853729248,/cluster/users/grad/2025/25t8103/project/outputs/pretty_matrix/dog_front_sunglasses_phase2/adaptive_full_generic_support/seed_10/result.png,10.677976608276367,dog_front_sunglasses_phase2/adaptive_full_generic_support/seed_10,42.168473300058395,10,/cluster/users/grad/2025/25t8103/project/data/pretty_free_candidates/commons_dog_front_medusa.jpg,0.04970327019691467,A close-up front-facing portrait of a dog indoors.,22.341772358978616,0.07636799385054857,0.49946850379332364,0.49946850379332364,"A close-up front-facing portrait of the same dog wearing black sunglasses aligned across both eyes indoors, while the dog face, ears, fur, nose, floor, and lighting remain unchanged.",dog_front_sunglasses_phase2
1.0,0.9259736488262812,1.000000002483527,0.925973653793335,-0.4603558306892713,0.0001479932190401693,22.77065870165825,0.015914352610707283,0.01749714806404275,13.526404658953348,0.010550335049629211,0.9845889210700989,0.24991489946842194,-0.038637980818748474,0.21127691864967346,True,0.9609763026237488,-0.038637980818748474,0.2055935329861111,,,1.0313111920010911,0.015914352610707283,0.2055935329861111,0.004486079957778071,0.053484365344047546,21.939666182692715,0.07998649949380125,11.012471199035645,0.25429537892341614,-0.04304926097393036,0.21124611794948578,"0,0,512,358",/cluster/users/grad/2025/25t8103/project/experiments/support_v3_2026-06-02/normalized_512/eval_masks/dog_front_sunglasses_phase2_eval_mask.png,fixed_eval_mask,1.0,111.09757232666016,0.04963163658976555,24.152727127075195,adaptive_full_generic_support,Generic support control,,0.04873645678162575,22.449913849965398,0.07542308765659071,12.522925853729248,/cluster/users/grad/2025/25t8103/project/outputs/pretty_matrix/dog_front_sunglasses_phase2/adaptive_full_generic_support/seed_11/result.png,10.678126335144043,dog_front_sunglasses_phase2/adaptive_full_generic_support/seed_11,41.97122027305886,11,/cluster/users/grad/2025/25t8103/project/data/pretty_free_candidates/commons_dog_front_medusa.jpg,0.04971257597208023,A close-up front-facing portrait of a dog indoors.,22.34000041918059,0.07638357467150154,0.4994044930783545,0.4994044930783545,"A close-up front-facing portrait of the same dog wearing black sunglasses aligned across both eyes indoors, while the dog face, ears, fur, nose, floor, and lighting remain unchanged.",dog_front_sunglasses_phase2
1.0,0.9264207407832146,0.9999999975164732,0.9264207482337952,-0.4601621975501378,0.00014906977867212845,23.012000232934952,0.015914352610707283,0.017499435285571963,13.52747897307078,0.014679498970508575,0.984265923500061,0.2489856779575348,-0.0381772518157959,0.2108084261417389,True,0.9611032009124756,-0.0381772518157959,0.2055935329861111,,,1.0313543011016786,0.015914352610707283,0.2055935329861111,0.004464089369749747,0.05348912999033928,21.93944871305614,0.07998850215023116,11.012659072875977,0.2544473707675934,-0.04306201636791229,0.2113853543996811,"0,0,512,358",/cluster/users/grad/2025/25t8103/project/experiments/support_v3_2026-06-02/normalized_512/eval_masks/dog_front_sunglasses_phase2_eval_mask.png,fixed_eval_mask,1.0,111.09757232666016,0.04963163658976555,24.152727127075195,adaptive_full_generic_support,Generic support control,,0.04874709993600845,22.450547761813624,0.07541758334485729,12.522925853729248,/cluster/users/grad/2025/25t8103/project/outputs/pretty_matrix/dog_front_sunglasses_phase2/adaptive_full_generic_support/seed_12/result.png,10.677862167358398,dog_front_sunglasses_phase2/adaptive_full_generic_support/seed_12,42.14645775000099,12,/cluster/users/grad/2025/25t8103/project/data/pretty_free_candidates/commons_dog_front_medusa.jpg,0.04972203075885773,A close-up front-facing portrait of a dog indoors.,22.340443423021323,0.07637967900215131,0.49933659142379816,0.49933659142379816,"A close-up front-facing portrait of the same dog wearing black sunglasses aligned across both eyes indoors, while the dog face, ears, fur, nose, floor, and lighting remain unchanged.",dog_front_sunglasses_phase2
1.0,0.9285168101390203,0.9999999975164732,0.9285168300072352,0.0,0.0,36.36727478106817,0.0520833320915699,0.0,0.0,-0.021904654800891876,0.8006163239479065,0.27162647247314453,-0.051194652915000916,0.22043181955814362,True,0.6683976650238037,-0.051194652915000916,0.2055935329861111,,,1.0476661489976584,0.0520833320915699,0.2055935329861111,0.0038263623169283545,0.07908129692077637,19.315136338580015,0.10820396694998813,10.450632095336914,0.26553618907928467,-0.040402233600616455,0.2251339554786682,"0,0,512,358",/cluster/users/grad/2025/25t8103/project/experiments/support_v3_2026-06-02/normalized_512/eval_masks/dog_front_sunglasses_phase2_eval_mask.png,fixed_eval_mask,1.0,113.71052551269531,0.0,0.0,direct_target,Direct target guidance,,0.07686015963554382,19.444261764633723,0.1066072920171272,12.229127407073975,/cluster/users/grad/2025/25t8103/project/outputs/pretty_matrix/dog_front_sunglasses_phase2/direct_target/seed_10/result.png,9.975154876708984,dog_front_sunglasses_phase2/direct_target/seed_10,26.846191247925162,10,/cluster/users/grad/2025/25t8103/project/data/pretty_free_candidates/commons_dog_front_medusa.jpg,0.07731680572032928,A close-up front-facing portrait of a dog indoors.,19.417399122888664,0.10693750417866522,0.4400136942512579,0.4400136942512579,"A close-up front-facing portrait of the same dog wearing black sunglasses aligned across both eyes indoors, while the dog face, ears, fur, nose, floor, and lighting remain unchanged.",dog_front_sunglasses_phase2
1.0,0.9285168101390203,0.9999999975164732,0.9285168300072352,0.0,0.0,36.36727478106817,0.0520833320915699,0.0,0.0,-0.021904654800891876,0.8006163239479065,0.27162647247314453,-0.051194652915000916,0.22043181955814362,True,0.6683976650238037,-0.051194652915000916,0.2055935329861111,,,1.0476661489976584,0.0520833320915699,0.2055935329861111,0.0038263623169283545,0.07908129692077637,19.315136338580015,0.10820396694998813,10.450632095336914,0.26553618907928467,-0.040402233600616455,0.2251339554786682,"0,0,512,358",/cluster/users/grad/2025/25t8103/project/experiments/support_v3_2026-06-02/normalized_512/eval_masks/dog_front_sunglasses_phase2_eval_mask.png,fixed_eval_mask,1.0,113.71052551269531,0.0,0.0,direct_target,Direct target guidance,,0.07686015963554382,19.444261764633723,0.1066072920171272,12.229127407073975,/cluster/users/grad/2025/25t8103/project/outputs/pretty_matrix/dog_front_sunglasses_phase2/direct_target/seed_11/result.png,9.975154876708984,dog_front_sunglasses_phase2/direct_target/seed_11,26.96648824890144,11,/cluster/users/grad/2025/25t8103/project/data/pretty_free_candidates/commons_dog_front_medusa.jpg,0.07731680572032928,A close-up front-facing portrait of a dog indoors.,19.417399122888664,0.10693750417866522,0.4400136942512579,0.4400136942512579,"A close-up front-facing portrait of the same dog wearing black sunglasses aligned across both eyes indoors, while the dog face, ears, fur, nose, floor, and lighting remain unchanged.",dog_front_sunglasses_phase2
1.0,0.9285168101390203,0.9999999975164732,0.9285168300072352,0.0,0.0,36.36727478106817,0.0520833320915699,0.0,0.0,-0.021904654800891876,0.8006163239479065,0.27162647247314453,-0.051194652915000916,0.22043181955814362,True,0.6683976650238037,-0.051194652915000916,0.2055935329861111,,,1.0476661489976584,0.0520833320915699,0.2055935329861111,0.0038263623169283545,0.07908129692077637,19.315136338580015,0.10820396694998813,10.450632095336914,0.26553618907928467,-0.040402233600616455,0.2251339554786682,"0,0,512,358",/cluster/users/grad/2025/25t8103/project/experiments/support_v3_2026-06-02/normalized_512/eval_masks/dog_front_sunglasses_phase2_eval_mask.png,fixed_eval_mask,1.0,113.71052551269531,0.0,0.0,direct_target,Direct target guidance,,0.07686015963554382,19.444261764633723,0.1066072920171272,12.229127407073975,/cluster/users/grad/2025/25t8103/project/outputs/pretty_matrix/dog_front_sunglasses_phase2/direct_target/seed_12/result.png,9.975154876708984,dog_front_sunglasses_phase2/direct_target/seed_12,26.76794314791914,12,/cluster/users/grad/2025/25t8103/project/data/pretty_free_candidates/commons_dog_front_medusa.jpg,0.07731680572032928,A close-up front-facing portrait of a dog indoors.,19.417399122888664,0.10693750417866522,0.4400136942512579,0.4400136942512579,"A close-up front-facing portrait of the same dog wearing black sunglasses aligned across both eyes indoors, while the dog face, ears, fur, nose, floor, and lighting remain unchanged.",dog_front_sunglasses_phase2
1.0,0.930771162112554,0.9999999850988388,0.930771162112554,-0.35206593978606787,4.7459569607610774e-07,19.949491957823437,0.1026785746216774,0.0040392286706871046,14.444298148155212,0.29127663373947144,0.9703757762908936,0.29631146788597107,0.02666112780570984,0.3229725956916809,True,0.9106310606002808,0.02666112780570984,0.032999674479166664,,,0.5697247515912792,0.1026785746216774,0.032999674479166664,0.0,0.37695276737213135,7.349483509392757,0.42906770220976426,2.4987685680389404,0.2635175287723541,0.04336780309677124,0.30688533186912537,"69,271,230,465",/cluster/users/grad/2025/25t8103/project/experiments/support_v3_2026-06-02/normalized_512/eval_masks/green_mug_orange_phase2_eval_mask.png,fixed_eval_mask,1.0,62.130985260009766,0.013750034384429455,32.94847869873047,adaptive_full_generic_support,Generic support control,,0.010526413097977638,25.1064409034436,0.05554921868231478,13.414381980895996,/cluster/users/grad/2025/25t8103/project/outputs/pretty_matrix/green_mug_orange_phase2/adaptive_full_generic_support/seed_10/result.png,4.385922431945801,green_mug_orange_phase2/adaptive_full_generic_support/seed_10,38.425099587999284,10,/cluster/users/grad/2025/25t8103/project/data/pretty_free_candidates/pexels_green_mug_marble_7828522.jpg,0.022618362680077553,A studio photo of a plain green ceramic mug on a white marble block against a pink background.,20.429150158542548,0.09517929685171657,0.9826090474823435,0.9826090474823435,"A studio photo of the same plain ceramic mug on the same white marble block against the same pink background, with only the mug color changed from green to orange.",green_mug_orange_phase2
1.0,0.9308286408583323,0.9999999850988388,0.9308286334077517,-0.35409611400488455,2.701303166337728e-07,20.24552811185519,0.1026785746216774,0.004040088511828799,14.45707086722056,0.28761646151542664,0.970072865486145,0.29623284935951233,0.026405125856399536,0.32263797521591187,True,0.9073119163513184,0.026405125856399536,0.032999674479166664,,,0.5815482100598722,0.1026785746216774,0.032999674479166664,0.0,0.37630781531333923,7.3661699440902195,0.42824421287919917,2.529219150543213,0.26355502009391785,0.04534381628036499,0.30889883637428284,"69,271,230,465",/cluster/users/grad/2025/25t8103/project/experiments/support_v3_2026-06-02/normalized_512/eval_masks/green_mug_orange_phase2_eval_mask.png,fixed_eval_mask,1.0,62.130985260009766,0.013750034384429455,33.0445556640625,adaptive_full_generic_support,Generic support control,,0.01055065542459488,25.114266073319694,0.05549919659526015,13.41654348373413,/cluster/users/grad/2025/25t8103/project/outputs/pretty_matrix/green_mug_orange_phase2/adaptive_full_generic_support/seed_11/result.png,4.349113464355469,green_mug_orange_phase2/adaptive_full_generic_support/seed_11,38.14789374799875,11,/cluster/users/grad/2025/25t8103/project/data/pretty_free_candidates/pexels_green_mug_marble_7828522.jpg,0.02262052707374096,A studio photo of a plain green ceramic mug on a white marble block against a pink background.,20.442916312855036,0.09502856788908386,0.9825074103332077,0.9825074103332077,"A studio photo of the same plain ceramic mug on the same white marble block against the same pink background, with only the mug color changed from green to orange.",green_mug_orange_phase2
1.0,0.9301630059878031,1.0000000149011612,0.9301630059878031,-0.3501541273629603,3.508252547135271e-06,19.97982531785965,0.1026785746216774,0.004030655322518821,14.419751167297363,0.28815048933029175,0.9700132608413696,0.29548096656799316,0.026459306478500366,0.32194027304649353,True,0.9185070991516113,0.026459306478500366,0.032999674479166664,,,0.5615896742292502,0.1026785746216774,0.032999674479166664,0.0,0.37550583481788635,7.388679878231895,0.42713583259142085,2.4738802909851074,0.2676413357257843,0.04216083884239197,0.30980217456817627,"69,271,230,465",/cluster/users/grad/2025/25t8103/project/experiments/support_v3_2026-06-02/normalized_512/eval_masks/green_mug_orange_phase2_eval_mask.png,fixed_eval_mask,1.0,62.130985260009766,0.013750034384429455,33.009456634521484,adaptive_full_generic_support,Generic support control,,0.010529800318181515,25.118704127274164,0.05547084653277147,13.41654348373413,/cluster/users/grad/2025/25t8103/project/outputs/pretty_matrix/green_mug_orange_phase2/adaptive_full_generic_support/seed_12/result.png,4.4051384925842285,green_mug_orange_phase2/adaptive_full_generic_support/seed_12,37.94082556500507,12,/cluster/users/grad/2025/25t8103/project/data/pretty_free_candidates/pexels_green_mug_marble_7828522.jpg,0.022573886439204216,A studio photo of a plain green ceramic mug on a white marble block against a pink background.,20.45945627739489,0.09484778346168687,0.9827268443707492,0.9827268443707492,"A studio photo of the same plain ceramic mug on the same white marble block against the same pink background, with only the mug color changed from green to orange.",green_mug_orange_phase2
1.0,0.925030971566836,1.0000000298023224,0.9250309765338898,0.0,0.0,105.59449084599812,0.1726190447807312,0.0,0.0,0.09173329174518585,0.9329155683517456,0.3169196844100952,0.00819125771522522,0.32511094212532043,True,0.770099401473999,0.00819125771522522,0.032999674479166664,,,0.46017046740238376,0.1726190447807312,0.032999674479166664,0.0,0.1048351302742958,17.26075003803166,0.13707633938262842,2.6385629177093506,0.28342679142951965,0.0126819908618927,0.29610878229141235,"69,271,230,465",/cluster/users/grad/2025/25t8103/project/experiments/support_v3_2026-06-02/normalized_512/eval_masks/green_mug_orange_phase2_eval_mask.png,fixed_eval_mask,1.0,389.3919372558594,0.0,0.0,direct_target,Direct target guidance,,0.04802023991942406,19.688323121866922,0.10365346961508842,12.228387355804443,/cluster/users/grad/2025/25t8103/project/outputs/pretty_matrix/green_mug_orange_phase2/direct_target/seed_10/result.png,5.73388147354126,green_mug_orange_phase2/direct_target/seed_10,18.742349677006132,10,/cluster/users/grad/2025/25t8103/project/data/pretty_free_candidates/pexels_green_mug_marble_7828522.jpg,0.04989510774612427,A studio photo of a plain green ceramic mug on a white marble block against a pink background.,19.582302958582147,0.10492641920586902,0.8914042979000737,0.8914042979000737,"A studio photo of the same plain ceramic mug on the same white marble block against the same pink background, with only the mug color changed from green to orange.",green_mug_orange_phase2
1.0,0.925030971566836,1.0000000298023224,0.9250309765338898,0.0,0.0,105.59449084599812,0.1726190447807312,0.0,0.0,0.09173329174518585,0.9329155683517456,0.3169196844100952,0.00819125771522522,0.32511094212532043,True,0.770099401473999,0.00819125771522522,0.032999674479166664,,,0.46017046740238376,0.1726190447807312,0.032999674479166664,0.0,0.1048351302742958,17.26075003803166,0.13707633938262842,2.6385629177093506,0.28342679142951965,0.0126819908618927,0.29610878229141235,"69,271,230,465",/cluster/users/grad/2025/25t8103/project/experiments/support_v3_2026-06-02/normalized_512/eval_masks/green_mug_orange_phase2_eval_mask.png,fixed_eval_mask,1.0,389.3919372558594,0.0,0.0,direct_target,Direct target guidance,,0.04802023991942406,19.688323121866922,0.10365346961508842,12.228387355804443,/cluster/users/grad/2025/25t8103/project/outputs/pretty_matrix/green_mug_orange_phase2/direct_target/seed_11/result.png,5.73388147354126,green_mug_orange_phase2/direct_target/seed_11,18.754594326004735,11,/cluster/users/grad/2025/25t8103/project/data/pretty_free_candidates/pexels_green_mug_marble_7828522.jpg,0.04989510774612427,A studio photo of a plain green ceramic mug on a white marble block against a pink background.,19.582302958582147,0.10492641920586902,0.8914042979000737,0.8914042979000737,"A studio photo of the same plain ceramic mug on the same white marble block against the same pink background, with only the mug color changed from green to orange.",green_mug_orange_phase2
1.0,0.925030971566836,1.0000000298023224,0.9250309765338898,0.0,0.0,105.59449084599812,0.1726190447807312,0.0,0.0,0.09173329174518585,0.9329155683517456,0.3169196844100952,0.00819125771522522,0.32511094212532043,True,0.770099401473999,0.00819125771522522,0.032999674479166664,,,0.46017046740238376,0.1726190447807312,0.032999674479166664,0.0,0.1048351302742958,17.26075003803166,0.13707633938262842,2.6385629177093506,0.28342679142951965,0.0126819908618927,0.29610878229141235,"69,271,230,465",/cluster/users/grad/2025/25t8103/project/experiments/support_v3_2026-06-02/normalized_512/eval_masks/green_mug_orange_phase2_eval_mask.png,fixed_eval_mask,1.0,389.3919372558594,0.0,0.0,direct_target,Direct target guidance,,0.04802023991942406,19.688323121866922,0.10365346961508842,12.228387355804443,/cluster/users/grad/2025/25t8103/project/outputs/pretty_matrix/green_mug_orange_phase2/direct_target/seed_12/result.png,5.73388147354126,green_mug_orange_phase2/direct_target/seed_12,18.578912375000073,12,/cluster/users/grad/2025/25t8103/project/data/pretty_free_candidates/pexels_green_mug_marble_7828522.jpg,0.04989510774612427,A studio photo of a plain green ceramic mug on a white marble block against a pink background.,19.582302958582147,0.10492641920586902,0.8914042979000737,0.8914042979000737,"A studio photo of the same plain ceramic mug on the same white marble block against the same pink background, with only the mug color changed from green to orange.",green_mug_orange_phase2
1.0,0.9387506271402041,1.000000002483527,0.938750629623731,-0.4973418340086937,-0.003498110866833789,13.395840843518576,0.0613839291036129,0.007615181243939635,7.578073004881541,-0.007789735682308674,0.9861934781074524,0.3409317135810852,-0.029604673385620117,0.3113270401954651,True,0.9585328102111816,-0.029604673385620117,0.025309244791666668,,,0.832455834311269,0.0613839291036129,0.025309244791666668,0.011254019292604502,0.005802791565656662,42.80378849711259,0.007241200540239969,0.6445382833480835,0.22719687223434448,-0.01538078486919403,0.21181608736515045,"189,110,315,221",/cluster/users/grad/2025/25t8103/project/experiments/support_v3_2026-06-02/normalized_512/eval_masks/mug_heart_eval_mask.png,fixed_eval_mask,1.0,38.500511169433594,0.01637277938425541,15.347146034240723,adaptive_full_generic_support,Generic support control,,0.008193427696824074,34.203760440045194,0.01949000623257734,13.382246971130371,/cluster/users/grad/2025/25t8103/project/outputs/pretty_matrix/mug_heart/adaptive_full_generic_support/seed_10/result.png,0.7742612361907959,mug_heart/adaptive_full_generic_support/seed_10,56.405413917964324,10,/cluster/users/grad/2025/25t8103/project/data/pretty_free_candidates/pexels_white_mug_6312107.jpg,0.00813292246311903,A minimalist photo of a plain white ceramic mug on a grey background.,34.299553430788535,0.019276240159247213,0.965357020198147,0.965357020198147,"A minimalist photo of the same white ceramic mug with a small red heart printed on the front, on the same grey background.",mug_heart
1.0,0.9389739980300268,1.0000000248352687,0.9389739657441775,-0.4971255386869113,-0.003351464370401421,13.484660704930624,0.0613839291036129,0.007627817530495425,7.583633740743001,-0.007026446517556906,0.9860081076622009,0.3413586914539337,-0.029561281204223633,0.3117974102497101,True,0.9586684703826904,-0.029561281204223633,0.025309244791666668,,,0.8343907646692268,0.0613839291036129,0.025309244791666668,0.010564997703261369,0.005784178152680397,42.825099199045404,0.007223456138385121,0.6457474231719971,0.22692078351974487,-0.015660360455513,0.21126042306423187,"189,110,315,221",/cluster/users/grad/2025/25t8103/project/experiments/support_v3_2026-06-02/normalized_512/eval_masks/mug_heart_eval_mask.png,fixed_eval_mask,1.0,38.500511169433594,0.01637277938425541,15.33380126953125,adaptive_full_generic_support,Generic support control,,0.00817665085196495,34.21210802549885,0.019471284334711115,13.254321098327637,/cluster/users/grad/2025/25t8103/project/outputs/pretty_matrix/mug_heart/adaptive_full_generic_support/seed_11/result.png,0.7739148736000061,mug_heart/adaptive_full_generic_support/seed_11,50.858456952963024,11,/cluster/users/grad/2025/25t8103/project/data/pretty_free_candidates/pexels_white_mug_6312107.jpg,0.008116098120808601,A minimalist photo of a plain white ceramic mug on a grey background.,34.30794694743486,0.019257621767819255,0.9653464575369453,0.9653464575369453,"A minimalist photo of the same white ceramic mug with a small red heart printed on the front, on the same grey background.",mug_heart
1.0,0.9395228326320648,1.000000002483527,0.9395228599508604,-0.49719493091106415,-0.0034139952573847645,13.378676861524582,0.0613839291036129,0.007616661105809423,7.577389697233836,-0.007282955572009087,0.985288143157959,0.34117281436920166,-0.02959311008453369,0.31157970428466797,True,0.958857536315918,-0.02959311008453369,0.025309244791666668,,,0.8355937612236422,0.0613839291036129,0.025309244791666668,0.010564997703261369,0.005802792496979237,42.80164395249086,0.007242988612106145,0.6469089388847351,0.22842666506767273,-0.015387088060379028,0.2130395770072937,"189,110,315,221",/cluster/users/grad/2025/25t8103/project/experiments/support_v3_2026-06-02/normalized_512/eval_masks/mug_heart_eval_mask.png,fixed_eval_mask,1.0,38.500511169433594,0.01637277938425541,15.334484100341797,adaptive_full_generic_support,Generic support control,,0.008172090165317059,34.212943900607485,0.019469410631557684,13.254321098327637,/cluster/users/grad/2025/25t8103/project/outputs/pretty_matrix/mug_heart/adaptive_full_generic_support/seed_12/result.png,0.7741907238960266,mug_heart/adaptive_full_generic_support/seed_12,80.25726378010586,12,/cluster/users/grad/2025/25t8103/project/data/pretty_free_candidates/pexels_white_mug_6312107.jpg,0.008112125098705292,A minimalist photo of a plain white ceramic mug on a grey background.,34.30869648234177,0.01925596003395343,0.9653477865994627,0.9653477865994627,"A minimalist photo of the same white ceramic mug with a small red heart printed on the front, on the same grey background.",mug_heart
1.0,0.9221471572915713,1.0000000099341075,0.9221471423904101,0.0,0.0,35.74044986565908,0.0751488134264946,0.0,0.0,-0.03753798082470894,0.9537849426269531,0.3510322570800781,-0.03410172462463379,0.31693053245544434,True,0.7622716426849365,-0.03410172462463379,0.025309244791666668,,,0.7163373541515653,0.0751488134264946,0.025309244791666668,0.0,0.040695201605558395,27.304819005037942,0.043127973279526506,0.6873425245285034,0.27372556924819946,-0.008676379919052124,0.26504918932914734,"189,110,315,221",/cluster/users/grad/2025/25t8103/project/experiments/support_v3_2026-06-02/normalized_512/eval_masks/mug_heart_eval_mask.png,fixed_eval_mask,1.0,192.15692138671875,0.0,0.0,direct_target,Direct target guidance,,0.035042811185121536,22.76743224238715,0.07271573326167209,12.228387355804443,/cluster/users/grad/2025/25t8103/project/outputs/pretty_matrix/mug_heart/direct_target/seed_10/result.png,0.9595234990119934,mug_heart/direct_target/seed_10,31.75719489599578,10,/cluster/users/grad/2025/25t8103/project/data/pretty_free_candidates/pexels_white_mug_6312107.jpg,0.03518587723374367,A minimalist photo of a plain white ceramic mug on a grey background.,22.839274732873143,0.07211676937846165,0.9138093733173928,0.9138093733173928,"A minimalist photo of the same white ceramic mug with a small red heart printed on the front, on the same grey background.",mug_heart
1.0,0.9221471572915713,1.0000000099341075,0.9221471423904101,0.0,0.0,35.74044986565908,0.0751488134264946,0.0,0.0,-0.03753798082470894,0.9537849426269531,0.3510322570800781,-0.03410172462463379,0.31693053245544434,True,0.7622716426849365,-0.03410172462463379,0.025309244791666668,,,0.7163373541515653,0.0751488134264946,0.025309244791666668,0.0,0.040695201605558395,27.304819005037942,0.043127973279526506,0.6873425245285034,0.27372556924819946,-0.008676379919052124,0.26504918932914734,"189,110,315,221",/cluster/users/grad/2025/25t8103/project/experiments/support_v3_2026-06-02/normalized_512/eval_masks/mug_heart_eval_mask.png,fixed_eval_mask,1.0,192.15692138671875,0.0,0.0,direct_target,Direct target guidance,,0.035042811185121536,22.76743224238715,0.07271573326167209,12.222283840179443,/cluster/users/grad/2025/25t8103/project/outputs/pretty_matrix/mug_heart/direct_target/seed_11/result.png,0.9595234990119934,mug_heart/direct_target/seed_11,26.771855278871953,11,/cluster/users/grad/2025/25t8103/project/data/pretty_free_candidates/pexels_white_mug_6312107.jpg,0.03518587723374367,A minimalist photo of a plain white ceramic mug on a grey background.,22.839274732873143,0.07211676937846165,0.9138093733173928,0.9138093733173928,"A minimalist photo of the same white ceramic mug with a small red heart printed on the front, on the same grey background.",mug_heart
1.0,0.9221471572915713,1.0000000099341075,0.9221471423904101,0.0,0.0,35.74044986565908,0.0751488134264946,0.0,0.0,-0.03753798082470894,0.9537849426269531,0.3510322570800781,-0.03410172462463379,0.31693053245544434,True,0.7622716426849365,-0.03410172462463379,0.025309244791666668,,,0.7163373541515653,0.0751488134264946,0.025309244791666668,0.0,0.040695201605558395,27.304819005037942,0.043127973279526506,0.6873425245285034,0.27372556924819946,-0.008676379919052124,0.26504918932914734,"189,110,315,221",/cluster/users/grad/2025/25t8103/project/experiments/support_v3_2026-06-02/normalized_512/eval_masks/mug_heart_eval_mask.png,fixed_eval_mask,1.0,192.15692138671875,0.0,0.0,direct_target,Direct target guidance,,0.035042811185121536,22.76743224238715,0.07271573326167209,12.222283840179443,/cluster/users/grad/2025/25t8103/project/outputs/pretty_matrix/mug_heart/direct_target/seed_12/result.png,0.9595234990119934,mug_heart/direct_target/seed_12,26.67875806102529,12,/cluster/users/grad/2025/25t8103/project/data/pretty_free_candidates/pexels_white_mug_6312107.jpg,0.03518587723374367,A minimalist photo of a plain white ceramic mug on a grey background.,22.839274732873143,0.07211676937846165,0.9138093733173928,0.9138093733173928,"A minimalist photo of the same white ceramic mug with a small red heart printed on the front, on the same grey background.",mug_heart
1.0,0.9281269758939743,1.000000002483527,0.9281270181139311,-0.4001192543655634,-6.447835101397459e-07,25.159482041994732,0.18004262447357178,0.010615229550846076,23.971819400787354,0.2068345695734024,0.9033256769180298,0.20245236158370972,0.06747296452522278,0.2699253261089325,True,0.9325398206710815,0.06747296452522278,0.07593883167613637,,,0.8375018156817495,0.18004262447357178,0.07593883167613637,0.9907204442495982,0.44697049260139465,5.838175364979302,0.5106122524486587,5.523394584655762,0.19132325053215027,0.08110249042510986,0.27242574095726013,"0,7,347,257",/cluster/users/grad/2025/25t8103/project/experiments/support_v3_2026-06-02/normalized_512/eval_masks/red_office_chair_to_blue_office_chair_eval_mask.png,fixed_eval_mask,1.0,105.7725830078125,0.028233474120497704,38.77968215942383,adaptive_full_generic_support,Generic support control,,0.05622589588165283,18.39048142412675,0.12035826781678688,13.570971965789795,/cluster/users/grad/2025/25t8103/project/outputs/pretty_matrix/red_office_chair_to_blue_office_chair/adaptive_full_generic_support/seed_10/result.png,6.595083713531494,red_office_chair_to_blue_office_chair/adaptive_full_generic_support/seed_10,37.269244569994044,10,/cluster/users/grad/2025/25t8103/project/data/pretty_free_candidates/unsplash_red_office_chair_concrete_lvVWRzm_NwY.jpg,0.08589859306812286,A photo of a red office chair on a concrete floor.,14.790556724764858,0.18216803081908528,0.5788132212794684,0.5788132212794684,"A photo of the same office chair on the same concrete floor, with only the red plastic seat and back shell changed to deep blue while the silver metal base, wheels, wall, and floor remain unchanged.",red_office_chair_to_blue_office_chair
1.0,0.9278407767415047,1.000000002483527,0.9278407692909241,-0.3982299572477738,1.413684526478202e-07,25.30967445174853,0.18004262447357178,0.010623252729904683,23.968790610631306,0.2108984887599945,0.9207138419151306,0.21005883812904358,0.06210130453109741,0.272160142660141,True,0.9412969946861267,0.06210130453109741,0.07593883167613637,,,0.7032714451309158,0.18004262447357178,0.07593883167613637,0.9917433874031857,0.44621527194976807,5.793313790641936,0.5132563255447966,4.649337291717529,0.19457532465457916,0.08482895791530609,0.27940428256988525,"0,7,347,257",/cluster/users/grad/2025/25t8103/project/experiments/support_v3_2026-06-02/normalized_512/eval_masks/red_office_chair_to_blue_office_chair_eval_mask.png,fixed_eval_mask,1.0,105.7725830078125,0.028233474120497704,38.77968215942383,adaptive_full_generic_support,Generic support control,,0.05601031333208084,18.423320143206357,0.11990408874226213,13.570971965789795,/cluster/users/grad/2025/25t8103/project/outputs/pretty_matrix/red_office_chair_to_blue_office_chair/adaptive_full_generic_support/seed_11/result.png,6.611013889312744,red_office_chair_to_blue_office_chair/adaptive_full_generic_support/seed_11,37.84182726799918,11,/cluster/users/grad/2025/25t8103/project/data/pretty_free_candidates/unsplash_red_office_chair_concrete_lvVWRzm_NwY.jpg,0.0856420248746872,A photo of a red office chair on a concrete floor.,14.776869984834303,0.18245530730870876,0.5807939265924715,0.5807939265924715,"A photo of the same office chair on the same concrete floor, with only the red plastic seat and back shell changed to deep blue while the silver metal base, wheels, wall, and floor remain unchanged.",red_office_chair_to_blue_office_chair
1.0,0.9274497305353483,1.0000000198682149,0.9274497280518214,-0.39998015699287254,9.225755904414731e-07,25.551764369010925,0.18004262447357178,0.010620263584617836,23.968552668889362,0.20798951387405396,0.9317805767059326,0.21394763886928558,0.05629055202007294,0.2702381908893585,True,0.9415300488471985,0.05629055202007294,0.07593883167613637,,,0.7892314306885738,0.18004262447357178,0.07593883167613637,0.9905743095133713,0.4474714994430542,5.831893209041619,0.5109816914150745,5.270205974578857,0.20352071523666382,0.08209860324859619,0.28561931848526,"0,7,347,257",/cluster/users/grad/2025/25t8103/project/experiments/support_v3_2026-06-02/normalized_512/eval_masks/red_office_chair_to_blue_office_chair_eval_mask.png,fixed_eval_mask,1.0,105.7725830078125,0.028233474120497704,38.77968215942383,adaptive_full_generic_support,Generic support control,,0.05614060163497925,18.40813575424113,0.12011388448500275,13.570971965789795,/cluster/users/grad/2025/25t8103/project/outputs/pretty_matrix/red_office_chair_to_blue_office_chair/adaptive_full_generic_support/seed_12/result.png,6.677643299102783,red_office_chair_to_blue_office_chair/adaptive_full_generic_support/seed_12,37.09765539399814,12,/cluster/users/grad/2025/25t8103/project/data/pretty_free_candidates/unsplash_red_office_chair_concrete_lvVWRzm_NwY.jpg,0.0858578011393547,A photo of a red office chair on a concrete floor.,14.793912705439299,0.18209765986953125,0.5816038761689254,0.5816038761689254,"A photo of the same office chair on the same concrete floor, with only the red plastic seat and back shell changed to deep blue while the silver metal base, wheels, wall, and floor remain unchanged.",red_office_chair_to_blue_office_chair
1.0,0.9194664632280668,1.0000000521540642,0.919466458261013,0.0,0.0,117.01112922032674,0.19992898404598236,0.0,0.0,0.10221575945615768,0.7992746829986572,0.22976547479629517,0.047347813844680786,0.27711328864097595,True,0.8598150014877319,0.047347813844680786,0.07593883167613637,,,0.6812197657355286,0.19992898404598236,0.07593883167613637,0.08724243752740027,0.19340120255947113,10.836024771133273,0.2872094738910548,3.601053237915039,0.2250877320766449,0.05606815218925476,0.28115588426589966,"0,7,347,257",/cluster/users/grad/2025/25t8103/project/experiments/support_v3_2026-06-02/normalized_512/eval_masks/red_office_chair_to_blue_office_chair_eval_mask.png,fixed_eval_mask,1.0,307.87689208984375,0.0,0.0,direct_target,Direct target guidance,,0.08186909556388855,16.504526171057496,0.14954561787320925,12.229666233062744,/cluster/users/grad/2025/25t8103/project/outputs/pretty_matrix/red_office_chair_to_blue_office_chair/direct_target/seed_10/result.png,5.286184310913086,red_office_chair_to_blue_office_chair/direct_target/seed_10,18.61359546300082,10,/cluster/users/grad/2025/25t8103/project/data/pretty_free_candidates/unsplash_red_office_chair_concrete_lvVWRzm_NwY.jpg,0.09033872187137604,A photo of a red office chair on a concrete floor.,15.697677817113842,0.16410284454564075,0.5037529195483403,0.5037529195483403,"A photo of the same office chair on the same concrete floor, with only the red plastic seat and back shell changed to deep blue while the silver metal base, wheels, wall, and floor remain unchanged.",red_office_chair_to_blue_office_chair
1.0,0.9194664632280668,1.0000000521540642,0.919466458261013,0.0,0.0,117.01112922032674,0.19992898404598236,0.0,0.0,0.10221575945615768,0.7992746829986572,0.22976547479629517,0.047347813844680786,0.27711328864097595,True,0.8598150014877319,0.047347813844680786,0.07593883167613637,,,0.6812197657355286,0.19992898404598236,0.07593883167613637,0.08724243752740027,0.19340120255947113,10.836024771133273,0.2872094738910548,3.601053237915039,0.2250877320766449,0.05606815218925476,0.28115588426589966,"0,7,347,257",/cluster/users/grad/2025/25t8103/project/experiments/support_v3_2026-06-02/normalized_512/eval_masks/red_office_chair_to_blue_office_chair_eval_mask.png,fixed_eval_mask,1.0,307.87689208984375,0.0,0.0,direct_target,Direct target guidance,,0.08186909556388855,16.504526171057496,0.14954561787320925,12.229666233062744,/cluster/users/grad/2025/25t8103/project/outputs/pretty_matrix/red_office_chair_to_blue_office_chair/direct_target/seed_11/result.png,5.286184310913086,red_office_chair_to_blue_office_chair/direct_target/seed_11,18.58756179100601,11,/cluster/users/grad/2025/25t8103/project/data/pretty_free_candidates/unsplash_red_office_chair_concrete_lvVWRzm_NwY.jpg,0.09033872187137604,A photo of a red office chair on a concrete floor.,15.697677817113842,0.16410284454564075,0.5037529195483403,0.5037529195483403,"A photo of the same office chair on the same concrete floor, with only the red plastic seat and back shell changed to deep blue while the silver metal base, wheels, wall, and floor remain unchanged.",red_office_chair_to_blue_office_chair
1.0,0.9194664632280668,1.0000000521540642,0.919466458261013,0.0,0.0,117.01112922032674,0.19992898404598236,0.0,0.0,0.10221575945615768,0.7992746829986572,0.22976547479629517,0.047347813844680786,0.27711328864097595,True,0.8598150014877319,0.047347813844680786,0.07593883167613637,,,0.6812197657355286,0.19992898404598236,0.07593883167613637,0.08724243752740027,0.19340120255947113,10.836024771133273,0.2872094738910548,3.601053237915039,0.2250877320766449,0.05606815218925476,0.28115588426589966,"0,7,347,257",/cluster/users/grad/2025/25t8103/project/experiments/support_v3_2026-06-02/normalized_512/eval_masks/red_office_chair_to_blue_office_chair_eval_mask.png,fixed_eval_mask,1.0,307.87689208984375,0.0,0.0,direct_target,Direct target guidance,,0.08186909556388855,16.504526171057496,0.14954561787320925,12.229666233062744,/cluster/users/grad/2025/25t8103/project/outputs/pretty_matrix/red_office_chair_to_blue_office_chair/direct_target/seed_12/result.png,5.286184310913086,red_office_chair_to_blue_office_chair/direct_target/seed_12,18.498680406002677,12,/cluster/users/grad/2025/25t8103/project/data/pretty_free_candidates/unsplash_red_office_chair_concrete_lvVWRzm_NwY.jpg,0.09033872187137604,A photo of a red office chair on a concrete floor.,15.697677817113842,0.16410284454564075,0.5037529195483403,0.5037529195483403,"A photo of the same office chair on the same concrete floor, with only the red plastic seat and back shell changed to deep blue while the silver metal base, wheels, wall, and floor remain unchanged.",red_office_chair_to_blue_office_chair
1.0,0.9300995692610741,1.0000000322858493,0.9300995816787084,-0.285288389151295,-0.0008622069447786392,24.421657065550487,0.1190476194024086,0.01489263060890759,10.79411385456721,0.03747010603547096,0.9560685157775879,0.31365805864334106,-0.02359411120414734,0.2900639474391937,True,0.9843525290489197,-0.02359411120414734,0.0599365234375,,,0.9565372203371211,0.1190476194024086,0.0599365234375,0.0,0.04592810943722725,17.737905217167636,0.1297492150455685,5.713130950927734,0.32212933897972107,-0.028800129890441895,0.2933292090892792,"66,146,275,427",/cluster/users/grad/2025/25t8103/project/experiments/support_v3_2026-06-02/normalized_512/eval_masks/tote_leaf_eval_mask.png,fixed_eval_mask,1.0,71.16111755371094,0.05277033895254135,23.517091751098633,adaptive_full_generic_support,Generic support control,,0.03842119872570038,20.20807312962329,0.0976329346480746,13.550859451293945,/cluster/users/grad/2025/25t8103/project/outputs/pretty_matrix/tote_leaf/adaptive_full_generic_support/seed_10/result.png,5.972722053527832,tote_leaf/adaptive_full_generic_support/seed_10,24.096548186033033,10,/cluster/users/grad/2025/25t8103/project/data/pretty_free_candidates/pexels_white_tote_bag_4068314.jpg,0.03887113928794861,A photo of a plain white canvas tote bag held in front of a green wall.,20.01309749911173,0.09984932310074786,0.8093794561978136,0.8093794561978136,"A photo of the same white canvas tote bag with a green leaf logo printed on the front, in front of the same green wall.",tote_leaf
1.0,0.931535022954146,1.0000000198682149,0.9315349956353506,-0.3067267133543889,-0.0004576626136743774,21.199735065301258,0.1071428582072258,0.013793281163088977,10.397841652234396,0.021614588797092438,0.9467859268188477,0.3132750391960144,-0.013872027397155762,0.29940301179885864,True,0.9801685810089111,-0.013872027397155762,0.0599365234375,,,0.9569966345938351,0.1071428582072258,0.0599365234375,0.0,0.04588956758379936,17.7621802074648,0.1293871031734354,5.691049098968506,0.3109327554702759,-0.012393832206726074,0.2985389232635498,"66,146,275,427",/cluster/users/grad/2025/25t8103/project/experiments/support_v3_2026-06-02/normalized_512/eval_masks/tote_leaf_eval_mask.png,fixed_eval_mask,1.0,50.13554382324219,0.05107995867729187,23.18766975402832,adaptive_full_generic_support,Generic support control,,0.03368363529443741,20.630828829306576,0.09299477725784218,13.381566524505615,/cluster/users/grad/2025/25t8103/project/outputs/pretty_matrix/tote_leaf/adaptive_full_generic_support/seed_11/result.png,5.946780681610107,tote_leaf/adaptive_full_generic_support/seed_11,31.313872652011923,11,/cluster/users/grad/2025/25t8103/project/data/pretty_free_candidates/pexels_white_tote_bag_4068314.jpg,0.034415215253829956,A photo of a plain beige canvas tote bag held in front of a dark green wall.,20.39381940065018,0.09556723698189279,0.8224041091522529,0.8224041091522529,"A photo of the same beige canvas tote bag with a large centered dark green leaf logo printed clearly on the front panel, while the hand, straps, bag shape, wall, and lighting remain unchanged.",tote_leaf
1.0,0.9321127409736315,1.000000034769376,0.9321127335230509,-0.3069137285153071,-0.00034080697514582425,21.110028326511383,0.1071428582072258,0.01377661216732425,10.397924999396006,0.023032093420624733,0.9532296657562256,0.31103360652923584,-0.013918101787567139,0.2971155047416687,True,0.9795354604721069,-0.013918101787567139,0.0599365234375,,,0.9572221061634429,0.1071428582072258,0.0599365234375,0.0,0.045897044241428375,17.7609994121582,0.129404693780241,5.69167423248291,0.3103806972503662,-0.012828439474105835,0.2975522577762604,"66,146,275,427",/cluster/users/grad/2025/25t8103/project/experiments/support_v3_2026-06-02/normalized_512/eval_masks/tote_leaf_eval_mask.png,fixed_eval_mask,1.0,48.55169677734375,0.05107995867729187,23.18766975402832,adaptive_full_generic_support,Generic support control,,0.03347703441977501,20.704979285209063,0.09220427041343503,13.381927490234375,/cluster/users/grad/2025/25t8103/project/outputs/pretty_matrix/tote_leaf/adaptive_full_generic_support/seed_12/result.png,5.946033000946045,tote_leaf/adaptive_full_generic_support/seed_12,31.848552329000086,12,/cluster/users/grad/2025/25t8103/project/data/pretty_free_candidates/pexels_white_tote_bag_4068314.jpg,0.034221455454826355,A photo of a plain beige canvas tote bag held in front of a dark green wall.,20.459630727211476,0.09484587853162674,0.8229683806931821,0.8229683806931821,"A photo of the same beige canvas tote bag with a large centered dark green leaf logo printed clearly on the front panel, while the hand, straps, bag shape, wall, and lighting remain unchanged.",tote_leaf
1.0,0.9185290311773618,0.9999999850988388,0.9185290162762006,0.0,0.0,103.58287334442139,0.2306547611951828,0.0,0.0,0.10709524899721146,0.6957105398178101,0.26910173892974854,0.018000751733779907,0.28710249066352844,True,0.665308952331543,0.018000751733779907,0.0599365234375,,,0.5957966202247735,0.2306547611951828,0.0599365234375,9.69838037047813e-05,0.22091123461723328,10.339215819582957,0.30411595755766,8.6350679397583,0.28311270475387573,0.019626587629318237,0.30273929238319397,"66,146,275,427",/cluster/users/grad/2025/25t8103/project/experiments/support_v3_2026-06-02/normalized_512/eval_masks/tote_leaf_eval_mask.png,fixed_eval_mask,1.0,480.03704833984375,0.0,0.0,direct_target,Direct target guidance,,0.07764153927564621,15.442181255752383,0.16900164706828436,12.404858589172363,/cluster/users/grad/2025/25t8103/project/outputs/pretty_matrix/tote_leaf/direct_target/seed_10/result.png,14.493314743041992,tote_leaf/direct_target/seed_10,11.414470058050938,10,/cluster/users/grad/2025/25t8103/project/data/pretty_free_candidates/pexels_white_tote_bag_4068314.jpg,0.0862286388874054,A photo of a plain white canvas tote bag held in front of a green wall.,14.89548915201149,0.17998053664042143,0.7223841025396178,0.7223841025396178,"A photo of the same white canvas tote bag with a green leaf logo printed on the front, in front of the same green wall.",tote_leaf
1.0,0.9178333307305971,1.0,0.9178333406647047,0.0,0.0,87.66540773709615,0.2016369104385376,0.0,0.0,0.11566461622714996,0.7645730972290039,0.31486424803733826,0.03261438012123108,0.34747862815856934,True,0.632192075252533,0.03261438012123108,0.0599365234375,,,0.8203294186548535,0.2016369104385376,0.0599365234375,0.0,0.18923771381378174,10.353237082888686,0.30362543208757786,11.35962963104248,0.3071877658367157,0.033521026372909546,0.34070879220962524,"66,146,275,427",/cluster/users/grad/2025/25t8103/project/experiments/support_v3_2026-06-02/normalized_512/eval_masks/tote_leaf_eval_mask.png,fixed_eval_mask,1.0,240.62261962890625,0.0,0.0,direct_target,Direct target guidance,,0.05752172693610191,17.32075209083306,0.13613268032642226,12.228387355804443,/cluster/users/grad/2025/25t8103/project/outputs/pretty_matrix/tote_leaf/direct_target/seed_11/result.png,13.847643852233887,tote_leaf/direct_target/seed_11,18.678285740010324,11,/cluster/users/grad/2025/25t8103/project/data/pretty_free_candidates/pexels_white_tote_bag_4068314.jpg,0.06541632115840912,A photo of a plain beige canvas tote bag held in front of a dark green wall.,16.392777089411872,0.15148204014726266,0.7260184588149453,0.7260184588149453,"A photo of the same beige canvas tote bag with a large centered dark green leaf logo printed clearly on the front panel, while the hand, straps, bag shape, wall, and lighting remain unchanged.",tote_leaf
1.0,0.9178333307305971,1.0,0.9178333406647047,0.0,0.0,87.66540773709615,0.2016369104385376,0.0,0.0,0.11566461622714996,0.7645730972290039,0.31486424803733826,0.03261438012123108,0.34747862815856934,True,0.632192075252533,0.03261438012123108,0.0599365234375,,,0.8203294186548535,0.2016369104385376,0.0599365234375,0.0,0.18923771381378174,10.353237082888686,0.30362543208757786,11.35962963104248,0.3071877658367157,0.033521026372909546,0.34070879220962524,"66,146,275,427",/cluster/users/grad/2025/25t8103/project/experiments/support_v3_2026-06-02/normalized_512/eval_masks/tote_leaf_eval_mask.png,fixed_eval_mask,1.0,240.62261962890625,0.0,0.0,direct_target,Direct target guidance,,0.05752172693610191,17.32075209083306,0.13613268032642226,12.228387355804443,/cluster/users/grad/2025/25t8103/project/outputs/pretty_matrix/tote_leaf/direct_target/seed_12/result.png,13.847643852233887,tote_leaf/direct_target/seed_12,19.124268971994752,12,/cluster/users/grad/2025/25t8103/project/data/pretty_free_candidates/pexels_white_tote_bag_4068314.jpg,0.06541632115840912,A photo of a plain beige canvas tote bag held in front of a dark green wall.,16.392777089411872,0.15148204014726266,0.7260184588149453,0.7260184588149453,"A photo of the same beige canvas tote bag with a large centered dark green leaf logo printed clearly on the front panel, while the hand, straps, bag shape, wall, and lighting remain unchanged.",tote_leaf
1.0,0.9228339269757271,1.0000000223517418,0.9228339294592539,-0.3787454521904389,-0.0008032351036793747,38.0669823884964,0.0394345261156559,0.010918731481069699,8.97452143828074,0.053102437406778336,0.8666943311691284,0.2418735921382904,-0.005136668682098389,0.23673692345619202,True,0.9288383722305298,-0.005136668682098389,0.045712425595238096,,,0.7435976912102696,0.0394345261156559,0.045712425595238096,0.4993641912512716,0.0069430312141776085,40.8291432500324,0.009089559513187111,1.256913185119629,0.2120337337255478,0.0006452053785324097,0.2126789391040802,"197,75,363,234",/cluster/users/grad/2025/25t8103/project/experiments/support_v3_2026-06-02/normalized_512/eval_masks/tshirt_star_eval_mask.png,fixed_eval_mask,1.0,164.88331604003906,0.030661504715681076,15.633641242980957,adaptive_full_generic_support,Generic support control,,0.028435559943318367,21.621866491920972,0.08296724618475639,12.228387355804443,/cluster/users/grad/2025/25t8103/project/outputs/pretty_matrix/tshirt_star/adaptive_full_generic_support/seed_10/result.png,1.690313458442688,tshirt_star/adaptive_full_generic_support/seed_10,116.26098998798989,10,/cluster/users/grad/2025/25t8103/project/data/pretty_free_candidates/pexels_person_white_tshirt_blue_jeans_8217483.jpg,0.027453085407614708,"A close-up fashion photo of a person wearing a plain white t-shirt and blue jeans, with natural fabric folds and soft studio lighting.",21.822577829219597,0.08107204136581593,0.8647475184259444,0.8647475184259444,"The same person wearing the same white t-shirt and blue jeans, with a clearly visible medium-sized bright red star printed on the center chest, while preserving the fabric folds, shadows, jeans, pose, and background.",tshirt_star
1.0,0.9229265749454498,1.0000000198682149,0.9229265650113424,-0.3779050447046757,-0.0007722924011991003,38.0172430674235,0.0394345261156559,0.010911551721316451,8.968741774559021,0.049312300980091095,0.8613085746765137,0.24337226152420044,-0.006371051073074341,0.2370012104511261,True,0.9303426146507263,-0.006371051073074341,0.045712425595238096,,,0.7452112547747027,0.0394345261156559,0.045712425595238096,0.4968209562563581,0.006941036321222782,40.83023990831102,0.009088411961024348,1.2589231729507446,0.21038024127483368,0.0004414469003677368,0.21082168817520142,"197,75,363,234",/cluster/users/grad/2025/25t8103/project/experiments/support_v3_2026-06-02/normalized_512/eval_masks/tshirt_star_eval_mask.png,fixed_eval_mask,1.0,164.88331604003906,0.030661504715681076,15.622917175292969,adaptive_full_generic_support,Generic support control,,0.028463980183005333,21.610300009661977,0.08307780232258326,12.222283840179443,/cluster/users/grad/2025/25t8103/project/outputs/pretty_matrix/tshirt_star/adaptive_full_generic_support/seed_11/result.png,1.6893507242202759,tshirt_star/adaptive_full_generic_support/seed_11,92.04857583600096,11,/cluster/users/grad/2025/25t8103/project/data/pretty_free_candidates/pexels_person_white_tshirt_blue_jeans_8217483.jpg,0.02748010866343975,"A close-up fashion photo of a person wearing a plain white t-shirt and blue jeans, with natural fabric folds and soft studio lighting.",21.811018574343827,0.08118000454253814,0.8646525960849477,0.8646525960849477,"The same person wearing the same white t-shirt and blue jeans, with a clearly visible medium-sized bright red star printed on the center chest, while preserving the fabric folds, shadows, jeans, pose, and background.",tshirt_star
1.0,0.9228050957123438,1.0000000124176343,0.922805113097032,-0.378543504824241,-0.000817343531783384,38.2121022939682,0.0394345261156559,0.010921178147934066,8.97427131732305,0.05127469450235367,0.8667340278625488,0.24181582033634186,-0.005927026271820068,0.2358887940645218,True,0.930686891078949,-0.005927026271820068,0.045712425595238096,,,0.7439022565708557,0.0394345261156559,0.045712425595238096,0.4991098677517803,0.00694469315931201,40.82647142450493,0.009092355939775908,1.2565960884094238,0.21188277006149292,0.001579195261001587,0.2134619653224945,"197,75,363,234",/cluster/users/grad/2025/25t8103/project/experiments/support_v3_2026-06-02/normalized_512/eval_masks/tshirt_star_eval_mask.png,fixed_eval_mask,1.0,164.88331604003906,0.030661504715681076,15.625783920288086,adaptive_full_generic_support,Generic support control,,0.028401387855410576,21.618923098496484,0.0829953661170512,12.222283840179443,/cluster/users/grad/2025/25t8103/project/outputs/pretty_matrix/tshirt_star/adaptive_full_generic_support/seed_12/result.png,1.689195156097412,tshirt_star/adaptive_full_generic_support/seed_12,68.23780745500699,12,/cluster/users/grad/2025/25t8103/project/data/pretty_free_candidates/pexels_person_white_tshirt_blue_jeans_8217483.jpg,0.027420544996857643,"A close-up fashion photo of a person wearing a plain white t-shirt and blue jeans, with natural fabric folds and soft studio lighting.",21.81963516396729,0.08109951216102501,0.864986061820947,0.864986061820947,"The same person wearing the same white t-shirt and blue jeans, with a clearly visible medium-sized bright red star printed on the center chest, while preserving the fabric folds, shadows, jeans, pose, and background.",tshirt_star
1.0,0.9156996558109919,1.0000000124176343,0.9156996260086695,0.0,0.0,22.60719374815623,0.0212053582072258,0.0,0.0,0.08586076647043228,0.8572114706039429,0.19400955736637115,0.008649095892906189,0.20265865325927734,True,0.8462378978729248,0.008649095892906189,0.045712425595238096,,,0.8181957836327579,0.0212053582072258,0.045712425595238096,0.828585961342828,0.008423925377428532,39.0542160321965,0.01115036793779326,1.1980959177017212,0.2065473347902298,0.016973868012428284,0.22352120280265808,"197,75,363,234",/cluster/users/grad/2025/25t8103/project/experiments/support_v3_2026-06-02/normalized_512/eval_masks/tshirt_star_eval_mask.png,fixed_eval_mask,1.0,74.63060760498047,0.0,0.0,direct_target,Direct target guidance,,0.04080517217516899,20.785648631024234,0.09135189661538916,12.228387355804443,/cluster/users/grad/2025/25t8103/project/outputs/pretty_matrix/tshirt_star/direct_target/seed_10/result.png,1.4643144607543945,tshirt_star/direct_target/seed_10,86.46482465788722,10,/cluster/users/grad/2025/25t8103/project/data/pretty_free_candidates/pexels_person_white_tshirt_blue_jeans_8217483.jpg,0.03932495415210724,"A close-up fashion photo of a person wearing a plain white t-shirt and blue jeans, with natural fabric folds and soft studio lighting.",20.985755972700954,0.0892713703401246,0.844578934799854,0.844578934799854,"The same person wearing the same white t-shirt and blue jeans, with a clearly visible medium-sized bright red star printed on the center chest, while preserving the fabric folds, shadows, jeans, pose, and background.",tshirt_star
1.0,0.9156996558109919,1.0000000124176343,0.9156996260086695,0.0,0.0,22.60719374815623,0.0212053582072258,0.0,0.0,0.08586076647043228,0.8572114706039429,0.19400955736637115,0.008649095892906189,0.20265865325927734,True,0.8462378978729248,0.008649095892906189,0.045712425595238096,,,0.8181957836327579,0.0212053582072258,0.045712425595238096,0.828585961342828,0.008423925377428532,39.0542160321965,0.01115036793779326,1.1980959177017212,0.2065473347902298,0.016973868012428284,0.22352120280265808,"197,75,363,234",/cluster/users/grad/2025/25t8103/project/experiments/support_v3_2026-06-02/normalized_512/eval_masks/tshirt_star_eval_mask.png,fixed_eval_mask,1.0,74.63060760498047,0.0,0.0,direct_target,Direct target guidance,,0.04080517217516899,20.785648631024234,0.09135189661538916,12.228387355804443,/cluster/users/grad/2025/25t8103/project/outputs/pretty_matrix/tshirt_star/direct_target/seed_11/result.png,1.4643144607543945,tshirt_star/direct_target/seed_11,87.09680461790413,11,/cluster/users/grad/2025/25t8103/project/data/pretty_free_candidates/pexels_person_white_tshirt_blue_jeans_8217483.jpg,0.03932495415210724,"A close-up fashion photo of a person wearing a plain white t-shirt and blue jeans, with natural fabric folds and soft studio lighting.",20.985755972700954,0.0892713703401246,0.844578934799854,0.844578934799854,"The same person wearing the same white t-shirt and blue jeans, with a clearly visible medium-sized bright red star printed on the center chest, while preserving the fabric folds, shadows, jeans, pose, and background.",tshirt_star
1.0,0.9156996558109919,1.0000000124176343,0.9156996260086695,0.0,0.0,22.60719374815623,0.0212053582072258,0.0,0.0,0.08586076647043228,0.8572114706039429,0.19400955736637115,0.008649095892906189,0.20265865325927734,True,0.8462378978729248,0.008649095892906189,0.045712425595238096,,,0.8181957836327579,0.0212053582072258,0.045712425595238096,0.828585961342828,0.008423925377428532,39.0542160321965,0.01115036793779326,1.1980959177017212,0.2065473347902298,0.016973868012428284,0.22352120280265808,"197,75,363,234",/cluster/users/grad/2025/25t8103/project/experiments/support_v3_2026-06-02/normalized_512/eval_masks/tshirt_star_eval_mask.png,fixed_eval_mask,1.0,74.63060760498047,0.0,0.0,direct_target,Direct target guidance,,0.04080517217516899,20.785648631024234,0.09135189661538916,12.228387355804443,/cluster/users/grad/2025/25t8103/project/outputs/pretty_matrix/tshirt_star/direct_target/seed_12/result.png,1.4643144607543945,tshirt_star/direct_target/seed_12,93.9282608279027,12,/cluster/users/grad/2025/25t8103/project/data/pretty_free_candidates/pexels_person_white_tshirt_blue_jeans_8217483.jpg,0.03932495415210724,"A close-up fashion photo of a person wearing a plain white t-shirt and blue jeans, with natural fabric folds and soft studio lighting.",20.985755972700954,0.0892713703401246,0.844578934799854,0.844578934799854,"The same person wearing the same white t-shirt and blue jeans, with a clearly visible medium-sized bright red star printed on the center chest, while preserving the fabric folds, shadows, jeans, pose, and background.",tshirt_star
1.0,0.9402880445122719,0.9999999900658926,0.9402880469957987,-0.2986162744346075,-0.0062408292499943245,32.05799029270808,0.0453869067132473,0.006140666562714614,6.393691877524058,0.28372886776924133,0.930885910987854,0.23368322849273682,0.03544530272483826,0.2691285312175751,True,0.7498694658279419,0.03544530272483826,0.026913597470238096,,,2.5013566294188827,0.0453869067132473,0.026913597470238096,0.0,0.04072728380560875,23.27232194653628,0.06860944444009547,2.493227958679199,0.2021246999502182,0.04641886055469513,0.24854356050491333,"57,180,335,324",/cluster/users/grad/2025/25t8103/project/experiments/support_v3_2026-06-02/normalized_512/eval_masks/white_bowl_orange_tabletop_phase2_eval_mask.png,fixed_eval_mask,1.0,77.80665588378906,0.0283121969550848,14.430890083312988,adaptive_full_generic_support,Generic support control,,0.020495271310210228,24.855905263081333,0.05717481089349288,13.381566524505615,/cluster/users/grad/2025/25t8103/project/outputs/pretty_matrix/white_bowl_orange_tabletop_phase2/adaptive_full_generic_support/seed_10/result.png,0.9967502951622009,white_bowl_orange_tabletop_phase2/adaptive_full_generic_support/seed_10,44.69343594100792,10,/cluster/users/grad/2025/25t8103/project/data/phase2_candidates/pexels_sideview_bowl_wood_table_26161017.jpg,0.02103978767991066,"A side-view photo of a white bowl sitting on a wooden tabletop, with empty wooden table space to the left of the bowl.",24.804779931026864,0.05751233541622731,0.9011929888876858,0.9011929888876858,"A side-view photo of the same white bowl sitting on the same wooden tabletop, with one medium bright orange fruit resting on the empty wooden table space to the left of the bowl, while the bowl, tabletop, wall, lighting, and background remain unchanged.",white_bowl_orange_tabletop_phase2
1.0,0.9411587963501612,1.0000000149011612,0.9411587913831075,-0.2986847488112592,-0.005006855635050063,31.557157824436825,0.0453869067132473,0.0061368515162030235,6.392312288284302,0.2870383858680725,0.9287244081497192,0.2391672432422638,0.03717896342277527,0.27634620666503906,True,0.7884559631347656,0.03717896342277527,0.026913597470238096,,,2.4259415303491574,0.0453869067132473,0.026913597470238096,0.0,0.04078233614563942,23.26949080048481,0.0686318111780862,2.4816887378692627,0.20967233180999756,0.04714620113372803,0.2568185329437256,"57,180,335,324",/cluster/users/grad/2025/25t8103/project/experiments/support_v3_2026-06-02/normalized_512/eval_masks/white_bowl_orange_tabletop_phase2_eval_mask.png,fixed_eval_mask,1.0,75.31090545654297,0.0283121969550848,14.430890083312988,adaptive_full_generic_support,Generic support control,,0.020383110269904137,24.92515301492368,0.05672080021822944,13.381927490234375,/cluster/users/grad/2025/25t8103/project/outputs/pretty_matrix/white_bowl_orange_tabletop_phase2/adaptive_full_generic_support/seed_11/result.png,1.0229796171188354,white_bowl_orange_tabletop_phase2/adaptive_full_generic_support/seed_11,44.219007545965724,11,/cluster/users/grad/2025/25t8103/project/data/phase2_candidates/pexels_sideview_bowl_wood_table_26161017.jpg,0.02093212865293026,"A side-view photo of a white bowl sitting on a wooden tabletop, with empty wooden table space to the left of the bowl.",24.87124421445447,0.057073931448737285,0.9014076571176305,0.9014076571176305,"A side-view photo of the same white bowl sitting on the same wooden tabletop, with one medium bright orange fruit resting on the empty wooden table space to the left of the bowl, while the bowl, tabletop, wall, lighting, and background remain unchanged.",white_bowl_orange_tabletop_phase2
1.0,0.9415666436155637,1.0000000173846881,0.9415666783849398,-0.29747152167450014,-0.005399629206901106,31.78823794921239,0.0453869067132473,0.006147523439722136,6.397747834523519,0.28267011046409607,0.9281480312347412,0.24103116989135742,0.03661060333251953,0.27764177322387695,True,0.786573052406311,0.03661060333251953,0.026913597470238096,,,2.4794343418197284,0.0453869067132473,0.026913597470238096,0.0,0.040629032999277115,23.291203581287547,0.06846046126257807,2.4851796627044678,0.20953384041786194,0.04687392711639404,0.256407767534256,"57,180,335,324",/cluster/users/grad/2025/25t8103/project/experiments/support_v3_2026-06-02/normalized_512/eval_masks/white_bowl_orange_tabletop_phase2_eval_mask.png,fixed_eval_mask,1.0,79.10922241210938,0.0283121969550848,14.430890083312988,adaptive_full_generic_support,Generic support control,,0.02044537290930748,24.89566827151019,0.05691366934853243,13.381927490234375,/cluster/users/grad/2025/25t8103/project/outputs/pretty_matrix/white_bowl_orange_tabletop_phase2/adaptive_full_generic_support/seed_12/result.png,1.002317190170288,white_bowl_orange_tabletop_phase2/adaptive_full_generic_support/seed_12,44.69929756002966,12,/cluster/users/grad/2025/25t8103/project/data/phase2_candidates/pexels_sideview_bowl_wood_table_26161017.jpg,0.0209885835647583,"A side-view photo of a white bowl sitting on a wooden tabletop, with empty wooden table space to the left of the bowl.",24.84374109708891,0.057254937529035536,0.9014725833474477,0.9014725833474477,"A side-view photo of the same white bowl sitting on the same wooden tabletop, with one medium bright orange fruit resting on the empty wooden table space to the left of the bowl, while the bowl, tabletop, wall, lighting, and background remain unchanged.",white_bowl_orange_tabletop_phase2
1.0,0.9235033417741457,0.9999999875823656,0.9235033392906189,0.0,0.0,101.84066621462505,0.176711305975914,0.0,0.0,0.2310040146112442,0.851270854473114,0.21516606211662292,0.04558250308036804,0.26074856519699097,True,0.4155202805995941,0.04558250308036804,0.026913597470238096,,,1.9437013999529755,0.176711305975914,0.026913597470238096,0.00021598272138228941,0.05403859540820122,22.037971687341976,0.07908632873499433,3.821676254272461,0.16819918155670166,0.0037537217140197754,0.17195290327072144,"57,180,335,324",/cluster/users/grad/2025/25t8103/project/experiments/support_v3_2026-06-02/normalized_512/eval_masks/white_bowl_orange_tabletop_phase2_eval_mask.png,fixed_eval_mask,1.0,313.625732421875,0.0,0.0,direct_target,Direct target guidance,,0.05056660994887352,18.783617251433956,0.11503212362194486,12.228387355804443,/cluster/users/grad/2025/25t8103/project/outputs/pretty_matrix/white_bowl_orange_tabletop_phase2/direct_target/seed_10/result.png,1.9661848545074463,white_bowl_orange_tabletop_phase2/direct_target/seed_10,25.67459185491316,10,/cluster/users/grad/2025/25t8103/project/data/phase2_candidates/pexels_sideview_bowl_wood_table_26161017.jpg,0.050660066306591034,"A side-view photo of a white bowl sitting on a wooden tabletop, with empty wooden table space to the left of the bowl.",18.845694381396466,0.11421293208625125,0.8493250940239762,0.8493250940239762,"A side-view photo of the same white bowl sitting on the same wooden tabletop, with one medium bright orange fruit resting on the empty wooden table space to the left of the bowl, while the bowl, tabletop, wall, lighting, and background remain unchanged.",white_bowl_orange_tabletop_phase2
1.0,0.9235033417741457,0.9999999875823656,0.9235033392906189,0.0,0.0,101.84066621462505,0.176711305975914,0.0,0.0,0.2310040146112442,0.851270854473114,0.21516606211662292,0.04558250308036804,0.26074856519699097,True,0.4155202805995941,0.04558250308036804,0.026913597470238096,,,1.9437013999529755,0.176711305975914,0.026913597470238096,0.00021598272138228941,0.05403859540820122,22.037971687341976,0.07908632873499433,3.821676254272461,0.16819918155670166,0.0037537217140197754,0.17195290327072144,"57,180,335,324",/cluster/users/grad/2025/25t8103/project/experiments/support_v3_2026-06-02/normalized_512/eval_masks/white_bowl_orange_tabletop_phase2_eval_mask.png,fixed_eval_mask,1.0,313.625732421875,0.0,0.0,direct_target,Direct target guidance,,0.05056660994887352,18.783617251433956,0.11503212362194486,12.228387355804443,/cluster/users/grad/2025/25t8103/project/outputs/pretty_matrix/white_bowl_orange_tabletop_phase2/direct_target/seed_11/result.png,1.9661848545074463,white_bowl_orange_tabletop_phase2/direct_target/seed_11,25.869357965071686,11,/cluster/users/grad/2025/25t8103/project/data/phase2_candidates/pexels_sideview_bowl_wood_table_26161017.jpg,0.050660066306591034,"A side-view photo of a white bowl sitting on a wooden tabletop, with empty wooden table space to the left of the bowl.",18.845694381396466,0.11421293208625125,0.8493250940239762,0.8493250940239762,"A side-view photo of the same white bowl sitting on the same wooden tabletop, with one medium bright orange fruit resting on the empty wooden table space to the left of the bowl, while the bowl, tabletop, wall, lighting, and background remain unchanged.",white_bowl_orange_tabletop_phase2
1.0,0.9235033417741457,0.9999999875823656,0.9235033392906189,0.0,0.0,101.84066621462505,0.176711305975914,0.0,0.0,0.2310040146112442,0.851270854473114,0.21516606211662292,0.04558250308036804,0.26074856519699097,True,0.4155202805995941,0.04558250308036804,0.026913597470238096,,,1.9437013999529755,0.176711305975914,0.026913597470238096,0.00021598272138228941,0.05403859540820122,22.037971687341976,0.07908632873499433,3.821676254272461,0.16819918155670166,0.0037537217140197754,0.17195290327072144,"57,180,335,324",/cluster/users/grad/2025/25t8103/project/experiments/support_v3_2026-06-02/normalized_512/eval_masks/white_bowl_orange_tabletop_phase2_eval_mask.png,fixed_eval_mask,1.0,313.625732421875,0.0,0.0,direct_target,Direct target guidance,,0.05056660994887352,18.783617251433956,0.11503212362194486,12.228387355804443,/cluster/users/grad/2025/25t8103/project/outputs/pretty_matrix/white_bowl_orange_tabletop_phase2/direct_target/seed_12/result.png,1.9661848545074463,white_bowl_orange_tabletop_phase2/direct_target/seed_12,25.634599285083823,12,/cluster/users/grad/2025/25t8103/project/data/phase2_candidates/pexels_sideview_bowl_wood_table_26161017.jpg,0.050660066306591034,"A side-view photo of a white bowl sitting on a wooden tabletop, with empty wooden table space to the left of the bowl.",18.845694381396466,0.11421293208625125,0.8493250940239762,0.8493250940239762,"A side-view photo of the same white bowl sitting on the same wooden tabletop, with one medium bright orange fruit resting on the empty wooden table space to the left of the bowl, while the bowl, tabletop, wall, lighting, and background remain unchanged.",white_bowl_orange_tabletop_phase2
1.0,0.9443218037486076,0.9999999776482582,0.9443217938145002,-0.36234343765924376,-0.006376020806783345,14.901329020659128,0.1447172611951828,0.010866245133608269,23.704405705134075,0.15383750200271606,0.8957764506340027,0.24833175539970398,0.01771312952041626,0.26604488492012024,True,0.9140390157699585,0.01771312952041626,0.05458286830357143,,,0.550100523903332,0.1447172611951828,0.05458286830357143,0.9908413205537806,0.33360549807548523,7.708494812961121,0.41169468413055865,3.0434887409210205,0.2313217669725418,0.02641947567462921,0.257741242647171,"61,263,275,497",/cluster/users/grad/2025/25t8103/project/experiments/support_v3_2026-06-02/normalized_512/eval_masks/yellow_vase_blue_phase2_eval_mask.png,fixed_eval_mask,1.0,26.403581619262695,0.037683650851249695,47.22050857543945,adaptive_full_generic_support,Generic support control,,0.02233736775815487,23.331710705864456,0.06814193544065884,13.414507865905762,/cluster/users/grad/2025/25t8103/project/outputs/pretty_matrix/yellow_vase_blue_phase2/adaptive_full_generic_support/seed_10/result.png,5.532604694366455,yellow_vase_blue_phase2/adaptive_full_generic_support/seed_10,38.652669029994286,10,/cluster/users/grad/2025/25t8103/project/data/pretty_free_candidates/pexels_yellow_ceramic_vase_8356822.jpg,0.03932728245854378,A still-life photo of a small yellow ceramic vase resting on white fabric.,18.651453472022702,0.11679582706989199,0.9239238691243749,0.9239238691243749,"A still-life photo of the same small ceramic vase resting on the same white fabric, with only the vase color changed from yellow to natural matte cobalt blue while the fabric, lighting, shadows, rim shading, and ceramic highlights remain unchanged.",yellow_vase_blue_phase2
1.0,0.9446537544329962,0.9999999776482582,0.9446537668506304,-0.3622200954705477,-0.0064284110606725635,15.065397004286448,0.1447172611951828,0.010863784996521039,23.70433847109477,0.1523023247718811,0.8967162370681763,0.25006067752838135,0.017083048820495605,0.26714372634887695,True,0.9172569513320923,0.017083048820495605,0.05458286830357143,,,0.5501386695477538,0.1447172611951828,0.05458286830357143,0.991160809371672,0.3334342837333679,7.711525578677316,0.41155105664703046,3.0447535514831543,0.2286207675933838,0.027122557163238525,0.2557433247566223,"61,263,275,497",/cluster/users/grad/2025/25t8103/project/experiments/support_v3_2026-06-02/normalized_512/eval_masks/yellow_vase_blue_phase2_eval_mask.png,fixed_eval_mask,1.0,27.070722579956055,0.037683650851249695,47.22050857543945,adaptive_full_generic_support,Generic support control,,0.022335078567266464,23.330419529244107,0.06815206564232507,13.414507865905762,/cluster/users/grad/2025/25t8103/project/outputs/pretty_matrix/yellow_vase_blue_phase2/adaptive_full_generic_support/seed_11/result.png,5.534520149230957,yellow_vase_blue_phase2/adaptive_full_generic_support/seed_11,37.62772408800083,11,/cluster/users/grad/2025/25t8103/project/data/pretty_free_candidates/pexels_yellow_ceramic_vase_8356822.jpg,0.03931577131152153,A still-life photo of a small yellow ceramic vase resting on white fabric.,18.65309255599954,0.11677378901564432,0.923902224045528,0.923902224045528,"A still-life photo of the same small ceramic vase resting on the same white fabric, with only the vase color changed from yellow to natural matte cobalt blue while the fabric, lighting, shadows, rim shading, and ceramic highlights remain unchanged.",yellow_vase_blue_phase2
1.0,0.9435655325651169,0.9999999726812044,0.9435655251145363,-0.3619673900927107,-0.006289856952207629,14.569323559602102,0.1447172611951828,0.010877087081704909,23.721415201822918,0.1493639051914215,0.8945478200912476,0.24921095371246338,0.01668447256088257,0.26589542627334595,True,0.9147194623947144,0.01668447256088257,0.05458286830357143,,,0.5490972009546811,0.1447172611951828,0.05458286830357143,0.9909478168264111,0.33318644762039185,7.716995856687337,0.41129194790674634,3.039339065551758,0.23046815395355225,0.026845455169677734,0.25731360912323,"61,263,275,497",/cluster/users/grad/2025/25t8103/project/experiments/support_v3_2026-06-02/normalized_512/eval_masks/yellow_vase_blue_phase2_eval_mask.png,fixed_eval_mask,1.0,25.688879013061523,0.037683650851249695,47.22050857543945,adaptive_full_generic_support,Generic support control,,0.0223371721804142,23.332611490747386,0.06813486903235938,13.414507865905762,/cluster/users/grad/2025/25t8103/project/outputs/pretty_matrix/yellow_vase_blue_phase2/adaptive_full_generic_support/seed_12/result.png,5.535156726837158,yellow_vase_blue_phase2/adaptive_full_generic_support/seed_12,38.19402064300084,12,/cluster/users/grad/2025/25t8103/project/data/pretty_free_candidates/pexels_yellow_ceramic_vase_8356822.jpg,0.0393042154610157,A still-life photo of a small yellow ceramic vase resting on white fabric.,18.657507843593606,0.11671444462364153,0.9239116635489145,0.9239116635489145,"A still-life photo of the same small ceramic vase resting on the same white fabric, with only the vase color changed from yellow to natural matte cobalt blue while the fabric, lighting, shadows, rim shading, and ceramic highlights remain unchanged.",yellow_vase_blue_phase2
1.0,0.9207768539587656,1.0000000099341075,0.9207768365740776,0.0,0.0,49.25233860810598,0.09375,0.0,0.0,0.08150523155927658,0.8487699031829834,0.2701311409473419,0.0019982457160949707,0.2721293866634369,True,0.5691574811935425,0.0019982457160949707,0.05458286830357143,,,0.6271447268284076,0.09375,0.05458286830357143,0.0,0.08883557468652725,19.220528154863036,0.10938898491007955,1.419507384300232,0.22410848736763,-0.03888864815235138,0.18521983921527863,"61,263,275,497",/cluster/users/grad/2025/25t8103/project/experiments/support_v3_2026-06-02/normalized_512/eval_masks/yellow_vase_blue_phase2_eval_mask.png,fixed_eval_mask,1.0,189.12930297851562,0.0,0.0,direct_target,Direct target guidance,,0.049036215990781784,22.763536618158973,0.07274835360542746,12.228387355804443,/cluster/users/grad/2025/25t8103/project/outputs/pretty_matrix/yellow_vase_blue_phase2/direct_target/seed_10/result.png,2.263444662094116,yellow_vase_blue_phase2/direct_target/seed_10,19.191069872002117,10,/cluster/users/grad/2025/25t8103/project/data/pretty_free_candidates/pexels_yellow_ceramic_vase_8356822.jpg,0.051208578050136566,A still-life photo of a small yellow ceramic vase resting on white fabric.,22.47445353222774,0.07521030041333775,0.8270404408794062,0.8270404408794062,"A still-life photo of the same small ceramic vase resting on the same white fabric, with only the vase color changed from yellow to natural matte cobalt blue while the fabric, lighting, shadows, rim shading, and ceramic highlights remain unchanged.",yellow_vase_blue_phase2
1.0,0.9207768539587656,1.0000000099341075,0.9207768365740776,0.0,0.0,49.25233860810598,0.09375,0.0,0.0,0.08150523155927658,0.8487699031829834,0.2701311409473419,0.0019982457160949707,0.2721293866634369,True,0.5691574811935425,0.0019982457160949707,0.05458286830357143,,,0.6271447268284076,0.09375,0.05458286830357143,0.0,0.08883557468652725,19.220528154863036,0.10938898491007955,1.419507384300232,0.22410848736763,-0.03888864815235138,0.18521983921527863,"61,263,275,497",/cluster/users/grad/2025/25t8103/project/experiments/support_v3_2026-06-02/normalized_512/eval_masks/yellow_vase_blue_phase2_eval_mask.png,fixed_eval_mask,1.0,189.12930297851562,0.0,0.0,direct_target,Direct target guidance,,0.049036215990781784,22.763536618158973,0.07274835360542746,12.228387355804443,/cluster/users/grad/2025/25t8103/project/outputs/pretty_matrix/yellow_vase_blue_phase2/direct_target/seed_11/result.png,2.263444662094116,yellow_vase_blue_phase2/direct_target/seed_11,18.99416451000434,11,/cluster/users/grad/2025/25t8103/project/data/pretty_free_candidates/pexels_yellow_ceramic_vase_8356822.jpg,0.051208578050136566,A still-life photo of a small yellow ceramic vase resting on white fabric.,22.47445353222774,0.07521030041333775,0.8270404408794062,0.8270404408794062,"A still-life photo of the same small ceramic vase resting on the same white fabric, with only the vase color changed from yellow to natural matte cobalt blue while the fabric, lighting, shadows, rim shading, and ceramic highlights remain unchanged.",yellow_vase_blue_phase2
1.0,0.9207768539587656,1.0000000099341075,0.9207768365740776,0.0,0.0,49.25233860810598,0.09375,0.0,0.0,0.08150523155927658,0.8487699031829834,0.2701311409473419,0.0019982457160949707,0.2721293866634369,True,0.5691574811935425,0.0019982457160949707,0.05458286830357143,,,0.6271447268284076,0.09375,0.05458286830357143,0.0,0.08883557468652725,19.220528154863036,0.10938898491007955,1.419507384300232,0.22410848736763,-0.03888864815235138,0.18521983921527863,"61,263,275,497",/cluster/users/grad/2025/25t8103/project/experiments/support_v3_2026-06-02/normalized_512/eval_masks/yellow_vase_blue_phase2_eval_mask.png,fixed_eval_mask,1.0,189.12930297851562,0.0,0.0,direct_target,Direct target guidance,,0.049036215990781784,22.763536618158973,0.07274835360542746,12.228387355804443,/cluster/users/grad/2025/25t8103/project/outputs/pretty_matrix/yellow_vase_blue_phase2/direct_target/seed_12/result.png,2.263444662094116,yellow_vase_blue_phase2/direct_target/seed_12,18.743061150002177,12,/cluster/users/grad/2025/25t8103/project/data/pretty_free_candidates/pexels_yellow_ceramic_vase_8356822.jpg,0.051208578050136566,A still-life photo of a small yellow ceramic vase resting on white fabric.,22.47445353222774,0.07521030041333775,0.8270404408794062,0.8270404408794062,"A still-life photo of the same small ceramic vase resting on the same white fabric, with only the vase color changed from yellow to natural matte cobalt blue while the fabric, lighting, shadows, rim shading, and ceramic highlights remain unchanged.",yellow_vase_blue_phase2
