family,task,task_label,seed,method,method_display,selected_run,selected_result_image,selected_source_image,selection_reason,metric_status,metric_note,metric_file,metric_result_image
T1_attached_accessory,cat_crown,Cat crown,10,base_only,RF recon,base_only,outputs/pretty_matrix/cat_crown/base_only/seed_10/result.png,experiments/support_v3_2026-06-02/normalized_512/sources/cat_crown.png,canonical method directory,aligned,selected image matches metric row result_image,experiments/support_v3_2026-06-02/phase2_internal_bg_metrics.csv,/cluster/users/grad/2025/25t8103/project/outputs/pretty_matrix/cat_crown/base_only/seed_10/result.png
T1_attached_accessory,cat_crown,Cat crown,10,direct_target,Direct target,direct_target,outputs/pretty_matrix/cat_crown/direct_target/seed_10/result.png,experiments/support_v3_2026-06-02/normalized_512/sources/cat_crown.png,canonical method directory,aligned,selected image matches metric row result_image,experiments/support_v3_2026-06-02/phase2_internal_bg_metrics.csv,/cluster/users/grad/2025/25t8103/project/outputs/pretty_matrix/cat_crown/direct_target/seed_10/result.png
T1_attached_accessory,cat_crown,Cat crown,10,adaptive_full_generic_support,Generic support,adaptive_full_generic_support,outputs/pretty_matrix/cat_crown/adaptive_full_generic_support/seed_10/result.png,experiments/support_v3_2026-06-02/normalized_512/sources/cat_crown.png,canonical method directory,aligned,selected image matches metric row result_image,experiments/support_v3_2026-06-02/phase2_internal_bg_metrics.csv,/cluster/users/grad/2025/25t8103/project/outputs/pretty_matrix/cat_crown/adaptive_full_generic_support/seed_10/result.png
T1_attached_accessory,cat_crown,Cat crown,10,flowedit,FlowEdit,flowedit,outputs/e2_t1_t4_baseline_matrix/cat_crown/flowedit/seed_10/result.png,experiments/support_v3_2026-06-02/normalized_512/sources/cat_crown.png,canonical method directory,aligned,selected image matches metric row result_image,experiments/support_v3_2026-06-02/e2_t1_t4_baseline_fixed_mask_metrics.csv,/cluster/users/grad/2025/25t8103/project/outputs/e2_t1_t4_baseline_matrix/cat_crown/flowedit/seed_10/result.png
T1_attached_accessory,cat_crown,Cat crown,10,splitflow,SplitFlow,splitflow,outputs/e2_t1_t4_baseline_matrix/cat_crown/splitflow/seed_10/result.png,experiments/support_v3_2026-06-02/normalized_512/sources/cat_crown.png,canonical method directory,aligned,selected image matches metric row result_image,experiments/support_v3_2026-06-02/e2_t1_t4_baseline_fixed_mask_metrics.csv,/cluster/users/grad/2025/25t8103/project/outputs/e2_t1_t4_baseline_matrix/cat_crown/splitflow/seed_10/result.png
T1_attached_accessory,cat_crown,Cat crown,10,sam_flow_sd3,Sam-Flow-SD3,sam_flow_sd3,outputs/e2_t1_t4_baseline_matrix/cat_crown/sam_flow_sd3/seed_10/result.png,experiments/support_v3_2026-06-02/normalized_512/sources/cat_crown.png,canonical method directory,aligned,selected image matches metric row result_image,experiments/support_v3_2026-06-02/e2_t1_t4_baseline_fixed_mask_metrics.csv,/cluster/users/grad/2025/25t8103/project/outputs/e2_t1_t4_baseline_matrix/cat_crown/sam_flow_sd3/seed_10/result.png
T1_attached_accessory,cat_crown,Cat crown,10,fireflow,FireFlow,fireflow,outputs/e2_t1_t4_baseline_matrix/cat_crown/fireflow/seed_10/result.png,experiments/support_v3_2026-06-02/normalized_512/sources/cat_crown.png,canonical method directory,aligned,selected image matches metric row result_image,experiments/support_v3_2026-06-02/e2_t1_t4_baseline_fixed_mask_metrics.csv,/cluster/users/grad/2025/25t8103/project/outputs/e2_t1_t4_baseline_matrix/cat_crown/fireflow/seed_10/result.png
T1_attached_accessory,cat_crown,Cat crown,10,rf_solver_edit,RF-Solver-Edit,rf_solver_edit,outputs/e2_t1_t4_baseline_matrix/cat_crown/rf_solver_edit/seed_10/result.png,experiments/support_v3_2026-06-02/normalized_512/sources/cat_crown.png,canonical method directory,aligned,selected image matches metric row result_image,experiments/support_v3_2026-06-02/e2_t1_t4_baseline_fixed_mask_metrics.csv,/cluster/users/grad/2025/25t8103/project/outputs/e2_t1_t4_baseline_matrix/cat_crown/rf_solver_edit/seed_10/result.png
T1_attached_accessory,cat_crown,Cat crown,10,reflex,ReFlex,reflex,outputs/e2_t1_t4_baseline_matrix/cat_crown/reflex/seed_10/result.png,experiments/support_v3_2026-06-02/normalized_512/sources/cat_crown.png,canonical method directory,aligned,selected image matches metric row result_image,experiments/support_v3_2026-06-02/e2_t1_t4_baseline_fixed_mask_metrics.csv,/cluster/users/grad/2025/25t8103/project/outputs/e2_t1_t4_baseline_matrix/cat_crown/reflex/seed_10/result.png
T1_attached_accessory,cat_crown,Cat crown,10,sam_flow_flux,Sam-Flow-FLUX,sam_flow_flux,outputs/e2_t1_t4_baseline_matrix/cat_crown/sam_flow_flux/seed_10/result.png,experiments/support_v3_2026-06-02/normalized_512/sources/cat_crown.png,canonical method directory,aligned,selected image matches metric row result_image,experiments/support_v3_2026-06-02/e2_t1_t4_baseline_fixed_mask_metrics.csv,/cluster/users/grad/2025/25t8103/project/outputs/e2_t1_t4_baseline_matrix/cat_crown/sam_flow_flux/seed_10/result.png
T1_attached_accessory,cat_crown,Cat crown,10,support_v3_fixed,Fixed DeCE,support_v3_fixed,outputs/pretty_matrix/cat_crown/support_v3_fixed/seed_10/result.png,experiments/support_v3_2026-06-02/normalized_512/sources/cat_crown.png,canonical method directory,aligned,selected image matches metric row result_image,experiments/support_v3_2026-06-02/phase2_internal_bg_metrics.csv,/cluster/users/grad/2025/25t8103/project/outputs/pretty_matrix/cat_crown/support_v3_fixed/seed_10/result.png
T1_attached_accessory,cat_crown,Cat crown,10,support_v3_controller_rmsgap,DeCE-RF,support_v3_controller_rmsgap_t1t4_3seed_20260609,outputs/pretty_matrix/cat_crown/support_v3_controller_rmsgap_t1t4_3seed_20260609/seed_10/result.png,experiments/support_v3_2026-06-02/normalized_512/sources/cat_crown.png,formal T1-T4 three-seed DeCE-RF rerun,aligned,selected image matches metric row result_image,experiments/support_v3_2026-06-02/phase2_internal_bg_metrics.csv,/cluster/users/grad/2025/25t8103/project/outputs/phase2_selected_metric_refresh_20260612/cat_crown/support_v3_controller_rmsgap/seed_10/result.png
T1_attached_accessory,cat_crown,Cat crown,11,base_only,RF recon,base_only,outputs/pretty_matrix/cat_crown/base_only/seed_11/result.png,experiments/support_v3_2026-06-02/normalized_512/sources/cat_crown.png,canonical method directory,aligned,selected image matches metric row result_image,experiments/support_v3_2026-06-02/phase2_internal_bg_metrics.csv,/cluster/users/grad/2025/25t8103/project/outputs/pretty_matrix/cat_crown/base_only/seed_11/result.png
T1_attached_accessory,cat_crown,Cat crown,11,direct_target,Direct target,direct_target,outputs/pretty_matrix/cat_crown/direct_target/seed_11/result.png,experiments/support_v3_2026-06-02/normalized_512/sources/cat_crown.png,canonical method directory,aligned,selected image matches metric row result_image,experiments/support_v3_2026-06-02/phase2_internal_bg_metrics.csv,/cluster/users/grad/2025/25t8103/project/outputs/pretty_matrix/cat_crown/direct_target/seed_11/result.png
T1_attached_accessory,cat_crown,Cat crown,11,adaptive_full_generic_support,Generic support,adaptive_full_generic_support,outputs/pretty_matrix/cat_crown/adaptive_full_generic_support/seed_11/result.png,experiments/support_v3_2026-06-02/normalized_512/sources/cat_crown.png,canonical method directory,aligned,selected image matches metric row result_image,experiments/support_v3_2026-06-02/phase2_internal_bg_metrics.csv,/cluster/users/grad/2025/25t8103/project/outputs/pretty_matrix/cat_crown/adaptive_full_generic_support/seed_11/result.png
T1_attached_accessory,cat_crown,Cat crown,11,flowedit,FlowEdit,flowedit,outputs/e2_t1_t4_baseline_matrix/cat_crown/flowedit/seed_11/result.png,experiments/support_v3_2026-06-02/normalized_512/sources/cat_crown.png,canonical method directory,aligned,selected image matches metric row result_image,experiments/support_v3_2026-06-02/e2_t1_t4_baseline_fixed_mask_metrics.csv,/cluster/users/grad/2025/25t8103/project/outputs/e2_t1_t4_baseline_matrix/cat_crown/flowedit/seed_11/result.png
T1_attached_accessory,cat_crown,Cat crown,11,splitflow,SplitFlow,splitflow,outputs/e2_t1_t4_baseline_matrix/cat_crown/splitflow/seed_11/result.png,experiments/support_v3_2026-06-02/normalized_512/sources/cat_crown.png,canonical method directory,aligned,selected image matches metric row result_image,experiments/support_v3_2026-06-02/e2_t1_t4_baseline_fixed_mask_metrics.csv,/cluster/users/grad/2025/25t8103/project/outputs/e2_t1_t4_baseline_matrix/cat_crown/splitflow/seed_11/result.png
T1_attached_accessory,cat_crown,Cat crown,11,sam_flow_sd3,Sam-Flow-SD3,sam_flow_sd3,outputs/e2_t1_t4_baseline_matrix/cat_crown/sam_flow_sd3/seed_11/result.png,experiments/support_v3_2026-06-02/normalized_512/sources/cat_crown.png,canonical method directory,aligned,selected image matches metric row result_image,experiments/support_v3_2026-06-02/e2_t1_t4_baseline_fixed_mask_metrics.csv,/cluster/users/grad/2025/25t8103/project/outputs/e2_t1_t4_baseline_matrix/cat_crown/sam_flow_sd3/seed_11/result.png
T1_attached_accessory,cat_crown,Cat crown,11,fireflow,FireFlow,fireflow,outputs/e2_t1_t4_baseline_matrix/cat_crown/fireflow/seed_11/result.png,experiments/support_v3_2026-06-02/normalized_512/sources/cat_crown.png,canonical method directory,aligned,selected image matches metric row result_image,experiments/support_v3_2026-06-02/e2_t1_t4_baseline_fixed_mask_metrics.csv,/cluster/users/grad/2025/25t8103/project/outputs/e2_t1_t4_baseline_matrix/cat_crown/fireflow/seed_11/result.png
T1_attached_accessory,cat_crown,Cat crown,11,rf_solver_edit,RF-Solver-Edit,rf_solver_edit,outputs/e2_t1_t4_baseline_matrix/cat_crown/rf_solver_edit/seed_11/result.png,experiments/support_v3_2026-06-02/normalized_512/sources/cat_crown.png,canonical method directory,aligned,selected image matches metric row result_image,experiments/support_v3_2026-06-02/e2_t1_t4_baseline_fixed_mask_metrics.csv,/cluster/users/grad/2025/25t8103/project/outputs/e2_t1_t4_baseline_matrix/cat_crown/rf_solver_edit/seed_11/result.png
T1_attached_accessory,cat_crown,Cat crown,11,reflex,ReFlex,reflex,outputs/e2_t1_t4_baseline_matrix/cat_crown/reflex/seed_11/result.png,experiments/support_v3_2026-06-02/normalized_512/sources/cat_crown.png,canonical method directory,aligned,selected image matches metric row result_image,experiments/support_v3_2026-06-02/e2_t1_t4_baseline_fixed_mask_metrics.csv,/cluster/users/grad/2025/25t8103/project/outputs/e2_t1_t4_baseline_matrix/cat_crown/reflex/seed_11/result.png
T1_attached_accessory,cat_crown,Cat crown,11,sam_flow_flux,Sam-Flow-FLUX,sam_flow_flux,outputs/e2_t1_t4_baseline_matrix/cat_crown/sam_flow_flux/seed_11/result.png,experiments/support_v3_2026-06-02/normalized_512/sources/cat_crown.png,canonical method directory,aligned,selected image matches metric row result_image,experiments/support_v3_2026-06-02/e2_t1_t4_baseline_fixed_mask_metrics.csv,/cluster/users/grad/2025/25t8103/project/outputs/e2_t1_t4_baseline_matrix/cat_crown/sam_flow_flux/seed_11/result.png
T1_attached_accessory,cat_crown,Cat crown,11,support_v3_fixed,Fixed DeCE,support_v3_fixed,outputs/pretty_matrix/cat_crown/support_v3_fixed/seed_11/result.png,experiments/support_v3_2026-06-02/normalized_512/sources/cat_crown.png,canonical method directory,aligned,selected image matches metric row result_image,experiments/support_v3_2026-06-02/phase2_internal_bg_metrics.csv,/cluster/users/grad/2025/25t8103/project/outputs/pretty_matrix/cat_crown/support_v3_fixed/seed_11/result.png
T1_attached_accessory,cat_crown,Cat crown,11,support_v3_controller_rmsgap,DeCE-RF,support_v3_controller_rmsgap_t1t4_3seed_20260609,outputs/pretty_matrix/cat_crown/support_v3_controller_rmsgap_t1t4_3seed_20260609/seed_11/result.png,experiments/support_v3_2026-06-02/normalized_512/sources/cat_crown.png,formal T1-T4 three-seed DeCE-RF rerun,aligned,selected image matches metric row result_image,experiments/support_v3_2026-06-02/phase2_internal_bg_metrics.csv,/cluster/users/grad/2025/25t8103/project/outputs/phase2_selected_metric_refresh_20260612/cat_crown/support_v3_controller_rmsgap/seed_11/result.png
T1_attached_accessory,cat_crown,Cat crown,12,base_only,RF recon,base_only,outputs/pretty_matrix/cat_crown/base_only/seed_12/result.png,experiments/support_v3_2026-06-02/normalized_512/sources/cat_crown.png,canonical method directory,aligned,selected image matches metric row result_image,experiments/support_v3_2026-06-02/phase2_internal_bg_metrics.csv,/cluster/users/grad/2025/25t8103/project/outputs/pretty_matrix/cat_crown/base_only/seed_12/result.png
T1_attached_accessory,cat_crown,Cat crown,12,direct_target,Direct target,direct_target,outputs/pretty_matrix/cat_crown/direct_target/seed_12/result.png,experiments/support_v3_2026-06-02/normalized_512/sources/cat_crown.png,canonical method directory,aligned,selected image matches metric row result_image,experiments/support_v3_2026-06-02/phase2_internal_bg_metrics.csv,/cluster/users/grad/2025/25t8103/project/outputs/pretty_matrix/cat_crown/direct_target/seed_12/result.png
T1_attached_accessory,cat_crown,Cat crown,12,adaptive_full_generic_support,Generic support,adaptive_full_generic_support,outputs/pretty_matrix/cat_crown/adaptive_full_generic_support/seed_12/result.png,experiments/support_v3_2026-06-02/normalized_512/sources/cat_crown.png,canonical method directory,aligned,selected image matches metric row result_image,experiments/support_v3_2026-06-02/phase2_internal_bg_metrics.csv,/cluster/users/grad/2025/25t8103/project/outputs/pretty_matrix/cat_crown/adaptive_full_generic_support/seed_12/result.png
T1_attached_accessory,cat_crown,Cat crown,12,flowedit,FlowEdit,flowedit,outputs/e2_t1_t4_baseline_matrix/cat_crown/flowedit/seed_12/result.png,experiments/support_v3_2026-06-02/normalized_512/sources/cat_crown.png,canonical method directory,aligned,selected image matches metric row result_image,experiments/support_v3_2026-06-02/e2_t1_t4_baseline_fixed_mask_metrics.csv,/cluster/users/grad/2025/25t8103/project/outputs/e2_t1_t4_baseline_matrix/cat_crown/flowedit/seed_12/result.png
T1_attached_accessory,cat_crown,Cat crown,12,splitflow,SplitFlow,splitflow,outputs/e2_t1_t4_baseline_matrix/cat_crown/splitflow/seed_12/result.png,experiments/support_v3_2026-06-02/normalized_512/sources/cat_crown.png,canonical method directory,aligned,selected image matches metric row result_image,experiments/support_v3_2026-06-02/e2_t1_t4_baseline_fixed_mask_metrics.csv,/cluster/users/grad/2025/25t8103/project/outputs/e2_t1_t4_baseline_matrix/cat_crown/splitflow/seed_12/result.png
T1_attached_accessory,cat_crown,Cat crown,12,sam_flow_sd3,Sam-Flow-SD3,sam_flow_sd3,outputs/e2_t1_t4_baseline_matrix/cat_crown/sam_flow_sd3/seed_12/result.png,experiments/support_v3_2026-06-02/normalized_512/sources/cat_crown.png,canonical method directory,aligned,selected image matches metric row result_image,experiments/support_v3_2026-06-02/e2_t1_t4_baseline_fixed_mask_metrics.csv,/cluster/users/grad/2025/25t8103/project/outputs/e2_t1_t4_baseline_matrix/cat_crown/sam_flow_sd3/seed_12/result.png
T1_attached_accessory,cat_crown,Cat crown,12,fireflow,FireFlow,fireflow,outputs/e2_t1_t4_baseline_matrix/cat_crown/fireflow/seed_12/result.png,experiments/support_v3_2026-06-02/normalized_512/sources/cat_crown.png,canonical method directory,aligned,selected image matches metric row result_image,experiments/support_v3_2026-06-02/e2_t1_t4_baseline_fixed_mask_metrics.csv,/cluster/users/grad/2025/25t8103/project/outputs/e2_t1_t4_baseline_matrix/cat_crown/fireflow/seed_12/result.png
T1_attached_accessory,cat_crown,Cat crown,12,rf_solver_edit,RF-Solver-Edit,rf_solver_edit,outputs/e2_t1_t4_baseline_matrix/cat_crown/rf_solver_edit/seed_12/result.png,experiments/support_v3_2026-06-02/normalized_512/sources/cat_crown.png,canonical method directory,aligned,selected image matches metric row result_image,experiments/support_v3_2026-06-02/e2_t1_t4_baseline_fixed_mask_metrics.csv,/cluster/users/grad/2025/25t8103/project/outputs/e2_t1_t4_baseline_matrix/cat_crown/rf_solver_edit/seed_12/result.png
T1_attached_accessory,cat_crown,Cat crown,12,reflex,ReFlex,reflex,outputs/e2_t1_t4_baseline_matrix/cat_crown/reflex/seed_12/result.png,experiments/support_v3_2026-06-02/normalized_512/sources/cat_crown.png,canonical method directory,aligned,selected image matches metric row result_image,experiments/support_v3_2026-06-02/e2_t1_t4_baseline_fixed_mask_metrics.csv,/cluster/users/grad/2025/25t8103/project/outputs/e2_t1_t4_baseline_matrix/cat_crown/reflex/seed_12/result.png
T1_attached_accessory,cat_crown,Cat crown,12,sam_flow_flux,Sam-Flow-FLUX,sam_flow_flux,outputs/e2_t1_t4_baseline_matrix/cat_crown/sam_flow_flux/seed_12/result.png,experiments/support_v3_2026-06-02/normalized_512/sources/cat_crown.png,canonical method directory,aligned,selected image matches metric row result_image,experiments/support_v3_2026-06-02/e2_t1_t4_baseline_fixed_mask_metrics.csv,/cluster/users/grad/2025/25t8103/project/outputs/e2_t1_t4_baseline_matrix/cat_crown/sam_flow_flux/seed_12/result.png
T1_attached_accessory,cat_crown,Cat crown,12,support_v3_fixed,Fixed DeCE,support_v3_fixed,outputs/pretty_matrix/cat_crown/support_v3_fixed/seed_12/result.png,experiments/support_v3_2026-06-02/normalized_512/sources/cat_crown.png,canonical method directory,aligned,selected image matches metric row result_image,experiments/support_v3_2026-06-02/phase2_internal_bg_metrics.csv,/cluster/users/grad/2025/25t8103/project/outputs/pretty_matrix/cat_crown/support_v3_fixed/seed_12/result.png
T1_attached_accessory,cat_crown,Cat crown,12,support_v3_controller_rmsgap,DeCE-RF,support_v3_controller_rmsgap_t1t4_3seed_20260609,outputs/pretty_matrix/cat_crown/support_v3_controller_rmsgap_t1t4_3seed_20260609/seed_12/result.png,experiments/support_v3_2026-06-02/normalized_512/sources/cat_crown.png,formal T1-T4 three-seed DeCE-RF rerun,aligned,selected image matches metric row result_image,experiments/support_v3_2026-06-02/phase2_internal_bg_metrics.csv,/cluster/users/grad/2025/25t8103/project/outputs/phase2_selected_metric_refresh_20260612/cat_crown/support_v3_controller_rmsgap/seed_12/result.png
T1_attached_accessory,dog_bow_tie_phase2,Dog bow tie,10,base_only,RF recon,base_only,outputs/pretty_matrix/dog_bow_tie_phase2/base_only/seed_10/result.png,experiments/support_v3_2026-06-02/normalized_512/sources/dog_bow_tie_phase2.png,canonical method directory,aligned,selected image matches metric row result_image,experiments/support_v3_2026-06-02/phase2_internal_bg_metrics.csv,/cluster/users/grad/2025/25t8103/project/outputs/pretty_matrix/dog_bow_tie_phase2/base_only/seed_10/result.png
T1_attached_accessory,dog_bow_tie_phase2,Dog bow tie,10,direct_target,Direct target,direct_target,outputs/pretty_matrix/dog_bow_tie_phase2/direct_target/seed_10/result.png,experiments/support_v3_2026-06-02/normalized_512/sources/dog_bow_tie_phase2.png,canonical method directory,aligned,selected image matches metric row result_image,experiments/support_v3_2026-06-02/phase2_internal_bg_metrics.csv,/cluster/users/grad/2025/25t8103/project/outputs/pretty_matrix/dog_bow_tie_phase2/direct_target/seed_10/result.png
T1_attached_accessory,dog_bow_tie_phase2,Dog bow tie,10,adaptive_full_generic_support,Generic support,adaptive_full_generic_support,outputs/pretty_matrix/dog_bow_tie_phase2/adaptive_full_generic_support/seed_10/result.png,experiments/support_v3_2026-06-02/normalized_512/sources/dog_bow_tie_phase2.png,canonical method directory,aligned,selected image matches metric row result_image,experiments/support_v3_2026-06-02/phase2_internal_bg_metrics.csv,/cluster/users/grad/2025/25t8103/project/outputs/pretty_matrix/dog_bow_tie_phase2/adaptive_full_generic_support/seed_10/result.png
T1_attached_accessory,dog_bow_tie_phase2,Dog bow tie,10,flowedit,FlowEdit,flowedit,outputs/e2_t1_t4_baseline_matrix/dog_bow_tie_phase2/flowedit/seed_10/result.png,experiments/support_v3_2026-06-02/normalized_512/sources/dog_bow_tie_phase2.png,canonical method directory,aligned,selected image matches metric row result_image,experiments/support_v3_2026-06-02/e2_t1_t4_baseline_fixed_mask_metrics.csv,/cluster/users/grad/2025/25t8103/project/outputs/e2_t1_t4_baseline_matrix/dog_bow_tie_phase2/flowedit/seed_10/result.png
T1_attached_accessory,dog_bow_tie_phase2,Dog bow tie,10,splitflow,SplitFlow,splitflow,outputs/e2_t1_t4_baseline_matrix/dog_bow_tie_phase2/splitflow/seed_10/result.png,experiments/support_v3_2026-06-02/normalized_512/sources/dog_bow_tie_phase2.png,canonical method directory,aligned,selected image matches metric row result_image,experiments/support_v3_2026-06-02/e2_t1_t4_baseline_fixed_mask_metrics.csv,/cluster/users/grad/2025/25t8103/project/outputs/e2_t1_t4_baseline_matrix/dog_bow_tie_phase2/splitflow/seed_10/result.png
T1_attached_accessory,dog_bow_tie_phase2,Dog bow tie,10,sam_flow_sd3,Sam-Flow-SD3,sam_flow_sd3,outputs/e2_t1_t4_baseline_matrix/dog_bow_tie_phase2/sam_flow_sd3/seed_10/result.png,experiments/support_v3_2026-06-02/normalized_512/sources/dog_bow_tie_phase2.png,canonical method directory,aligned,selected image matches metric row result_image,experiments/support_v3_2026-06-02/e2_t1_t4_baseline_fixed_mask_metrics.csv,/cluster/users/grad/2025/25t8103/project/outputs/e2_t1_t4_baseline_matrix/dog_bow_tie_phase2/sam_flow_sd3/seed_10/result.png
T1_attached_accessory,dog_bow_tie_phase2,Dog bow tie,10,fireflow,FireFlow,fireflow,outputs/e2_t1_t4_baseline_matrix/dog_bow_tie_phase2/fireflow/seed_10/result.png,experiments/support_v3_2026-06-02/normalized_512/sources/dog_bow_tie_phase2.png,canonical method directory,aligned,selected image matches metric row result_image,experiments/support_v3_2026-06-02/e2_t1_t4_baseline_fixed_mask_metrics.csv,/cluster/users/grad/2025/25t8103/project/outputs/e2_t1_t4_baseline_matrix/dog_bow_tie_phase2/fireflow/seed_10/result.png
T1_attached_accessory,dog_bow_tie_phase2,Dog bow tie,10,rf_solver_edit,RF-Solver-Edit,rf_solver_edit,outputs/e2_t1_t4_baseline_matrix/dog_bow_tie_phase2/rf_solver_edit/seed_10/result.png,experiments/support_v3_2026-06-02/normalized_512/sources/dog_bow_tie_phase2.png,canonical method directory,aligned,selected image matches metric row result_image,experiments/support_v3_2026-06-02/e2_t1_t4_baseline_fixed_mask_metrics.csv,/cluster/users/grad/2025/25t8103/project/outputs/e2_t1_t4_baseline_matrix/dog_bow_tie_phase2/rf_solver_edit/seed_10/result.png
T1_attached_accessory,dog_bow_tie_phase2,Dog bow tie,10,reflex,ReFlex,reflex,outputs/e2_t1_t4_baseline_matrix/dog_bow_tie_phase2/reflex/seed_10/result.png,experiments/support_v3_2026-06-02/normalized_512/sources/dog_bow_tie_phase2.png,canonical method directory,aligned,selected image matches metric row result_image,experiments/support_v3_2026-06-02/e2_t1_t4_baseline_fixed_mask_metrics.csv,/cluster/users/grad/2025/25t8103/project/outputs/e2_t1_t4_baseline_matrix/dog_bow_tie_phase2/reflex/seed_10/result.png
T1_attached_accessory,dog_bow_tie_phase2,Dog bow tie,10,sam_flow_flux,Sam-Flow-FLUX,sam_flow_flux,outputs/e2_t1_t4_baseline_matrix/dog_bow_tie_phase2/sam_flow_flux/seed_10/result.png,experiments/support_v3_2026-06-02/normalized_512/sources/dog_bow_tie_phase2.png,canonical method directory,aligned,selected image matches metric row result_image,experiments/support_v3_2026-06-02/e2_t1_t4_baseline_fixed_mask_metrics.csv,/cluster/users/grad/2025/25t8103/project/outputs/e2_t1_t4_baseline_matrix/dog_bow_tie_phase2/sam_flow_flux/seed_10/result.png
T1_attached_accessory,dog_bow_tie_phase2,Dog bow tie,10,support_v3_fixed,Fixed DeCE,support_v3_fixed,outputs/pretty_matrix/dog_bow_tie_phase2/support_v3_fixed/seed_10/result.png,experiments/support_v3_2026-06-02/normalized_512/sources/dog_bow_tie_phase2.png,canonical method directory,aligned,selected image matches metric row result_image,experiments/support_v3_2026-06-02/phase2_internal_bg_metrics.csv,/cluster/users/grad/2025/25t8103/project/outputs/pretty_matrix/dog_bow_tie_phase2/support_v3_fixed/seed_10/result.png
T1_attached_accessory,dog_bow_tie_phase2,Dog bow tie,10,support_v3_controller_rmsgap,DeCE-RF,support_v3_controller_rmsgap_t1t4_3seed_20260609,outputs/pretty_matrix/dog_bow_tie_phase2/support_v3_controller_rmsgap_t1t4_3seed_20260609/seed_10/result.png,experiments/support_v3_2026-06-02/normalized_512/sources/dog_bow_tie_phase2.png,formal T1-T4 three-seed DeCE-RF rerun,aligned,selected image matches metric row result_image,experiments/support_v3_2026-06-02/phase2_internal_bg_metrics.csv,/cluster/users/grad/2025/25t8103/project/outputs/phase2_selected_metric_refresh_20260612/dog_bow_tie_phase2/support_v3_controller_rmsgap/seed_10/result.png
T1_attached_accessory,dog_bow_tie_phase2,Dog bow tie,11,base_only,RF recon,base_only,outputs/pretty_matrix/dog_bow_tie_phase2/base_only/seed_11/result.png,experiments/support_v3_2026-06-02/normalized_512/sources/dog_bow_tie_phase2.png,canonical method directory,aligned,selected image matches metric row result_image,experiments/support_v3_2026-06-02/phase2_internal_bg_metrics.csv,/cluster/users/grad/2025/25t8103/project/outputs/pretty_matrix/dog_bow_tie_phase2/base_only/seed_11/result.png
T1_attached_accessory,dog_bow_tie_phase2,Dog bow tie,11,direct_target,Direct target,direct_target,outputs/pretty_matrix/dog_bow_tie_phase2/direct_target/seed_11/result.png,experiments/support_v3_2026-06-02/normalized_512/sources/dog_bow_tie_phase2.png,canonical method directory,aligned,selected image matches metric row result_image,experiments/support_v3_2026-06-02/phase2_internal_bg_metrics.csv,/cluster/users/grad/2025/25t8103/project/outputs/pretty_matrix/dog_bow_tie_phase2/direct_target/seed_11/result.png
T1_attached_accessory,dog_bow_tie_phase2,Dog bow tie,11,adaptive_full_generic_support,Generic support,adaptive_full_generic_support,outputs/pretty_matrix/dog_bow_tie_phase2/adaptive_full_generic_support/seed_11/result.png,experiments/support_v3_2026-06-02/normalized_512/sources/dog_bow_tie_phase2.png,canonical method directory,aligned,selected image matches metric row result_image,experiments/support_v3_2026-06-02/phase2_internal_bg_metrics.csv,/cluster/users/grad/2025/25t8103/project/outputs/pretty_matrix/dog_bow_tie_phase2/adaptive_full_generic_support/seed_11/result.png
T1_attached_accessory,dog_bow_tie_phase2,Dog bow tie,11,flowedit,FlowEdit,flowedit,outputs/e2_t1_t4_baseline_matrix/dog_bow_tie_phase2/flowedit/seed_11/result.png,experiments/support_v3_2026-06-02/normalized_512/sources/dog_bow_tie_phase2.png,canonical method directory,aligned,selected image matches metric row result_image,experiments/support_v3_2026-06-02/e2_t1_t4_baseline_fixed_mask_metrics.csv,/cluster/users/grad/2025/25t8103/project/outputs/e2_t1_t4_baseline_matrix/dog_bow_tie_phase2/flowedit/seed_11/result.png
T1_attached_accessory,dog_bow_tie_phase2,Dog bow tie,11,splitflow,SplitFlow,splitflow,outputs/e2_t1_t4_baseline_matrix/dog_bow_tie_phase2/splitflow/seed_11/result.png,experiments/support_v3_2026-06-02/normalized_512/sources/dog_bow_tie_phase2.png,canonical method directory,aligned,selected image matches metric row result_image,experiments/support_v3_2026-06-02/e2_t1_t4_baseline_fixed_mask_metrics.csv,/cluster/users/grad/2025/25t8103/project/outputs/e2_t1_t4_baseline_matrix/dog_bow_tie_phase2/splitflow/seed_11/result.png
T1_attached_accessory,dog_bow_tie_phase2,Dog bow tie,11,sam_flow_sd3,Sam-Flow-SD3,sam_flow_sd3,outputs/e2_t1_t4_baseline_matrix/dog_bow_tie_phase2/sam_flow_sd3/seed_11/result.png,experiments/support_v3_2026-06-02/normalized_512/sources/dog_bow_tie_phase2.png,canonical method directory,aligned,selected image matches metric row result_image,experiments/support_v3_2026-06-02/e2_t1_t4_baseline_fixed_mask_metrics.csv,/cluster/users/grad/2025/25t8103/project/outputs/e2_t1_t4_baseline_matrix/dog_bow_tie_phase2/sam_flow_sd3/seed_11/result.png
T1_attached_accessory,dog_bow_tie_phase2,Dog bow tie,11,fireflow,FireFlow,fireflow,outputs/e2_t1_t4_baseline_matrix/dog_bow_tie_phase2/fireflow/seed_11/result.png,experiments/support_v3_2026-06-02/normalized_512/sources/dog_bow_tie_phase2.png,canonical method directory,aligned,selected image matches metric row result_image,experiments/support_v3_2026-06-02/e2_t1_t4_baseline_fixed_mask_metrics.csv,/cluster/users/grad/2025/25t8103/project/outputs/e2_t1_t4_baseline_matrix/dog_bow_tie_phase2/fireflow/seed_11/result.png
T1_attached_accessory,dog_bow_tie_phase2,Dog bow tie,11,rf_solver_edit,RF-Solver-Edit,rf_solver_edit,outputs/e2_t1_t4_baseline_matrix/dog_bow_tie_phase2/rf_solver_edit/seed_11/result.png,experiments/support_v3_2026-06-02/normalized_512/sources/dog_bow_tie_phase2.png,canonical method directory,aligned,selected image matches metric row result_image,experiments/support_v3_2026-06-02/e2_t1_t4_baseline_fixed_mask_metrics.csv,/cluster/users/grad/2025/25t8103/project/outputs/e2_t1_t4_baseline_matrix/dog_bow_tie_phase2/rf_solver_edit/seed_11/result.png
T1_attached_accessory,dog_bow_tie_phase2,Dog bow tie,11,reflex,ReFlex,reflex,outputs/e2_t1_t4_baseline_matrix/dog_bow_tie_phase2/reflex/seed_11/result.png,experiments/support_v3_2026-06-02/normalized_512/sources/dog_bow_tie_phase2.png,canonical method directory,aligned,selected image matches metric row result_image,experiments/support_v3_2026-06-02/e2_t1_t4_baseline_fixed_mask_metrics.csv,/cluster/users/grad/2025/25t8103/project/outputs/e2_t1_t4_baseline_matrix/dog_bow_tie_phase2/reflex/seed_11/result.png
T1_attached_accessory,dog_bow_tie_phase2,Dog bow tie,11,sam_flow_flux,Sam-Flow-FLUX,sam_flow_flux,outputs/e2_t1_t4_baseline_matrix/dog_bow_tie_phase2/sam_flow_flux/seed_11/result.png,experiments/support_v3_2026-06-02/normalized_512/sources/dog_bow_tie_phase2.png,canonical method directory,aligned,selected image matches metric row result_image,experiments/support_v3_2026-06-02/e2_t1_t4_baseline_fixed_mask_metrics.csv,/cluster/users/grad/2025/25t8103/project/outputs/e2_t1_t4_baseline_matrix/dog_bow_tie_phase2/sam_flow_flux/seed_11/result.png
T1_attached_accessory,dog_bow_tie_phase2,Dog bow tie,11,support_v3_fixed,Fixed DeCE,support_v3_fixed,outputs/pretty_matrix/dog_bow_tie_phase2/support_v3_fixed/seed_11/result.png,experiments/support_v3_2026-06-02/normalized_512/sources/dog_bow_tie_phase2.png,canonical method directory,aligned,selected image matches metric row result_image,experiments/support_v3_2026-06-02/phase2_internal_bg_metrics.csv,/cluster/users/grad/2025/25t8103/project/outputs/pretty_matrix/dog_bow_tie_phase2/support_v3_fixed/seed_11/result.png
T1_attached_accessory,dog_bow_tie_phase2,Dog bow tie,11,support_v3_controller_rmsgap,DeCE-RF,support_v3_controller_rmsgap_t1t4_3seed_20260609,outputs/pretty_matrix/dog_bow_tie_phase2/support_v3_controller_rmsgap_t1t4_3seed_20260609/seed_11/result.png,experiments/support_v3_2026-06-02/normalized_512/sources/dog_bow_tie_phase2.png,formal T1-T4 three-seed DeCE-RF rerun,aligned,selected image matches metric row result_image,experiments/support_v3_2026-06-02/phase2_internal_bg_metrics.csv,/cluster/users/grad/2025/25t8103/project/outputs/phase2_selected_metric_refresh_20260612/dog_bow_tie_phase2/support_v3_controller_rmsgap/seed_11/result.png
T1_attached_accessory,dog_bow_tie_phase2,Dog bow tie,12,base_only,RF recon,base_only,outputs/pretty_matrix/dog_bow_tie_phase2/base_only/seed_12/result.png,experiments/support_v3_2026-06-02/normalized_512/sources/dog_bow_tie_phase2.png,canonical method directory,aligned,selected image matches metric row result_image,experiments/support_v3_2026-06-02/phase2_internal_bg_metrics.csv,/cluster/users/grad/2025/25t8103/project/outputs/pretty_matrix/dog_bow_tie_phase2/base_only/seed_12/result.png
T1_attached_accessory,dog_bow_tie_phase2,Dog bow tie,12,direct_target,Direct target,direct_target,outputs/pretty_matrix/dog_bow_tie_phase2/direct_target/seed_12/result.png,experiments/support_v3_2026-06-02/normalized_512/sources/dog_bow_tie_phase2.png,canonical method directory,aligned,selected image matches metric row result_image,experiments/support_v3_2026-06-02/phase2_internal_bg_metrics.csv,/cluster/users/grad/2025/25t8103/project/outputs/pretty_matrix/dog_bow_tie_phase2/direct_target/seed_12/result.png
T1_attached_accessory,dog_bow_tie_phase2,Dog bow tie,12,adaptive_full_generic_support,Generic support,adaptive_full_generic_support,outputs/pretty_matrix/dog_bow_tie_phase2/adaptive_full_generic_support/seed_12/result.png,experiments/support_v3_2026-06-02/normalized_512/sources/dog_bow_tie_phase2.png,canonical method directory,aligned,selected image matches metric row result_image,experiments/support_v3_2026-06-02/phase2_internal_bg_metrics.csv,/cluster/users/grad/2025/25t8103/project/outputs/pretty_matrix/dog_bow_tie_phase2/adaptive_full_generic_support/seed_12/result.png
T1_attached_accessory,dog_bow_tie_phase2,Dog bow tie,12,flowedit,FlowEdit,flowedit,outputs/e2_t1_t4_baseline_matrix/dog_bow_tie_phase2/flowedit/seed_12/result.png,experiments/support_v3_2026-06-02/normalized_512/sources/dog_bow_tie_phase2.png,canonical method directory,aligned,selected image matches metric row result_image,experiments/support_v3_2026-06-02/e2_t1_t4_baseline_fixed_mask_metrics.csv,/cluster/users/grad/2025/25t8103/project/outputs/e2_t1_t4_baseline_matrix/dog_bow_tie_phase2/flowedit/seed_12/result.png
T1_attached_accessory,dog_bow_tie_phase2,Dog bow tie,12,splitflow,SplitFlow,splitflow,outputs/e2_t1_t4_baseline_matrix/dog_bow_tie_phase2/splitflow/seed_12/result.png,experiments/support_v3_2026-06-02/normalized_512/sources/dog_bow_tie_phase2.png,canonical method directory,aligned,selected image matches metric row result_image,experiments/support_v3_2026-06-02/e2_t1_t4_baseline_fixed_mask_metrics.csv,/cluster/users/grad/2025/25t8103/project/outputs/e2_t1_t4_baseline_matrix/dog_bow_tie_phase2/splitflow/seed_12/result.png
T1_attached_accessory,dog_bow_tie_phase2,Dog bow tie,12,sam_flow_sd3,Sam-Flow-SD3,sam_flow_sd3,outputs/e2_t1_t4_baseline_matrix/dog_bow_tie_phase2/sam_flow_sd3/seed_12/result.png,experiments/support_v3_2026-06-02/normalized_512/sources/dog_bow_tie_phase2.png,canonical method directory,aligned,selected image matches metric row result_image,experiments/support_v3_2026-06-02/e2_t1_t4_baseline_fixed_mask_metrics.csv,/cluster/users/grad/2025/25t8103/project/outputs/e2_t1_t4_baseline_matrix/dog_bow_tie_phase2/sam_flow_sd3/seed_12/result.png
T1_attached_accessory,dog_bow_tie_phase2,Dog bow tie,12,fireflow,FireFlow,fireflow,outputs/e2_t1_t4_baseline_matrix/dog_bow_tie_phase2/fireflow/seed_12/result.png,experiments/support_v3_2026-06-02/normalized_512/sources/dog_bow_tie_phase2.png,canonical method directory,aligned,selected image matches metric row result_image,experiments/support_v3_2026-06-02/e2_t1_t4_baseline_fixed_mask_metrics.csv,/cluster/users/grad/2025/25t8103/project/outputs/e2_t1_t4_baseline_matrix/dog_bow_tie_phase2/fireflow/seed_12/result.png
T1_attached_accessory,dog_bow_tie_phase2,Dog bow tie,12,rf_solver_edit,RF-Solver-Edit,rf_solver_edit,outputs/e2_t1_t4_baseline_matrix/dog_bow_tie_phase2/rf_solver_edit/seed_12/result.png,experiments/support_v3_2026-06-02/normalized_512/sources/dog_bow_tie_phase2.png,canonical method directory,aligned,selected image matches metric row result_image,experiments/support_v3_2026-06-02/e2_t1_t4_baseline_fixed_mask_metrics.csv,/cluster/users/grad/2025/25t8103/project/outputs/e2_t1_t4_baseline_matrix/dog_bow_tie_phase2/rf_solver_edit/seed_12/result.png
T1_attached_accessory,dog_bow_tie_phase2,Dog bow tie,12,reflex,ReFlex,reflex,outputs/e2_t1_t4_baseline_matrix/dog_bow_tie_phase2/reflex/seed_12/result.png,experiments/support_v3_2026-06-02/normalized_512/sources/dog_bow_tie_phase2.png,canonical method directory,aligned,selected image matches metric row result_image,experiments/support_v3_2026-06-02/e2_t1_t4_baseline_fixed_mask_metrics.csv,/cluster/users/grad/2025/25t8103/project/outputs/e2_t1_t4_baseline_matrix/dog_bow_tie_phase2/reflex/seed_12/result.png
T1_attached_accessory,dog_bow_tie_phase2,Dog bow tie,12,sam_flow_flux,Sam-Flow-FLUX,sam_flow_flux,outputs/e2_t1_t4_baseline_matrix/dog_bow_tie_phase2/sam_flow_flux/seed_12/result.png,experiments/support_v3_2026-06-02/normalized_512/sources/dog_bow_tie_phase2.png,canonical method directory,aligned,selected image matches metric row result_image,experiments/support_v3_2026-06-02/e2_t1_t4_baseline_fixed_mask_metrics.csv,/cluster/users/grad/2025/25t8103/project/outputs/e2_t1_t4_baseline_matrix/dog_bow_tie_phase2/sam_flow_flux/seed_12/result.png
T1_attached_accessory,dog_bow_tie_phase2,Dog bow tie,12,support_v3_fixed,Fixed DeCE,support_v3_fixed,outputs/pretty_matrix/dog_bow_tie_phase2/support_v3_fixed/seed_12/result.png,experiments/support_v3_2026-06-02/normalized_512/sources/dog_bow_tie_phase2.png,canonical method directory,aligned,selected image matches metric row result_image,experiments/support_v3_2026-06-02/phase2_internal_bg_metrics.csv,/cluster/users/grad/2025/25t8103/project/outputs/pretty_matrix/dog_bow_tie_phase2/support_v3_fixed/seed_12/result.png
T1_attached_accessory,dog_bow_tie_phase2,Dog bow tie,12,support_v3_controller_rmsgap,DeCE-RF,support_v3_controller_rmsgap_t1t4_3seed_20260609,outputs/pretty_matrix/dog_bow_tie_phase2/support_v3_controller_rmsgap_t1t4_3seed_20260609/seed_12/result.png,experiments/support_v3_2026-06-02/normalized_512/sources/dog_bow_tie_phase2.png,formal T1-T4 three-seed DeCE-RF rerun,aligned,selected image matches metric row result_image,experiments/support_v3_2026-06-02/phase2_internal_bg_metrics.csv,/cluster/users/grad/2025/25t8103/project/outputs/phase2_selected_metric_refresh_20260612/dog_bow_tie_phase2/support_v3_controller_rmsgap/seed_12/result.png
T1_attached_accessory,dog_front_sunglasses_phase2,Dog sunglasses,10,base_only,RF recon,base_only,outputs/pretty_matrix/dog_front_sunglasses_phase2/base_only/seed_10/result.png,experiments/support_v3_2026-06-02/normalized_512/sources/dog_front_sunglasses_phase2.png,canonical method directory,aligned,selected image matches metric row result_image,experiments/support_v3_2026-06-02/phase2_internal_bg_metrics.csv,/cluster/users/grad/2025/25t8103/project/outputs/pretty_matrix/dog_front_sunglasses_phase2/base_only/seed_10/result.png
T1_attached_accessory,dog_front_sunglasses_phase2,Dog sunglasses,10,direct_target,Direct target,direct_target,outputs/pretty_matrix/dog_front_sunglasses_phase2/direct_target/seed_10/result.png,experiments/support_v3_2026-06-02/normalized_512/sources/dog_front_sunglasses_phase2.png,canonical method directory,aligned,selected image matches metric row result_image,experiments/support_v3_2026-06-02/phase2_internal_bg_metrics.csv,/cluster/users/grad/2025/25t8103/project/outputs/pretty_matrix/dog_front_sunglasses_phase2/direct_target/seed_10/result.png
T1_attached_accessory,dog_front_sunglasses_phase2,Dog sunglasses,10,adaptive_full_generic_support,Generic support,adaptive_full_generic_support,outputs/pretty_matrix/dog_front_sunglasses_phase2/adaptive_full_generic_support/seed_10/result.png,experiments/support_v3_2026-06-02/normalized_512/sources/dog_front_sunglasses_phase2.png,canonical method directory,aligned,selected image matches metric row result_image,experiments/support_v3_2026-06-02/phase2_internal_bg_metrics.csv,/cluster/users/grad/2025/25t8103/project/outputs/pretty_matrix/dog_front_sunglasses_phase2/adaptive_full_generic_support/seed_10/result.png
T1_attached_accessory,dog_front_sunglasses_phase2,Dog sunglasses,10,flowedit,FlowEdit,flowedit,outputs/e2_t1_t4_baseline_matrix/dog_front_sunglasses_phase2/flowedit/seed_10/result.png,experiments/support_v3_2026-06-02/normalized_512/sources/dog_front_sunglasses_phase2.png,canonical method directory,aligned,selected image matches metric row result_image,experiments/support_v3_2026-06-02/e2_t1_t4_baseline_fixed_mask_metrics.csv,/cluster/users/grad/2025/25t8103/project/outputs/e2_t1_t4_baseline_matrix/dog_front_sunglasses_phase2/flowedit/seed_10/result.png
T1_attached_accessory,dog_front_sunglasses_phase2,Dog sunglasses,10,splitflow,SplitFlow,splitflow,outputs/e2_t1_t4_baseline_matrix/dog_front_sunglasses_phase2/splitflow/seed_10/result.png,experiments/support_v3_2026-06-02/normalized_512/sources/dog_front_sunglasses_phase2.png,canonical method directory,aligned,selected image matches metric row result_image,experiments/support_v3_2026-06-02/e2_t1_t4_baseline_fixed_mask_metrics.csv,/cluster/users/grad/2025/25t8103/project/outputs/e2_t1_t4_baseline_matrix/dog_front_sunglasses_phase2/splitflow/seed_10/result.png
T1_attached_accessory,dog_front_sunglasses_phase2,Dog sunglasses,10,sam_flow_sd3,Sam-Flow-SD3,sam_flow_sd3,outputs/e2_t1_t4_baseline_matrix/dog_front_sunglasses_phase2/sam_flow_sd3/seed_10/result.png,experiments/support_v3_2026-06-02/normalized_512/sources/dog_front_sunglasses_phase2.png,canonical method directory,aligned,selected image matches metric row result_image,experiments/support_v3_2026-06-02/e2_t1_t4_baseline_fixed_mask_metrics.csv,/cluster/users/grad/2025/25t8103/project/outputs/e2_t1_t4_baseline_matrix/dog_front_sunglasses_phase2/sam_flow_sd3/seed_10/result.png
T1_attached_accessory,dog_front_sunglasses_phase2,Dog sunglasses,10,fireflow,FireFlow,fireflow,outputs/e2_t1_t4_baseline_matrix/dog_front_sunglasses_phase2/fireflow/seed_10/result.png,experiments/support_v3_2026-06-02/normalized_512/sources/dog_front_sunglasses_phase2.png,canonical method directory,aligned,selected image matches metric row result_image,experiments/support_v3_2026-06-02/e2_t1_t4_baseline_fixed_mask_metrics.csv,/cluster/users/grad/2025/25t8103/project/outputs/e2_t1_t4_baseline_matrix/dog_front_sunglasses_phase2/fireflow/seed_10/result.png
T1_attached_accessory,dog_front_sunglasses_phase2,Dog sunglasses,10,rf_solver_edit,RF-Solver-Edit,rf_solver_edit,outputs/e2_t1_t4_baseline_matrix/dog_front_sunglasses_phase2/rf_solver_edit/seed_10/result.png,experiments/support_v3_2026-06-02/normalized_512/sources/dog_front_sunglasses_phase2.png,canonical method directory,aligned,selected image matches metric row result_image,experiments/support_v3_2026-06-02/e2_t1_t4_baseline_fixed_mask_metrics.csv,/cluster/users/grad/2025/25t8103/project/outputs/e2_t1_t4_baseline_matrix/dog_front_sunglasses_phase2/rf_solver_edit/seed_10/result.png
T1_attached_accessory,dog_front_sunglasses_phase2,Dog sunglasses,10,reflex,ReFlex,reflex,outputs/e2_t1_t4_baseline_matrix/dog_front_sunglasses_phase2/reflex/seed_10/result.png,experiments/support_v3_2026-06-02/normalized_512/sources/dog_front_sunglasses_phase2.png,canonical method directory,aligned,selected image matches metric row result_image,experiments/support_v3_2026-06-02/e2_t1_t4_baseline_fixed_mask_metrics.csv,/cluster/users/grad/2025/25t8103/project/outputs/e2_t1_t4_baseline_matrix/dog_front_sunglasses_phase2/reflex/seed_10/result.png
T1_attached_accessory,dog_front_sunglasses_phase2,Dog sunglasses,10,sam_flow_flux,Sam-Flow-FLUX,sam_flow_flux,outputs/e2_t1_t4_baseline_matrix/dog_front_sunglasses_phase2/sam_flow_flux/seed_10/result.png,experiments/support_v3_2026-06-02/normalized_512/sources/dog_front_sunglasses_phase2.png,canonical method directory,aligned,selected image matches metric row result_image,experiments/support_v3_2026-06-02/e2_t1_t4_baseline_fixed_mask_metrics.csv,/cluster/users/grad/2025/25t8103/project/outputs/e2_t1_t4_baseline_matrix/dog_front_sunglasses_phase2/sam_flow_flux/seed_10/result.png
T1_attached_accessory,dog_front_sunglasses_phase2,Dog sunglasses,10,support_v3_fixed,Fixed DeCE,support_v3_fixed,outputs/pretty_matrix/dog_front_sunglasses_phase2/support_v3_fixed/seed_10/result.png,experiments/support_v3_2026-06-02/normalized_512/sources/dog_front_sunglasses_phase2.png,canonical method directory,aligned,selected image matches metric row result_image,experiments/support_v3_2026-06-02/phase2_internal_bg_metrics.csv,/cluster/users/grad/2025/25t8103/project/outputs/pretty_matrix/dog_front_sunglasses_phase2/support_v3_fixed/seed_10/result.png
T1_attached_accessory,dog_front_sunglasses_phase2,Dog sunglasses,10,support_v3_controller_rmsgap,DeCE-RF,support_v3_controller_rmsgap_t1t4_3seed_20260609,outputs/pretty_matrix/dog_front_sunglasses_phase2/support_v3_controller_rmsgap_t1t4_3seed_20260609/seed_10/result.png,experiments/support_v3_2026-06-02/normalized_512/sources/dog_front_sunglasses_phase2.png,formal T1-T4 three-seed DeCE-RF rerun,aligned,selected image matches metric row result_image,experiments/support_v3_2026-06-02/phase2_internal_bg_metrics.csv,/cluster/users/grad/2025/25t8103/project/outputs/phase2_selected_metric_refresh_20260612/dog_front_sunglasses_phase2/support_v3_controller_rmsgap/seed_10/result.png
T1_attached_accessory,dog_front_sunglasses_phase2,Dog sunglasses,11,base_only,RF recon,base_only,outputs/pretty_matrix/dog_front_sunglasses_phase2/base_only/seed_11/result.png,experiments/support_v3_2026-06-02/normalized_512/sources/dog_front_sunglasses_phase2.png,canonical method directory,aligned,selected image matches metric row result_image,experiments/support_v3_2026-06-02/phase2_internal_bg_metrics.csv,/cluster/users/grad/2025/25t8103/project/outputs/pretty_matrix/dog_front_sunglasses_phase2/base_only/seed_11/result.png
T1_attached_accessory,dog_front_sunglasses_phase2,Dog sunglasses,11,direct_target,Direct target,direct_target,outputs/pretty_matrix/dog_front_sunglasses_phase2/direct_target/seed_11/result.png,experiments/support_v3_2026-06-02/normalized_512/sources/dog_front_sunglasses_phase2.png,canonical method directory,aligned,selected image matches metric row result_image,experiments/support_v3_2026-06-02/phase2_internal_bg_metrics.csv,/cluster/users/grad/2025/25t8103/project/outputs/pretty_matrix/dog_front_sunglasses_phase2/direct_target/seed_11/result.png
T1_attached_accessory,dog_front_sunglasses_phase2,Dog sunglasses,11,adaptive_full_generic_support,Generic support,adaptive_full_generic_support,outputs/pretty_matrix/dog_front_sunglasses_phase2/adaptive_full_generic_support/seed_11/result.png,experiments/support_v3_2026-06-02/normalized_512/sources/dog_front_sunglasses_phase2.png,canonical method directory,aligned,selected image matches metric row result_image,experiments/support_v3_2026-06-02/phase2_internal_bg_metrics.csv,/cluster/users/grad/2025/25t8103/project/outputs/pretty_matrix/dog_front_sunglasses_phase2/adaptive_full_generic_support/seed_11/result.png
T1_attached_accessory,dog_front_sunglasses_phase2,Dog sunglasses,11,flowedit,FlowEdit,flowedit,outputs/e2_t1_t4_baseline_matrix/dog_front_sunglasses_phase2/flowedit/seed_11/result.png,experiments/support_v3_2026-06-02/normalized_512/sources/dog_front_sunglasses_phase2.png,canonical method directory,aligned,selected image matches metric row result_image,experiments/support_v3_2026-06-02/e2_t1_t4_baseline_fixed_mask_metrics.csv,/cluster/users/grad/2025/25t8103/project/outputs/e2_t1_t4_baseline_matrix/dog_front_sunglasses_phase2/flowedit/seed_11/result.png
T1_attached_accessory,dog_front_sunglasses_phase2,Dog sunglasses,11,splitflow,SplitFlow,splitflow,outputs/e2_t1_t4_baseline_matrix/dog_front_sunglasses_phase2/splitflow/seed_11/result.png,experiments/support_v3_2026-06-02/normalized_512/sources/dog_front_sunglasses_phase2.png,canonical method directory,aligned,selected image matches metric row result_image,experiments/support_v3_2026-06-02/e2_t1_t4_baseline_fixed_mask_metrics.csv,/cluster/users/grad/2025/25t8103/project/outputs/e2_t1_t4_baseline_matrix/dog_front_sunglasses_phase2/splitflow/seed_11/result.png
T1_attached_accessory,dog_front_sunglasses_phase2,Dog sunglasses,11,sam_flow_sd3,Sam-Flow-SD3,sam_flow_sd3,outputs/e2_t1_t4_baseline_matrix/dog_front_sunglasses_phase2/sam_flow_sd3/seed_11/result.png,experiments/support_v3_2026-06-02/normalized_512/sources/dog_front_sunglasses_phase2.png,canonical method directory,aligned,selected image matches metric row result_image,experiments/support_v3_2026-06-02/e2_t1_t4_baseline_fixed_mask_metrics.csv,/cluster/users/grad/2025/25t8103/project/outputs/e2_t1_t4_baseline_matrix/dog_front_sunglasses_phase2/sam_flow_sd3/seed_11/result.png
T1_attached_accessory,dog_front_sunglasses_phase2,Dog sunglasses,11,fireflow,FireFlow,fireflow,outputs/e2_t1_t4_baseline_matrix/dog_front_sunglasses_phase2/fireflow/seed_11/result.png,experiments/support_v3_2026-06-02/normalized_512/sources/dog_front_sunglasses_phase2.png,canonical method directory,aligned,selected image matches metric row result_image,experiments/support_v3_2026-06-02/e2_t1_t4_baseline_fixed_mask_metrics.csv,/cluster/users/grad/2025/25t8103/project/outputs/e2_t1_t4_baseline_matrix/dog_front_sunglasses_phase2/fireflow/seed_11/result.png
T1_attached_accessory,dog_front_sunglasses_phase2,Dog sunglasses,11,rf_solver_edit,RF-Solver-Edit,rf_solver_edit,outputs/e2_t1_t4_baseline_matrix/dog_front_sunglasses_phase2/rf_solver_edit/seed_11/result.png,experiments/support_v3_2026-06-02/normalized_512/sources/dog_front_sunglasses_phase2.png,canonical method directory,aligned,selected image matches metric row result_image,experiments/support_v3_2026-06-02/e2_t1_t4_baseline_fixed_mask_metrics.csv,/cluster/users/grad/2025/25t8103/project/outputs/e2_t1_t4_baseline_matrix/dog_front_sunglasses_phase2/rf_solver_edit/seed_11/result.png
T1_attached_accessory,dog_front_sunglasses_phase2,Dog sunglasses,11,reflex,ReFlex,reflex,outputs/e2_t1_t4_baseline_matrix/dog_front_sunglasses_phase2/reflex/seed_11/result.png,experiments/support_v3_2026-06-02/normalized_512/sources/dog_front_sunglasses_phase2.png,canonical method directory,aligned,selected image matches metric row result_image,experiments/support_v3_2026-06-02/e2_t1_t4_baseline_fixed_mask_metrics.csv,/cluster/users/grad/2025/25t8103/project/outputs/e2_t1_t4_baseline_matrix/dog_front_sunglasses_phase2/reflex/seed_11/result.png
T1_attached_accessory,dog_front_sunglasses_phase2,Dog sunglasses,11,sam_flow_flux,Sam-Flow-FLUX,sam_flow_flux,outputs/e2_t1_t4_baseline_matrix/dog_front_sunglasses_phase2/sam_flow_flux/seed_11/result.png,experiments/support_v3_2026-06-02/normalized_512/sources/dog_front_sunglasses_phase2.png,canonical method directory,aligned,selected image matches metric row result_image,experiments/support_v3_2026-06-02/e2_t1_t4_baseline_fixed_mask_metrics.csv,/cluster/users/grad/2025/25t8103/project/outputs/e2_t1_t4_baseline_matrix/dog_front_sunglasses_phase2/sam_flow_flux/seed_11/result.png
T1_attached_accessory,dog_front_sunglasses_phase2,Dog sunglasses,11,support_v3_fixed,Fixed DeCE,support_v3_fixed,outputs/pretty_matrix/dog_front_sunglasses_phase2/support_v3_fixed/seed_11/result.png,experiments/support_v3_2026-06-02/normalized_512/sources/dog_front_sunglasses_phase2.png,canonical method directory,aligned,selected image matches metric row result_image,experiments/support_v3_2026-06-02/phase2_internal_bg_metrics.csv,/cluster/users/grad/2025/25t8103/project/outputs/pretty_matrix/dog_front_sunglasses_phase2/support_v3_fixed/seed_11/result.png
T1_attached_accessory,dog_front_sunglasses_phase2,Dog sunglasses,11,support_v3_controller_rmsgap,DeCE-RF,support_v3_controller_rmsgap_t1t4_3seed_20260609,outputs/pretty_matrix/dog_front_sunglasses_phase2/support_v3_controller_rmsgap_t1t4_3seed_20260609/seed_11/result.png,experiments/support_v3_2026-06-02/normalized_512/sources/dog_front_sunglasses_phase2.png,formal T1-T4 three-seed DeCE-RF rerun,aligned,selected image matches metric row result_image,experiments/support_v3_2026-06-02/phase2_internal_bg_metrics.csv,/cluster/users/grad/2025/25t8103/project/outputs/phase2_selected_metric_refresh_20260612/dog_front_sunglasses_phase2/support_v3_controller_rmsgap/seed_11/result.png
T1_attached_accessory,dog_front_sunglasses_phase2,Dog sunglasses,12,base_only,RF recon,base_only,outputs/pretty_matrix/dog_front_sunglasses_phase2/base_only/seed_12/result.png,experiments/support_v3_2026-06-02/normalized_512/sources/dog_front_sunglasses_phase2.png,canonical method directory,aligned,selected image matches metric row result_image,experiments/support_v3_2026-06-02/phase2_internal_bg_metrics.csv,/cluster/users/grad/2025/25t8103/project/outputs/pretty_matrix/dog_front_sunglasses_phase2/base_only/seed_12/result.png
T1_attached_accessory,dog_front_sunglasses_phase2,Dog sunglasses,12,direct_target,Direct target,direct_target,outputs/pretty_matrix/dog_front_sunglasses_phase2/direct_target/seed_12/result.png,experiments/support_v3_2026-06-02/normalized_512/sources/dog_front_sunglasses_phase2.png,canonical method directory,aligned,selected image matches metric row result_image,experiments/support_v3_2026-06-02/phase2_internal_bg_metrics.csv,/cluster/users/grad/2025/25t8103/project/outputs/pretty_matrix/dog_front_sunglasses_phase2/direct_target/seed_12/result.png
T1_attached_accessory,dog_front_sunglasses_phase2,Dog sunglasses,12,adaptive_full_generic_support,Generic support,adaptive_full_generic_support,outputs/pretty_matrix/dog_front_sunglasses_phase2/adaptive_full_generic_support/seed_12/result.png,experiments/support_v3_2026-06-02/normalized_512/sources/dog_front_sunglasses_phase2.png,canonical method directory,aligned,selected image matches metric row result_image,experiments/support_v3_2026-06-02/phase2_internal_bg_metrics.csv,/cluster/users/grad/2025/25t8103/project/outputs/pretty_matrix/dog_front_sunglasses_phase2/adaptive_full_generic_support/seed_12/result.png
T1_attached_accessory,dog_front_sunglasses_phase2,Dog sunglasses,12,flowedit,FlowEdit,flowedit,outputs/e2_t1_t4_baseline_matrix/dog_front_sunglasses_phase2/flowedit/seed_12/result.png,experiments/support_v3_2026-06-02/normalized_512/sources/dog_front_sunglasses_phase2.png,canonical method directory,aligned,selected image matches metric row result_image,experiments/support_v3_2026-06-02/e2_t1_t4_baseline_fixed_mask_metrics.csv,/cluster/users/grad/2025/25t8103/project/outputs/e2_t1_t4_baseline_matrix/dog_front_sunglasses_phase2/flowedit/seed_12/result.png
T1_attached_accessory,dog_front_sunglasses_phase2,Dog sunglasses,12,splitflow,SplitFlow,splitflow,outputs/e2_t1_t4_baseline_matrix/dog_front_sunglasses_phase2/splitflow/seed_12/result.png,experiments/support_v3_2026-06-02/normalized_512/sources/dog_front_sunglasses_phase2.png,canonical method directory,aligned,selected image matches metric row result_image,experiments/support_v3_2026-06-02/e2_t1_t4_baseline_fixed_mask_metrics.csv,/cluster/users/grad/2025/25t8103/project/outputs/e2_t1_t4_baseline_matrix/dog_front_sunglasses_phase2/splitflow/seed_12/result.png
T1_attached_accessory,dog_front_sunglasses_phase2,Dog sunglasses,12,sam_flow_sd3,Sam-Flow-SD3,sam_flow_sd3,outputs/e2_t1_t4_baseline_matrix/dog_front_sunglasses_phase2/sam_flow_sd3/seed_12/result.png,experiments/support_v3_2026-06-02/normalized_512/sources/dog_front_sunglasses_phase2.png,canonical method directory,aligned,selected image matches metric row result_image,experiments/support_v3_2026-06-02/e2_t1_t4_baseline_fixed_mask_metrics.csv,/cluster/users/grad/2025/25t8103/project/outputs/e2_t1_t4_baseline_matrix/dog_front_sunglasses_phase2/sam_flow_sd3/seed_12/result.png
T1_attached_accessory,dog_front_sunglasses_phase2,Dog sunglasses,12,fireflow,FireFlow,fireflow,outputs/e2_t1_t4_baseline_matrix/dog_front_sunglasses_phase2/fireflow/seed_12/result.png,experiments/support_v3_2026-06-02/normalized_512/sources/dog_front_sunglasses_phase2.png,canonical method directory,aligned,selected image matches metric row result_image,experiments/support_v3_2026-06-02/e2_t1_t4_baseline_fixed_mask_metrics.csv,/cluster/users/grad/2025/25t8103/project/outputs/e2_t1_t4_baseline_matrix/dog_front_sunglasses_phase2/fireflow/seed_12/result.png
T1_attached_accessory,dog_front_sunglasses_phase2,Dog sunglasses,12,rf_solver_edit,RF-Solver-Edit,rf_solver_edit,outputs/e2_t1_t4_baseline_matrix/dog_front_sunglasses_phase2/rf_solver_edit/seed_12/result.png,experiments/support_v3_2026-06-02/normalized_512/sources/dog_front_sunglasses_phase2.png,canonical method directory,aligned,selected image matches metric row result_image,experiments/support_v3_2026-06-02/e2_t1_t4_baseline_fixed_mask_metrics.csv,/cluster/users/grad/2025/25t8103/project/outputs/e2_t1_t4_baseline_matrix/dog_front_sunglasses_phase2/rf_solver_edit/seed_12/result.png
T1_attached_accessory,dog_front_sunglasses_phase2,Dog sunglasses,12,reflex,ReFlex,reflex,outputs/e2_t1_t4_baseline_matrix/dog_front_sunglasses_phase2/reflex/seed_12/result.png,experiments/support_v3_2026-06-02/normalized_512/sources/dog_front_sunglasses_phase2.png,canonical method directory,aligned,selected image matches metric row result_image,experiments/support_v3_2026-06-02/e2_t1_t4_baseline_fixed_mask_metrics.csv,/cluster/users/grad/2025/25t8103/project/outputs/e2_t1_t4_baseline_matrix/dog_front_sunglasses_phase2/reflex/seed_12/result.png
T1_attached_accessory,dog_front_sunglasses_phase2,Dog sunglasses,12,sam_flow_flux,Sam-Flow-FLUX,sam_flow_flux,outputs/e2_t1_t4_baseline_matrix/dog_front_sunglasses_phase2/sam_flow_flux/seed_12/result.png,experiments/support_v3_2026-06-02/normalized_512/sources/dog_front_sunglasses_phase2.png,canonical method directory,aligned,selected image matches metric row result_image,experiments/support_v3_2026-06-02/e2_t1_t4_baseline_fixed_mask_metrics.csv,/cluster/users/grad/2025/25t8103/project/outputs/e2_t1_t4_baseline_matrix/dog_front_sunglasses_phase2/sam_flow_flux/seed_12/result.png
T1_attached_accessory,dog_front_sunglasses_phase2,Dog sunglasses,12,support_v3_fixed,Fixed DeCE,support_v3_fixed,outputs/pretty_matrix/dog_front_sunglasses_phase2/support_v3_fixed/seed_12/result.png,experiments/support_v3_2026-06-02/normalized_512/sources/dog_front_sunglasses_phase2.png,canonical method directory,aligned,selected image matches metric row result_image,experiments/support_v3_2026-06-02/phase2_internal_bg_metrics.csv,/cluster/users/grad/2025/25t8103/project/outputs/pretty_matrix/dog_front_sunglasses_phase2/support_v3_fixed/seed_12/result.png
T1_attached_accessory,dog_front_sunglasses_phase2,Dog sunglasses,12,support_v3_controller_rmsgap,DeCE-RF,support_v3_controller_rmsgap_t1t4_3seed_20260609,outputs/pretty_matrix/dog_front_sunglasses_phase2/support_v3_controller_rmsgap_t1t4_3seed_20260609/seed_12/result.png,experiments/support_v3_2026-06-02/normalized_512/sources/dog_front_sunglasses_phase2.png,formal T1-T4 three-seed DeCE-RF rerun,aligned,selected image matches metric row result_image,experiments/support_v3_2026-06-02/phase2_internal_bg_metrics.csv,/cluster/users/grad/2025/25t8103/project/outputs/phase2_selected_metric_refresh_20260612/dog_front_sunglasses_phase2/support_v3_controller_rmsgap/seed_12/result.png
T2_container_insertion,bowl_apple_inside,Bowl + apple,10,base_only,RF recon,base_only,outputs/pretty_matrix/bowl_apple_inside/base_only/seed_10/result.png,experiments/support_v3_2026-06-02/normalized_512/sources/bowl_apple_inside.png,canonical method directory,aligned,selected image matches metric row result_image,experiments/support_v3_2026-06-02/phase2_internal_bg_metrics.csv,/cluster/users/grad/2025/25t8103/project/outputs/pretty_matrix/bowl_apple_inside/base_only/seed_10/result.png
T2_container_insertion,bowl_apple_inside,Bowl + apple,10,direct_target,Direct target,direct_target,outputs/pretty_matrix/bowl_apple_inside/direct_target/seed_10/result.png,experiments/support_v3_2026-06-02/normalized_512/sources/bowl_apple_inside.png,canonical method directory,aligned,selected image matches metric row result_image,experiments/support_v3_2026-06-02/phase2_internal_bg_metrics.csv,/cluster/users/grad/2025/25t8103/project/outputs/pretty_matrix/bowl_apple_inside/direct_target/seed_10/result.png
T2_container_insertion,bowl_apple_inside,Bowl + apple,10,adaptive_full_generic_support,Generic support,adaptive_full_generic_support,outputs/pretty_matrix/bowl_apple_inside/adaptive_full_generic_support/seed_10/result.png,experiments/support_v3_2026-06-02/normalized_512/sources/bowl_apple_inside.png,canonical method directory,aligned,selected image matches metric row result_image,experiments/support_v3_2026-06-02/phase2_internal_bg_metrics.csv,/cluster/users/grad/2025/25t8103/project/outputs/pretty_matrix/bowl_apple_inside/adaptive_full_generic_support/seed_10/result.png
T2_container_insertion,bowl_apple_inside,Bowl + apple,10,flowedit,FlowEdit,flowedit,outputs/e2_t1_t4_baseline_matrix/bowl_apple_inside/flowedit/seed_10/result.png,experiments/support_v3_2026-06-02/normalized_512/sources/bowl_apple_inside.png,canonical method directory,aligned,selected image matches metric row result_image,experiments/support_v3_2026-06-02/e2_t1_t4_baseline_fixed_mask_metrics.csv,/cluster/users/grad/2025/25t8103/project/outputs/e2_t1_t4_baseline_matrix/bowl_apple_inside/flowedit/seed_10/result.png
T2_container_insertion,bowl_apple_inside,Bowl + apple,10,splitflow,SplitFlow,splitflow,outputs/e2_t1_t4_baseline_matrix/bowl_apple_inside/splitflow/seed_10/result.png,experiments/support_v3_2026-06-02/normalized_512/sources/bowl_apple_inside.png,canonical method directory,aligned,selected image matches metric row result_image,experiments/support_v3_2026-06-02/e2_t1_t4_baseline_fixed_mask_metrics.csv,/cluster/users/grad/2025/25t8103/project/outputs/e2_t1_t4_baseline_matrix/bowl_apple_inside/splitflow/seed_10/result.png
T2_container_insertion,bowl_apple_inside,Bowl + apple,10,sam_flow_sd3,Sam-Flow-SD3,sam_flow_sd3,outputs/e2_t1_t4_baseline_matrix/bowl_apple_inside/sam_flow_sd3/seed_10/result.png,experiments/support_v3_2026-06-02/normalized_512/sources/bowl_apple_inside.png,canonical method directory,aligned,selected image matches metric row result_image,experiments/support_v3_2026-06-02/e2_t1_t4_baseline_fixed_mask_metrics.csv,/cluster/users/grad/2025/25t8103/project/outputs/e2_t1_t4_baseline_matrix/bowl_apple_inside/sam_flow_sd3/seed_10/result.png
T2_container_insertion,bowl_apple_inside,Bowl + apple,10,fireflow,FireFlow,fireflow,outputs/e2_t1_t4_baseline_matrix/bowl_apple_inside/fireflow/seed_10/result.png,experiments/support_v3_2026-06-02/normalized_512/sources/bowl_apple_inside.png,canonical method directory,aligned,selected image matches metric row result_image,experiments/support_v3_2026-06-02/e2_t1_t4_baseline_fixed_mask_metrics.csv,/cluster/users/grad/2025/25t8103/project/outputs/e2_t1_t4_baseline_matrix/bowl_apple_inside/fireflow/seed_10/result.png
T2_container_insertion,bowl_apple_inside,Bowl + apple,10,rf_solver_edit,RF-Solver-Edit,rf_solver_edit,outputs/e2_t1_t4_baseline_matrix/bowl_apple_inside/rf_solver_edit/seed_10/result.png,experiments/support_v3_2026-06-02/normalized_512/sources/bowl_apple_inside.png,canonical method directory,aligned,selected image matches metric row result_image,experiments/support_v3_2026-06-02/e2_t1_t4_baseline_fixed_mask_metrics.csv,/cluster/users/grad/2025/25t8103/project/outputs/e2_t1_t4_baseline_matrix/bowl_apple_inside/rf_solver_edit/seed_10/result.png
T2_container_insertion,bowl_apple_inside,Bowl + apple,10,reflex,ReFlex,reflex,outputs/e2_t1_t4_baseline_matrix/bowl_apple_inside/reflex/seed_10/result.png,experiments/support_v3_2026-06-02/normalized_512/sources/bowl_apple_inside.png,canonical method directory,aligned,selected image matches metric row result_image,experiments/support_v3_2026-06-02/e2_t1_t4_baseline_fixed_mask_metrics.csv,/cluster/users/grad/2025/25t8103/project/outputs/e2_t1_t4_baseline_matrix/bowl_apple_inside/reflex/seed_10/result.png
T2_container_insertion,bowl_apple_inside,Bowl + apple,10,sam_flow_flux,Sam-Flow-FLUX,sam_flow_flux,outputs/e2_t1_t4_baseline_matrix/bowl_apple_inside/sam_flow_flux/seed_10/result.png,experiments/support_v3_2026-06-02/normalized_512/sources/bowl_apple_inside.png,canonical method directory,aligned,selected image matches metric row result_image,experiments/support_v3_2026-06-02/e2_t1_t4_baseline_fixed_mask_metrics.csv,/cluster/users/grad/2025/25t8103/project/outputs/e2_t1_t4_baseline_matrix/bowl_apple_inside/sam_flow_flux/seed_10/result.png
T2_container_insertion,bowl_apple_inside,Bowl + apple,10,support_v3_fixed,Fixed DeCE,support_v3_fixed,outputs/pretty_matrix/bowl_apple_inside/support_v3_fixed/seed_10/result.png,experiments/support_v3_2026-06-02/normalized_512/sources/bowl_apple_inside.png,canonical method directory,aligned,selected image matches metric row result_image,experiments/support_v3_2026-06-02/phase2_internal_bg_metrics.csv,/cluster/users/grad/2025/25t8103/project/outputs/pretty_matrix/bowl_apple_inside/support_v3_fixed/seed_10/result.png
T2_container_insertion,bowl_apple_inside,Bowl + apple,10,support_v3_controller_rmsgap,DeCE-RF,support_v3_controller_rmsgap_t1t4_3seed_20260609,outputs/pretty_matrix/bowl_apple_inside/support_v3_controller_rmsgap_t1t4_3seed_20260609/seed_10/result.png,experiments/support_v3_2026-06-02/normalized_512/sources/bowl_apple_inside.png,formal T1-T4 three-seed DeCE-RF rerun,aligned,selected image matches metric row result_image,experiments/support_v3_2026-06-02/phase2_internal_bg_metrics.csv,/cluster/users/grad/2025/25t8103/project/outputs/phase2_selected_metric_refresh_20260612/bowl_apple_inside/support_v3_controller_rmsgap/seed_10/result.png
T2_container_insertion,bowl_apple_inside,Bowl + apple,11,base_only,RF recon,base_only,outputs/pretty_matrix/bowl_apple_inside/base_only/seed_11/result.png,experiments/support_v3_2026-06-02/normalized_512/sources/bowl_apple_inside.png,canonical method directory,aligned,selected image matches metric row result_image,experiments/support_v3_2026-06-02/phase2_internal_bg_metrics.csv,/cluster/users/grad/2025/25t8103/project/outputs/pretty_matrix/bowl_apple_inside/base_only/seed_11/result.png
T2_container_insertion,bowl_apple_inside,Bowl + apple,11,direct_target,Direct target,direct_target,outputs/pretty_matrix/bowl_apple_inside/direct_target/seed_11/result.png,experiments/support_v3_2026-06-02/normalized_512/sources/bowl_apple_inside.png,canonical method directory,aligned,selected image matches metric row result_image,experiments/support_v3_2026-06-02/phase2_internal_bg_metrics.csv,/cluster/users/grad/2025/25t8103/project/outputs/pretty_matrix/bowl_apple_inside/direct_target/seed_11/result.png
T2_container_insertion,bowl_apple_inside,Bowl + apple,11,adaptive_full_generic_support,Generic support,adaptive_full_generic_support,outputs/pretty_matrix/bowl_apple_inside/adaptive_full_generic_support/seed_11/result.png,experiments/support_v3_2026-06-02/normalized_512/sources/bowl_apple_inside.png,canonical method directory,aligned,selected image matches metric row result_image,experiments/support_v3_2026-06-02/phase2_internal_bg_metrics.csv,/cluster/users/grad/2025/25t8103/project/outputs/pretty_matrix/bowl_apple_inside/adaptive_full_generic_support/seed_11/result.png
T2_container_insertion,bowl_apple_inside,Bowl + apple,11,flowedit,FlowEdit,flowedit,outputs/e2_t1_t4_baseline_matrix/bowl_apple_inside/flowedit/seed_11/result.png,experiments/support_v3_2026-06-02/normalized_512/sources/bowl_apple_inside.png,canonical method directory,aligned,selected image matches metric row result_image,experiments/support_v3_2026-06-02/e2_t1_t4_baseline_fixed_mask_metrics.csv,/cluster/users/grad/2025/25t8103/project/outputs/e2_t1_t4_baseline_matrix/bowl_apple_inside/flowedit/seed_11/result.png
T2_container_insertion,bowl_apple_inside,Bowl + apple,11,splitflow,SplitFlow,splitflow,outputs/e2_t1_t4_baseline_matrix/bowl_apple_inside/splitflow/seed_11/result.png,experiments/support_v3_2026-06-02/normalized_512/sources/bowl_apple_inside.png,canonical method directory,aligned,selected image matches metric row result_image,experiments/support_v3_2026-06-02/e2_t1_t4_baseline_fixed_mask_metrics.csv,/cluster/users/grad/2025/25t8103/project/outputs/e2_t1_t4_baseline_matrix/bowl_apple_inside/splitflow/seed_11/result.png
T2_container_insertion,bowl_apple_inside,Bowl + apple,11,sam_flow_sd3,Sam-Flow-SD3,sam_flow_sd3,outputs/e2_t1_t4_baseline_matrix/bowl_apple_inside/sam_flow_sd3/seed_11/result.png,experiments/support_v3_2026-06-02/normalized_512/sources/bowl_apple_inside.png,canonical method directory,aligned,selected image matches metric row result_image,experiments/support_v3_2026-06-02/e2_t1_t4_baseline_fixed_mask_metrics.csv,/cluster/users/grad/2025/25t8103/project/outputs/e2_t1_t4_baseline_matrix/bowl_apple_inside/sam_flow_sd3/seed_11/result.png
T2_container_insertion,bowl_apple_inside,Bowl + apple,11,fireflow,FireFlow,fireflow,outputs/e2_t1_t4_baseline_matrix/bowl_apple_inside/fireflow/seed_11/result.png,experiments/support_v3_2026-06-02/normalized_512/sources/bowl_apple_inside.png,canonical method directory,aligned,selected image matches metric row result_image,experiments/support_v3_2026-06-02/e2_t1_t4_baseline_fixed_mask_metrics.csv,/cluster/users/grad/2025/25t8103/project/outputs/e2_t1_t4_baseline_matrix/bowl_apple_inside/fireflow/seed_11/result.png
T2_container_insertion,bowl_apple_inside,Bowl + apple,11,rf_solver_edit,RF-Solver-Edit,rf_solver_edit,outputs/e2_t1_t4_baseline_matrix/bowl_apple_inside/rf_solver_edit/seed_11/result.png,experiments/support_v3_2026-06-02/normalized_512/sources/bowl_apple_inside.png,canonical method directory,aligned,selected image matches metric row result_image,experiments/support_v3_2026-06-02/e2_t1_t4_baseline_fixed_mask_metrics.csv,/cluster/users/grad/2025/25t8103/project/outputs/e2_t1_t4_baseline_matrix/bowl_apple_inside/rf_solver_edit/seed_11/result.png
T2_container_insertion,bowl_apple_inside,Bowl + apple,11,reflex,ReFlex,reflex,outputs/e2_t1_t4_baseline_matrix/bowl_apple_inside/reflex/seed_11/result.png,experiments/support_v3_2026-06-02/normalized_512/sources/bowl_apple_inside.png,canonical method directory,aligned,selected image matches metric row result_image,experiments/support_v3_2026-06-02/e2_t1_t4_baseline_fixed_mask_metrics.csv,/cluster/users/grad/2025/25t8103/project/outputs/e2_t1_t4_baseline_matrix/bowl_apple_inside/reflex/seed_11/result.png
T2_container_insertion,bowl_apple_inside,Bowl + apple,11,sam_flow_flux,Sam-Flow-FLUX,sam_flow_flux,outputs/e2_t1_t4_baseline_matrix/bowl_apple_inside/sam_flow_flux/seed_11/result.png,experiments/support_v3_2026-06-02/normalized_512/sources/bowl_apple_inside.png,canonical method directory,aligned,selected image matches metric row result_image,experiments/support_v3_2026-06-02/e2_t1_t4_baseline_fixed_mask_metrics.csv,/cluster/users/grad/2025/25t8103/project/outputs/e2_t1_t4_baseline_matrix/bowl_apple_inside/sam_flow_flux/seed_11/result.png
T2_container_insertion,bowl_apple_inside,Bowl + apple,11,support_v3_fixed,Fixed DeCE,support_v3_fixed,outputs/pretty_matrix/bowl_apple_inside/support_v3_fixed/seed_11/result.png,experiments/support_v3_2026-06-02/normalized_512/sources/bowl_apple_inside.png,canonical method directory,aligned,selected image matches metric row result_image,experiments/support_v3_2026-06-02/phase2_internal_bg_metrics.csv,/cluster/users/grad/2025/25t8103/project/outputs/pretty_matrix/bowl_apple_inside/support_v3_fixed/seed_11/result.png
T2_container_insertion,bowl_apple_inside,Bowl + apple,11,support_v3_controller_rmsgap,DeCE-RF,support_v3_controller_rmsgap_t1t4_3seed_20260609,outputs/pretty_matrix/bowl_apple_inside/support_v3_controller_rmsgap_t1t4_3seed_20260609/seed_11/result.png,experiments/support_v3_2026-06-02/normalized_512/sources/bowl_apple_inside.png,formal T1-T4 three-seed DeCE-RF rerun,aligned,selected image matches metric row result_image,experiments/support_v3_2026-06-02/phase2_internal_bg_metrics.csv,/cluster/users/grad/2025/25t8103/project/outputs/phase2_selected_metric_refresh_20260612/bowl_apple_inside/support_v3_controller_rmsgap/seed_11/result.png
T2_container_insertion,bowl_apple_inside,Bowl + apple,12,base_only,RF recon,base_only,outputs/pretty_matrix/bowl_apple_inside/base_only/seed_12/result.png,experiments/support_v3_2026-06-02/normalized_512/sources/bowl_apple_inside.png,canonical method directory,aligned,selected image matches metric row result_image,experiments/support_v3_2026-06-02/phase2_internal_bg_metrics.csv,/cluster/users/grad/2025/25t8103/project/outputs/pretty_matrix/bowl_apple_inside/base_only/seed_12/result.png
T2_container_insertion,bowl_apple_inside,Bowl + apple,12,direct_target,Direct target,direct_target,outputs/pretty_matrix/bowl_apple_inside/direct_target/seed_12/result.png,experiments/support_v3_2026-06-02/normalized_512/sources/bowl_apple_inside.png,canonical method directory,aligned,selected image matches metric row result_image,experiments/support_v3_2026-06-02/phase2_internal_bg_metrics.csv,/cluster/users/grad/2025/25t8103/project/outputs/pretty_matrix/bowl_apple_inside/direct_target/seed_12/result.png
T2_container_insertion,bowl_apple_inside,Bowl + apple,12,adaptive_full_generic_support,Generic support,adaptive_full_generic_support,outputs/pretty_matrix/bowl_apple_inside/adaptive_full_generic_support/seed_12/result.png,experiments/support_v3_2026-06-02/normalized_512/sources/bowl_apple_inside.png,canonical method directory,aligned,selected image matches metric row result_image,experiments/support_v3_2026-06-02/phase2_internal_bg_metrics.csv,/cluster/users/grad/2025/25t8103/project/outputs/pretty_matrix/bowl_apple_inside/adaptive_full_generic_support/seed_12/result.png
T2_container_insertion,bowl_apple_inside,Bowl + apple,12,flowedit,FlowEdit,flowedit,outputs/e2_t1_t4_baseline_matrix/bowl_apple_inside/flowedit/seed_12/result.png,experiments/support_v3_2026-06-02/normalized_512/sources/bowl_apple_inside.png,canonical method directory,aligned,selected image matches metric row result_image,experiments/support_v3_2026-06-02/e2_t1_t4_baseline_fixed_mask_metrics.csv,/cluster/users/grad/2025/25t8103/project/outputs/e2_t1_t4_baseline_matrix/bowl_apple_inside/flowedit/seed_12/result.png
T2_container_insertion,bowl_apple_inside,Bowl + apple,12,splitflow,SplitFlow,splitflow,outputs/e2_t1_t4_baseline_matrix/bowl_apple_inside/splitflow/seed_12/result.png,experiments/support_v3_2026-06-02/normalized_512/sources/bowl_apple_inside.png,canonical method directory,aligned,selected image matches metric row result_image,experiments/support_v3_2026-06-02/e2_t1_t4_baseline_fixed_mask_metrics.csv,/cluster/users/grad/2025/25t8103/project/outputs/e2_t1_t4_baseline_matrix/bowl_apple_inside/splitflow/seed_12/result.png
T2_container_insertion,bowl_apple_inside,Bowl + apple,12,sam_flow_sd3,Sam-Flow-SD3,sam_flow_sd3,outputs/e2_t1_t4_baseline_matrix/bowl_apple_inside/sam_flow_sd3/seed_12/result.png,experiments/support_v3_2026-06-02/normalized_512/sources/bowl_apple_inside.png,canonical method directory,aligned,selected image matches metric row result_image,experiments/support_v3_2026-06-02/e2_t1_t4_baseline_fixed_mask_metrics.csv,/cluster/users/grad/2025/25t8103/project/outputs/e2_t1_t4_baseline_matrix/bowl_apple_inside/sam_flow_sd3/seed_12/result.png
T2_container_insertion,bowl_apple_inside,Bowl + apple,12,fireflow,FireFlow,fireflow,outputs/e2_t1_t4_baseline_matrix/bowl_apple_inside/fireflow/seed_12/result.png,experiments/support_v3_2026-06-02/normalized_512/sources/bowl_apple_inside.png,canonical method directory,aligned,selected image matches metric row result_image,experiments/support_v3_2026-06-02/e2_t1_t4_baseline_fixed_mask_metrics.csv,/cluster/users/grad/2025/25t8103/project/outputs/e2_t1_t4_baseline_matrix/bowl_apple_inside/fireflow/seed_12/result.png
T2_container_insertion,bowl_apple_inside,Bowl + apple,12,rf_solver_edit,RF-Solver-Edit,rf_solver_edit,outputs/e2_t1_t4_baseline_matrix/bowl_apple_inside/rf_solver_edit/seed_12/result.png,experiments/support_v3_2026-06-02/normalized_512/sources/bowl_apple_inside.png,canonical method directory,aligned,selected image matches metric row result_image,experiments/support_v3_2026-06-02/e2_t1_t4_baseline_fixed_mask_metrics.csv,/cluster/users/grad/2025/25t8103/project/outputs/e2_t1_t4_baseline_matrix/bowl_apple_inside/rf_solver_edit/seed_12/result.png
T2_container_insertion,bowl_apple_inside,Bowl + apple,12,reflex,ReFlex,reflex,outputs/e2_t1_t4_baseline_matrix/bowl_apple_inside/reflex/seed_12/result.png,experiments/support_v3_2026-06-02/normalized_512/sources/bowl_apple_inside.png,canonical method directory,aligned,selected image matches metric row result_image,experiments/support_v3_2026-06-02/e2_t1_t4_baseline_fixed_mask_metrics.csv,/cluster/users/grad/2025/25t8103/project/outputs/e2_t1_t4_baseline_matrix/bowl_apple_inside/reflex/seed_12/result.png
T2_container_insertion,bowl_apple_inside,Bowl + apple,12,sam_flow_flux,Sam-Flow-FLUX,sam_flow_flux,outputs/e2_t1_t4_baseline_matrix/bowl_apple_inside/sam_flow_flux/seed_12/result.png,experiments/support_v3_2026-06-02/normalized_512/sources/bowl_apple_inside.png,canonical method directory,aligned,selected image matches metric row result_image,experiments/support_v3_2026-06-02/e2_t1_t4_baseline_fixed_mask_metrics.csv,/cluster/users/grad/2025/25t8103/project/outputs/e2_t1_t4_baseline_matrix/bowl_apple_inside/sam_flow_flux/seed_12/result.png
T2_container_insertion,bowl_apple_inside,Bowl + apple,12,support_v3_fixed,Fixed DeCE,support_v3_fixed,outputs/pretty_matrix/bowl_apple_inside/support_v3_fixed/seed_12/result.png,experiments/support_v3_2026-06-02/normalized_512/sources/bowl_apple_inside.png,canonical method directory,aligned,selected image matches metric row result_image,experiments/support_v3_2026-06-02/phase2_internal_bg_metrics.csv,/cluster/users/grad/2025/25t8103/project/outputs/pretty_matrix/bowl_apple_inside/support_v3_fixed/seed_12/result.png
T2_container_insertion,bowl_apple_inside,Bowl + apple,12,support_v3_controller_rmsgap,DeCE-RF,support_v3_controller_rmsgap_t1t4_3seed_20260609,outputs/pretty_matrix/bowl_apple_inside/support_v3_controller_rmsgap_t1t4_3seed_20260609/seed_12/result.png,experiments/support_v3_2026-06-02/normalized_512/sources/bowl_apple_inside.png,formal T1-T4 three-seed DeCE-RF rerun,aligned,selected image matches metric row result_image,experiments/support_v3_2026-06-02/phase2_internal_bg_metrics.csv,/cluster/users/grad/2025/25t8103/project/outputs/phase2_selected_metric_refresh_20260612/bowl_apple_inside/support_v3_controller_rmsgap/seed_12/result.png
T2_container_insertion,white_bowl_orange_tabletop_phase2,White bowl + orange,10,base_only,RF recon,base_only,outputs/pretty_matrix/white_bowl_orange_tabletop_phase2/base_only/seed_10/result.png,experiments/support_v3_2026-06-02/normalized_512/sources/white_bowl_orange_tabletop_phase2.png,canonical method directory,aligned,selected image matches metric row result_image,experiments/support_v3_2026-06-02/phase2_internal_bg_metrics.csv,/cluster/users/grad/2025/25t8103/project/outputs/pretty_matrix/white_bowl_orange_tabletop_phase2/base_only/seed_10/result.png
T2_container_insertion,white_bowl_orange_tabletop_phase2,White bowl + orange,10,direct_target,Direct target,direct_target,outputs/pretty_matrix/white_bowl_orange_tabletop_phase2/direct_target/seed_10/result.png,experiments/support_v3_2026-06-02/normalized_512/sources/white_bowl_orange_tabletop_phase2.png,canonical method directory,aligned,selected image matches metric row result_image,experiments/support_v3_2026-06-02/phase2_internal_bg_metrics.csv,/cluster/users/grad/2025/25t8103/project/outputs/pretty_matrix/white_bowl_orange_tabletop_phase2/direct_target/seed_10/result.png
T2_container_insertion,white_bowl_orange_tabletop_phase2,White bowl + orange,10,adaptive_full_generic_support,Generic support,adaptive_full_generic_support,outputs/pretty_matrix/white_bowl_orange_tabletop_phase2/adaptive_full_generic_support/seed_10/result.png,experiments/support_v3_2026-06-02/normalized_512/sources/white_bowl_orange_tabletop_phase2.png,canonical method directory,aligned,selected image matches metric row result_image,experiments/support_v3_2026-06-02/phase2_internal_bg_metrics.csv,/cluster/users/grad/2025/25t8103/project/outputs/pretty_matrix/white_bowl_orange_tabletop_phase2/adaptive_full_generic_support/seed_10/result.png
T2_container_insertion,white_bowl_orange_tabletop_phase2,White bowl + orange,10,flowedit,FlowEdit,flowedit,outputs/e2_t1_t4_baseline_matrix/white_bowl_orange_tabletop_phase2/flowedit/seed_10/result.png,experiments/support_v3_2026-06-02/normalized_512/sources/white_bowl_orange_tabletop_phase2.png,canonical method directory,aligned,selected image matches metric row result_image,experiments/support_v3_2026-06-02/e2_t1_t4_baseline_fixed_mask_metrics.csv,/cluster/users/grad/2025/25t8103/project/outputs/e2_t1_t4_baseline_matrix/white_bowl_orange_tabletop_phase2/flowedit/seed_10/result.png
T2_container_insertion,white_bowl_orange_tabletop_phase2,White bowl + orange,10,splitflow,SplitFlow,splitflow,outputs/e2_t1_t4_baseline_matrix/white_bowl_orange_tabletop_phase2/splitflow/seed_10/result.png,experiments/support_v3_2026-06-02/normalized_512/sources/white_bowl_orange_tabletop_phase2.png,canonical method directory,aligned,selected image matches metric row result_image,experiments/support_v3_2026-06-02/e2_t1_t4_baseline_fixed_mask_metrics.csv,/cluster/users/grad/2025/25t8103/project/outputs/e2_t1_t4_baseline_matrix/white_bowl_orange_tabletop_phase2/splitflow/seed_10/result.png
T2_container_insertion,white_bowl_orange_tabletop_phase2,White bowl + orange,10,sam_flow_sd3,Sam-Flow-SD3,sam_flow_sd3,outputs/e2_t1_t4_baseline_matrix/white_bowl_orange_tabletop_phase2/sam_flow_sd3/seed_10/result.png,experiments/support_v3_2026-06-02/normalized_512/sources/white_bowl_orange_tabletop_phase2.png,canonical method directory,aligned,selected image matches metric row result_image,experiments/support_v3_2026-06-02/e2_t1_t4_baseline_fixed_mask_metrics.csv,/cluster/users/grad/2025/25t8103/project/outputs/e2_t1_t4_baseline_matrix/white_bowl_orange_tabletop_phase2/sam_flow_sd3/seed_10/result.png
T2_container_insertion,white_bowl_orange_tabletop_phase2,White bowl + orange,10,fireflow,FireFlow,fireflow,outputs/e2_t1_t4_baseline_matrix/white_bowl_orange_tabletop_phase2/fireflow/seed_10/result.png,experiments/support_v3_2026-06-02/normalized_512/sources/white_bowl_orange_tabletop_phase2.png,canonical method directory,aligned,selected image matches metric row result_image,experiments/support_v3_2026-06-02/e2_t1_t4_baseline_fixed_mask_metrics.csv,/cluster/users/grad/2025/25t8103/project/outputs/e2_t1_t4_baseline_matrix/white_bowl_orange_tabletop_phase2/fireflow/seed_10/result.png
T2_container_insertion,white_bowl_orange_tabletop_phase2,White bowl + orange,10,rf_solver_edit,RF-Solver-Edit,rf_solver_edit,outputs/e2_t1_t4_baseline_matrix/white_bowl_orange_tabletop_phase2/rf_solver_edit/seed_10/result.png,experiments/support_v3_2026-06-02/normalized_512/sources/white_bowl_orange_tabletop_phase2.png,canonical method directory,aligned,selected image matches metric row result_image,experiments/support_v3_2026-06-02/e2_t1_t4_baseline_fixed_mask_metrics.csv,/cluster/users/grad/2025/25t8103/project/outputs/e2_t1_t4_baseline_matrix/white_bowl_orange_tabletop_phase2/rf_solver_edit/seed_10/result.png
T2_container_insertion,white_bowl_orange_tabletop_phase2,White bowl + orange,10,reflex,ReFlex,reflex,outputs/e2_t1_t4_baseline_matrix/white_bowl_orange_tabletop_phase2/reflex/seed_10/result.png,experiments/support_v3_2026-06-02/normalized_512/sources/white_bowl_orange_tabletop_phase2.png,canonical method directory,aligned,selected image matches metric row result_image,experiments/support_v3_2026-06-02/e2_t1_t4_baseline_fixed_mask_metrics.csv,/cluster/users/grad/2025/25t8103/project/outputs/e2_t1_t4_baseline_matrix/white_bowl_orange_tabletop_phase2/reflex/seed_10/result.png
T2_container_insertion,white_bowl_orange_tabletop_phase2,White bowl + orange,10,sam_flow_flux,Sam-Flow-FLUX,sam_flow_flux,outputs/e2_t1_t4_baseline_matrix/white_bowl_orange_tabletop_phase2/sam_flow_flux/seed_10/result.png,experiments/support_v3_2026-06-02/normalized_512/sources/white_bowl_orange_tabletop_phase2.png,canonical method directory,aligned,selected image matches metric row result_image,experiments/support_v3_2026-06-02/e2_t1_t4_baseline_fixed_mask_metrics.csv,/cluster/users/grad/2025/25t8103/project/outputs/e2_t1_t4_baseline_matrix/white_bowl_orange_tabletop_phase2/sam_flow_flux/seed_10/result.png
T2_container_insertion,white_bowl_orange_tabletop_phase2,White bowl + orange,10,support_v3_fixed,Fixed DeCE,support_v3_fixed,outputs/pretty_matrix/white_bowl_orange_tabletop_phase2/support_v3_fixed/seed_10/result.png,experiments/support_v3_2026-06-02/normalized_512/sources/white_bowl_orange_tabletop_phase2.png,canonical method directory,aligned,selected image matches metric row result_image,experiments/support_v3_2026-06-02/phase2_internal_bg_metrics.csv,/cluster/users/grad/2025/25t8103/project/outputs/pretty_matrix/white_bowl_orange_tabletop_phase2/support_v3_fixed/seed_10/result.png
T2_container_insertion,white_bowl_orange_tabletop_phase2,White bowl + orange,10,support_v3_controller_rmsgap,DeCE-RF,support_v3_controller_rmsgap_failed3_fix6_20260609,outputs/pretty_matrix/white_bowl_orange_tabletop_phase2/support_v3_controller_rmsgap_failed3_fix6_20260609/seed_10/result.png,experiments/support_v3_2026-06-02/normalized_512/sources/white_bowl_orange_tabletop_phase2.png,selected repaired DeCE-RF run with visible orange; plain seed 12 is a weak earlier run,aligned,selected image matches metric row result_image,experiments/support_v3_2026-06-02/phase2_internal_bg_metrics.csv,/cluster/users/grad/2025/25t8103/project/outputs/phase2_selected_metric_refresh_20260612/white_bowl_orange_tabletop_phase2/support_v3_controller_rmsgap/seed_10/result.png
T2_container_insertion,white_bowl_orange_tabletop_phase2,White bowl + orange,11,base_only,RF recon,base_only,outputs/pretty_matrix/white_bowl_orange_tabletop_phase2/base_only/seed_11/result.png,experiments/support_v3_2026-06-02/normalized_512/sources/white_bowl_orange_tabletop_phase2.png,canonical method directory,aligned,selected image matches metric row result_image,experiments/support_v3_2026-06-02/phase2_internal_bg_metrics.csv,/cluster/users/grad/2025/25t8103/project/outputs/pretty_matrix/white_bowl_orange_tabletop_phase2/base_only/seed_11/result.png
T2_container_insertion,white_bowl_orange_tabletop_phase2,White bowl + orange,11,direct_target,Direct target,direct_target,outputs/pretty_matrix/white_bowl_orange_tabletop_phase2/direct_target/seed_11/result.png,experiments/support_v3_2026-06-02/normalized_512/sources/white_bowl_orange_tabletop_phase2.png,canonical method directory,aligned,selected image matches metric row result_image,experiments/support_v3_2026-06-02/phase2_internal_bg_metrics.csv,/cluster/users/grad/2025/25t8103/project/outputs/pretty_matrix/white_bowl_orange_tabletop_phase2/direct_target/seed_11/result.png
T2_container_insertion,white_bowl_orange_tabletop_phase2,White bowl + orange,11,adaptive_full_generic_support,Generic support,adaptive_full_generic_support,outputs/pretty_matrix/white_bowl_orange_tabletop_phase2/adaptive_full_generic_support/seed_11/result.png,experiments/support_v3_2026-06-02/normalized_512/sources/white_bowl_orange_tabletop_phase2.png,canonical method directory,aligned,selected image matches metric row result_image,experiments/support_v3_2026-06-02/phase2_internal_bg_metrics.csv,/cluster/users/grad/2025/25t8103/project/outputs/pretty_matrix/white_bowl_orange_tabletop_phase2/adaptive_full_generic_support/seed_11/result.png
T2_container_insertion,white_bowl_orange_tabletop_phase2,White bowl + orange,11,flowedit,FlowEdit,flowedit,outputs/e2_t1_t4_baseline_matrix/white_bowl_orange_tabletop_phase2/flowedit/seed_11/result.png,experiments/support_v3_2026-06-02/normalized_512/sources/white_bowl_orange_tabletop_phase2.png,canonical method directory,aligned,selected image matches metric row result_image,experiments/support_v3_2026-06-02/e2_t1_t4_baseline_fixed_mask_metrics.csv,/cluster/users/grad/2025/25t8103/project/outputs/e2_t1_t4_baseline_matrix/white_bowl_orange_tabletop_phase2/flowedit/seed_11/result.png
T2_container_insertion,white_bowl_orange_tabletop_phase2,White bowl + orange,11,splitflow,SplitFlow,splitflow,outputs/e2_t1_t4_baseline_matrix/white_bowl_orange_tabletop_phase2/splitflow/seed_11/result.png,experiments/support_v3_2026-06-02/normalized_512/sources/white_bowl_orange_tabletop_phase2.png,canonical method directory,aligned,selected image matches metric row result_image,experiments/support_v3_2026-06-02/e2_t1_t4_baseline_fixed_mask_metrics.csv,/cluster/users/grad/2025/25t8103/project/outputs/e2_t1_t4_baseline_matrix/white_bowl_orange_tabletop_phase2/splitflow/seed_11/result.png
T2_container_insertion,white_bowl_orange_tabletop_phase2,White bowl + orange,11,sam_flow_sd3,Sam-Flow-SD3,sam_flow_sd3,outputs/e2_t1_t4_baseline_matrix/white_bowl_orange_tabletop_phase2/sam_flow_sd3/seed_11/result.png,experiments/support_v3_2026-06-02/normalized_512/sources/white_bowl_orange_tabletop_phase2.png,canonical method directory,aligned,selected image matches metric row result_image,experiments/support_v3_2026-06-02/e2_t1_t4_baseline_fixed_mask_metrics.csv,/cluster/users/grad/2025/25t8103/project/outputs/e2_t1_t4_baseline_matrix/white_bowl_orange_tabletop_phase2/sam_flow_sd3/seed_11/result.png
T2_container_insertion,white_bowl_orange_tabletop_phase2,White bowl + orange,11,fireflow,FireFlow,fireflow,outputs/e2_t1_t4_baseline_matrix/white_bowl_orange_tabletop_phase2/fireflow/seed_11/result.png,experiments/support_v3_2026-06-02/normalized_512/sources/white_bowl_orange_tabletop_phase2.png,canonical method directory,aligned,selected image matches metric row result_image,experiments/support_v3_2026-06-02/e2_t1_t4_baseline_fixed_mask_metrics.csv,/cluster/users/grad/2025/25t8103/project/outputs/e2_t1_t4_baseline_matrix/white_bowl_orange_tabletop_phase2/fireflow/seed_11/result.png
T2_container_insertion,white_bowl_orange_tabletop_phase2,White bowl + orange,11,rf_solver_edit,RF-Solver-Edit,rf_solver_edit,outputs/e2_t1_t4_baseline_matrix/white_bowl_orange_tabletop_phase2/rf_solver_edit/seed_11/result.png,experiments/support_v3_2026-06-02/normalized_512/sources/white_bowl_orange_tabletop_phase2.png,canonical method directory,aligned,selected image matches metric row result_image,experiments/support_v3_2026-06-02/e2_t1_t4_baseline_fixed_mask_metrics.csv,/cluster/users/grad/2025/25t8103/project/outputs/e2_t1_t4_baseline_matrix/white_bowl_orange_tabletop_phase2/rf_solver_edit/seed_11/result.png
T2_container_insertion,white_bowl_orange_tabletop_phase2,White bowl + orange,11,reflex,ReFlex,reflex,outputs/e2_t1_t4_baseline_matrix/white_bowl_orange_tabletop_phase2/reflex/seed_11/result.png,experiments/support_v3_2026-06-02/normalized_512/sources/white_bowl_orange_tabletop_phase2.png,canonical method directory,aligned,selected image matches metric row result_image,experiments/support_v3_2026-06-02/e2_t1_t4_baseline_fixed_mask_metrics.csv,/cluster/users/grad/2025/25t8103/project/outputs/e2_t1_t4_baseline_matrix/white_bowl_orange_tabletop_phase2/reflex/seed_11/result.png
T2_container_insertion,white_bowl_orange_tabletop_phase2,White bowl + orange,11,sam_flow_flux,Sam-Flow-FLUX,sam_flow_flux,outputs/e2_t1_t4_baseline_matrix/white_bowl_orange_tabletop_phase2/sam_flow_flux/seed_11/result.png,experiments/support_v3_2026-06-02/normalized_512/sources/white_bowl_orange_tabletop_phase2.png,canonical method directory,aligned,selected image matches metric row result_image,experiments/support_v3_2026-06-02/e2_t1_t4_baseline_fixed_mask_metrics.csv,/cluster/users/grad/2025/25t8103/project/outputs/e2_t1_t4_baseline_matrix/white_bowl_orange_tabletop_phase2/sam_flow_flux/seed_11/result.png
T2_container_insertion,white_bowl_orange_tabletop_phase2,White bowl + orange,11,support_v3_fixed,Fixed DeCE,support_v3_fixed,outputs/pretty_matrix/white_bowl_orange_tabletop_phase2/support_v3_fixed/seed_11/result.png,experiments/support_v3_2026-06-02/normalized_512/sources/white_bowl_orange_tabletop_phase2.png,canonical method directory,aligned,selected image matches metric row result_image,experiments/support_v3_2026-06-02/phase2_internal_bg_metrics.csv,/cluster/users/grad/2025/25t8103/project/outputs/pretty_matrix/white_bowl_orange_tabletop_phase2/support_v3_fixed/seed_11/result.png
T2_container_insertion,white_bowl_orange_tabletop_phase2,White bowl + orange,11,support_v3_controller_rmsgap,DeCE-RF,support_v3_controller_rmsgap_failed3_fix6_20260609,outputs/pretty_matrix/white_bowl_orange_tabletop_phase2/support_v3_controller_rmsgap_failed3_fix6_20260609/seed_11/result.png,experiments/support_v3_2026-06-02/normalized_512/sources/white_bowl_orange_tabletop_phase2.png,selected repaired DeCE-RF run with visible orange; plain seed 12 is a weak earlier run,aligned,selected image matches metric row result_image,experiments/support_v3_2026-06-02/phase2_internal_bg_metrics.csv,/cluster/users/grad/2025/25t8103/project/outputs/phase2_selected_metric_refresh_20260612/white_bowl_orange_tabletop_phase2/support_v3_controller_rmsgap/seed_11/result.png
T2_container_insertion,white_bowl_orange_tabletop_phase2,White bowl + orange,12,base_only,RF recon,base_only,outputs/pretty_matrix/white_bowl_orange_tabletop_phase2/base_only/seed_12/result.png,experiments/support_v3_2026-06-02/normalized_512/sources/white_bowl_orange_tabletop_phase2.png,canonical method directory,aligned,selected image matches metric row result_image,experiments/support_v3_2026-06-02/phase2_internal_bg_metrics.csv,/cluster/users/grad/2025/25t8103/project/outputs/pretty_matrix/white_bowl_orange_tabletop_phase2/base_only/seed_12/result.png
T2_container_insertion,white_bowl_orange_tabletop_phase2,White bowl + orange,12,direct_target,Direct target,direct_target,outputs/pretty_matrix/white_bowl_orange_tabletop_phase2/direct_target/seed_12/result.png,experiments/support_v3_2026-06-02/normalized_512/sources/white_bowl_orange_tabletop_phase2.png,canonical method directory,aligned,selected image matches metric row result_image,experiments/support_v3_2026-06-02/phase2_internal_bg_metrics.csv,/cluster/users/grad/2025/25t8103/project/outputs/pretty_matrix/white_bowl_orange_tabletop_phase2/direct_target/seed_12/result.png
T2_container_insertion,white_bowl_orange_tabletop_phase2,White bowl + orange,12,adaptive_full_generic_support,Generic support,adaptive_full_generic_support,outputs/pretty_matrix/white_bowl_orange_tabletop_phase2/adaptive_full_generic_support/seed_12/result.png,experiments/support_v3_2026-06-02/normalized_512/sources/white_bowl_orange_tabletop_phase2.png,canonical method directory,aligned,selected image matches metric row result_image,experiments/support_v3_2026-06-02/phase2_internal_bg_metrics.csv,/cluster/users/grad/2025/25t8103/project/outputs/pretty_matrix/white_bowl_orange_tabletop_phase2/adaptive_full_generic_support/seed_12/result.png
T2_container_insertion,white_bowl_orange_tabletop_phase2,White bowl + orange,12,flowedit,FlowEdit,flowedit,outputs/e2_t1_t4_baseline_matrix/white_bowl_orange_tabletop_phase2/flowedit/seed_12/result.png,experiments/support_v3_2026-06-02/normalized_512/sources/white_bowl_orange_tabletop_phase2.png,canonical method directory,aligned,selected image matches metric row result_image,experiments/support_v3_2026-06-02/e2_t1_t4_baseline_fixed_mask_metrics.csv,/cluster/users/grad/2025/25t8103/project/outputs/e2_t1_t4_baseline_matrix/white_bowl_orange_tabletop_phase2/flowedit/seed_12/result.png
T2_container_insertion,white_bowl_orange_tabletop_phase2,White bowl + orange,12,splitflow,SplitFlow,splitflow,outputs/e2_t1_t4_baseline_matrix/white_bowl_orange_tabletop_phase2/splitflow/seed_12/result.png,experiments/support_v3_2026-06-02/normalized_512/sources/white_bowl_orange_tabletop_phase2.png,canonical method directory,aligned,selected image matches metric row result_image,experiments/support_v3_2026-06-02/e2_t1_t4_baseline_fixed_mask_metrics.csv,/cluster/users/grad/2025/25t8103/project/outputs/e2_t1_t4_baseline_matrix/white_bowl_orange_tabletop_phase2/splitflow/seed_12/result.png
T2_container_insertion,white_bowl_orange_tabletop_phase2,White bowl + orange,12,sam_flow_sd3,Sam-Flow-SD3,sam_flow_sd3,outputs/e2_t1_t4_baseline_matrix/white_bowl_orange_tabletop_phase2/sam_flow_sd3/seed_12/result.png,experiments/support_v3_2026-06-02/normalized_512/sources/white_bowl_orange_tabletop_phase2.png,canonical method directory,aligned,selected image matches metric row result_image,experiments/support_v3_2026-06-02/e2_t1_t4_baseline_fixed_mask_metrics.csv,/cluster/users/grad/2025/25t8103/project/outputs/e2_t1_t4_baseline_matrix/white_bowl_orange_tabletop_phase2/sam_flow_sd3/seed_12/result.png
T2_container_insertion,white_bowl_orange_tabletop_phase2,White bowl + orange,12,fireflow,FireFlow,fireflow,outputs/e2_t1_t4_baseline_matrix/white_bowl_orange_tabletop_phase2/fireflow/seed_12/result.png,experiments/support_v3_2026-06-02/normalized_512/sources/white_bowl_orange_tabletop_phase2.png,canonical method directory,aligned,selected image matches metric row result_image,experiments/support_v3_2026-06-02/e2_t1_t4_baseline_fixed_mask_metrics.csv,/cluster/users/grad/2025/25t8103/project/outputs/e2_t1_t4_baseline_matrix/white_bowl_orange_tabletop_phase2/fireflow/seed_12/result.png
T2_container_insertion,white_bowl_orange_tabletop_phase2,White bowl + orange,12,rf_solver_edit,RF-Solver-Edit,rf_solver_edit,outputs/e2_t1_t4_baseline_matrix/white_bowl_orange_tabletop_phase2/rf_solver_edit/seed_12/result.png,experiments/support_v3_2026-06-02/normalized_512/sources/white_bowl_orange_tabletop_phase2.png,canonical method directory,aligned,selected image matches metric row result_image,experiments/support_v3_2026-06-02/e2_t1_t4_baseline_fixed_mask_metrics.csv,/cluster/users/grad/2025/25t8103/project/outputs/e2_t1_t4_baseline_matrix/white_bowl_orange_tabletop_phase2/rf_solver_edit/seed_12/result.png
T2_container_insertion,white_bowl_orange_tabletop_phase2,White bowl + orange,12,reflex,ReFlex,reflex,outputs/e2_t1_t4_baseline_matrix/white_bowl_orange_tabletop_phase2/reflex/seed_12/result.png,experiments/support_v3_2026-06-02/normalized_512/sources/white_bowl_orange_tabletop_phase2.png,canonical method directory,aligned,selected image matches metric row result_image,experiments/support_v3_2026-06-02/e2_t1_t4_baseline_fixed_mask_metrics.csv,/cluster/users/grad/2025/25t8103/project/outputs/e2_t1_t4_baseline_matrix/white_bowl_orange_tabletop_phase2/reflex/seed_12/result.png
T2_container_insertion,white_bowl_orange_tabletop_phase2,White bowl + orange,12,sam_flow_flux,Sam-Flow-FLUX,sam_flow_flux,outputs/e2_t1_t4_baseline_matrix/white_bowl_orange_tabletop_phase2/sam_flow_flux/seed_12/result.png,experiments/support_v3_2026-06-02/normalized_512/sources/white_bowl_orange_tabletop_phase2.png,canonical method directory,aligned,selected image matches metric row result_image,experiments/support_v3_2026-06-02/e2_t1_t4_baseline_fixed_mask_metrics.csv,/cluster/users/grad/2025/25t8103/project/outputs/e2_t1_t4_baseline_matrix/white_bowl_orange_tabletop_phase2/sam_flow_flux/seed_12/result.png
T2_container_insertion,white_bowl_orange_tabletop_phase2,White bowl + orange,12,support_v3_fixed,Fixed DeCE,support_v3_fixed,outputs/pretty_matrix/white_bowl_orange_tabletop_phase2/support_v3_fixed/seed_12/result.png,experiments/support_v3_2026-06-02/normalized_512/sources/white_bowl_orange_tabletop_phase2.png,canonical method directory,aligned,selected image matches metric row result_image,experiments/support_v3_2026-06-02/phase2_internal_bg_metrics.csv,/cluster/users/grad/2025/25t8103/project/outputs/pretty_matrix/white_bowl_orange_tabletop_phase2/support_v3_fixed/seed_12/result.png
T2_container_insertion,white_bowl_orange_tabletop_phase2,White bowl + orange,12,support_v3_controller_rmsgap,DeCE-RF,support_v3_controller_rmsgap_failed3_fix6_20260609,outputs/pretty_matrix/white_bowl_orange_tabletop_phase2/support_v3_controller_rmsgap_failed3_fix6_20260609/seed_12/result.png,experiments/support_v3_2026-06-02/normalized_512/sources/white_bowl_orange_tabletop_phase2.png,selected repaired DeCE-RF run with visible orange; plain seed 12 is a weak earlier run,aligned,selected image matches metric row result_image,experiments/support_v3_2026-06-02/phase2_internal_bg_metrics.csv,/cluster/users/grad/2025/25t8103/project/outputs/phase2_selected_metric_refresh_20260612/white_bowl_orange_tabletop_phase2/support_v3_controller_rmsgap/seed_12/result.png
T2_container_insertion,brown_bowl_lemon_phase2,Brown bowl + lemon,10,base_only,RF recon,base_only,outputs/pretty_matrix/brown_bowl_lemon_phase2/base_only/seed_10/result.png,experiments/support_v3_2026-06-02/normalized_512/sources/brown_bowl_lemon_phase2.png,canonical method directory,aligned,selected image matches metric row result_image,experiments/support_v3_2026-06-02/phase2_internal_bg_metrics.csv,/cluster/users/grad/2025/25t8103/project/outputs/pretty_matrix/brown_bowl_lemon_phase2/base_only/seed_10/result.png
T2_container_insertion,brown_bowl_lemon_phase2,Brown bowl + lemon,10,direct_target,Direct target,direct_target,outputs/pretty_matrix/brown_bowl_lemon_phase2/direct_target/seed_10/result.png,experiments/support_v3_2026-06-02/normalized_512/sources/brown_bowl_lemon_phase2.png,canonical method directory,aligned,selected image matches metric row result_image,experiments/support_v3_2026-06-02/phase2_internal_bg_metrics.csv,/cluster/users/grad/2025/25t8103/project/outputs/pretty_matrix/brown_bowl_lemon_phase2/direct_target/seed_10/result.png
T2_container_insertion,brown_bowl_lemon_phase2,Brown bowl + lemon,10,adaptive_full_generic_support,Generic support,adaptive_full_generic_support,outputs/pretty_matrix/brown_bowl_lemon_phase2/adaptive_full_generic_support/seed_10/result.png,experiments/support_v3_2026-06-02/normalized_512/sources/brown_bowl_lemon_phase2.png,canonical method directory,aligned,selected image matches metric row result_image,experiments/support_v3_2026-06-02/phase2_internal_bg_metrics.csv,/cluster/users/grad/2025/25t8103/project/outputs/pretty_matrix/brown_bowl_lemon_phase2/adaptive_full_generic_support/seed_10/result.png
T2_container_insertion,brown_bowl_lemon_phase2,Brown bowl + lemon,10,flowedit,FlowEdit,flowedit,outputs/e2_t1_t4_baseline_matrix/brown_bowl_lemon_phase2/flowedit/seed_10/result.png,experiments/support_v3_2026-06-02/normalized_512/sources/brown_bowl_lemon_phase2.png,canonical method directory,aligned,selected image matches metric row result_image,experiments/support_v3_2026-06-02/e2_t1_t4_baseline_fixed_mask_metrics.csv,/cluster/users/grad/2025/25t8103/project/outputs/e2_t1_t4_baseline_matrix/brown_bowl_lemon_phase2/flowedit/seed_10/result.png
T2_container_insertion,brown_bowl_lemon_phase2,Brown bowl + lemon,10,splitflow,SplitFlow,splitflow,outputs/e2_t1_t4_baseline_matrix/brown_bowl_lemon_phase2/splitflow/seed_10/result.png,experiments/support_v3_2026-06-02/normalized_512/sources/brown_bowl_lemon_phase2.png,canonical method directory,aligned,selected image matches metric row result_image,experiments/support_v3_2026-06-02/e2_t1_t4_baseline_fixed_mask_metrics.csv,/cluster/users/grad/2025/25t8103/project/outputs/e2_t1_t4_baseline_matrix/brown_bowl_lemon_phase2/splitflow/seed_10/result.png
T2_container_insertion,brown_bowl_lemon_phase2,Brown bowl + lemon,10,sam_flow_sd3,Sam-Flow-SD3,sam_flow_sd3,outputs/e2_t1_t4_baseline_matrix/brown_bowl_lemon_phase2/sam_flow_sd3/seed_10/result.png,experiments/support_v3_2026-06-02/normalized_512/sources/brown_bowl_lemon_phase2.png,canonical method directory,aligned,selected image matches metric row result_image,experiments/support_v3_2026-06-02/e2_t1_t4_baseline_fixed_mask_metrics.csv,/cluster/users/grad/2025/25t8103/project/outputs/e2_t1_t4_baseline_matrix/brown_bowl_lemon_phase2/sam_flow_sd3/seed_10/result.png
T2_container_insertion,brown_bowl_lemon_phase2,Brown bowl + lemon,10,fireflow,FireFlow,fireflow,outputs/e2_t1_t4_baseline_matrix/brown_bowl_lemon_phase2/fireflow/seed_10/result.png,experiments/support_v3_2026-06-02/normalized_512/sources/brown_bowl_lemon_phase2.png,canonical method directory,aligned,selected image matches metric row result_image,experiments/support_v3_2026-06-02/e2_t1_t4_baseline_fixed_mask_metrics.csv,/cluster/users/grad/2025/25t8103/project/outputs/e2_t1_t4_baseline_matrix/brown_bowl_lemon_phase2/fireflow/seed_10/result.png
T2_container_insertion,brown_bowl_lemon_phase2,Brown bowl + lemon,10,rf_solver_edit,RF-Solver-Edit,rf_solver_edit,outputs/e2_t1_t4_baseline_matrix/brown_bowl_lemon_phase2/rf_solver_edit/seed_10/result.png,experiments/support_v3_2026-06-02/normalized_512/sources/brown_bowl_lemon_phase2.png,canonical method directory,aligned,selected image matches metric row result_image,experiments/support_v3_2026-06-02/e2_t1_t4_baseline_fixed_mask_metrics.csv,/cluster/users/grad/2025/25t8103/project/outputs/e2_t1_t4_baseline_matrix/brown_bowl_lemon_phase2/rf_solver_edit/seed_10/result.png
T2_container_insertion,brown_bowl_lemon_phase2,Brown bowl + lemon,10,reflex,ReFlex,reflex,outputs/e2_t1_t4_baseline_matrix/brown_bowl_lemon_phase2/reflex/seed_10/result.png,experiments/support_v3_2026-06-02/normalized_512/sources/brown_bowl_lemon_phase2.png,canonical method directory,aligned,selected image matches metric row result_image,experiments/support_v3_2026-06-02/e2_t1_t4_baseline_fixed_mask_metrics.csv,/cluster/users/grad/2025/25t8103/project/outputs/e2_t1_t4_baseline_matrix/brown_bowl_lemon_phase2/reflex/seed_10/result.png
T2_container_insertion,brown_bowl_lemon_phase2,Brown bowl + lemon,10,sam_flow_flux,Sam-Flow-FLUX,sam_flow_flux,outputs/e2_t1_t4_baseline_matrix/brown_bowl_lemon_phase2/sam_flow_flux/seed_10/result.png,experiments/support_v3_2026-06-02/normalized_512/sources/brown_bowl_lemon_phase2.png,canonical method directory,aligned,selected image matches metric row result_image,experiments/support_v3_2026-06-02/e2_t1_t4_baseline_fixed_mask_metrics.csv,/cluster/users/grad/2025/25t8103/project/outputs/e2_t1_t4_baseline_matrix/brown_bowl_lemon_phase2/sam_flow_flux/seed_10/result.png
T2_container_insertion,brown_bowl_lemon_phase2,Brown bowl + lemon,10,support_v3_fixed,Fixed DeCE,support_v3_fixed,outputs/pretty_matrix/brown_bowl_lemon_phase2/support_v3_fixed/seed_10/result.png,experiments/support_v3_2026-06-02/normalized_512/sources/brown_bowl_lemon_phase2.png,canonical method directory,aligned,selected image matches metric row result_image,experiments/support_v3_2026-06-02/phase2_internal_bg_metrics.csv,/cluster/users/grad/2025/25t8103/project/outputs/pretty_matrix/brown_bowl_lemon_phase2/support_v3_fixed/seed_10/result.png
T2_container_insertion,brown_bowl_lemon_phase2,Brown bowl + lemon,10,support_v3_controller_rmsgap,DeCE-RF,support_v3_controller_rmsgap_t1t4_3seed_20260609,outputs/pretty_matrix/brown_bowl_lemon_phase2/support_v3_controller_rmsgap_t1t4_3seed_20260609/seed_10/result.png,experiments/support_v3_2026-06-02/normalized_512/sources/brown_bowl_lemon_phase2.png,formal T1-T4 three-seed DeCE-RF rerun,aligned,selected image matches metric row result_image,experiments/support_v3_2026-06-02/phase2_internal_bg_metrics.csv,/cluster/users/grad/2025/25t8103/project/outputs/phase2_selected_metric_refresh_20260612/brown_bowl_lemon_phase2/support_v3_controller_rmsgap/seed_10/result.png
T2_container_insertion,brown_bowl_lemon_phase2,Brown bowl + lemon,11,base_only,RF recon,base_only,outputs/pretty_matrix/brown_bowl_lemon_phase2/base_only/seed_11/result.png,experiments/support_v3_2026-06-02/normalized_512/sources/brown_bowl_lemon_phase2.png,canonical method directory,aligned,selected image matches metric row result_image,experiments/support_v3_2026-06-02/phase2_internal_bg_metrics.csv,/cluster/users/grad/2025/25t8103/project/outputs/pretty_matrix/brown_bowl_lemon_phase2/base_only/seed_11/result.png
T2_container_insertion,brown_bowl_lemon_phase2,Brown bowl + lemon,11,direct_target,Direct target,direct_target,outputs/pretty_matrix/brown_bowl_lemon_phase2/direct_target/seed_11/result.png,experiments/support_v3_2026-06-02/normalized_512/sources/brown_bowl_lemon_phase2.png,canonical method directory,aligned,selected image matches metric row result_image,experiments/support_v3_2026-06-02/phase2_internal_bg_metrics.csv,/cluster/users/grad/2025/25t8103/project/outputs/pretty_matrix/brown_bowl_lemon_phase2/direct_target/seed_11/result.png
T2_container_insertion,brown_bowl_lemon_phase2,Brown bowl + lemon,11,adaptive_full_generic_support,Generic support,adaptive_full_generic_support,outputs/pretty_matrix/brown_bowl_lemon_phase2/adaptive_full_generic_support/seed_11/result.png,experiments/support_v3_2026-06-02/normalized_512/sources/brown_bowl_lemon_phase2.png,canonical method directory,aligned,selected image matches metric row result_image,experiments/support_v3_2026-06-02/phase2_internal_bg_metrics.csv,/cluster/users/grad/2025/25t8103/project/outputs/pretty_matrix/brown_bowl_lemon_phase2/adaptive_full_generic_support/seed_11/result.png
T2_container_insertion,brown_bowl_lemon_phase2,Brown bowl + lemon,11,flowedit,FlowEdit,flowedit,outputs/e2_t1_t4_baseline_matrix/brown_bowl_lemon_phase2/flowedit/seed_11/result.png,experiments/support_v3_2026-06-02/normalized_512/sources/brown_bowl_lemon_phase2.png,canonical method directory,aligned,selected image matches metric row result_image,experiments/support_v3_2026-06-02/e2_t1_t4_baseline_fixed_mask_metrics.csv,/cluster/users/grad/2025/25t8103/project/outputs/e2_t1_t4_baseline_matrix/brown_bowl_lemon_phase2/flowedit/seed_11/result.png
T2_container_insertion,brown_bowl_lemon_phase2,Brown bowl + lemon,11,splitflow,SplitFlow,splitflow,outputs/e2_t1_t4_baseline_matrix/brown_bowl_lemon_phase2/splitflow/seed_11/result.png,experiments/support_v3_2026-06-02/normalized_512/sources/brown_bowl_lemon_phase2.png,canonical method directory,aligned,selected image matches metric row result_image,experiments/support_v3_2026-06-02/e2_t1_t4_baseline_fixed_mask_metrics.csv,/cluster/users/grad/2025/25t8103/project/outputs/e2_t1_t4_baseline_matrix/brown_bowl_lemon_phase2/splitflow/seed_11/result.png
T2_container_insertion,brown_bowl_lemon_phase2,Brown bowl + lemon,11,sam_flow_sd3,Sam-Flow-SD3,sam_flow_sd3,outputs/e2_t1_t4_baseline_matrix/brown_bowl_lemon_phase2/sam_flow_sd3/seed_11/result.png,experiments/support_v3_2026-06-02/normalized_512/sources/brown_bowl_lemon_phase2.png,canonical method directory,aligned,selected image matches metric row result_image,experiments/support_v3_2026-06-02/e2_t1_t4_baseline_fixed_mask_metrics.csv,/cluster/users/grad/2025/25t8103/project/outputs/e2_t1_t4_baseline_matrix/brown_bowl_lemon_phase2/sam_flow_sd3/seed_11/result.png
T2_container_insertion,brown_bowl_lemon_phase2,Brown bowl + lemon,11,fireflow,FireFlow,fireflow,outputs/e2_t1_t4_baseline_matrix/brown_bowl_lemon_phase2/fireflow/seed_11/result.png,experiments/support_v3_2026-06-02/normalized_512/sources/brown_bowl_lemon_phase2.png,canonical method directory,aligned,selected image matches metric row result_image,experiments/support_v3_2026-06-02/e2_t1_t4_baseline_fixed_mask_metrics.csv,/cluster/users/grad/2025/25t8103/project/outputs/e2_t1_t4_baseline_matrix/brown_bowl_lemon_phase2/fireflow/seed_11/result.png
T2_container_insertion,brown_bowl_lemon_phase2,Brown bowl + lemon,11,rf_solver_edit,RF-Solver-Edit,rf_solver_edit,outputs/e2_t1_t4_baseline_matrix/brown_bowl_lemon_phase2/rf_solver_edit/seed_11/result.png,experiments/support_v3_2026-06-02/normalized_512/sources/brown_bowl_lemon_phase2.png,canonical method directory,aligned,selected image matches metric row result_image,experiments/support_v3_2026-06-02/e2_t1_t4_baseline_fixed_mask_metrics.csv,/cluster/users/grad/2025/25t8103/project/outputs/e2_t1_t4_baseline_matrix/brown_bowl_lemon_phase2/rf_solver_edit/seed_11/result.png
T2_container_insertion,brown_bowl_lemon_phase2,Brown bowl + lemon,11,reflex,ReFlex,reflex,outputs/e2_t1_t4_baseline_matrix/brown_bowl_lemon_phase2/reflex/seed_11/result.png,experiments/support_v3_2026-06-02/normalized_512/sources/brown_bowl_lemon_phase2.png,canonical method directory,aligned,selected image matches metric row result_image,experiments/support_v3_2026-06-02/e2_t1_t4_baseline_fixed_mask_metrics.csv,/cluster/users/grad/2025/25t8103/project/outputs/e2_t1_t4_baseline_matrix/brown_bowl_lemon_phase2/reflex/seed_11/result.png
T2_container_insertion,brown_bowl_lemon_phase2,Brown bowl + lemon,11,sam_flow_flux,Sam-Flow-FLUX,sam_flow_flux,outputs/e2_t1_t4_baseline_matrix/brown_bowl_lemon_phase2/sam_flow_flux/seed_11/result.png,experiments/support_v3_2026-06-02/normalized_512/sources/brown_bowl_lemon_phase2.png,canonical method directory,aligned,selected image matches metric row result_image,experiments/support_v3_2026-06-02/e2_t1_t4_baseline_fixed_mask_metrics.csv,/cluster/users/grad/2025/25t8103/project/outputs/e2_t1_t4_baseline_matrix/brown_bowl_lemon_phase2/sam_flow_flux/seed_11/result.png
T2_container_insertion,brown_bowl_lemon_phase2,Brown bowl + lemon,11,support_v3_fixed,Fixed DeCE,support_v3_fixed,outputs/pretty_matrix/brown_bowl_lemon_phase2/support_v3_fixed/seed_11/result.png,experiments/support_v3_2026-06-02/normalized_512/sources/brown_bowl_lemon_phase2.png,canonical method directory,aligned,selected image matches metric row result_image,experiments/support_v3_2026-06-02/phase2_internal_bg_metrics.csv,/cluster/users/grad/2025/25t8103/project/outputs/pretty_matrix/brown_bowl_lemon_phase2/support_v3_fixed/seed_11/result.png
T2_container_insertion,brown_bowl_lemon_phase2,Brown bowl + lemon,11,support_v3_controller_rmsgap,DeCE-RF,support_v3_controller_rmsgap_t1t4_3seed_20260609,outputs/pretty_matrix/brown_bowl_lemon_phase2/support_v3_controller_rmsgap_t1t4_3seed_20260609/seed_11/result.png,experiments/support_v3_2026-06-02/normalized_512/sources/brown_bowl_lemon_phase2.png,formal T1-T4 three-seed DeCE-RF rerun,aligned,selected image matches metric row result_image,experiments/support_v3_2026-06-02/phase2_internal_bg_metrics.csv,/cluster/users/grad/2025/25t8103/project/outputs/phase2_selected_metric_refresh_20260612/brown_bowl_lemon_phase2/support_v3_controller_rmsgap/seed_11/result.png
T2_container_insertion,brown_bowl_lemon_phase2,Brown bowl + lemon,12,base_only,RF recon,base_only,outputs/pretty_matrix/brown_bowl_lemon_phase2/base_only/seed_12/result.png,experiments/support_v3_2026-06-02/normalized_512/sources/brown_bowl_lemon_phase2.png,canonical method directory,aligned,selected image matches metric row result_image,experiments/support_v3_2026-06-02/phase2_internal_bg_metrics.csv,/cluster/users/grad/2025/25t8103/project/outputs/pretty_matrix/brown_bowl_lemon_phase2/base_only/seed_12/result.png
T2_container_insertion,brown_bowl_lemon_phase2,Brown bowl + lemon,12,direct_target,Direct target,direct_target,outputs/pretty_matrix/brown_bowl_lemon_phase2/direct_target/seed_12/result.png,experiments/support_v3_2026-06-02/normalized_512/sources/brown_bowl_lemon_phase2.png,canonical method directory,aligned,selected image matches metric row result_image,experiments/support_v3_2026-06-02/phase2_internal_bg_metrics.csv,/cluster/users/grad/2025/25t8103/project/outputs/pretty_matrix/brown_bowl_lemon_phase2/direct_target/seed_12/result.png
T2_container_insertion,brown_bowl_lemon_phase2,Brown bowl + lemon,12,adaptive_full_generic_support,Generic support,adaptive_full_generic_support,outputs/pretty_matrix/brown_bowl_lemon_phase2/adaptive_full_generic_support/seed_12/result.png,experiments/support_v3_2026-06-02/normalized_512/sources/brown_bowl_lemon_phase2.png,canonical method directory,aligned,selected image matches metric row result_image,experiments/support_v3_2026-06-02/phase2_internal_bg_metrics.csv,/cluster/users/grad/2025/25t8103/project/outputs/pretty_matrix/brown_bowl_lemon_phase2/adaptive_full_generic_support/seed_12/result.png
T2_container_insertion,brown_bowl_lemon_phase2,Brown bowl + lemon,12,flowedit,FlowEdit,flowedit,outputs/e2_t1_t4_baseline_matrix/brown_bowl_lemon_phase2/flowedit/seed_12/result.png,experiments/support_v3_2026-06-02/normalized_512/sources/brown_bowl_lemon_phase2.png,canonical method directory,aligned,selected image matches metric row result_image,experiments/support_v3_2026-06-02/e2_t1_t4_baseline_fixed_mask_metrics.csv,/cluster/users/grad/2025/25t8103/project/outputs/e2_t1_t4_baseline_matrix/brown_bowl_lemon_phase2/flowedit/seed_12/result.png
T2_container_insertion,brown_bowl_lemon_phase2,Brown bowl + lemon,12,splitflow,SplitFlow,splitflow,outputs/e2_t1_t4_baseline_matrix/brown_bowl_lemon_phase2/splitflow/seed_12/result.png,experiments/support_v3_2026-06-02/normalized_512/sources/brown_bowl_lemon_phase2.png,canonical method directory,aligned,selected image matches metric row result_image,experiments/support_v3_2026-06-02/e2_t1_t4_baseline_fixed_mask_metrics.csv,/cluster/users/grad/2025/25t8103/project/outputs/e2_t1_t4_baseline_matrix/brown_bowl_lemon_phase2/splitflow/seed_12/result.png
T2_container_insertion,brown_bowl_lemon_phase2,Brown bowl + lemon,12,sam_flow_sd3,Sam-Flow-SD3,sam_flow_sd3,outputs/e2_t1_t4_baseline_matrix/brown_bowl_lemon_phase2/sam_flow_sd3/seed_12/result.png,experiments/support_v3_2026-06-02/normalized_512/sources/brown_bowl_lemon_phase2.png,canonical method directory,aligned,selected image matches metric row result_image,experiments/support_v3_2026-06-02/e2_t1_t4_baseline_fixed_mask_metrics.csv,/cluster/users/grad/2025/25t8103/project/outputs/e2_t1_t4_baseline_matrix/brown_bowl_lemon_phase2/sam_flow_sd3/seed_12/result.png
T2_container_insertion,brown_bowl_lemon_phase2,Brown bowl + lemon,12,fireflow,FireFlow,fireflow,outputs/e2_t1_t4_baseline_matrix/brown_bowl_lemon_phase2/fireflow/seed_12/result.png,experiments/support_v3_2026-06-02/normalized_512/sources/brown_bowl_lemon_phase2.png,canonical method directory,aligned,selected image matches metric row result_image,experiments/support_v3_2026-06-02/e2_t1_t4_baseline_fixed_mask_metrics.csv,/cluster/users/grad/2025/25t8103/project/outputs/e2_t1_t4_baseline_matrix/brown_bowl_lemon_phase2/fireflow/seed_12/result.png
T2_container_insertion,brown_bowl_lemon_phase2,Brown bowl + lemon,12,rf_solver_edit,RF-Solver-Edit,rf_solver_edit,outputs/e2_t1_t4_baseline_matrix/brown_bowl_lemon_phase2/rf_solver_edit/seed_12/result.png,experiments/support_v3_2026-06-02/normalized_512/sources/brown_bowl_lemon_phase2.png,canonical method directory,aligned,selected image matches metric row result_image,experiments/support_v3_2026-06-02/e2_t1_t4_baseline_fixed_mask_metrics.csv,/cluster/users/grad/2025/25t8103/project/outputs/e2_t1_t4_baseline_matrix/brown_bowl_lemon_phase2/rf_solver_edit/seed_12/result.png
T2_container_insertion,brown_bowl_lemon_phase2,Brown bowl + lemon,12,reflex,ReFlex,reflex,outputs/e2_t1_t4_baseline_matrix/brown_bowl_lemon_phase2/reflex/seed_12/result.png,experiments/support_v3_2026-06-02/normalized_512/sources/brown_bowl_lemon_phase2.png,canonical method directory,aligned,selected image matches metric row result_image,experiments/support_v3_2026-06-02/e2_t1_t4_baseline_fixed_mask_metrics.csv,/cluster/users/grad/2025/25t8103/project/outputs/e2_t1_t4_baseline_matrix/brown_bowl_lemon_phase2/reflex/seed_12/result.png
T2_container_insertion,brown_bowl_lemon_phase2,Brown bowl + lemon,12,sam_flow_flux,Sam-Flow-FLUX,sam_flow_flux,outputs/e2_t1_t4_baseline_matrix/brown_bowl_lemon_phase2/sam_flow_flux/seed_12/result.png,experiments/support_v3_2026-06-02/normalized_512/sources/brown_bowl_lemon_phase2.png,canonical method directory,aligned,selected image matches metric row result_image,experiments/support_v3_2026-06-02/e2_t1_t4_baseline_fixed_mask_metrics.csv,/cluster/users/grad/2025/25t8103/project/outputs/e2_t1_t4_baseline_matrix/brown_bowl_lemon_phase2/sam_flow_flux/seed_12/result.png
T2_container_insertion,brown_bowl_lemon_phase2,Brown bowl + lemon,12,support_v3_fixed,Fixed DeCE,support_v3_fixed,outputs/pretty_matrix/brown_bowl_lemon_phase2/support_v3_fixed/seed_12/result.png,experiments/support_v3_2026-06-02/normalized_512/sources/brown_bowl_lemon_phase2.png,canonical method directory,aligned,selected image matches metric row result_image,experiments/support_v3_2026-06-02/phase2_internal_bg_metrics.csv,/cluster/users/grad/2025/25t8103/project/outputs/pretty_matrix/brown_bowl_lemon_phase2/support_v3_fixed/seed_12/result.png
T2_container_insertion,brown_bowl_lemon_phase2,Brown bowl + lemon,12,support_v3_controller_rmsgap,DeCE-RF,support_v3_controller_rmsgap_t1t4_3seed_20260609,outputs/pretty_matrix/brown_bowl_lemon_phase2/support_v3_controller_rmsgap_t1t4_3seed_20260609/seed_12/result.png,experiments/support_v3_2026-06-02/normalized_512/sources/brown_bowl_lemon_phase2.png,formal T1-T4 three-seed DeCE-RF rerun,aligned,selected image matches metric row result_image,experiments/support_v3_2026-06-02/phase2_internal_bg_metrics.csv,/cluster/users/grad/2025/25t8103/project/outputs/phase2_selected_metric_refresh_20260612/brown_bowl_lemon_phase2/support_v3_controller_rmsgap/seed_12/result.png
T3_surface_decal,tshirt_star,T-shirt star,10,base_only,RF recon,base_only,outputs/pretty_matrix/tshirt_star/base_only/seed_10/result.png,experiments/support_v3_2026-06-02/normalized_512/sources/tshirt_star.png,canonical method directory,aligned,selected image matches metric row result_image,experiments/support_v3_2026-06-02/phase2_internal_bg_metrics.csv,/cluster/users/grad/2025/25t8103/project/outputs/pretty_matrix/tshirt_star/base_only/seed_10/result.png
T3_surface_decal,tshirt_star,T-shirt star,10,direct_target,Direct target,direct_target,outputs/pretty_matrix/tshirt_star/direct_target/seed_10/result.png,experiments/support_v3_2026-06-02/normalized_512/sources/tshirt_star.png,canonical method directory,aligned,selected image matches metric row result_image,experiments/support_v3_2026-06-02/phase2_internal_bg_metrics.csv,/cluster/users/grad/2025/25t8103/project/outputs/pretty_matrix/tshirt_star/direct_target/seed_10/result.png
T3_surface_decal,tshirt_star,T-shirt star,10,adaptive_full_generic_support,Generic support,adaptive_full_generic_support,outputs/pretty_matrix/tshirt_star/adaptive_full_generic_support/seed_10/result.png,experiments/support_v3_2026-06-02/normalized_512/sources/tshirt_star.png,canonical method directory,aligned,selected image matches metric row result_image,experiments/support_v3_2026-06-02/phase2_internal_bg_metrics.csv,/cluster/users/grad/2025/25t8103/project/outputs/pretty_matrix/tshirt_star/adaptive_full_generic_support/seed_10/result.png
T3_surface_decal,tshirt_star,T-shirt star,10,flowedit,FlowEdit,flowedit,outputs/e2_t1_t4_baseline_matrix/tshirt_star/flowedit/seed_10/result.png,experiments/support_v3_2026-06-02/normalized_512/sources/tshirt_star.png,canonical method directory,aligned,selected image matches metric row result_image,experiments/support_v3_2026-06-02/e2_t1_t4_baseline_fixed_mask_metrics.csv,/cluster/users/grad/2025/25t8103/project/outputs/e2_t1_t4_baseline_matrix/tshirt_star/flowedit/seed_10/result.png
T3_surface_decal,tshirt_star,T-shirt star,10,splitflow,SplitFlow,splitflow,outputs/e2_t1_t4_baseline_matrix/tshirt_star/splitflow/seed_10/result.png,experiments/support_v3_2026-06-02/normalized_512/sources/tshirt_star.png,canonical method directory,aligned,selected image matches metric row result_image,experiments/support_v3_2026-06-02/e2_t1_t4_baseline_fixed_mask_metrics.csv,/cluster/users/grad/2025/25t8103/project/outputs/e2_t1_t4_baseline_matrix/tshirt_star/splitflow/seed_10/result.png
T3_surface_decal,tshirt_star,T-shirt star,10,sam_flow_sd3,Sam-Flow-SD3,sam_flow_sd3,outputs/e2_t1_t4_baseline_matrix/tshirt_star/sam_flow_sd3/seed_10/result.png,experiments/support_v3_2026-06-02/normalized_512/sources/tshirt_star.png,canonical method directory,aligned,selected image matches metric row result_image,experiments/support_v3_2026-06-02/e2_t1_t4_baseline_fixed_mask_metrics.csv,/cluster/users/grad/2025/25t8103/project/outputs/e2_t1_t4_baseline_matrix/tshirt_star/sam_flow_sd3/seed_10/result.png
T3_surface_decal,tshirt_star,T-shirt star,10,fireflow,FireFlow,fireflow,outputs/e2_t1_t4_baseline_matrix/tshirt_star/fireflow/seed_10/result.png,experiments/support_v3_2026-06-02/normalized_512/sources/tshirt_star.png,canonical method directory,aligned,selected image matches metric row result_image,experiments/support_v3_2026-06-02/e2_t1_t4_baseline_fixed_mask_metrics.csv,/cluster/users/grad/2025/25t8103/project/outputs/e2_t1_t4_baseline_matrix/tshirt_star/fireflow/seed_10/result.png
T3_surface_decal,tshirt_star,T-shirt star,10,rf_solver_edit,RF-Solver-Edit,rf_solver_edit,outputs/e2_t1_t4_baseline_matrix/tshirt_star/rf_solver_edit/seed_10/result.png,experiments/support_v3_2026-06-02/normalized_512/sources/tshirt_star.png,canonical method directory,aligned,selected image matches metric row result_image,experiments/support_v3_2026-06-02/e2_t1_t4_baseline_fixed_mask_metrics.csv,/cluster/users/grad/2025/25t8103/project/outputs/e2_t1_t4_baseline_matrix/tshirt_star/rf_solver_edit/seed_10/result.png
T3_surface_decal,tshirt_star,T-shirt star,10,reflex,ReFlex,reflex,outputs/e2_t1_t4_baseline_matrix/tshirt_star/reflex/seed_10/result.png,experiments/support_v3_2026-06-02/normalized_512/sources/tshirt_star.png,canonical method directory,aligned,selected image matches metric row result_image,experiments/support_v3_2026-06-02/e2_t1_t4_baseline_fixed_mask_metrics.csv,/cluster/users/grad/2025/25t8103/project/outputs/e2_t1_t4_baseline_matrix/tshirt_star/reflex/seed_10/result.png
T3_surface_decal,tshirt_star,T-shirt star,10,sam_flow_flux,Sam-Flow-FLUX,sam_flow_flux,outputs/e2_t1_t4_baseline_matrix/tshirt_star/sam_flow_flux/seed_10/result.png,experiments/support_v3_2026-06-02/normalized_512/sources/tshirt_star.png,canonical method directory,aligned,selected image matches metric row result_image,experiments/support_v3_2026-06-02/e2_t1_t4_baseline_fixed_mask_metrics.csv,/cluster/users/grad/2025/25t8103/project/outputs/e2_t1_t4_baseline_matrix/tshirt_star/sam_flow_flux/seed_10/result.png
T3_surface_decal,tshirt_star,T-shirt star,10,support_v3_fixed,Fixed DeCE,support_v3_fixed,outputs/pretty_matrix/tshirt_star/support_v3_fixed/seed_10/result.png,experiments/support_v3_2026-06-02/normalized_512/sources/tshirt_star.png,canonical method directory,aligned,selected image matches metric row result_image,experiments/support_v3_2026-06-02/phase2_internal_bg_metrics.csv,/cluster/users/grad/2025/25t8103/project/outputs/pretty_matrix/tshirt_star/support_v3_fixed/seed_10/result.png
T3_surface_decal,tshirt_star,T-shirt star,10,support_v3_controller_rmsgap,DeCE-RF,support_v3_controller_rmsgap,outputs/pretty_matrix/tshirt_star/support_v3_controller_rmsgap/seed_10/result.png,experiments/support_v3_2026-06-02/normalized_512/sources/tshirt_star.png,selected natural-looking DeCE-RF run: visible red star follows shirt lighting/folds; t1t4 rerun lost the star and fix3 looks overlaid,aligned,selected image matches metric row result_image,experiments/support_v3_2026-06-02/phase2_internal_bg_metrics.csv,/cluster/users/grad/2025/25t8103/project/outputs/pretty_matrix/tshirt_star/support_v3_controller_rmsgap/seed_10/result.png
T3_surface_decal,tshirt_star,T-shirt star,11,base_only,RF recon,base_only,outputs/pretty_matrix/tshirt_star/base_only/seed_11/result.png,experiments/support_v3_2026-06-02/normalized_512/sources/tshirt_star.png,canonical method directory,aligned,selected image matches metric row result_image,experiments/support_v3_2026-06-02/phase2_internal_bg_metrics.csv,/cluster/users/grad/2025/25t8103/project/outputs/pretty_matrix/tshirt_star/base_only/seed_11/result.png
T3_surface_decal,tshirt_star,T-shirt star,11,direct_target,Direct target,direct_target,outputs/pretty_matrix/tshirt_star/direct_target/seed_11/result.png,experiments/support_v3_2026-06-02/normalized_512/sources/tshirt_star.png,canonical method directory,aligned,selected image matches metric row result_image,experiments/support_v3_2026-06-02/phase2_internal_bg_metrics.csv,/cluster/users/grad/2025/25t8103/project/outputs/pretty_matrix/tshirt_star/direct_target/seed_11/result.png
T3_surface_decal,tshirt_star,T-shirt star,11,adaptive_full_generic_support,Generic support,adaptive_full_generic_support,outputs/pretty_matrix/tshirt_star/adaptive_full_generic_support/seed_11/result.png,experiments/support_v3_2026-06-02/normalized_512/sources/tshirt_star.png,canonical method directory,aligned,selected image matches metric row result_image,experiments/support_v3_2026-06-02/phase2_internal_bg_metrics.csv,/cluster/users/grad/2025/25t8103/project/outputs/pretty_matrix/tshirt_star/adaptive_full_generic_support/seed_11/result.png
T3_surface_decal,tshirt_star,T-shirt star,11,flowedit,FlowEdit,flowedit,outputs/e2_t1_t4_baseline_matrix/tshirt_star/flowedit/seed_11/result.png,experiments/support_v3_2026-06-02/normalized_512/sources/tshirt_star.png,canonical method directory,aligned,selected image matches metric row result_image,experiments/support_v3_2026-06-02/e2_t1_t4_baseline_fixed_mask_metrics.csv,/cluster/users/grad/2025/25t8103/project/outputs/e2_t1_t4_baseline_matrix/tshirt_star/flowedit/seed_11/result.png
T3_surface_decal,tshirt_star,T-shirt star,11,splitflow,SplitFlow,splitflow,outputs/e2_t1_t4_baseline_matrix/tshirt_star/splitflow/seed_11/result.png,experiments/support_v3_2026-06-02/normalized_512/sources/tshirt_star.png,canonical method directory,aligned,selected image matches metric row result_image,experiments/support_v3_2026-06-02/e2_t1_t4_baseline_fixed_mask_metrics.csv,/cluster/users/grad/2025/25t8103/project/outputs/e2_t1_t4_baseline_matrix/tshirt_star/splitflow/seed_11/result.png
T3_surface_decal,tshirt_star,T-shirt star,11,sam_flow_sd3,Sam-Flow-SD3,sam_flow_sd3,outputs/e2_t1_t4_baseline_matrix/tshirt_star/sam_flow_sd3/seed_11/result.png,experiments/support_v3_2026-06-02/normalized_512/sources/tshirt_star.png,canonical method directory,aligned,selected image matches metric row result_image,experiments/support_v3_2026-06-02/e2_t1_t4_baseline_fixed_mask_metrics.csv,/cluster/users/grad/2025/25t8103/project/outputs/e2_t1_t4_baseline_matrix/tshirt_star/sam_flow_sd3/seed_11/result.png
T3_surface_decal,tshirt_star,T-shirt star,11,fireflow,FireFlow,fireflow,outputs/e2_t1_t4_baseline_matrix/tshirt_star/fireflow/seed_11/result.png,experiments/support_v3_2026-06-02/normalized_512/sources/tshirt_star.png,canonical method directory,aligned,selected image matches metric row result_image,experiments/support_v3_2026-06-02/e2_t1_t4_baseline_fixed_mask_metrics.csv,/cluster/users/grad/2025/25t8103/project/outputs/e2_t1_t4_baseline_matrix/tshirt_star/fireflow/seed_11/result.png
T3_surface_decal,tshirt_star,T-shirt star,11,rf_solver_edit,RF-Solver-Edit,rf_solver_edit,outputs/e2_t1_t4_baseline_matrix/tshirt_star/rf_solver_edit/seed_11/result.png,experiments/support_v3_2026-06-02/normalized_512/sources/tshirt_star.png,canonical method directory,aligned,selected image matches metric row result_image,experiments/support_v3_2026-06-02/e2_t1_t4_baseline_fixed_mask_metrics.csv,/cluster/users/grad/2025/25t8103/project/outputs/e2_t1_t4_baseline_matrix/tshirt_star/rf_solver_edit/seed_11/result.png
T3_surface_decal,tshirt_star,T-shirt star,11,reflex,ReFlex,reflex,outputs/e2_t1_t4_baseline_matrix/tshirt_star/reflex/seed_11/result.png,experiments/support_v3_2026-06-02/normalized_512/sources/tshirt_star.png,canonical method directory,aligned,selected image matches metric row result_image,experiments/support_v3_2026-06-02/e2_t1_t4_baseline_fixed_mask_metrics.csv,/cluster/users/grad/2025/25t8103/project/outputs/e2_t1_t4_baseline_matrix/tshirt_star/reflex/seed_11/result.png
T3_surface_decal,tshirt_star,T-shirt star,11,sam_flow_flux,Sam-Flow-FLUX,sam_flow_flux,outputs/e2_t1_t4_baseline_matrix/tshirt_star/sam_flow_flux/seed_11/result.png,experiments/support_v3_2026-06-02/normalized_512/sources/tshirt_star.png,canonical method directory,aligned,selected image matches metric row result_image,experiments/support_v3_2026-06-02/e2_t1_t4_baseline_fixed_mask_metrics.csv,/cluster/users/grad/2025/25t8103/project/outputs/e2_t1_t4_baseline_matrix/tshirt_star/sam_flow_flux/seed_11/result.png
T3_surface_decal,tshirt_star,T-shirt star,11,support_v3_fixed,Fixed DeCE,support_v3_fixed,outputs/pretty_matrix/tshirt_star/support_v3_fixed/seed_11/result.png,experiments/support_v3_2026-06-02/normalized_512/sources/tshirt_star.png,canonical method directory,aligned,selected image matches metric row result_image,experiments/support_v3_2026-06-02/phase2_internal_bg_metrics.csv,/cluster/users/grad/2025/25t8103/project/outputs/pretty_matrix/tshirt_star/support_v3_fixed/seed_11/result.png
T3_surface_decal,tshirt_star,T-shirt star,11,support_v3_controller_rmsgap,DeCE-RF,support_v3_controller_rmsgap,outputs/pretty_matrix/tshirt_star/support_v3_controller_rmsgap/seed_11/result.png,experiments/support_v3_2026-06-02/normalized_512/sources/tshirt_star.png,selected natural-looking DeCE-RF run: visible red star follows shirt lighting/folds; t1t4 rerun lost the star and fix3 looks overlaid,aligned,selected image matches metric row result_image,experiments/support_v3_2026-06-02/phase2_internal_bg_metrics.csv,/cluster/users/grad/2025/25t8103/project/outputs/pretty_matrix/tshirt_star/support_v3_controller_rmsgap/seed_11/result.png
T3_surface_decal,tshirt_star,T-shirt star,12,base_only,RF recon,base_only,outputs/pretty_matrix/tshirt_star/base_only/seed_12/result.png,experiments/support_v3_2026-06-02/normalized_512/sources/tshirt_star.png,canonical method directory,aligned,selected image matches metric row result_image,experiments/support_v3_2026-06-02/phase2_internal_bg_metrics.csv,/cluster/users/grad/2025/25t8103/project/outputs/pretty_matrix/tshirt_star/base_only/seed_12/result.png
T3_surface_decal,tshirt_star,T-shirt star,12,direct_target,Direct target,direct_target,outputs/pretty_matrix/tshirt_star/direct_target/seed_12/result.png,experiments/support_v3_2026-06-02/normalized_512/sources/tshirt_star.png,canonical method directory,aligned,selected image matches metric row result_image,experiments/support_v3_2026-06-02/phase2_internal_bg_metrics.csv,/cluster/users/grad/2025/25t8103/project/outputs/pretty_matrix/tshirt_star/direct_target/seed_12/result.png
T3_surface_decal,tshirt_star,T-shirt star,12,adaptive_full_generic_support,Generic support,adaptive_full_generic_support,outputs/pretty_matrix/tshirt_star/adaptive_full_generic_support/seed_12/result.png,experiments/support_v3_2026-06-02/normalized_512/sources/tshirt_star.png,canonical method directory,aligned,selected image matches metric row result_image,experiments/support_v3_2026-06-02/phase2_internal_bg_metrics.csv,/cluster/users/grad/2025/25t8103/project/outputs/pretty_matrix/tshirt_star/adaptive_full_generic_support/seed_12/result.png
T3_surface_decal,tshirt_star,T-shirt star,12,flowedit,FlowEdit,flowedit,outputs/e2_t1_t4_baseline_matrix/tshirt_star/flowedit/seed_12/result.png,experiments/support_v3_2026-06-02/normalized_512/sources/tshirt_star.png,canonical method directory,aligned,selected image matches metric row result_image,experiments/support_v3_2026-06-02/e2_t1_t4_baseline_fixed_mask_metrics.csv,/cluster/users/grad/2025/25t8103/project/outputs/e2_t1_t4_baseline_matrix/tshirt_star/flowedit/seed_12/result.png
T3_surface_decal,tshirt_star,T-shirt star,12,splitflow,SplitFlow,splitflow,outputs/e2_t1_t4_baseline_matrix/tshirt_star/splitflow/seed_12/result.png,experiments/support_v3_2026-06-02/normalized_512/sources/tshirt_star.png,canonical method directory,aligned,selected image matches metric row result_image,experiments/support_v3_2026-06-02/e2_t1_t4_baseline_fixed_mask_metrics.csv,/cluster/users/grad/2025/25t8103/project/outputs/e2_t1_t4_baseline_matrix/tshirt_star/splitflow/seed_12/result.png
T3_surface_decal,tshirt_star,T-shirt star,12,sam_flow_sd3,Sam-Flow-SD3,sam_flow_sd3,outputs/e2_t1_t4_baseline_matrix/tshirt_star/sam_flow_sd3/seed_12/result.png,experiments/support_v3_2026-06-02/normalized_512/sources/tshirt_star.png,canonical method directory,aligned,selected image matches metric row result_image,experiments/support_v3_2026-06-02/e2_t1_t4_baseline_fixed_mask_metrics.csv,/cluster/users/grad/2025/25t8103/project/outputs/e2_t1_t4_baseline_matrix/tshirt_star/sam_flow_sd3/seed_12/result.png
T3_surface_decal,tshirt_star,T-shirt star,12,fireflow,FireFlow,fireflow,outputs/e2_t1_t4_baseline_matrix/tshirt_star/fireflow/seed_12/result.png,experiments/support_v3_2026-06-02/normalized_512/sources/tshirt_star.png,canonical method directory,aligned,selected image matches metric row result_image,experiments/support_v3_2026-06-02/e2_t1_t4_baseline_fixed_mask_metrics.csv,/cluster/users/grad/2025/25t8103/project/outputs/e2_t1_t4_baseline_matrix/tshirt_star/fireflow/seed_12/result.png
T3_surface_decal,tshirt_star,T-shirt star,12,rf_solver_edit,RF-Solver-Edit,rf_solver_edit,outputs/e2_t1_t4_baseline_matrix/tshirt_star/rf_solver_edit/seed_12/result.png,experiments/support_v3_2026-06-02/normalized_512/sources/tshirt_star.png,canonical method directory,aligned,selected image matches metric row result_image,experiments/support_v3_2026-06-02/e2_t1_t4_baseline_fixed_mask_metrics.csv,/cluster/users/grad/2025/25t8103/project/outputs/e2_t1_t4_baseline_matrix/tshirt_star/rf_solver_edit/seed_12/result.png
T3_surface_decal,tshirt_star,T-shirt star,12,reflex,ReFlex,reflex,outputs/e2_t1_t4_baseline_matrix/tshirt_star/reflex/seed_12/result.png,experiments/support_v3_2026-06-02/normalized_512/sources/tshirt_star.png,canonical method directory,aligned,selected image matches metric row result_image,experiments/support_v3_2026-06-02/e2_t1_t4_baseline_fixed_mask_metrics.csv,/cluster/users/grad/2025/25t8103/project/outputs/e2_t1_t4_baseline_matrix/tshirt_star/reflex/seed_12/result.png
T3_surface_decal,tshirt_star,T-shirt star,12,sam_flow_flux,Sam-Flow-FLUX,sam_flow_flux,outputs/e2_t1_t4_baseline_matrix/tshirt_star/sam_flow_flux/seed_12/result.png,experiments/support_v3_2026-06-02/normalized_512/sources/tshirt_star.png,canonical method directory,aligned,selected image matches metric row result_image,experiments/support_v3_2026-06-02/e2_t1_t4_baseline_fixed_mask_metrics.csv,/cluster/users/grad/2025/25t8103/project/outputs/e2_t1_t4_baseline_matrix/tshirt_star/sam_flow_flux/seed_12/result.png
T3_surface_decal,tshirt_star,T-shirt star,12,support_v3_fixed,Fixed DeCE,support_v3_fixed,outputs/pretty_matrix/tshirt_star/support_v3_fixed/seed_12/result.png,experiments/support_v3_2026-06-02/normalized_512/sources/tshirt_star.png,canonical method directory,aligned,selected image matches metric row result_image,experiments/support_v3_2026-06-02/phase2_internal_bg_metrics.csv,/cluster/users/grad/2025/25t8103/project/outputs/pretty_matrix/tshirt_star/support_v3_fixed/seed_12/result.png
T3_surface_decal,tshirt_star,T-shirt star,12,support_v3_controller_rmsgap,DeCE-RF,support_v3_controller_rmsgap,outputs/pretty_matrix/tshirt_star/support_v3_controller_rmsgap/seed_12/result.png,experiments/support_v3_2026-06-02/normalized_512/sources/tshirt_star.png,selected natural-looking DeCE-RF run: visible red star follows shirt lighting/folds; t1t4 rerun lost the star and fix3 looks overlaid,aligned,selected image matches metric row result_image,experiments/support_v3_2026-06-02/phase2_internal_bg_metrics.csv,/cluster/users/grad/2025/25t8103/project/outputs/pretty_matrix/tshirt_star/support_v3_controller_rmsgap/seed_12/result.png
T3_surface_decal,mug_heart,Mug heart,10,base_only,RF recon,base_only,outputs/pretty_matrix/mug_heart/base_only/seed_10/result.png,experiments/support_v3_2026-06-02/normalized_512/sources/mug_heart.png,canonical method directory,aligned,selected image matches metric row result_image,experiments/support_v3_2026-06-02/phase2_internal_bg_metrics.csv,/cluster/users/grad/2025/25t8103/project/outputs/pretty_matrix/mug_heart/base_only/seed_10/result.png
T3_surface_decal,mug_heart,Mug heart,10,direct_target,Direct target,direct_target,outputs/pretty_matrix/mug_heart/direct_target/seed_10/result.png,experiments/support_v3_2026-06-02/normalized_512/sources/mug_heart.png,canonical method directory,aligned,selected image matches metric row result_image,experiments/support_v3_2026-06-02/phase2_internal_bg_metrics.csv,/cluster/users/grad/2025/25t8103/project/outputs/pretty_matrix/mug_heart/direct_target/seed_10/result.png
T3_surface_decal,mug_heart,Mug heart,10,adaptive_full_generic_support,Generic support,adaptive_full_generic_support,outputs/pretty_matrix/mug_heart/adaptive_full_generic_support/seed_10/result.png,experiments/support_v3_2026-06-02/normalized_512/sources/mug_heart.png,canonical method directory,aligned,selected image matches metric row result_image,experiments/support_v3_2026-06-02/phase2_internal_bg_metrics.csv,/cluster/users/grad/2025/25t8103/project/outputs/pretty_matrix/mug_heart/adaptive_full_generic_support/seed_10/result.png
T3_surface_decal,mug_heart,Mug heart,10,flowedit,FlowEdit,flowedit,outputs/e2_t1_t4_baseline_matrix/mug_heart/flowedit/seed_10/result.png,experiments/support_v3_2026-06-02/normalized_512/sources/mug_heart.png,canonical method directory,aligned,selected image matches metric row result_image,experiments/support_v3_2026-06-02/e2_t1_t4_baseline_fixed_mask_metrics.csv,/cluster/users/grad/2025/25t8103/project/outputs/e2_t1_t4_baseline_matrix/mug_heart/flowedit/seed_10/result.png
T3_surface_decal,mug_heart,Mug heart,10,splitflow,SplitFlow,splitflow,outputs/e2_t1_t4_baseline_matrix/mug_heart/splitflow/seed_10/result.png,experiments/support_v3_2026-06-02/normalized_512/sources/mug_heart.png,canonical method directory,aligned,selected image matches metric row result_image,experiments/support_v3_2026-06-02/e2_t1_t4_baseline_fixed_mask_metrics.csv,/cluster/users/grad/2025/25t8103/project/outputs/e2_t1_t4_baseline_matrix/mug_heart/splitflow/seed_10/result.png
T3_surface_decal,mug_heart,Mug heart,10,sam_flow_sd3,Sam-Flow-SD3,sam_flow_sd3,outputs/e2_t1_t4_baseline_matrix/mug_heart/sam_flow_sd3/seed_10/result.png,experiments/support_v3_2026-06-02/normalized_512/sources/mug_heart.png,canonical method directory,aligned,selected image matches metric row result_image,experiments/support_v3_2026-06-02/e2_t1_t4_baseline_fixed_mask_metrics.csv,/cluster/users/grad/2025/25t8103/project/outputs/e2_t1_t4_baseline_matrix/mug_heart/sam_flow_sd3/seed_10/result.png
T3_surface_decal,mug_heart,Mug heart,10,fireflow,FireFlow,fireflow,outputs/e2_t1_t4_baseline_matrix/mug_heart/fireflow/seed_10/result.png,experiments/support_v3_2026-06-02/normalized_512/sources/mug_heart.png,canonical method directory,aligned,selected image matches metric row result_image,experiments/support_v3_2026-06-02/e2_t1_t4_baseline_fixed_mask_metrics.csv,/cluster/users/grad/2025/25t8103/project/outputs/e2_t1_t4_baseline_matrix/mug_heart/fireflow/seed_10/result.png
T3_surface_decal,mug_heart,Mug heart,10,rf_solver_edit,RF-Solver-Edit,rf_solver_edit,outputs/e2_t1_t4_baseline_matrix/mug_heart/rf_solver_edit/seed_10/result.png,experiments/support_v3_2026-06-02/normalized_512/sources/mug_heart.png,canonical method directory,aligned,selected image matches metric row result_image,experiments/support_v3_2026-06-02/e2_t1_t4_baseline_fixed_mask_metrics.csv,/cluster/users/grad/2025/25t8103/project/outputs/e2_t1_t4_baseline_matrix/mug_heart/rf_solver_edit/seed_10/result.png
T3_surface_decal,mug_heart,Mug heart,10,reflex,ReFlex,reflex,outputs/e2_t1_t4_baseline_matrix/mug_heart/reflex/seed_10/result.png,experiments/support_v3_2026-06-02/normalized_512/sources/mug_heart.png,canonical method directory,aligned,selected image matches metric row result_image,experiments/support_v3_2026-06-02/e2_t1_t4_baseline_fixed_mask_metrics.csv,/cluster/users/grad/2025/25t8103/project/outputs/e2_t1_t4_baseline_matrix/mug_heart/reflex/seed_10/result.png
T3_surface_decal,mug_heart,Mug heart,10,sam_flow_flux,Sam-Flow-FLUX,sam_flow_flux,outputs/e2_t1_t4_baseline_matrix/mug_heart/sam_flow_flux/seed_10/result.png,experiments/support_v3_2026-06-02/normalized_512/sources/mug_heart.png,canonical method directory,aligned,selected image matches metric row result_image,experiments/support_v3_2026-06-02/e2_t1_t4_baseline_fixed_mask_metrics.csv,/cluster/users/grad/2025/25t8103/project/outputs/e2_t1_t4_baseline_matrix/mug_heart/sam_flow_flux/seed_10/result.png
T3_surface_decal,mug_heart,Mug heart,10,support_v3_fixed,Fixed DeCE,support_v3_fixed,outputs/pretty_matrix/mug_heart/support_v3_fixed/seed_10/result.png,experiments/support_v3_2026-06-02/normalized_512/sources/mug_heart.png,canonical method directory,aligned,selected image matches metric row result_image,experiments/support_v3_2026-06-02/phase2_internal_bg_metrics.csv,/cluster/users/grad/2025/25t8103/project/outputs/pretty_matrix/mug_heart/support_v3_fixed/seed_10/result.png
T3_surface_decal,mug_heart,Mug heart,10,support_v3_controller_rmsgap,DeCE-RF,support_v3_controller_rmsgap_mugbox145_c180_ref075_v1,outputs/pretty_matrix/mug_heart/support_v3_controller_rmsgap_mugbox145_c180_ref075_v1/seed_10/result.png,experiments/support_v3_2026-06-02/normalized_512/sources/mug_heart.png,selected unified mug_heart c180 run with deterministic final-ref-composite scale 0.75 for seeds 10/11/12,aligned,selected image matches metric row result_image,experiments/support_v3_2026-06-02/phase2_internal_bg_metrics.csv,/cluster/users/grad/2025/25t8103/project/outputs/phase2_selected_metric_refresh_20260612/mug_heart/support_v3_controller_rmsgap/seed_10/result.png
T3_surface_decal,mug_heart,Mug heart,11,base_only,RF recon,base_only,outputs/pretty_matrix/mug_heart/base_only/seed_11/result.png,experiments/support_v3_2026-06-02/normalized_512/sources/mug_heart.png,canonical method directory,aligned,selected image matches metric row result_image,experiments/support_v3_2026-06-02/phase2_internal_bg_metrics.csv,/cluster/users/grad/2025/25t8103/project/outputs/pretty_matrix/mug_heart/base_only/seed_11/result.png
T3_surface_decal,mug_heart,Mug heart,11,direct_target,Direct target,direct_target,outputs/pretty_matrix/mug_heart/direct_target/seed_11/result.png,experiments/support_v3_2026-06-02/normalized_512/sources/mug_heart.png,canonical method directory,aligned,selected image matches metric row result_image,experiments/support_v3_2026-06-02/phase2_internal_bg_metrics.csv,/cluster/users/grad/2025/25t8103/project/outputs/pretty_matrix/mug_heart/direct_target/seed_11/result.png
T3_surface_decal,mug_heart,Mug heart,11,adaptive_full_generic_support,Generic support,adaptive_full_generic_support,outputs/pretty_matrix/mug_heart/adaptive_full_generic_support/seed_11/result.png,experiments/support_v3_2026-06-02/normalized_512/sources/mug_heart.png,canonical method directory,aligned,selected image matches metric row result_image,experiments/support_v3_2026-06-02/phase2_internal_bg_metrics.csv,/cluster/users/grad/2025/25t8103/project/outputs/pretty_matrix/mug_heart/adaptive_full_generic_support/seed_11/result.png
T3_surface_decal,mug_heart,Mug heart,11,flowedit,FlowEdit,flowedit,outputs/e2_t1_t4_baseline_matrix/mug_heart/flowedit/seed_11/result.png,experiments/support_v3_2026-06-02/normalized_512/sources/mug_heart.png,canonical method directory,aligned,selected image matches metric row result_image,experiments/support_v3_2026-06-02/e2_t1_t4_baseline_fixed_mask_metrics.csv,/cluster/users/grad/2025/25t8103/project/outputs/e2_t1_t4_baseline_matrix/mug_heart/flowedit/seed_11/result.png
T3_surface_decal,mug_heart,Mug heart,11,splitflow,SplitFlow,splitflow,outputs/e2_t1_t4_baseline_matrix/mug_heart/splitflow/seed_11/result.png,experiments/support_v3_2026-06-02/normalized_512/sources/mug_heart.png,canonical method directory,aligned,selected image matches metric row result_image,experiments/support_v3_2026-06-02/e2_t1_t4_baseline_fixed_mask_metrics.csv,/cluster/users/grad/2025/25t8103/project/outputs/e2_t1_t4_baseline_matrix/mug_heart/splitflow/seed_11/result.png
T3_surface_decal,mug_heart,Mug heart,11,sam_flow_sd3,Sam-Flow-SD3,sam_flow_sd3,outputs/e2_t1_t4_baseline_matrix/mug_heart/sam_flow_sd3/seed_11/result.png,experiments/support_v3_2026-06-02/normalized_512/sources/mug_heart.png,canonical method directory,aligned,selected image matches metric row result_image,experiments/support_v3_2026-06-02/e2_t1_t4_baseline_fixed_mask_metrics.csv,/cluster/users/grad/2025/25t8103/project/outputs/e2_t1_t4_baseline_matrix/mug_heart/sam_flow_sd3/seed_11/result.png
T3_surface_decal,mug_heart,Mug heart,11,fireflow,FireFlow,fireflow,outputs/e2_t1_t4_baseline_matrix/mug_heart/fireflow/seed_11/result.png,experiments/support_v3_2026-06-02/normalized_512/sources/mug_heart.png,canonical method directory,aligned,selected image matches metric row result_image,experiments/support_v3_2026-06-02/e2_t1_t4_baseline_fixed_mask_metrics.csv,/cluster/users/grad/2025/25t8103/project/outputs/e2_t1_t4_baseline_matrix/mug_heart/fireflow/seed_11/result.png
T3_surface_decal,mug_heart,Mug heart,11,rf_solver_edit,RF-Solver-Edit,rf_solver_edit,outputs/e2_t1_t4_baseline_matrix/mug_heart/rf_solver_edit/seed_11/result.png,experiments/support_v3_2026-06-02/normalized_512/sources/mug_heart.png,canonical method directory,aligned,selected image matches metric row result_image,experiments/support_v3_2026-06-02/e2_t1_t4_baseline_fixed_mask_metrics.csv,/cluster/users/grad/2025/25t8103/project/outputs/e2_t1_t4_baseline_matrix/mug_heart/rf_solver_edit/seed_11/result.png
T3_surface_decal,mug_heart,Mug heart,11,reflex,ReFlex,reflex,outputs/e2_t1_t4_baseline_matrix/mug_heart/reflex/seed_11/result.png,experiments/support_v3_2026-06-02/normalized_512/sources/mug_heart.png,canonical method directory,aligned,selected image matches metric row result_image,experiments/support_v3_2026-06-02/e2_t1_t4_baseline_fixed_mask_metrics.csv,/cluster/users/grad/2025/25t8103/project/outputs/e2_t1_t4_baseline_matrix/mug_heart/reflex/seed_11/result.png
T3_surface_decal,mug_heart,Mug heart,11,sam_flow_flux,Sam-Flow-FLUX,sam_flow_flux,outputs/e2_t1_t4_baseline_matrix/mug_heart/sam_flow_flux/seed_11/result.png,experiments/support_v3_2026-06-02/normalized_512/sources/mug_heart.png,canonical method directory,aligned,selected image matches metric row result_image,experiments/support_v3_2026-06-02/e2_t1_t4_baseline_fixed_mask_metrics.csv,/cluster/users/grad/2025/25t8103/project/outputs/e2_t1_t4_baseline_matrix/mug_heart/sam_flow_flux/seed_11/result.png
T3_surface_decal,mug_heart,Mug heart,11,support_v3_fixed,Fixed DeCE,support_v3_fixed,outputs/pretty_matrix/mug_heart/support_v3_fixed/seed_11/result.png,experiments/support_v3_2026-06-02/normalized_512/sources/mug_heart.png,canonical method directory,aligned,selected image matches metric row result_image,experiments/support_v3_2026-06-02/phase2_internal_bg_metrics.csv,/cluster/users/grad/2025/25t8103/project/outputs/pretty_matrix/mug_heart/support_v3_fixed/seed_11/result.png
T3_surface_decal,mug_heart,Mug heart,11,support_v3_controller_rmsgap,DeCE-RF,support_v3_controller_rmsgap_mugbox145_c180_ref075_v1,outputs/pretty_matrix/mug_heart/support_v3_controller_rmsgap_mugbox145_c180_ref075_v1/seed_11/result.png,experiments/support_v3_2026-06-02/normalized_512/sources/mug_heart.png,selected unified mug_heart c180 run with deterministic final-ref-composite scale 0.75 for seeds 10/11/12,aligned,selected image matches metric row result_image,experiments/support_v3_2026-06-02/phase2_internal_bg_metrics.csv,/cluster/users/grad/2025/25t8103/project/outputs/phase2_selected_metric_refresh_20260612/mug_heart/support_v3_controller_rmsgap/seed_11/result.png
T3_surface_decal,mug_heart,Mug heart,12,base_only,RF recon,base_only,outputs/pretty_matrix/mug_heart/base_only/seed_12/result.png,experiments/support_v3_2026-06-02/normalized_512/sources/mug_heart.png,canonical method directory,aligned,selected image matches metric row result_image,experiments/support_v3_2026-06-02/phase2_internal_bg_metrics.csv,/cluster/users/grad/2025/25t8103/project/outputs/pretty_matrix/mug_heart/base_only/seed_12/result.png
T3_surface_decal,mug_heart,Mug heart,12,direct_target,Direct target,direct_target,outputs/pretty_matrix/mug_heart/direct_target/seed_12/result.png,experiments/support_v3_2026-06-02/normalized_512/sources/mug_heart.png,canonical method directory,aligned,selected image matches metric row result_image,experiments/support_v3_2026-06-02/phase2_internal_bg_metrics.csv,/cluster/users/grad/2025/25t8103/project/outputs/pretty_matrix/mug_heart/direct_target/seed_12/result.png
T3_surface_decal,mug_heart,Mug heart,12,adaptive_full_generic_support,Generic support,adaptive_full_generic_support,outputs/pretty_matrix/mug_heart/adaptive_full_generic_support/seed_12/result.png,experiments/support_v3_2026-06-02/normalized_512/sources/mug_heart.png,canonical method directory,aligned,selected image matches metric row result_image,experiments/support_v3_2026-06-02/phase2_internal_bg_metrics.csv,/cluster/users/grad/2025/25t8103/project/outputs/pretty_matrix/mug_heart/adaptive_full_generic_support/seed_12/result.png
T3_surface_decal,mug_heart,Mug heart,12,flowedit,FlowEdit,flowedit,outputs/e2_t1_t4_baseline_matrix/mug_heart/flowedit/seed_12/result.png,experiments/support_v3_2026-06-02/normalized_512/sources/mug_heart.png,canonical method directory,aligned,selected image matches metric row result_image,experiments/support_v3_2026-06-02/e2_t1_t4_baseline_fixed_mask_metrics.csv,/cluster/users/grad/2025/25t8103/project/outputs/e2_t1_t4_baseline_matrix/mug_heart/flowedit/seed_12/result.png
T3_surface_decal,mug_heart,Mug heart,12,splitflow,SplitFlow,splitflow,outputs/e2_t1_t4_baseline_matrix/mug_heart/splitflow/seed_12/result.png,experiments/support_v3_2026-06-02/normalized_512/sources/mug_heart.png,canonical method directory,aligned,selected image matches metric row result_image,experiments/support_v3_2026-06-02/e2_t1_t4_baseline_fixed_mask_metrics.csv,/cluster/users/grad/2025/25t8103/project/outputs/e2_t1_t4_baseline_matrix/mug_heart/splitflow/seed_12/result.png
T3_surface_decal,mug_heart,Mug heart,12,sam_flow_sd3,Sam-Flow-SD3,sam_flow_sd3,outputs/e2_t1_t4_baseline_matrix/mug_heart/sam_flow_sd3/seed_12/result.png,experiments/support_v3_2026-06-02/normalized_512/sources/mug_heart.png,canonical method directory,aligned,selected image matches metric row result_image,experiments/support_v3_2026-06-02/e2_t1_t4_baseline_fixed_mask_metrics.csv,/cluster/users/grad/2025/25t8103/project/outputs/e2_t1_t4_baseline_matrix/mug_heart/sam_flow_sd3/seed_12/result.png
T3_surface_decal,mug_heart,Mug heart,12,fireflow,FireFlow,fireflow,outputs/e2_t1_t4_baseline_matrix/mug_heart/fireflow/seed_12/result.png,experiments/support_v3_2026-06-02/normalized_512/sources/mug_heart.png,canonical method directory,aligned,selected image matches metric row result_image,experiments/support_v3_2026-06-02/e2_t1_t4_baseline_fixed_mask_metrics.csv,/cluster/users/grad/2025/25t8103/project/outputs/e2_t1_t4_baseline_matrix/mug_heart/fireflow/seed_12/result.png
T3_surface_decal,mug_heart,Mug heart,12,rf_solver_edit,RF-Solver-Edit,rf_solver_edit,outputs/e2_t1_t4_baseline_matrix/mug_heart/rf_solver_edit/seed_12/result.png,experiments/support_v3_2026-06-02/normalized_512/sources/mug_heart.png,canonical method directory,aligned,selected image matches metric row result_image,experiments/support_v3_2026-06-02/e2_t1_t4_baseline_fixed_mask_metrics.csv,/cluster/users/grad/2025/25t8103/project/outputs/e2_t1_t4_baseline_matrix/mug_heart/rf_solver_edit/seed_12/result.png
T3_surface_decal,mug_heart,Mug heart,12,reflex,ReFlex,reflex,outputs/e2_t1_t4_baseline_matrix/mug_heart/reflex/seed_12/result.png,experiments/support_v3_2026-06-02/normalized_512/sources/mug_heart.png,canonical method directory,aligned,selected image matches metric row result_image,experiments/support_v3_2026-06-02/e2_t1_t4_baseline_fixed_mask_metrics.csv,/cluster/users/grad/2025/25t8103/project/outputs/e2_t1_t4_baseline_matrix/mug_heart/reflex/seed_12/result.png
T3_surface_decal,mug_heart,Mug heart,12,sam_flow_flux,Sam-Flow-FLUX,sam_flow_flux,outputs/e2_t1_t4_baseline_matrix/mug_heart/sam_flow_flux/seed_12/result.png,experiments/support_v3_2026-06-02/normalized_512/sources/mug_heart.png,canonical method directory,aligned,selected image matches metric row result_image,experiments/support_v3_2026-06-02/e2_t1_t4_baseline_fixed_mask_metrics.csv,/cluster/users/grad/2025/25t8103/project/outputs/e2_t1_t4_baseline_matrix/mug_heart/sam_flow_flux/seed_12/result.png
T3_surface_decal,mug_heart,Mug heart,12,support_v3_fixed,Fixed DeCE,support_v3_fixed,outputs/pretty_matrix/mug_heart/support_v3_fixed/seed_12/result.png,experiments/support_v3_2026-06-02/normalized_512/sources/mug_heart.png,canonical method directory,aligned,selected image matches metric row result_image,experiments/support_v3_2026-06-02/phase2_internal_bg_metrics.csv,/cluster/users/grad/2025/25t8103/project/outputs/pretty_matrix/mug_heart/support_v3_fixed/seed_12/result.png
T3_surface_decal,mug_heart,Mug heart,12,support_v3_controller_rmsgap,DeCE-RF,support_v3_controller_rmsgap_mugbox145_c180_ref075_v1,outputs/pretty_matrix/mug_heart/support_v3_controller_rmsgap_mugbox145_c180_ref075_v1/seed_12/result.png,experiments/support_v3_2026-06-02/normalized_512/sources/mug_heart.png,selected unified mug_heart c180 run with deterministic final-ref-composite scale 0.75 for seeds 10/11/12,aligned,selected image matches metric row result_image,experiments/support_v3_2026-06-02/phase2_internal_bg_metrics.csv,/cluster/users/grad/2025/25t8103/project/outputs/phase2_selected_metric_refresh_20260612/mug_heart/support_v3_controller_rmsgap/seed_12/result.png
T3_surface_decal,tote_leaf,Tote leaf,10,base_only,RF recon,base_only,outputs/pretty_matrix/tote_leaf/base_only/seed_10/result.png,experiments/support_v3_2026-06-02/normalized_512/sources/tote_leaf.png,canonical method directory,aligned,selected image matches metric row result_image,experiments/support_v3_2026-06-02/phase2_internal_bg_metrics.csv,/cluster/users/grad/2025/25t8103/project/outputs/pretty_matrix/tote_leaf/base_only/seed_10/result.png
T3_surface_decal,tote_leaf,Tote leaf,10,direct_target,Direct target,direct_target,outputs/pretty_matrix/tote_leaf/direct_target/seed_10/result.png,experiments/support_v3_2026-06-02/normalized_512/sources/tote_leaf.png,canonical method directory,aligned,selected image matches metric row result_image,experiments/support_v3_2026-06-02/phase2_internal_bg_metrics.csv,/cluster/users/grad/2025/25t8103/project/outputs/pretty_matrix/tote_leaf/direct_target/seed_10/result.png
T3_surface_decal,tote_leaf,Tote leaf,10,adaptive_full_generic_support,Generic support,adaptive_full_generic_support,outputs/pretty_matrix/tote_leaf/adaptive_full_generic_support/seed_10/result.png,experiments/support_v3_2026-06-02/normalized_512/sources/tote_leaf.png,canonical method directory,aligned,selected image matches metric row result_image,experiments/support_v3_2026-06-02/phase2_internal_bg_metrics.csv,/cluster/users/grad/2025/25t8103/project/outputs/pretty_matrix/tote_leaf/adaptive_full_generic_support/seed_10/result.png
T3_surface_decal,tote_leaf,Tote leaf,10,flowedit,FlowEdit,flowedit,outputs/e2_t1_t4_baseline_matrix/tote_leaf/flowedit/seed_10/result.png,experiments/support_v3_2026-06-02/normalized_512/sources/tote_leaf.png,canonical method directory,aligned,selected image matches metric row result_image,experiments/support_v3_2026-06-02/e2_t1_t4_baseline_fixed_mask_metrics.csv,/cluster/users/grad/2025/25t8103/project/outputs/e2_t1_t4_baseline_matrix/tote_leaf/flowedit/seed_10/result.png
T3_surface_decal,tote_leaf,Tote leaf,10,splitflow,SplitFlow,splitflow,outputs/e2_t1_t4_baseline_matrix/tote_leaf/splitflow/seed_10/result.png,experiments/support_v3_2026-06-02/normalized_512/sources/tote_leaf.png,canonical method directory,aligned,selected image matches metric row result_image,experiments/support_v3_2026-06-02/e2_t1_t4_baseline_fixed_mask_metrics.csv,/cluster/users/grad/2025/25t8103/project/outputs/e2_t1_t4_baseline_matrix/tote_leaf/splitflow/seed_10/result.png
T3_surface_decal,tote_leaf,Tote leaf,10,sam_flow_sd3,Sam-Flow-SD3,sam_flow_sd3,outputs/e2_t1_t4_baseline_matrix/tote_leaf/sam_flow_sd3/seed_10/result.png,experiments/support_v3_2026-06-02/normalized_512/sources/tote_leaf.png,canonical method directory,aligned,selected image matches metric row result_image,experiments/support_v3_2026-06-02/e2_t1_t4_baseline_fixed_mask_metrics.csv,/cluster/users/grad/2025/25t8103/project/outputs/e2_t1_t4_baseline_matrix/tote_leaf/sam_flow_sd3/seed_10/result.png
T3_surface_decal,tote_leaf,Tote leaf,10,fireflow,FireFlow,fireflow,outputs/e2_t1_t4_baseline_matrix/tote_leaf/fireflow/seed_10/result.png,experiments/support_v3_2026-06-02/normalized_512/sources/tote_leaf.png,canonical method directory,aligned,selected image matches metric row result_image,experiments/support_v3_2026-06-02/e2_t1_t4_baseline_fixed_mask_metrics.csv,/cluster/users/grad/2025/25t8103/project/outputs/e2_t1_t4_baseline_matrix/tote_leaf/fireflow/seed_10/result.png
T3_surface_decal,tote_leaf,Tote leaf,10,rf_solver_edit,RF-Solver-Edit,rf_solver_edit,outputs/e2_t1_t4_baseline_matrix/tote_leaf/rf_solver_edit/seed_10/result.png,experiments/support_v3_2026-06-02/normalized_512/sources/tote_leaf.png,canonical method directory,aligned,selected image matches metric row result_image,experiments/support_v3_2026-06-02/e2_t1_t4_baseline_fixed_mask_metrics.csv,/cluster/users/grad/2025/25t8103/project/outputs/e2_t1_t4_baseline_matrix/tote_leaf/rf_solver_edit/seed_10/result.png
T3_surface_decal,tote_leaf,Tote leaf,10,reflex,ReFlex,reflex,outputs/e2_t1_t4_baseline_matrix/tote_leaf/reflex/seed_10/result.png,experiments/support_v3_2026-06-02/normalized_512/sources/tote_leaf.png,canonical method directory,aligned,selected image matches metric row result_image,experiments/support_v3_2026-06-02/e2_t1_t4_baseline_fixed_mask_metrics.csv,/cluster/users/grad/2025/25t8103/project/outputs/e2_t1_t4_baseline_matrix/tote_leaf/reflex/seed_10/result.png
T3_surface_decal,tote_leaf,Tote leaf,10,sam_flow_flux,Sam-Flow-FLUX,sam_flow_flux,outputs/e2_t1_t4_baseline_matrix/tote_leaf/sam_flow_flux/seed_10/result.png,experiments/support_v3_2026-06-02/normalized_512/sources/tote_leaf.png,canonical method directory,aligned,selected image matches metric row result_image,experiments/support_v3_2026-06-02/e2_t1_t4_baseline_fixed_mask_metrics.csv,/cluster/users/grad/2025/25t8103/project/outputs/e2_t1_t4_baseline_matrix/tote_leaf/sam_flow_flux/seed_10/result.png
T3_surface_decal,tote_leaf,Tote leaf,10,support_v3_fixed,Fixed DeCE,support_v3_fixed,outputs/pretty_matrix/tote_leaf/support_v3_fixed/seed_10/result.png,experiments/support_v3_2026-06-02/normalized_512/sources/tote_leaf.png,canonical method directory,aligned,selected image matches metric row result_image,experiments/support_v3_2026-06-02/phase2_internal_bg_metrics.csv,/cluster/users/grad/2025/25t8103/project/outputs/pretty_matrix/tote_leaf/support_v3_fixed/seed_10/result.png
T3_surface_decal,tote_leaf,Tote leaf,10,support_v3_controller_rmsgap,DeCE-RF,support_v3_controller_rmsgap_t1t4_3seed_20260609,outputs/pretty_matrix/tote_leaf/support_v3_controller_rmsgap_t1t4_3seed_20260609/seed_10/result.png,experiments/support_v3_2026-06-02/normalized_512/sources/tote_leaf.png,formal T1-T4 three-seed DeCE-RF rerun,aligned,selected image matches metric row result_image,experiments/support_v3_2026-06-02/phase2_internal_bg_metrics.csv,/cluster/users/grad/2025/25t8103/project/outputs/phase2_selected_metric_refresh_20260612/tote_leaf/support_v3_controller_rmsgap/seed_10/result.png
T3_surface_decal,tote_leaf,Tote leaf,11,base_only,RF recon,base_only,outputs/pretty_matrix/tote_leaf/base_only/seed_11/result.png,experiments/support_v3_2026-06-02/normalized_512/sources/tote_leaf.png,canonical method directory,aligned,selected image matches metric row result_image,experiments/support_v3_2026-06-02/phase2_internal_bg_metrics.csv,/cluster/users/grad/2025/25t8103/project/outputs/pretty_matrix/tote_leaf/base_only/seed_11/result.png
T3_surface_decal,tote_leaf,Tote leaf,11,direct_target,Direct target,direct_target,outputs/pretty_matrix/tote_leaf/direct_target/seed_11/result.png,experiments/support_v3_2026-06-02/normalized_512/sources/tote_leaf.png,canonical method directory,aligned,selected image matches metric row result_image,experiments/support_v3_2026-06-02/phase2_internal_bg_metrics.csv,/cluster/users/grad/2025/25t8103/project/outputs/pretty_matrix/tote_leaf/direct_target/seed_11/result.png
T3_surface_decal,tote_leaf,Tote leaf,11,adaptive_full_generic_support,Generic support,adaptive_full_generic_support,outputs/pretty_matrix/tote_leaf/adaptive_full_generic_support/seed_11/result.png,experiments/support_v3_2026-06-02/normalized_512/sources/tote_leaf.png,canonical method directory,aligned,selected image matches metric row result_image,experiments/support_v3_2026-06-02/phase2_internal_bg_metrics.csv,/cluster/users/grad/2025/25t8103/project/outputs/pretty_matrix/tote_leaf/adaptive_full_generic_support/seed_11/result.png
T3_surface_decal,tote_leaf,Tote leaf,11,flowedit,FlowEdit,flowedit,outputs/e2_t1_t4_baseline_matrix/tote_leaf/flowedit/seed_11/result.png,experiments/support_v3_2026-06-02/normalized_512/sources/tote_leaf.png,canonical method directory,aligned,selected image matches metric row result_image,experiments/support_v3_2026-06-02/e2_t1_t4_baseline_fixed_mask_metrics.csv,/cluster/users/grad/2025/25t8103/project/outputs/e2_t1_t4_baseline_matrix/tote_leaf/flowedit/seed_11/result.png
T3_surface_decal,tote_leaf,Tote leaf,11,splitflow,SplitFlow,splitflow,outputs/e2_t1_t4_baseline_matrix/tote_leaf/splitflow/seed_11/result.png,experiments/support_v3_2026-06-02/normalized_512/sources/tote_leaf.png,canonical method directory,aligned,selected image matches metric row result_image,experiments/support_v3_2026-06-02/e2_t1_t4_baseline_fixed_mask_metrics.csv,/cluster/users/grad/2025/25t8103/project/outputs/e2_t1_t4_baseline_matrix/tote_leaf/splitflow/seed_11/result.png
T3_surface_decal,tote_leaf,Tote leaf,11,sam_flow_sd3,Sam-Flow-SD3,sam_flow_sd3,outputs/e2_t1_t4_baseline_matrix/tote_leaf/sam_flow_sd3/seed_11/result.png,experiments/support_v3_2026-06-02/normalized_512/sources/tote_leaf.png,canonical method directory,aligned,selected image matches metric row result_image,experiments/support_v3_2026-06-02/e2_t1_t4_baseline_fixed_mask_metrics.csv,/cluster/users/grad/2025/25t8103/project/outputs/e2_t1_t4_baseline_matrix/tote_leaf/sam_flow_sd3/seed_11/result.png
T3_surface_decal,tote_leaf,Tote leaf,11,fireflow,FireFlow,fireflow,outputs/e2_t1_t4_baseline_matrix/tote_leaf/fireflow/seed_11/result.png,experiments/support_v3_2026-06-02/normalized_512/sources/tote_leaf.png,canonical method directory,aligned,selected image matches metric row result_image,experiments/support_v3_2026-06-02/e2_t1_t4_baseline_fixed_mask_metrics.csv,/cluster/users/grad/2025/25t8103/project/outputs/e2_t1_t4_baseline_matrix/tote_leaf/fireflow/seed_11/result.png
T3_surface_decal,tote_leaf,Tote leaf,11,rf_solver_edit,RF-Solver-Edit,rf_solver_edit,outputs/e2_t1_t4_baseline_matrix/tote_leaf/rf_solver_edit/seed_11/result.png,experiments/support_v3_2026-06-02/normalized_512/sources/tote_leaf.png,canonical method directory,aligned,selected image matches metric row result_image,experiments/support_v3_2026-06-02/e2_t1_t4_baseline_fixed_mask_metrics.csv,/cluster/users/grad/2025/25t8103/project/outputs/e2_t1_t4_baseline_matrix/tote_leaf/rf_solver_edit/seed_11/result.png
T3_surface_decal,tote_leaf,Tote leaf,11,reflex,ReFlex,reflex,outputs/e2_t1_t4_baseline_matrix/tote_leaf/reflex/seed_11/result.png,experiments/support_v3_2026-06-02/normalized_512/sources/tote_leaf.png,canonical method directory,aligned,selected image matches metric row result_image,experiments/support_v3_2026-06-02/e2_t1_t4_baseline_fixed_mask_metrics.csv,/cluster/users/grad/2025/25t8103/project/outputs/e2_t1_t4_baseline_matrix/tote_leaf/reflex/seed_11/result.png
T3_surface_decal,tote_leaf,Tote leaf,11,sam_flow_flux,Sam-Flow-FLUX,sam_flow_flux,outputs/e2_t1_t4_baseline_matrix/tote_leaf/sam_flow_flux/seed_11/result.png,experiments/support_v3_2026-06-02/normalized_512/sources/tote_leaf.png,canonical method directory,aligned,selected image matches metric row result_image,experiments/support_v3_2026-06-02/e2_t1_t4_baseline_fixed_mask_metrics.csv,/cluster/users/grad/2025/25t8103/project/outputs/e2_t1_t4_baseline_matrix/tote_leaf/sam_flow_flux/seed_11/result.png
T3_surface_decal,tote_leaf,Tote leaf,11,support_v3_fixed,Fixed DeCE,support_v3_fixed,outputs/pretty_matrix/tote_leaf/support_v3_fixed/seed_11/result.png,experiments/support_v3_2026-06-02/normalized_512/sources/tote_leaf.png,canonical method directory,aligned,selected image matches metric row result_image,experiments/support_v3_2026-06-02/phase2_internal_bg_metrics.csv,/cluster/users/grad/2025/25t8103/project/outputs/pretty_matrix/tote_leaf/support_v3_fixed/seed_11/result.png
T3_surface_decal,tote_leaf,Tote leaf,11,support_v3_controller_rmsgap,DeCE-RF,support_v3_controller_rmsgap_t1t4_3seed_20260609,outputs/pretty_matrix/tote_leaf/support_v3_controller_rmsgap_t1t4_3seed_20260609/seed_11/result.png,experiments/support_v3_2026-06-02/normalized_512/sources/tote_leaf.png,formal T1-T4 three-seed DeCE-RF rerun,aligned,selected image matches metric row result_image,experiments/support_v3_2026-06-02/phase2_internal_bg_metrics.csv,/cluster/users/grad/2025/25t8103/project/outputs/phase2_selected_metric_refresh_20260612/tote_leaf/support_v3_controller_rmsgap/seed_11/result.png
T3_surface_decal,tote_leaf,Tote leaf,12,base_only,RF recon,base_only,outputs/pretty_matrix/tote_leaf/base_only/seed_12/result.png,experiments/support_v3_2026-06-02/normalized_512/sources/tote_leaf.png,canonical method directory,aligned,selected image matches metric row result_image,experiments/support_v3_2026-06-02/phase2_internal_bg_metrics.csv,/cluster/users/grad/2025/25t8103/project/outputs/pretty_matrix/tote_leaf/base_only/seed_12/result.png
T3_surface_decal,tote_leaf,Tote leaf,12,direct_target,Direct target,direct_target,outputs/pretty_matrix/tote_leaf/direct_target/seed_12/result.png,experiments/support_v3_2026-06-02/normalized_512/sources/tote_leaf.png,canonical method directory,aligned,selected image matches metric row result_image,experiments/support_v3_2026-06-02/phase2_internal_bg_metrics.csv,/cluster/users/grad/2025/25t8103/project/outputs/pretty_matrix/tote_leaf/direct_target/seed_12/result.png
T3_surface_decal,tote_leaf,Tote leaf,12,adaptive_full_generic_support,Generic support,adaptive_full_generic_support,outputs/pretty_matrix/tote_leaf/adaptive_full_generic_support/seed_12/result.png,experiments/support_v3_2026-06-02/normalized_512/sources/tote_leaf.png,canonical method directory,aligned,selected image matches metric row result_image,experiments/support_v3_2026-06-02/phase2_internal_bg_metrics.csv,/cluster/users/grad/2025/25t8103/project/outputs/pretty_matrix/tote_leaf/adaptive_full_generic_support/seed_12/result.png
T3_surface_decal,tote_leaf,Tote leaf,12,flowedit,FlowEdit,flowedit,outputs/e2_t1_t4_baseline_matrix/tote_leaf/flowedit/seed_12/result.png,experiments/support_v3_2026-06-02/normalized_512/sources/tote_leaf.png,canonical method directory,aligned,selected image matches metric row result_image,experiments/support_v3_2026-06-02/e2_t1_t4_baseline_fixed_mask_metrics.csv,/cluster/users/grad/2025/25t8103/project/outputs/e2_t1_t4_baseline_matrix/tote_leaf/flowedit/seed_12/result.png
T3_surface_decal,tote_leaf,Tote leaf,12,splitflow,SplitFlow,splitflow,outputs/e2_t1_t4_baseline_matrix/tote_leaf/splitflow/seed_12/result.png,experiments/support_v3_2026-06-02/normalized_512/sources/tote_leaf.png,canonical method directory,aligned,selected image matches metric row result_image,experiments/support_v3_2026-06-02/e2_t1_t4_baseline_fixed_mask_metrics.csv,/cluster/users/grad/2025/25t8103/project/outputs/e2_t1_t4_baseline_matrix/tote_leaf/splitflow/seed_12/result.png
T3_surface_decal,tote_leaf,Tote leaf,12,sam_flow_sd3,Sam-Flow-SD3,sam_flow_sd3,outputs/e2_t1_t4_baseline_matrix/tote_leaf/sam_flow_sd3/seed_12/result.png,experiments/support_v3_2026-06-02/normalized_512/sources/tote_leaf.png,canonical method directory,aligned,selected image matches metric row result_image,experiments/support_v3_2026-06-02/e2_t1_t4_baseline_fixed_mask_metrics.csv,/cluster/users/grad/2025/25t8103/project/outputs/e2_t1_t4_baseline_matrix/tote_leaf/sam_flow_sd3/seed_12/result.png
T3_surface_decal,tote_leaf,Tote leaf,12,fireflow,FireFlow,fireflow,outputs/e2_t1_t4_baseline_matrix/tote_leaf/fireflow/seed_12/result.png,experiments/support_v3_2026-06-02/normalized_512/sources/tote_leaf.png,canonical method directory,aligned,selected image matches metric row result_image,experiments/support_v3_2026-06-02/e2_t1_t4_baseline_fixed_mask_metrics.csv,/cluster/users/grad/2025/25t8103/project/outputs/e2_t1_t4_baseline_matrix/tote_leaf/fireflow/seed_12/result.png
T3_surface_decal,tote_leaf,Tote leaf,12,rf_solver_edit,RF-Solver-Edit,rf_solver_edit,outputs/e2_t1_t4_baseline_matrix/tote_leaf/rf_solver_edit/seed_12/result.png,experiments/support_v3_2026-06-02/normalized_512/sources/tote_leaf.png,canonical method directory,aligned,selected image matches metric row result_image,experiments/support_v3_2026-06-02/e2_t1_t4_baseline_fixed_mask_metrics.csv,/cluster/users/grad/2025/25t8103/project/outputs/e2_t1_t4_baseline_matrix/tote_leaf/rf_solver_edit/seed_12/result.png
T3_surface_decal,tote_leaf,Tote leaf,12,reflex,ReFlex,reflex,outputs/e2_t1_t4_baseline_matrix/tote_leaf/reflex/seed_12/result.png,experiments/support_v3_2026-06-02/normalized_512/sources/tote_leaf.png,canonical method directory,aligned,selected image matches metric row result_image,experiments/support_v3_2026-06-02/e2_t1_t4_baseline_fixed_mask_metrics.csv,/cluster/users/grad/2025/25t8103/project/outputs/e2_t1_t4_baseline_matrix/tote_leaf/reflex/seed_12/result.png
T3_surface_decal,tote_leaf,Tote leaf,12,sam_flow_flux,Sam-Flow-FLUX,sam_flow_flux,outputs/e2_t1_t4_baseline_matrix/tote_leaf/sam_flow_flux/seed_12/result.png,experiments/support_v3_2026-06-02/normalized_512/sources/tote_leaf.png,canonical method directory,aligned,selected image matches metric row result_image,experiments/support_v3_2026-06-02/e2_t1_t4_baseline_fixed_mask_metrics.csv,/cluster/users/grad/2025/25t8103/project/outputs/e2_t1_t4_baseline_matrix/tote_leaf/sam_flow_flux/seed_12/result.png
T3_surface_decal,tote_leaf,Tote leaf,12,support_v3_fixed,Fixed DeCE,support_v3_fixed,outputs/pretty_matrix/tote_leaf/support_v3_fixed/seed_12/result.png,experiments/support_v3_2026-06-02/normalized_512/sources/tote_leaf.png,canonical method directory,aligned,selected image matches metric row result_image,experiments/support_v3_2026-06-02/phase2_internal_bg_metrics.csv,/cluster/users/grad/2025/25t8103/project/outputs/pretty_matrix/tote_leaf/support_v3_fixed/seed_12/result.png
T3_surface_decal,tote_leaf,Tote leaf,12,support_v3_controller_rmsgap,DeCE-RF,support_v3_controller_rmsgap_t1t4_3seed_20260609,outputs/pretty_matrix/tote_leaf/support_v3_controller_rmsgap_t1t4_3seed_20260609/seed_12/result.png,experiments/support_v3_2026-06-02/normalized_512/sources/tote_leaf.png,formal T1-T4 three-seed DeCE-RF rerun,aligned,selected image matches metric row result_image,experiments/support_v3_2026-06-02/phase2_internal_bg_metrics.csv,/cluster/users/grad/2025/25t8103/project/outputs/phase2_selected_metric_refresh_20260612/tote_leaf/support_v3_controller_rmsgap/seed_12/result.png
T4_local_recolor,red_office_chair_to_blue_office_chair,Office chair blue,10,base_only,RF recon,base_only,outputs/pretty_matrix/red_office_chair_to_blue_office_chair/base_only/seed_10/result.png,experiments/support_v3_2026-06-02/normalized_512/sources/red_office_chair_to_blue_office_chair.png,canonical method directory,aligned,selected image matches metric row result_image,experiments/support_v3_2026-06-02/phase2_internal_bg_metrics.csv,/cluster/users/grad/2025/25t8103/project/outputs/pretty_matrix/red_office_chair_to_blue_office_chair/base_only/seed_10/result.png
T4_local_recolor,red_office_chair_to_blue_office_chair,Office chair blue,10,direct_target,Direct target,direct_target,outputs/pretty_matrix/red_office_chair_to_blue_office_chair/direct_target/seed_10/result.png,experiments/support_v3_2026-06-02/normalized_512/sources/red_office_chair_to_blue_office_chair.png,canonical method directory,aligned,selected image matches metric row result_image,experiments/support_v3_2026-06-02/phase2_internal_bg_metrics.csv,/cluster/users/grad/2025/25t8103/project/outputs/pretty_matrix/red_office_chair_to_blue_office_chair/direct_target/seed_10/result.png
T4_local_recolor,red_office_chair_to_blue_office_chair,Office chair blue,10,adaptive_full_generic_support,Generic support,adaptive_full_generic_support,outputs/pretty_matrix/red_office_chair_to_blue_office_chair/adaptive_full_generic_support/seed_10/result.png,experiments/support_v3_2026-06-02/normalized_512/sources/red_office_chair_to_blue_office_chair.png,canonical method directory,aligned,selected image matches metric row result_image,experiments/support_v3_2026-06-02/phase2_internal_bg_metrics.csv,/cluster/users/grad/2025/25t8103/project/outputs/pretty_matrix/red_office_chair_to_blue_office_chair/adaptive_full_generic_support/seed_10/result.png
T4_local_recolor,red_office_chair_to_blue_office_chair,Office chair blue,10,flowedit,FlowEdit,flowedit,outputs/e2_t1_t4_baseline_matrix/red_office_chair_to_blue_office_chair/flowedit/seed_10/result.png,experiments/support_v3_2026-06-02/normalized_512/sources/red_office_chair_to_blue_office_chair.png,canonical method directory,aligned,selected image matches metric row result_image,experiments/support_v3_2026-06-02/e2_t1_t4_baseline_fixed_mask_metrics.csv,/cluster/users/grad/2025/25t8103/project/outputs/e2_t1_t4_baseline_matrix/red_office_chair_to_blue_office_chair/flowedit/seed_10/result.png
T4_local_recolor,red_office_chair_to_blue_office_chair,Office chair blue,10,splitflow,SplitFlow,splitflow,outputs/e2_t1_t4_baseline_matrix/red_office_chair_to_blue_office_chair/splitflow/seed_10/result.png,experiments/support_v3_2026-06-02/normalized_512/sources/red_office_chair_to_blue_office_chair.png,canonical method directory,aligned,selected image matches metric row result_image,experiments/support_v3_2026-06-02/e2_t1_t4_baseline_fixed_mask_metrics.csv,/cluster/users/grad/2025/25t8103/project/outputs/e2_t1_t4_baseline_matrix/red_office_chair_to_blue_office_chair/splitflow/seed_10/result.png
T4_local_recolor,red_office_chair_to_blue_office_chair,Office chair blue,10,sam_flow_sd3,Sam-Flow-SD3,sam_flow_sd3,outputs/e2_t1_t4_baseline_matrix/red_office_chair_to_blue_office_chair/sam_flow_sd3/seed_10/result.png,experiments/support_v3_2026-06-02/normalized_512/sources/red_office_chair_to_blue_office_chair.png,canonical method directory,aligned,selected image matches metric row result_image,experiments/support_v3_2026-06-02/e2_t1_t4_baseline_fixed_mask_metrics.csv,/cluster/users/grad/2025/25t8103/project/outputs/e2_t1_t4_baseline_matrix/red_office_chair_to_blue_office_chair/sam_flow_sd3/seed_10/result.png
T4_local_recolor,red_office_chair_to_blue_office_chair,Office chair blue,10,fireflow,FireFlow,fireflow,outputs/e2_t1_t4_baseline_matrix/red_office_chair_to_blue_office_chair/fireflow/seed_10/result.png,experiments/support_v3_2026-06-02/normalized_512/sources/red_office_chair_to_blue_office_chair.png,canonical method directory,aligned,selected image matches metric row result_image,experiments/support_v3_2026-06-02/e2_t1_t4_baseline_fixed_mask_metrics.csv,/cluster/users/grad/2025/25t8103/project/outputs/e2_t1_t4_baseline_matrix/red_office_chair_to_blue_office_chair/fireflow/seed_10/result.png
T4_local_recolor,red_office_chair_to_blue_office_chair,Office chair blue,10,rf_solver_edit,RF-Solver-Edit,rf_solver_edit,outputs/e2_t1_t4_baseline_matrix/red_office_chair_to_blue_office_chair/rf_solver_edit/seed_10/result.png,experiments/support_v3_2026-06-02/normalized_512/sources/red_office_chair_to_blue_office_chair.png,canonical method directory,aligned,selected image matches metric row result_image,experiments/support_v3_2026-06-02/e2_t1_t4_baseline_fixed_mask_metrics.csv,/cluster/users/grad/2025/25t8103/project/outputs/e2_t1_t4_baseline_matrix/red_office_chair_to_blue_office_chair/rf_solver_edit/seed_10/result.png
T4_local_recolor,red_office_chair_to_blue_office_chair,Office chair blue,10,reflex,ReFlex,reflex,outputs/e2_t1_t4_baseline_matrix/red_office_chair_to_blue_office_chair/reflex/seed_10/result.png,experiments/support_v3_2026-06-02/normalized_512/sources/red_office_chair_to_blue_office_chair.png,canonical method directory,aligned,selected image matches metric row result_image,experiments/support_v3_2026-06-02/e2_t1_t4_baseline_fixed_mask_metrics.csv,/cluster/users/grad/2025/25t8103/project/outputs/e2_t1_t4_baseline_matrix/red_office_chair_to_blue_office_chair/reflex/seed_10/result.png
T4_local_recolor,red_office_chair_to_blue_office_chair,Office chair blue,10,sam_flow_flux,Sam-Flow-FLUX,sam_flow_flux,outputs/e2_t1_t4_baseline_matrix/red_office_chair_to_blue_office_chair/sam_flow_flux/seed_10/result.png,experiments/support_v3_2026-06-02/normalized_512/sources/red_office_chair_to_blue_office_chair.png,canonical method directory,aligned,selected image matches metric row result_image,experiments/support_v3_2026-06-02/e2_t1_t4_baseline_fixed_mask_metrics.csv,/cluster/users/grad/2025/25t8103/project/outputs/e2_t1_t4_baseline_matrix/red_office_chair_to_blue_office_chair/sam_flow_flux/seed_10/result.png
T4_local_recolor,red_office_chair_to_blue_office_chair,Office chair blue,10,support_v3_fixed,Fixed DeCE,support_v3_fixed,outputs/pretty_matrix/red_office_chair_to_blue_office_chair/support_v3_fixed/seed_10/result.png,experiments/support_v3_2026-06-02/normalized_512/sources/red_office_chair_to_blue_office_chair.png,canonical method directory,aligned,selected image matches metric row result_image,experiments/support_v3_2026-06-02/phase2_internal_bg_metrics.csv,/cluster/users/grad/2025/25t8103/project/outputs/pretty_matrix/red_office_chair_to_blue_office_chair/support_v3_fixed/seed_10/result.png
T4_local_recolor,red_office_chair_to_blue_office_chair,Office chair blue,10,support_v3_controller_rmsgap,DeCE-RF,support_v3_controller_rmsgap_t1t4_3seed_20260609,outputs/pretty_matrix/red_office_chair_to_blue_office_chair/support_v3_controller_rmsgap_t1t4_3seed_20260609/seed_10/result.png,experiments/support_v3_2026-06-02/normalized_512/sources/red_office_chair_to_blue_office_chair.png,formal T1-T4 three-seed DeCE-RF rerun,aligned,selected image matches metric row result_image,experiments/support_v3_2026-06-02/phase2_internal_bg_metrics.csv,/cluster/users/grad/2025/25t8103/project/outputs/phase2_selected_metric_refresh_20260612/red_office_chair_to_blue_office_chair/support_v3_controller_rmsgap/seed_10/result.png
T4_local_recolor,red_office_chair_to_blue_office_chair,Office chair blue,11,base_only,RF recon,base_only,outputs/pretty_matrix/red_office_chair_to_blue_office_chair/base_only/seed_11/result.png,experiments/support_v3_2026-06-02/normalized_512/sources/red_office_chair_to_blue_office_chair.png,canonical method directory,aligned,selected image matches metric row result_image,experiments/support_v3_2026-06-02/phase2_internal_bg_metrics.csv,/cluster/users/grad/2025/25t8103/project/outputs/pretty_matrix/red_office_chair_to_blue_office_chair/base_only/seed_11/result.png
T4_local_recolor,red_office_chair_to_blue_office_chair,Office chair blue,11,direct_target,Direct target,direct_target,outputs/pretty_matrix/red_office_chair_to_blue_office_chair/direct_target/seed_11/result.png,experiments/support_v3_2026-06-02/normalized_512/sources/red_office_chair_to_blue_office_chair.png,canonical method directory,aligned,selected image matches metric row result_image,experiments/support_v3_2026-06-02/phase2_internal_bg_metrics.csv,/cluster/users/grad/2025/25t8103/project/outputs/pretty_matrix/red_office_chair_to_blue_office_chair/direct_target/seed_11/result.png
T4_local_recolor,red_office_chair_to_blue_office_chair,Office chair blue,11,adaptive_full_generic_support,Generic support,adaptive_full_generic_support,outputs/pretty_matrix/red_office_chair_to_blue_office_chair/adaptive_full_generic_support/seed_11/result.png,experiments/support_v3_2026-06-02/normalized_512/sources/red_office_chair_to_blue_office_chair.png,canonical method directory,aligned,selected image matches metric row result_image,experiments/support_v3_2026-06-02/phase2_internal_bg_metrics.csv,/cluster/users/grad/2025/25t8103/project/outputs/pretty_matrix/red_office_chair_to_blue_office_chair/adaptive_full_generic_support/seed_11/result.png
T4_local_recolor,red_office_chair_to_blue_office_chair,Office chair blue,11,flowedit,FlowEdit,flowedit,outputs/e2_t1_t4_baseline_matrix/red_office_chair_to_blue_office_chair/flowedit/seed_11/result.png,experiments/support_v3_2026-06-02/normalized_512/sources/red_office_chair_to_blue_office_chair.png,canonical method directory,aligned,selected image matches metric row result_image,experiments/support_v3_2026-06-02/e2_t1_t4_baseline_fixed_mask_metrics.csv,/cluster/users/grad/2025/25t8103/project/outputs/e2_t1_t4_baseline_matrix/red_office_chair_to_blue_office_chair/flowedit/seed_11/result.png
T4_local_recolor,red_office_chair_to_blue_office_chair,Office chair blue,11,splitflow,SplitFlow,splitflow,outputs/e2_t1_t4_baseline_matrix/red_office_chair_to_blue_office_chair/splitflow/seed_11/result.png,experiments/support_v3_2026-06-02/normalized_512/sources/red_office_chair_to_blue_office_chair.png,canonical method directory,aligned,selected image matches metric row result_image,experiments/support_v3_2026-06-02/e2_t1_t4_baseline_fixed_mask_metrics.csv,/cluster/users/grad/2025/25t8103/project/outputs/e2_t1_t4_baseline_matrix/red_office_chair_to_blue_office_chair/splitflow/seed_11/result.png
T4_local_recolor,red_office_chair_to_blue_office_chair,Office chair blue,11,sam_flow_sd3,Sam-Flow-SD3,sam_flow_sd3,outputs/e2_t1_t4_baseline_matrix/red_office_chair_to_blue_office_chair/sam_flow_sd3/seed_11/result.png,experiments/support_v3_2026-06-02/normalized_512/sources/red_office_chair_to_blue_office_chair.png,canonical method directory,aligned,selected image matches metric row result_image,experiments/support_v3_2026-06-02/e2_t1_t4_baseline_fixed_mask_metrics.csv,/cluster/users/grad/2025/25t8103/project/outputs/e2_t1_t4_baseline_matrix/red_office_chair_to_blue_office_chair/sam_flow_sd3/seed_11/result.png
T4_local_recolor,red_office_chair_to_blue_office_chair,Office chair blue,11,fireflow,FireFlow,fireflow,outputs/e2_t1_t4_baseline_matrix/red_office_chair_to_blue_office_chair/fireflow/seed_11/result.png,experiments/support_v3_2026-06-02/normalized_512/sources/red_office_chair_to_blue_office_chair.png,canonical method directory,aligned,selected image matches metric row result_image,experiments/support_v3_2026-06-02/e2_t1_t4_baseline_fixed_mask_metrics.csv,/cluster/users/grad/2025/25t8103/project/outputs/e2_t1_t4_baseline_matrix/red_office_chair_to_blue_office_chair/fireflow/seed_11/result.png
T4_local_recolor,red_office_chair_to_blue_office_chair,Office chair blue,11,rf_solver_edit,RF-Solver-Edit,rf_solver_edit,outputs/e2_t1_t4_baseline_matrix/red_office_chair_to_blue_office_chair/rf_solver_edit/seed_11/result.png,experiments/support_v3_2026-06-02/normalized_512/sources/red_office_chair_to_blue_office_chair.png,canonical method directory,aligned,selected image matches metric row result_image,experiments/support_v3_2026-06-02/e2_t1_t4_baseline_fixed_mask_metrics.csv,/cluster/users/grad/2025/25t8103/project/outputs/e2_t1_t4_baseline_matrix/red_office_chair_to_blue_office_chair/rf_solver_edit/seed_11/result.png
T4_local_recolor,red_office_chair_to_blue_office_chair,Office chair blue,11,reflex,ReFlex,reflex,outputs/e2_t1_t4_baseline_matrix/red_office_chair_to_blue_office_chair/reflex/seed_11/result.png,experiments/support_v3_2026-06-02/normalized_512/sources/red_office_chair_to_blue_office_chair.png,canonical method directory,aligned,selected image matches metric row result_image,experiments/support_v3_2026-06-02/e2_t1_t4_baseline_fixed_mask_metrics.csv,/cluster/users/grad/2025/25t8103/project/outputs/e2_t1_t4_baseline_matrix/red_office_chair_to_blue_office_chair/reflex/seed_11/result.png
T4_local_recolor,red_office_chair_to_blue_office_chair,Office chair blue,11,sam_flow_flux,Sam-Flow-FLUX,sam_flow_flux,outputs/e2_t1_t4_baseline_matrix/red_office_chair_to_blue_office_chair/sam_flow_flux/seed_11/result.png,experiments/support_v3_2026-06-02/normalized_512/sources/red_office_chair_to_blue_office_chair.png,canonical method directory,aligned,selected image matches metric row result_image,experiments/support_v3_2026-06-02/e2_t1_t4_baseline_fixed_mask_metrics.csv,/cluster/users/grad/2025/25t8103/project/outputs/e2_t1_t4_baseline_matrix/red_office_chair_to_blue_office_chair/sam_flow_flux/seed_11/result.png
T4_local_recolor,red_office_chair_to_blue_office_chair,Office chair blue,11,support_v3_fixed,Fixed DeCE,support_v3_fixed,outputs/pretty_matrix/red_office_chair_to_blue_office_chair/support_v3_fixed/seed_11/result.png,experiments/support_v3_2026-06-02/normalized_512/sources/red_office_chair_to_blue_office_chair.png,canonical method directory,aligned,selected image matches metric row result_image,experiments/support_v3_2026-06-02/phase2_internal_bg_metrics.csv,/cluster/users/grad/2025/25t8103/project/outputs/pretty_matrix/red_office_chair_to_blue_office_chair/support_v3_fixed/seed_11/result.png
T4_local_recolor,red_office_chair_to_blue_office_chair,Office chair blue,11,support_v3_controller_rmsgap,DeCE-RF,support_v3_controller_rmsgap_t1t4_3seed_20260609,outputs/pretty_matrix/red_office_chair_to_blue_office_chair/support_v3_controller_rmsgap_t1t4_3seed_20260609/seed_11/result.png,experiments/support_v3_2026-06-02/normalized_512/sources/red_office_chair_to_blue_office_chair.png,formal T1-T4 three-seed DeCE-RF rerun,aligned,selected image matches metric row result_image,experiments/support_v3_2026-06-02/phase2_internal_bg_metrics.csv,/cluster/users/grad/2025/25t8103/project/outputs/phase2_selected_metric_refresh_20260612/red_office_chair_to_blue_office_chair/support_v3_controller_rmsgap/seed_11/result.png
T4_local_recolor,red_office_chair_to_blue_office_chair,Office chair blue,12,base_only,RF recon,base_only,outputs/pretty_matrix/red_office_chair_to_blue_office_chair/base_only/seed_12/result.png,experiments/support_v3_2026-06-02/normalized_512/sources/red_office_chair_to_blue_office_chair.png,canonical method directory,aligned,selected image matches metric row result_image,experiments/support_v3_2026-06-02/phase2_internal_bg_metrics.csv,/cluster/users/grad/2025/25t8103/project/outputs/pretty_matrix/red_office_chair_to_blue_office_chair/base_only/seed_12/result.png
T4_local_recolor,red_office_chair_to_blue_office_chair,Office chair blue,12,direct_target,Direct target,direct_target,outputs/pretty_matrix/red_office_chair_to_blue_office_chair/direct_target/seed_12/result.png,experiments/support_v3_2026-06-02/normalized_512/sources/red_office_chair_to_blue_office_chair.png,canonical method directory,aligned,selected image matches metric row result_image,experiments/support_v3_2026-06-02/phase2_internal_bg_metrics.csv,/cluster/users/grad/2025/25t8103/project/outputs/pretty_matrix/red_office_chair_to_blue_office_chair/direct_target/seed_12/result.png
T4_local_recolor,red_office_chair_to_blue_office_chair,Office chair blue,12,adaptive_full_generic_support,Generic support,adaptive_full_generic_support,outputs/pretty_matrix/red_office_chair_to_blue_office_chair/adaptive_full_generic_support/seed_12/result.png,experiments/support_v3_2026-06-02/normalized_512/sources/red_office_chair_to_blue_office_chair.png,canonical method directory,aligned,selected image matches metric row result_image,experiments/support_v3_2026-06-02/phase2_internal_bg_metrics.csv,/cluster/users/grad/2025/25t8103/project/outputs/pretty_matrix/red_office_chair_to_blue_office_chair/adaptive_full_generic_support/seed_12/result.png
T4_local_recolor,red_office_chair_to_blue_office_chair,Office chair blue,12,flowedit,FlowEdit,flowedit,outputs/e2_t1_t4_baseline_matrix/red_office_chair_to_blue_office_chair/flowedit/seed_12/result.png,experiments/support_v3_2026-06-02/normalized_512/sources/red_office_chair_to_blue_office_chair.png,canonical method directory,aligned,selected image matches metric row result_image,experiments/support_v3_2026-06-02/e2_t1_t4_baseline_fixed_mask_metrics.csv,/cluster/users/grad/2025/25t8103/project/outputs/e2_t1_t4_baseline_matrix/red_office_chair_to_blue_office_chair/flowedit/seed_12/result.png
T4_local_recolor,red_office_chair_to_blue_office_chair,Office chair blue,12,splitflow,SplitFlow,splitflow,outputs/e2_t1_t4_baseline_matrix/red_office_chair_to_blue_office_chair/splitflow/seed_12/result.png,experiments/support_v3_2026-06-02/normalized_512/sources/red_office_chair_to_blue_office_chair.png,canonical method directory,aligned,selected image matches metric row result_image,experiments/support_v3_2026-06-02/e2_t1_t4_baseline_fixed_mask_metrics.csv,/cluster/users/grad/2025/25t8103/project/outputs/e2_t1_t4_baseline_matrix/red_office_chair_to_blue_office_chair/splitflow/seed_12/result.png
T4_local_recolor,red_office_chair_to_blue_office_chair,Office chair blue,12,sam_flow_sd3,Sam-Flow-SD3,sam_flow_sd3,outputs/e2_t1_t4_baseline_matrix/red_office_chair_to_blue_office_chair/sam_flow_sd3/seed_12/result.png,experiments/support_v3_2026-06-02/normalized_512/sources/red_office_chair_to_blue_office_chair.png,canonical method directory,aligned,selected image matches metric row result_image,experiments/support_v3_2026-06-02/e2_t1_t4_baseline_fixed_mask_metrics.csv,/cluster/users/grad/2025/25t8103/project/outputs/e2_t1_t4_baseline_matrix/red_office_chair_to_blue_office_chair/sam_flow_sd3/seed_12/result.png
T4_local_recolor,red_office_chair_to_blue_office_chair,Office chair blue,12,fireflow,FireFlow,fireflow,outputs/e2_t1_t4_baseline_matrix/red_office_chair_to_blue_office_chair/fireflow/seed_12/result.png,experiments/support_v3_2026-06-02/normalized_512/sources/red_office_chair_to_blue_office_chair.png,canonical method directory,aligned,selected image matches metric row result_image,experiments/support_v3_2026-06-02/e2_t1_t4_baseline_fixed_mask_metrics.csv,/cluster/users/grad/2025/25t8103/project/outputs/e2_t1_t4_baseline_matrix/red_office_chair_to_blue_office_chair/fireflow/seed_12/result.png
T4_local_recolor,red_office_chair_to_blue_office_chair,Office chair blue,12,rf_solver_edit,RF-Solver-Edit,rf_solver_edit,outputs/e2_t1_t4_baseline_matrix/red_office_chair_to_blue_office_chair/rf_solver_edit/seed_12/result.png,experiments/support_v3_2026-06-02/normalized_512/sources/red_office_chair_to_blue_office_chair.png,canonical method directory,aligned,selected image matches metric row result_image,experiments/support_v3_2026-06-02/e2_t1_t4_baseline_fixed_mask_metrics.csv,/cluster/users/grad/2025/25t8103/project/outputs/e2_t1_t4_baseline_matrix/red_office_chair_to_blue_office_chair/rf_solver_edit/seed_12/result.png
T4_local_recolor,red_office_chair_to_blue_office_chair,Office chair blue,12,reflex,ReFlex,reflex,outputs/e2_t1_t4_baseline_matrix/red_office_chair_to_blue_office_chair/reflex/seed_12/result.png,experiments/support_v3_2026-06-02/normalized_512/sources/red_office_chair_to_blue_office_chair.png,canonical method directory,aligned,selected image matches metric row result_image,experiments/support_v3_2026-06-02/e2_t1_t4_baseline_fixed_mask_metrics.csv,/cluster/users/grad/2025/25t8103/project/outputs/e2_t1_t4_baseline_matrix/red_office_chair_to_blue_office_chair/reflex/seed_12/result.png
T4_local_recolor,red_office_chair_to_blue_office_chair,Office chair blue,12,sam_flow_flux,Sam-Flow-FLUX,sam_flow_flux,outputs/e2_t1_t4_baseline_matrix/red_office_chair_to_blue_office_chair/sam_flow_flux/seed_12/result.png,experiments/support_v3_2026-06-02/normalized_512/sources/red_office_chair_to_blue_office_chair.png,canonical method directory,aligned,selected image matches metric row result_image,experiments/support_v3_2026-06-02/e2_t1_t4_baseline_fixed_mask_metrics.csv,/cluster/users/grad/2025/25t8103/project/outputs/e2_t1_t4_baseline_matrix/red_office_chair_to_blue_office_chair/sam_flow_flux/seed_12/result.png
T4_local_recolor,red_office_chair_to_blue_office_chair,Office chair blue,12,support_v3_fixed,Fixed DeCE,support_v3_fixed,outputs/pretty_matrix/red_office_chair_to_blue_office_chair/support_v3_fixed/seed_12/result.png,experiments/support_v3_2026-06-02/normalized_512/sources/red_office_chair_to_blue_office_chair.png,canonical method directory,aligned,selected image matches metric row result_image,experiments/support_v3_2026-06-02/phase2_internal_bg_metrics.csv,/cluster/users/grad/2025/25t8103/project/outputs/pretty_matrix/red_office_chair_to_blue_office_chair/support_v3_fixed/seed_12/result.png
T4_local_recolor,red_office_chair_to_blue_office_chair,Office chair blue,12,support_v3_controller_rmsgap,DeCE-RF,support_v3_controller_rmsgap_t1t4_3seed_20260609,outputs/pretty_matrix/red_office_chair_to_blue_office_chair/support_v3_controller_rmsgap_t1t4_3seed_20260609/seed_12/result.png,experiments/support_v3_2026-06-02/normalized_512/sources/red_office_chair_to_blue_office_chair.png,formal T1-T4 three-seed DeCE-RF rerun,aligned,selected image matches metric row result_image,experiments/support_v3_2026-06-02/phase2_internal_bg_metrics.csv,/cluster/users/grad/2025/25t8103/project/outputs/phase2_selected_metric_refresh_20260612/red_office_chair_to_blue_office_chair/support_v3_controller_rmsgap/seed_12/result.png
T4_local_recolor,green_mug_orange_phase2,Green mug orange,10,base_only,RF recon,base_only,outputs/pretty_matrix/green_mug_orange_phase2/base_only/seed_10/result.png,experiments/support_v3_2026-06-02/normalized_512/sources/green_mug_orange_phase2.png,canonical method directory,aligned,selected image matches metric row result_image,experiments/support_v3_2026-06-02/phase2_internal_bg_metrics.csv,/cluster/users/grad/2025/25t8103/project/outputs/pretty_matrix/green_mug_orange_phase2/base_only/seed_10/result.png
T4_local_recolor,green_mug_orange_phase2,Green mug orange,10,direct_target,Direct target,direct_target,outputs/pretty_matrix/green_mug_orange_phase2/direct_target/seed_10/result.png,experiments/support_v3_2026-06-02/normalized_512/sources/green_mug_orange_phase2.png,canonical method directory,aligned,selected image matches metric row result_image,experiments/support_v3_2026-06-02/phase2_internal_bg_metrics.csv,/cluster/users/grad/2025/25t8103/project/outputs/pretty_matrix/green_mug_orange_phase2/direct_target/seed_10/result.png
T4_local_recolor,green_mug_orange_phase2,Green mug orange,10,adaptive_full_generic_support,Generic support,adaptive_full_generic_support,outputs/pretty_matrix/green_mug_orange_phase2/adaptive_full_generic_support/seed_10/result.png,experiments/support_v3_2026-06-02/normalized_512/sources/green_mug_orange_phase2.png,canonical method directory,aligned,selected image matches metric row result_image,experiments/support_v3_2026-06-02/phase2_internal_bg_metrics.csv,/cluster/users/grad/2025/25t8103/project/outputs/pretty_matrix/green_mug_orange_phase2/adaptive_full_generic_support/seed_10/result.png
T4_local_recolor,green_mug_orange_phase2,Green mug orange,10,flowedit,FlowEdit,flowedit,outputs/e2_t1_t4_baseline_matrix/green_mug_orange_phase2/flowedit/seed_10/result.png,experiments/support_v3_2026-06-02/normalized_512/sources/green_mug_orange_phase2.png,canonical method directory,aligned,selected image matches metric row result_image,experiments/support_v3_2026-06-02/e2_t1_t4_baseline_fixed_mask_metrics.csv,/cluster/users/grad/2025/25t8103/project/outputs/e2_t1_t4_baseline_matrix/green_mug_orange_phase2/flowedit/seed_10/result.png
T4_local_recolor,green_mug_orange_phase2,Green mug orange,10,splitflow,SplitFlow,splitflow,outputs/e2_t1_t4_baseline_matrix/green_mug_orange_phase2/splitflow/seed_10/result.png,experiments/support_v3_2026-06-02/normalized_512/sources/green_mug_orange_phase2.png,canonical method directory,aligned,selected image matches metric row result_image,experiments/support_v3_2026-06-02/e2_t1_t4_baseline_fixed_mask_metrics.csv,/cluster/users/grad/2025/25t8103/project/outputs/e2_t1_t4_baseline_matrix/green_mug_orange_phase2/splitflow/seed_10/result.png
T4_local_recolor,green_mug_orange_phase2,Green mug orange,10,sam_flow_sd3,Sam-Flow-SD3,sam_flow_sd3,outputs/e2_t1_t4_baseline_matrix/green_mug_orange_phase2/sam_flow_sd3/seed_10/result.png,experiments/support_v3_2026-06-02/normalized_512/sources/green_mug_orange_phase2.png,canonical method directory,aligned,selected image matches metric row result_image,experiments/support_v3_2026-06-02/e2_t1_t4_baseline_fixed_mask_metrics.csv,/cluster/users/grad/2025/25t8103/project/outputs/e2_t1_t4_baseline_matrix/green_mug_orange_phase2/sam_flow_sd3/seed_10/result.png
T4_local_recolor,green_mug_orange_phase2,Green mug orange,10,fireflow,FireFlow,fireflow,outputs/e2_t1_t4_baseline_matrix/green_mug_orange_phase2/fireflow/seed_10/result.png,experiments/support_v3_2026-06-02/normalized_512/sources/green_mug_orange_phase2.png,canonical method directory,aligned,selected image matches metric row result_image,experiments/support_v3_2026-06-02/e2_t1_t4_baseline_fixed_mask_metrics.csv,/cluster/users/grad/2025/25t8103/project/outputs/e2_t1_t4_baseline_matrix/green_mug_orange_phase2/fireflow/seed_10/result.png
T4_local_recolor,green_mug_orange_phase2,Green mug orange,10,rf_solver_edit,RF-Solver-Edit,rf_solver_edit,outputs/e2_t1_t4_baseline_matrix/green_mug_orange_phase2/rf_solver_edit/seed_10/result.png,experiments/support_v3_2026-06-02/normalized_512/sources/green_mug_orange_phase2.png,canonical method directory,aligned,selected image matches metric row result_image,experiments/support_v3_2026-06-02/e2_t1_t4_baseline_fixed_mask_metrics.csv,/cluster/users/grad/2025/25t8103/project/outputs/e2_t1_t4_baseline_matrix/green_mug_orange_phase2/rf_solver_edit/seed_10/result.png
T4_local_recolor,green_mug_orange_phase2,Green mug orange,10,reflex,ReFlex,reflex,outputs/e2_t1_t4_baseline_matrix/green_mug_orange_phase2/reflex/seed_10/result.png,experiments/support_v3_2026-06-02/normalized_512/sources/green_mug_orange_phase2.png,canonical method directory,aligned,selected image matches metric row result_image,experiments/support_v3_2026-06-02/e2_t1_t4_baseline_fixed_mask_metrics.csv,/cluster/users/grad/2025/25t8103/project/outputs/e2_t1_t4_baseline_matrix/green_mug_orange_phase2/reflex/seed_10/result.png
T4_local_recolor,green_mug_orange_phase2,Green mug orange,10,sam_flow_flux,Sam-Flow-FLUX,sam_flow_flux,outputs/e2_t1_t4_baseline_matrix/green_mug_orange_phase2/sam_flow_flux/seed_10/result.png,experiments/support_v3_2026-06-02/normalized_512/sources/green_mug_orange_phase2.png,canonical method directory,aligned,selected image matches metric row result_image,experiments/support_v3_2026-06-02/e2_t1_t4_baseline_fixed_mask_metrics.csv,/cluster/users/grad/2025/25t8103/project/outputs/e2_t1_t4_baseline_matrix/green_mug_orange_phase2/sam_flow_flux/seed_10/result.png
T4_local_recolor,green_mug_orange_phase2,Green mug orange,10,support_v3_fixed,Fixed DeCE,support_v3_fixed,outputs/pretty_matrix/green_mug_orange_phase2/support_v3_fixed/seed_10/result.png,experiments/support_v3_2026-06-02/normalized_512/sources/green_mug_orange_phase2.png,canonical method directory,aligned,selected image matches metric row result_image,experiments/support_v3_2026-06-02/phase2_internal_bg_metrics.csv,/cluster/users/grad/2025/25t8103/project/outputs/pretty_matrix/green_mug_orange_phase2/support_v3_fixed/seed_10/result.png
T4_local_recolor,green_mug_orange_phase2,Green mug orange,10,support_v3_controller_rmsgap,DeCE-RF,support_v3_controller_rmsgap_t1t4_3seed_20260609,outputs/pretty_matrix/green_mug_orange_phase2/support_v3_controller_rmsgap_t1t4_3seed_20260609/seed_10/result.png,experiments/support_v3_2026-06-02/normalized_512/sources/green_mug_orange_phase2.png,formal T1-T4 three-seed DeCE-RF rerun,aligned,selected image matches metric row result_image,experiments/support_v3_2026-06-02/phase2_internal_bg_metrics.csv,/cluster/users/grad/2025/25t8103/project/outputs/phase2_selected_metric_refresh_20260612/green_mug_orange_phase2/support_v3_controller_rmsgap/seed_10/result.png
T4_local_recolor,green_mug_orange_phase2,Green mug orange,11,base_only,RF recon,base_only,outputs/pretty_matrix/green_mug_orange_phase2/base_only/seed_11/result.png,experiments/support_v3_2026-06-02/normalized_512/sources/green_mug_orange_phase2.png,canonical method directory,aligned,selected image matches metric row result_image,experiments/support_v3_2026-06-02/phase2_internal_bg_metrics.csv,/cluster/users/grad/2025/25t8103/project/outputs/pretty_matrix/green_mug_orange_phase2/base_only/seed_11/result.png
T4_local_recolor,green_mug_orange_phase2,Green mug orange,11,direct_target,Direct target,direct_target,outputs/pretty_matrix/green_mug_orange_phase2/direct_target/seed_11/result.png,experiments/support_v3_2026-06-02/normalized_512/sources/green_mug_orange_phase2.png,canonical method directory,aligned,selected image matches metric row result_image,experiments/support_v3_2026-06-02/phase2_internal_bg_metrics.csv,/cluster/users/grad/2025/25t8103/project/outputs/pretty_matrix/green_mug_orange_phase2/direct_target/seed_11/result.png
T4_local_recolor,green_mug_orange_phase2,Green mug orange,11,adaptive_full_generic_support,Generic support,adaptive_full_generic_support,outputs/pretty_matrix/green_mug_orange_phase2/adaptive_full_generic_support/seed_11/result.png,experiments/support_v3_2026-06-02/normalized_512/sources/green_mug_orange_phase2.png,canonical method directory,aligned,selected image matches metric row result_image,experiments/support_v3_2026-06-02/phase2_internal_bg_metrics.csv,/cluster/users/grad/2025/25t8103/project/outputs/pretty_matrix/green_mug_orange_phase2/adaptive_full_generic_support/seed_11/result.png
T4_local_recolor,green_mug_orange_phase2,Green mug orange,11,flowedit,FlowEdit,flowedit,outputs/e2_t1_t4_baseline_matrix/green_mug_orange_phase2/flowedit/seed_11/result.png,experiments/support_v3_2026-06-02/normalized_512/sources/green_mug_orange_phase2.png,canonical method directory,aligned,selected image matches metric row result_image,experiments/support_v3_2026-06-02/e2_t1_t4_baseline_fixed_mask_metrics.csv,/cluster/users/grad/2025/25t8103/project/outputs/e2_t1_t4_baseline_matrix/green_mug_orange_phase2/flowedit/seed_11/result.png
T4_local_recolor,green_mug_orange_phase2,Green mug orange,11,splitflow,SplitFlow,splitflow,outputs/e2_t1_t4_baseline_matrix/green_mug_orange_phase2/splitflow/seed_11/result.png,experiments/support_v3_2026-06-02/normalized_512/sources/green_mug_orange_phase2.png,canonical method directory,aligned,selected image matches metric row result_image,experiments/support_v3_2026-06-02/e2_t1_t4_baseline_fixed_mask_metrics.csv,/cluster/users/grad/2025/25t8103/project/outputs/e2_t1_t4_baseline_matrix/green_mug_orange_phase2/splitflow/seed_11/result.png
T4_local_recolor,green_mug_orange_phase2,Green mug orange,11,sam_flow_sd3,Sam-Flow-SD3,sam_flow_sd3,outputs/e2_t1_t4_baseline_matrix/green_mug_orange_phase2/sam_flow_sd3/seed_11/result.png,experiments/support_v3_2026-06-02/normalized_512/sources/green_mug_orange_phase2.png,canonical method directory,aligned,selected image matches metric row result_image,experiments/support_v3_2026-06-02/e2_t1_t4_baseline_fixed_mask_metrics.csv,/cluster/users/grad/2025/25t8103/project/outputs/e2_t1_t4_baseline_matrix/green_mug_orange_phase2/sam_flow_sd3/seed_11/result.png
T4_local_recolor,green_mug_orange_phase2,Green mug orange,11,fireflow,FireFlow,fireflow,outputs/e2_t1_t4_baseline_matrix/green_mug_orange_phase2/fireflow/seed_11/result.png,experiments/support_v3_2026-06-02/normalized_512/sources/green_mug_orange_phase2.png,canonical method directory,aligned,selected image matches metric row result_image,experiments/support_v3_2026-06-02/e2_t1_t4_baseline_fixed_mask_metrics.csv,/cluster/users/grad/2025/25t8103/project/outputs/e2_t1_t4_baseline_matrix/green_mug_orange_phase2/fireflow/seed_11/result.png
T4_local_recolor,green_mug_orange_phase2,Green mug orange,11,rf_solver_edit,RF-Solver-Edit,rf_solver_edit,outputs/e2_t1_t4_baseline_matrix/green_mug_orange_phase2/rf_solver_edit/seed_11/result.png,experiments/support_v3_2026-06-02/normalized_512/sources/green_mug_orange_phase2.png,canonical method directory,aligned,selected image matches metric row result_image,experiments/support_v3_2026-06-02/e2_t1_t4_baseline_fixed_mask_metrics.csv,/cluster/users/grad/2025/25t8103/project/outputs/e2_t1_t4_baseline_matrix/green_mug_orange_phase2/rf_solver_edit/seed_11/result.png
T4_local_recolor,green_mug_orange_phase2,Green mug orange,11,reflex,ReFlex,reflex,outputs/e2_t1_t4_baseline_matrix/green_mug_orange_phase2/reflex/seed_11/result.png,experiments/support_v3_2026-06-02/normalized_512/sources/green_mug_orange_phase2.png,canonical method directory,aligned,selected image matches metric row result_image,experiments/support_v3_2026-06-02/e2_t1_t4_baseline_fixed_mask_metrics.csv,/cluster/users/grad/2025/25t8103/project/outputs/e2_t1_t4_baseline_matrix/green_mug_orange_phase2/reflex/seed_11/result.png
T4_local_recolor,green_mug_orange_phase2,Green mug orange,11,sam_flow_flux,Sam-Flow-FLUX,sam_flow_flux,outputs/e2_t1_t4_baseline_matrix/green_mug_orange_phase2/sam_flow_flux/seed_11/result.png,experiments/support_v3_2026-06-02/normalized_512/sources/green_mug_orange_phase2.png,canonical method directory,aligned,selected image matches metric row result_image,experiments/support_v3_2026-06-02/e2_t1_t4_baseline_fixed_mask_metrics.csv,/cluster/users/grad/2025/25t8103/project/outputs/e2_t1_t4_baseline_matrix/green_mug_orange_phase2/sam_flow_flux/seed_11/result.png
T4_local_recolor,green_mug_orange_phase2,Green mug orange,11,support_v3_fixed,Fixed DeCE,support_v3_fixed,outputs/pretty_matrix/green_mug_orange_phase2/support_v3_fixed/seed_11/result.png,experiments/support_v3_2026-06-02/normalized_512/sources/green_mug_orange_phase2.png,canonical method directory,aligned,selected image matches metric row result_image,experiments/support_v3_2026-06-02/phase2_internal_bg_metrics.csv,/cluster/users/grad/2025/25t8103/project/outputs/pretty_matrix/green_mug_orange_phase2/support_v3_fixed/seed_11/result.png
T4_local_recolor,green_mug_orange_phase2,Green mug orange,11,support_v3_controller_rmsgap,DeCE-RF,support_v3_controller_rmsgap_t1t4_3seed_20260609,outputs/pretty_matrix/green_mug_orange_phase2/support_v3_controller_rmsgap_t1t4_3seed_20260609/seed_11/result.png,experiments/support_v3_2026-06-02/normalized_512/sources/green_mug_orange_phase2.png,formal T1-T4 three-seed DeCE-RF rerun,aligned,selected image matches metric row result_image,experiments/support_v3_2026-06-02/phase2_internal_bg_metrics.csv,/cluster/users/grad/2025/25t8103/project/outputs/phase2_selected_metric_refresh_20260612/green_mug_orange_phase2/support_v3_controller_rmsgap/seed_11/result.png
T4_local_recolor,green_mug_orange_phase2,Green mug orange,12,base_only,RF recon,base_only,outputs/pretty_matrix/green_mug_orange_phase2/base_only/seed_12/result.png,experiments/support_v3_2026-06-02/normalized_512/sources/green_mug_orange_phase2.png,canonical method directory,aligned,selected image matches metric row result_image,experiments/support_v3_2026-06-02/phase2_internal_bg_metrics.csv,/cluster/users/grad/2025/25t8103/project/outputs/pretty_matrix/green_mug_orange_phase2/base_only/seed_12/result.png
T4_local_recolor,green_mug_orange_phase2,Green mug orange,12,direct_target,Direct target,direct_target,outputs/pretty_matrix/green_mug_orange_phase2/direct_target/seed_12/result.png,experiments/support_v3_2026-06-02/normalized_512/sources/green_mug_orange_phase2.png,canonical method directory,aligned,selected image matches metric row result_image,experiments/support_v3_2026-06-02/phase2_internal_bg_metrics.csv,/cluster/users/grad/2025/25t8103/project/outputs/pretty_matrix/green_mug_orange_phase2/direct_target/seed_12/result.png
T4_local_recolor,green_mug_orange_phase2,Green mug orange,12,adaptive_full_generic_support,Generic support,adaptive_full_generic_support,outputs/pretty_matrix/green_mug_orange_phase2/adaptive_full_generic_support/seed_12/result.png,experiments/support_v3_2026-06-02/normalized_512/sources/green_mug_orange_phase2.png,canonical method directory,aligned,selected image matches metric row result_image,experiments/support_v3_2026-06-02/phase2_internal_bg_metrics.csv,/cluster/users/grad/2025/25t8103/project/outputs/pretty_matrix/green_mug_orange_phase2/adaptive_full_generic_support/seed_12/result.png
T4_local_recolor,green_mug_orange_phase2,Green mug orange,12,flowedit,FlowEdit,flowedit,outputs/e2_t1_t4_baseline_matrix/green_mug_orange_phase2/flowedit/seed_12/result.png,experiments/support_v3_2026-06-02/normalized_512/sources/green_mug_orange_phase2.png,canonical method directory,aligned,selected image matches metric row result_image,experiments/support_v3_2026-06-02/e2_t1_t4_baseline_fixed_mask_metrics.csv,/cluster/users/grad/2025/25t8103/project/outputs/e2_t1_t4_baseline_matrix/green_mug_orange_phase2/flowedit/seed_12/result.png
T4_local_recolor,green_mug_orange_phase2,Green mug orange,12,splitflow,SplitFlow,splitflow,outputs/e2_t1_t4_baseline_matrix/green_mug_orange_phase2/splitflow/seed_12/result.png,experiments/support_v3_2026-06-02/normalized_512/sources/green_mug_orange_phase2.png,canonical method directory,aligned,selected image matches metric row result_image,experiments/support_v3_2026-06-02/e2_t1_t4_baseline_fixed_mask_metrics.csv,/cluster/users/grad/2025/25t8103/project/outputs/e2_t1_t4_baseline_matrix/green_mug_orange_phase2/splitflow/seed_12/result.png
T4_local_recolor,green_mug_orange_phase2,Green mug orange,12,sam_flow_sd3,Sam-Flow-SD3,sam_flow_sd3,outputs/e2_t1_t4_baseline_matrix/green_mug_orange_phase2/sam_flow_sd3/seed_12/result.png,experiments/support_v3_2026-06-02/normalized_512/sources/green_mug_orange_phase2.png,canonical method directory,aligned,selected image matches metric row result_image,experiments/support_v3_2026-06-02/e2_t1_t4_baseline_fixed_mask_metrics.csv,/cluster/users/grad/2025/25t8103/project/outputs/e2_t1_t4_baseline_matrix/green_mug_orange_phase2/sam_flow_sd3/seed_12/result.png
T4_local_recolor,green_mug_orange_phase2,Green mug orange,12,fireflow,FireFlow,fireflow,outputs/e2_t1_t4_baseline_matrix/green_mug_orange_phase2/fireflow/seed_12/result.png,experiments/support_v3_2026-06-02/normalized_512/sources/green_mug_orange_phase2.png,canonical method directory,aligned,selected image matches metric row result_image,experiments/support_v3_2026-06-02/e2_t1_t4_baseline_fixed_mask_metrics.csv,/cluster/users/grad/2025/25t8103/project/outputs/e2_t1_t4_baseline_matrix/green_mug_orange_phase2/fireflow/seed_12/result.png
T4_local_recolor,green_mug_orange_phase2,Green mug orange,12,rf_solver_edit,RF-Solver-Edit,rf_solver_edit,outputs/e2_t1_t4_baseline_matrix/green_mug_orange_phase2/rf_solver_edit/seed_12/result.png,experiments/support_v3_2026-06-02/normalized_512/sources/green_mug_orange_phase2.png,canonical method directory,aligned,selected image matches metric row result_image,experiments/support_v3_2026-06-02/e2_t1_t4_baseline_fixed_mask_metrics.csv,/cluster/users/grad/2025/25t8103/project/outputs/e2_t1_t4_baseline_matrix/green_mug_orange_phase2/rf_solver_edit/seed_12/result.png
T4_local_recolor,green_mug_orange_phase2,Green mug orange,12,reflex,ReFlex,reflex,outputs/e2_t1_t4_baseline_matrix/green_mug_orange_phase2/reflex/seed_12/result.png,experiments/support_v3_2026-06-02/normalized_512/sources/green_mug_orange_phase2.png,canonical method directory,aligned,selected image matches metric row result_image,experiments/support_v3_2026-06-02/e2_t1_t4_baseline_fixed_mask_metrics.csv,/cluster/users/grad/2025/25t8103/project/outputs/e2_t1_t4_baseline_matrix/green_mug_orange_phase2/reflex/seed_12/result.png
T4_local_recolor,green_mug_orange_phase2,Green mug orange,12,sam_flow_flux,Sam-Flow-FLUX,sam_flow_flux,outputs/e2_t1_t4_baseline_matrix/green_mug_orange_phase2/sam_flow_flux/seed_12/result.png,experiments/support_v3_2026-06-02/normalized_512/sources/green_mug_orange_phase2.png,canonical method directory,aligned,selected image matches metric row result_image,experiments/support_v3_2026-06-02/e2_t1_t4_baseline_fixed_mask_metrics.csv,/cluster/users/grad/2025/25t8103/project/outputs/e2_t1_t4_baseline_matrix/green_mug_orange_phase2/sam_flow_flux/seed_12/result.png
T4_local_recolor,green_mug_orange_phase2,Green mug orange,12,support_v3_fixed,Fixed DeCE,support_v3_fixed,outputs/pretty_matrix/green_mug_orange_phase2/support_v3_fixed/seed_12/result.png,experiments/support_v3_2026-06-02/normalized_512/sources/green_mug_orange_phase2.png,canonical method directory,aligned,selected image matches metric row result_image,experiments/support_v3_2026-06-02/phase2_internal_bg_metrics.csv,/cluster/users/grad/2025/25t8103/project/outputs/pretty_matrix/green_mug_orange_phase2/support_v3_fixed/seed_12/result.png
T4_local_recolor,green_mug_orange_phase2,Green mug orange,12,support_v3_controller_rmsgap,DeCE-RF,support_v3_controller_rmsgap_t1t4_3seed_20260609,outputs/pretty_matrix/green_mug_orange_phase2/support_v3_controller_rmsgap_t1t4_3seed_20260609/seed_12/result.png,experiments/support_v3_2026-06-02/normalized_512/sources/green_mug_orange_phase2.png,formal T1-T4 three-seed DeCE-RF rerun,aligned,selected image matches metric row result_image,experiments/support_v3_2026-06-02/phase2_internal_bg_metrics.csv,/cluster/users/grad/2025/25t8103/project/outputs/phase2_selected_metric_refresh_20260612/green_mug_orange_phase2/support_v3_controller_rmsgap/seed_12/result.png
T4_local_recolor,yellow_vase_blue_phase2,Yellow vase blue,10,base_only,RF recon,base_only,outputs/pretty_matrix/yellow_vase_blue_phase2/base_only/seed_10/result.png,experiments/support_v3_2026-06-02/normalized_512/sources/yellow_vase_blue_phase2.png,canonical method directory,aligned,selected image matches metric row result_image,experiments/support_v3_2026-06-02/phase2_internal_bg_metrics.csv,/cluster/users/grad/2025/25t8103/project/outputs/pretty_matrix/yellow_vase_blue_phase2/base_only/seed_10/result.png
T4_local_recolor,yellow_vase_blue_phase2,Yellow vase blue,10,direct_target,Direct target,direct_target,outputs/pretty_matrix/yellow_vase_blue_phase2/direct_target/seed_10/result.png,experiments/support_v3_2026-06-02/normalized_512/sources/yellow_vase_blue_phase2.png,canonical method directory,aligned,selected image matches metric row result_image,experiments/support_v3_2026-06-02/phase2_internal_bg_metrics.csv,/cluster/users/grad/2025/25t8103/project/outputs/pretty_matrix/yellow_vase_blue_phase2/direct_target/seed_10/result.png
T4_local_recolor,yellow_vase_blue_phase2,Yellow vase blue,10,adaptive_full_generic_support,Generic support,adaptive_full_generic_support,outputs/pretty_matrix/yellow_vase_blue_phase2/adaptive_full_generic_support/seed_10/result.png,experiments/support_v3_2026-06-02/normalized_512/sources/yellow_vase_blue_phase2.png,canonical method directory,aligned,selected image matches metric row result_image,experiments/support_v3_2026-06-02/phase2_internal_bg_metrics.csv,/cluster/users/grad/2025/25t8103/project/outputs/pretty_matrix/yellow_vase_blue_phase2/adaptive_full_generic_support/seed_10/result.png
T4_local_recolor,yellow_vase_blue_phase2,Yellow vase blue,10,flowedit,FlowEdit,flowedit,outputs/e2_t1_t4_baseline_matrix/yellow_vase_blue_phase2/flowedit/seed_10/result.png,experiments/support_v3_2026-06-02/normalized_512/sources/yellow_vase_blue_phase2.png,canonical method directory,aligned,selected image matches metric row result_image,experiments/support_v3_2026-06-02/e2_t1_t4_baseline_fixed_mask_metrics.csv,/cluster/users/grad/2025/25t8103/project/outputs/e2_t1_t4_baseline_matrix/yellow_vase_blue_phase2/flowedit/seed_10/result.png
T4_local_recolor,yellow_vase_blue_phase2,Yellow vase blue,10,splitflow,SplitFlow,splitflow,outputs/e2_t1_t4_baseline_matrix/yellow_vase_blue_phase2/splitflow/seed_10/result.png,experiments/support_v3_2026-06-02/normalized_512/sources/yellow_vase_blue_phase2.png,canonical method directory,aligned,selected image matches metric row result_image,experiments/support_v3_2026-06-02/e2_t1_t4_baseline_fixed_mask_metrics.csv,/cluster/users/grad/2025/25t8103/project/outputs/e2_t1_t4_baseline_matrix/yellow_vase_blue_phase2/splitflow/seed_10/result.png
T4_local_recolor,yellow_vase_blue_phase2,Yellow vase blue,10,sam_flow_sd3,Sam-Flow-SD3,sam_flow_sd3,outputs/e2_t1_t4_baseline_matrix/yellow_vase_blue_phase2/sam_flow_sd3/seed_10/result.png,experiments/support_v3_2026-06-02/normalized_512/sources/yellow_vase_blue_phase2.png,canonical method directory,aligned,selected image matches metric row result_image,experiments/support_v3_2026-06-02/e2_t1_t4_baseline_fixed_mask_metrics.csv,/cluster/users/grad/2025/25t8103/project/outputs/e2_t1_t4_baseline_matrix/yellow_vase_blue_phase2/sam_flow_sd3/seed_10/result.png
T4_local_recolor,yellow_vase_blue_phase2,Yellow vase blue,10,fireflow,FireFlow,fireflow,outputs/e2_t1_t4_baseline_matrix/yellow_vase_blue_phase2/fireflow/seed_10/result.png,experiments/support_v3_2026-06-02/normalized_512/sources/yellow_vase_blue_phase2.png,canonical method directory,aligned,selected image matches metric row result_image,experiments/support_v3_2026-06-02/e2_t1_t4_baseline_fixed_mask_metrics.csv,/cluster/users/grad/2025/25t8103/project/outputs/e2_t1_t4_baseline_matrix/yellow_vase_blue_phase2/fireflow/seed_10/result.png
T4_local_recolor,yellow_vase_blue_phase2,Yellow vase blue,10,rf_solver_edit,RF-Solver-Edit,rf_solver_edit,outputs/e2_t1_t4_baseline_matrix/yellow_vase_blue_phase2/rf_solver_edit/seed_10/result.png,experiments/support_v3_2026-06-02/normalized_512/sources/yellow_vase_blue_phase2.png,canonical method directory,aligned,selected image matches metric row result_image,experiments/support_v3_2026-06-02/e2_t1_t4_baseline_fixed_mask_metrics.csv,/cluster/users/grad/2025/25t8103/project/outputs/e2_t1_t4_baseline_matrix/yellow_vase_blue_phase2/rf_solver_edit/seed_10/result.png
T4_local_recolor,yellow_vase_blue_phase2,Yellow vase blue,10,reflex,ReFlex,reflex,outputs/e2_t1_t4_baseline_matrix/yellow_vase_blue_phase2/reflex/seed_10/result.png,experiments/support_v3_2026-06-02/normalized_512/sources/yellow_vase_blue_phase2.png,canonical method directory,aligned,selected image matches metric row result_image,experiments/support_v3_2026-06-02/e2_t1_t4_baseline_fixed_mask_metrics.csv,/cluster/users/grad/2025/25t8103/project/outputs/e2_t1_t4_baseline_matrix/yellow_vase_blue_phase2/reflex/seed_10/result.png
T4_local_recolor,yellow_vase_blue_phase2,Yellow vase blue,10,sam_flow_flux,Sam-Flow-FLUX,sam_flow_flux,outputs/e2_t1_t4_baseline_matrix/yellow_vase_blue_phase2/sam_flow_flux/seed_10/result.png,experiments/support_v3_2026-06-02/normalized_512/sources/yellow_vase_blue_phase2.png,canonical method directory,aligned,selected image matches metric row result_image,experiments/support_v3_2026-06-02/e2_t1_t4_baseline_fixed_mask_metrics.csv,/cluster/users/grad/2025/25t8103/project/outputs/e2_t1_t4_baseline_matrix/yellow_vase_blue_phase2/sam_flow_flux/seed_10/result.png
T4_local_recolor,yellow_vase_blue_phase2,Yellow vase blue,10,support_v3_fixed,Fixed DeCE,support_v3_fixed,outputs/pretty_matrix/yellow_vase_blue_phase2/support_v3_fixed/seed_10/result.png,experiments/support_v3_2026-06-02/normalized_512/sources/yellow_vase_blue_phase2.png,canonical method directory,aligned,selected image matches metric row result_image,experiments/support_v3_2026-06-02/phase2_internal_bg_metrics.csv,/cluster/users/grad/2025/25t8103/project/outputs/pretty_matrix/yellow_vase_blue_phase2/support_v3_fixed/seed_10/result.png
T4_local_recolor,yellow_vase_blue_phase2,Yellow vase blue,10,support_v3_controller_rmsgap,DeCE-RF,support_v3_controller_rmsgap_t1t4_3seed_20260609,outputs/pretty_matrix/yellow_vase_blue_phase2/support_v3_controller_rmsgap_t1t4_3seed_20260609/seed_10/result.png,experiments/support_v3_2026-06-02/normalized_512/sources/yellow_vase_blue_phase2.png,formal T1-T4 three-seed DeCE-RF rerun,aligned,selected image matches metric row result_image,experiments/support_v3_2026-06-02/phase2_internal_bg_metrics.csv,/cluster/users/grad/2025/25t8103/project/outputs/phase2_selected_metric_refresh_20260612/yellow_vase_blue_phase2/support_v3_controller_rmsgap/seed_10/result.png
T4_local_recolor,yellow_vase_blue_phase2,Yellow vase blue,11,base_only,RF recon,base_only,outputs/pretty_matrix/yellow_vase_blue_phase2/base_only/seed_11/result.png,experiments/support_v3_2026-06-02/normalized_512/sources/yellow_vase_blue_phase2.png,canonical method directory,aligned,selected image matches metric row result_image,experiments/support_v3_2026-06-02/phase2_internal_bg_metrics.csv,/cluster/users/grad/2025/25t8103/project/outputs/pretty_matrix/yellow_vase_blue_phase2/base_only/seed_11/result.png
T4_local_recolor,yellow_vase_blue_phase2,Yellow vase blue,11,direct_target,Direct target,direct_target,outputs/pretty_matrix/yellow_vase_blue_phase2/direct_target/seed_11/result.png,experiments/support_v3_2026-06-02/normalized_512/sources/yellow_vase_blue_phase2.png,canonical method directory,aligned,selected image matches metric row result_image,experiments/support_v3_2026-06-02/phase2_internal_bg_metrics.csv,/cluster/users/grad/2025/25t8103/project/outputs/pretty_matrix/yellow_vase_blue_phase2/direct_target/seed_11/result.png
T4_local_recolor,yellow_vase_blue_phase2,Yellow vase blue,11,adaptive_full_generic_support,Generic support,adaptive_full_generic_support,outputs/pretty_matrix/yellow_vase_blue_phase2/adaptive_full_generic_support/seed_11/result.png,experiments/support_v3_2026-06-02/normalized_512/sources/yellow_vase_blue_phase2.png,canonical method directory,aligned,selected image matches metric row result_image,experiments/support_v3_2026-06-02/phase2_internal_bg_metrics.csv,/cluster/users/grad/2025/25t8103/project/outputs/pretty_matrix/yellow_vase_blue_phase2/adaptive_full_generic_support/seed_11/result.png
T4_local_recolor,yellow_vase_blue_phase2,Yellow vase blue,11,flowedit,FlowEdit,flowedit,outputs/e2_t1_t4_baseline_matrix/yellow_vase_blue_phase2/flowedit/seed_11/result.png,experiments/support_v3_2026-06-02/normalized_512/sources/yellow_vase_blue_phase2.png,canonical method directory,aligned,selected image matches metric row result_image,experiments/support_v3_2026-06-02/e2_t1_t4_baseline_fixed_mask_metrics.csv,/cluster/users/grad/2025/25t8103/project/outputs/e2_t1_t4_baseline_matrix/yellow_vase_blue_phase2/flowedit/seed_11/result.png
T4_local_recolor,yellow_vase_blue_phase2,Yellow vase blue,11,splitflow,SplitFlow,splitflow,outputs/e2_t1_t4_baseline_matrix/yellow_vase_blue_phase2/splitflow/seed_11/result.png,experiments/support_v3_2026-06-02/normalized_512/sources/yellow_vase_blue_phase2.png,canonical method directory,aligned,selected image matches metric row result_image,experiments/support_v3_2026-06-02/e2_t1_t4_baseline_fixed_mask_metrics.csv,/cluster/users/grad/2025/25t8103/project/outputs/e2_t1_t4_baseline_matrix/yellow_vase_blue_phase2/splitflow/seed_11/result.png
T4_local_recolor,yellow_vase_blue_phase2,Yellow vase blue,11,sam_flow_sd3,Sam-Flow-SD3,sam_flow_sd3,outputs/e2_t1_t4_baseline_matrix/yellow_vase_blue_phase2/sam_flow_sd3/seed_11/result.png,experiments/support_v3_2026-06-02/normalized_512/sources/yellow_vase_blue_phase2.png,canonical method directory,aligned,selected image matches metric row result_image,experiments/support_v3_2026-06-02/e2_t1_t4_baseline_fixed_mask_metrics.csv,/cluster/users/grad/2025/25t8103/project/outputs/e2_t1_t4_baseline_matrix/yellow_vase_blue_phase2/sam_flow_sd3/seed_11/result.png
T4_local_recolor,yellow_vase_blue_phase2,Yellow vase blue,11,fireflow,FireFlow,fireflow,outputs/e2_t1_t4_baseline_matrix/yellow_vase_blue_phase2/fireflow/seed_11/result.png,experiments/support_v3_2026-06-02/normalized_512/sources/yellow_vase_blue_phase2.png,canonical method directory,aligned,selected image matches metric row result_image,experiments/support_v3_2026-06-02/e2_t1_t4_baseline_fixed_mask_metrics.csv,/cluster/users/grad/2025/25t8103/project/outputs/e2_t1_t4_baseline_matrix/yellow_vase_blue_phase2/fireflow/seed_11/result.png
T4_local_recolor,yellow_vase_blue_phase2,Yellow vase blue,11,rf_solver_edit,RF-Solver-Edit,rf_solver_edit,outputs/e2_t1_t4_baseline_matrix/yellow_vase_blue_phase2/rf_solver_edit/seed_11/result.png,experiments/support_v3_2026-06-02/normalized_512/sources/yellow_vase_blue_phase2.png,canonical method directory,aligned,selected image matches metric row result_image,experiments/support_v3_2026-06-02/e2_t1_t4_baseline_fixed_mask_metrics.csv,/cluster/users/grad/2025/25t8103/project/outputs/e2_t1_t4_baseline_matrix/yellow_vase_blue_phase2/rf_solver_edit/seed_11/result.png
T4_local_recolor,yellow_vase_blue_phase2,Yellow vase blue,11,reflex,ReFlex,reflex,outputs/e2_t1_t4_baseline_matrix/yellow_vase_blue_phase2/reflex/seed_11/result.png,experiments/support_v3_2026-06-02/normalized_512/sources/yellow_vase_blue_phase2.png,canonical method directory,aligned,selected image matches metric row result_image,experiments/support_v3_2026-06-02/e2_t1_t4_baseline_fixed_mask_metrics.csv,/cluster/users/grad/2025/25t8103/project/outputs/e2_t1_t4_baseline_matrix/yellow_vase_blue_phase2/reflex/seed_11/result.png
T4_local_recolor,yellow_vase_blue_phase2,Yellow vase blue,11,sam_flow_flux,Sam-Flow-FLUX,sam_flow_flux,outputs/e2_t1_t4_baseline_matrix/yellow_vase_blue_phase2/sam_flow_flux/seed_11/result.png,experiments/support_v3_2026-06-02/normalized_512/sources/yellow_vase_blue_phase2.png,canonical method directory,aligned,selected image matches metric row result_image,experiments/support_v3_2026-06-02/e2_t1_t4_baseline_fixed_mask_metrics.csv,/cluster/users/grad/2025/25t8103/project/outputs/e2_t1_t4_baseline_matrix/yellow_vase_blue_phase2/sam_flow_flux/seed_11/result.png
T4_local_recolor,yellow_vase_blue_phase2,Yellow vase blue,11,support_v3_fixed,Fixed DeCE,support_v3_fixed,outputs/pretty_matrix/yellow_vase_blue_phase2/support_v3_fixed/seed_11/result.png,experiments/support_v3_2026-06-02/normalized_512/sources/yellow_vase_blue_phase2.png,canonical method directory,aligned,selected image matches metric row result_image,experiments/support_v3_2026-06-02/phase2_internal_bg_metrics.csv,/cluster/users/grad/2025/25t8103/project/outputs/pretty_matrix/yellow_vase_blue_phase2/support_v3_fixed/seed_11/result.png
T4_local_recolor,yellow_vase_blue_phase2,Yellow vase blue,11,support_v3_controller_rmsgap,DeCE-RF,support_v3_controller_rmsgap_t1t4_3seed_20260609,outputs/pretty_matrix/yellow_vase_blue_phase2/support_v3_controller_rmsgap_t1t4_3seed_20260609/seed_11/result.png,experiments/support_v3_2026-06-02/normalized_512/sources/yellow_vase_blue_phase2.png,formal T1-T4 three-seed DeCE-RF rerun,aligned,selected image matches metric row result_image,experiments/support_v3_2026-06-02/phase2_internal_bg_metrics.csv,/cluster/users/grad/2025/25t8103/project/outputs/phase2_selected_metric_refresh_20260612/yellow_vase_blue_phase2/support_v3_controller_rmsgap/seed_11/result.png
T4_local_recolor,yellow_vase_blue_phase2,Yellow vase blue,12,base_only,RF recon,base_only,outputs/pretty_matrix/yellow_vase_blue_phase2/base_only/seed_12/result.png,experiments/support_v3_2026-06-02/normalized_512/sources/yellow_vase_blue_phase2.png,canonical method directory,aligned,selected image matches metric row result_image,experiments/support_v3_2026-06-02/phase2_internal_bg_metrics.csv,/cluster/users/grad/2025/25t8103/project/outputs/pretty_matrix/yellow_vase_blue_phase2/base_only/seed_12/result.png
T4_local_recolor,yellow_vase_blue_phase2,Yellow vase blue,12,direct_target,Direct target,direct_target,outputs/pretty_matrix/yellow_vase_blue_phase2/direct_target/seed_12/result.png,experiments/support_v3_2026-06-02/normalized_512/sources/yellow_vase_blue_phase2.png,canonical method directory,aligned,selected image matches metric row result_image,experiments/support_v3_2026-06-02/phase2_internal_bg_metrics.csv,/cluster/users/grad/2025/25t8103/project/outputs/pretty_matrix/yellow_vase_blue_phase2/direct_target/seed_12/result.png
T4_local_recolor,yellow_vase_blue_phase2,Yellow vase blue,12,adaptive_full_generic_support,Generic support,adaptive_full_generic_support,outputs/pretty_matrix/yellow_vase_blue_phase2/adaptive_full_generic_support/seed_12/result.png,experiments/support_v3_2026-06-02/normalized_512/sources/yellow_vase_blue_phase2.png,canonical method directory,aligned,selected image matches metric row result_image,experiments/support_v3_2026-06-02/phase2_internal_bg_metrics.csv,/cluster/users/grad/2025/25t8103/project/outputs/pretty_matrix/yellow_vase_blue_phase2/adaptive_full_generic_support/seed_12/result.png
T4_local_recolor,yellow_vase_blue_phase2,Yellow vase blue,12,flowedit,FlowEdit,flowedit,outputs/e2_t1_t4_baseline_matrix/yellow_vase_blue_phase2/flowedit/seed_12/result.png,experiments/support_v3_2026-06-02/normalized_512/sources/yellow_vase_blue_phase2.png,canonical method directory,aligned,selected image matches metric row result_image,experiments/support_v3_2026-06-02/e2_t1_t4_baseline_fixed_mask_metrics.csv,/cluster/users/grad/2025/25t8103/project/outputs/e2_t1_t4_baseline_matrix/yellow_vase_blue_phase2/flowedit/seed_12/result.png
T4_local_recolor,yellow_vase_blue_phase2,Yellow vase blue,12,splitflow,SplitFlow,splitflow,outputs/e2_t1_t4_baseline_matrix/yellow_vase_blue_phase2/splitflow/seed_12/result.png,experiments/support_v3_2026-06-02/normalized_512/sources/yellow_vase_blue_phase2.png,canonical method directory,aligned,selected image matches metric row result_image,experiments/support_v3_2026-06-02/e2_t1_t4_baseline_fixed_mask_metrics.csv,/cluster/users/grad/2025/25t8103/project/outputs/e2_t1_t4_baseline_matrix/yellow_vase_blue_phase2/splitflow/seed_12/result.png
T4_local_recolor,yellow_vase_blue_phase2,Yellow vase blue,12,sam_flow_sd3,Sam-Flow-SD3,sam_flow_sd3,outputs/e2_t1_t4_baseline_matrix/yellow_vase_blue_phase2/sam_flow_sd3/seed_12/result.png,experiments/support_v3_2026-06-02/normalized_512/sources/yellow_vase_blue_phase2.png,canonical method directory,aligned,selected image matches metric row result_image,experiments/support_v3_2026-06-02/e2_t1_t4_baseline_fixed_mask_metrics.csv,/cluster/users/grad/2025/25t8103/project/outputs/e2_t1_t4_baseline_matrix/yellow_vase_blue_phase2/sam_flow_sd3/seed_12/result.png
T4_local_recolor,yellow_vase_blue_phase2,Yellow vase blue,12,fireflow,FireFlow,fireflow,outputs/e2_t1_t4_baseline_matrix/yellow_vase_blue_phase2/fireflow/seed_12/result.png,experiments/support_v3_2026-06-02/normalized_512/sources/yellow_vase_blue_phase2.png,canonical method directory,aligned,selected image matches metric row result_image,experiments/support_v3_2026-06-02/e2_t1_t4_baseline_fixed_mask_metrics.csv,/cluster/users/grad/2025/25t8103/project/outputs/e2_t1_t4_baseline_matrix/yellow_vase_blue_phase2/fireflow/seed_12/result.png
T4_local_recolor,yellow_vase_blue_phase2,Yellow vase blue,12,rf_solver_edit,RF-Solver-Edit,rf_solver_edit,outputs/e2_t1_t4_baseline_matrix/yellow_vase_blue_phase2/rf_solver_edit/seed_12/result.png,experiments/support_v3_2026-06-02/normalized_512/sources/yellow_vase_blue_phase2.png,canonical method directory,aligned,selected image matches metric row result_image,experiments/support_v3_2026-06-02/e2_t1_t4_baseline_fixed_mask_metrics.csv,/cluster/users/grad/2025/25t8103/project/outputs/e2_t1_t4_baseline_matrix/yellow_vase_blue_phase2/rf_solver_edit/seed_12/result.png
T4_local_recolor,yellow_vase_blue_phase2,Yellow vase blue,12,reflex,ReFlex,reflex,outputs/e2_t1_t4_baseline_matrix/yellow_vase_blue_phase2/reflex/seed_12/result.png,experiments/support_v3_2026-06-02/normalized_512/sources/yellow_vase_blue_phase2.png,canonical method directory,aligned,selected image matches metric row result_image,experiments/support_v3_2026-06-02/e2_t1_t4_baseline_fixed_mask_metrics.csv,/cluster/users/grad/2025/25t8103/project/outputs/e2_t1_t4_baseline_matrix/yellow_vase_blue_phase2/reflex/seed_12/result.png
T4_local_recolor,yellow_vase_blue_phase2,Yellow vase blue,12,sam_flow_flux,Sam-Flow-FLUX,sam_flow_flux,outputs/e2_t1_t4_baseline_matrix/yellow_vase_blue_phase2/sam_flow_flux/seed_12/result.png,experiments/support_v3_2026-06-02/normalized_512/sources/yellow_vase_blue_phase2.png,canonical method directory,aligned,selected image matches metric row result_image,experiments/support_v3_2026-06-02/e2_t1_t4_baseline_fixed_mask_metrics.csv,/cluster/users/grad/2025/25t8103/project/outputs/e2_t1_t4_baseline_matrix/yellow_vase_blue_phase2/sam_flow_flux/seed_12/result.png
T4_local_recolor,yellow_vase_blue_phase2,Yellow vase blue,12,support_v3_fixed,Fixed DeCE,support_v3_fixed,outputs/pretty_matrix/yellow_vase_blue_phase2/support_v3_fixed/seed_12/result.png,experiments/support_v3_2026-06-02/normalized_512/sources/yellow_vase_blue_phase2.png,canonical method directory,aligned,selected image matches metric row result_image,experiments/support_v3_2026-06-02/phase2_internal_bg_metrics.csv,/cluster/users/grad/2025/25t8103/project/outputs/pretty_matrix/yellow_vase_blue_phase2/support_v3_fixed/seed_12/result.png
T4_local_recolor,yellow_vase_blue_phase2,Yellow vase blue,12,support_v3_controller_rmsgap,DeCE-RF,support_v3_controller_rmsgap_t1t4_3seed_20260609,outputs/pretty_matrix/yellow_vase_blue_phase2/support_v3_controller_rmsgap_t1t4_3seed_20260609/seed_12/result.png,experiments/support_v3_2026-06-02/normalized_512/sources/yellow_vase_blue_phase2.png,formal T1-T4 three-seed DeCE-RF rerun,aligned,selected image matches metric row result_image,experiments/support_v3_2026-06-02/phase2_internal_bg_metrics.csv,/cluster/users/grad/2025/25t8103/project/outputs/phase2_selected_metric_refresh_20260612/yellow_vase_blue_phase2/support_v3_controller_rmsgap/seed_12/result.png
T5_same_color_material,pillow_same_color_cable_knit,White cable-knit pillow,10,base_only,RF recon,base_only,outputs/pretty_matrix/pillow_same_color_cable_knit/base_only/seed_10/result.png,experiments/support_v3_2026-06-02/normalized_512/sources/pillow_same_color_cable_knit.png,canonical method directory,aligned,selected image matches metric row result_image,experiments/support_v3_2026-06-02/phase2_internal_bg_metrics.csv,/cluster/users/grad/2025/25t8103/project/outputs/pretty_matrix/pillow_same_color_cable_knit/base_only/seed_10/result.png
T5_same_color_material,pillow_same_color_cable_knit,White cable-knit pillow,10,direct_target,Direct target,direct_target,outputs/pretty_matrix/pillow_same_color_cable_knit/direct_target/seed_10/result.png,experiments/support_v3_2026-06-02/normalized_512/sources/pillow_same_color_cable_knit.png,canonical method directory,aligned,selected image matches metric row result_image,experiments/support_v3_2026-06-02/phase2_internal_bg_metrics.csv,/cluster/users/grad/2025/25t8103/project/outputs/pretty_matrix/pillow_same_color_cable_knit/direct_target/seed_10/result.png
T5_same_color_material,pillow_same_color_cable_knit,White cable-knit pillow,10,adaptive_full_generic_support,Generic support,adaptive_full_generic_support,outputs/pretty_matrix/pillow_same_color_cable_knit/adaptive_full_generic_support/seed_10/result.png,experiments/support_v3_2026-06-02/normalized_512/sources/pillow_same_color_cable_knit.png,canonical method directory,aligned,selected image matches metric row result_image,experiments/support_v3_2026-06-02/phase2_internal_bg_metrics.csv,/cluster/users/grad/2025/25t8103/project/outputs/pretty_matrix/pillow_same_color_cable_knit/adaptive_full_generic_support/seed_10/result.png
T5_same_color_material,pillow_same_color_cable_knit,White cable-knit pillow,10,flowedit,FlowEdit,flowedit,outputs/e2_t5_baseline_matrix/pillow_same_color_cable_knit/flowedit/seed_10/result.png,experiments/support_v3_2026-06-02/normalized_512/sources/pillow_same_color_cable_knit.png,canonical method directory,aligned,selected image matches metric row result_image,experiments/support_v3_2026-06-02/table2_t5_baseline_metrics.csv,/cluster/users/grad/2025/25t8103/project/outputs/e2_t5_baseline_matrix/pillow_same_color_cable_knit/flowedit/seed_10/result.png
T5_same_color_material,pillow_same_color_cable_knit,White cable-knit pillow,10,splitflow,SplitFlow,splitflow,outputs/e2_t5_baseline_matrix/pillow_same_color_cable_knit/splitflow/seed_10/result.png,experiments/support_v3_2026-06-02/normalized_512/sources/pillow_same_color_cable_knit.png,canonical method directory,aligned,selected image matches metric row result_image,experiments/support_v3_2026-06-02/table2_t5_baseline_metrics.csv,/cluster/users/grad/2025/25t8103/project/outputs/e2_t5_baseline_matrix/pillow_same_color_cable_knit/splitflow/seed_10/result.png
T5_same_color_material,pillow_same_color_cable_knit,White cable-knit pillow,10,sam_flow_sd3,Sam-Flow-SD3,sam_flow_sd3,outputs/e2_t5_baseline_matrix/pillow_same_color_cable_knit/sam_flow_sd3/seed_10/result.png,experiments/support_v3_2026-06-02/normalized_512/sources/pillow_same_color_cable_knit.png,canonical method directory,aligned,selected image matches metric row result_image,experiments/support_v3_2026-06-02/table2_t5_baseline_metrics.csv,/cluster/users/grad/2025/25t8103/project/outputs/e2_t5_baseline_matrix/pillow_same_color_cable_knit/sam_flow_sd3/seed_10/result.png
T5_same_color_material,pillow_same_color_cable_knit,White cable-knit pillow,10,fireflow,FireFlow,fireflow,outputs/e2_t5_baseline_matrix/pillow_same_color_cable_knit/fireflow/seed_10/result.png,experiments/support_v3_2026-06-02/normalized_512/sources/pillow_same_color_cable_knit.png,canonical method directory,aligned,selected image matches metric row result_image,experiments/support_v3_2026-06-02/table2_t5_baseline_metrics.csv,/cluster/users/grad/2025/25t8103/project/outputs/e2_t5_baseline_matrix/pillow_same_color_cable_knit/fireflow/seed_10/result.png
T5_same_color_material,pillow_same_color_cable_knit,White cable-knit pillow,10,rf_solver_edit,RF-Solver-Edit,rf_solver_edit,outputs/e2_t5_baseline_matrix/pillow_same_color_cable_knit/rf_solver_edit/seed_10/result.png,experiments/support_v3_2026-06-02/normalized_512/sources/pillow_same_color_cable_knit.png,canonical method directory,aligned,selected image matches metric row result_image,experiments/support_v3_2026-06-02/table2_t5_baseline_metrics.csv,/cluster/users/grad/2025/25t8103/project/outputs/e2_t5_baseline_matrix/pillow_same_color_cable_knit/rf_solver_edit/seed_10/result.png
T5_same_color_material,pillow_same_color_cable_knit,White cable-knit pillow,10,reflex,ReFlex,reflex,outputs/e2_t5_baseline_matrix/pillow_same_color_cable_knit/reflex/seed_10/result.png,experiments/support_v3_2026-06-02/normalized_512/sources/pillow_same_color_cable_knit.png,canonical method directory,aligned,selected image matches metric row result_image,experiments/support_v3_2026-06-02/table2_t5_baseline_metrics.csv,/cluster/users/grad/2025/25t8103/project/outputs/e2_t5_baseline_matrix/pillow_same_color_cable_knit/reflex/seed_10/result.png
T5_same_color_material,pillow_same_color_cable_knit,White cable-knit pillow,10,sam_flow_flux,Sam-Flow-FLUX,sam_flow_flux,outputs/e2_t5_baseline_matrix/pillow_same_color_cable_knit/sam_flow_flux/seed_10/result.png,experiments/support_v3_2026-06-02/normalized_512/sources/pillow_same_color_cable_knit.png,canonical method directory,aligned,selected image matches metric row result_image,experiments/support_v3_2026-06-02/table2_t5_baseline_metrics.csv,/cluster/users/grad/2025/25t8103/project/outputs/e2_t5_baseline_matrix/pillow_same_color_cable_knit/sam_flow_flux/seed_10/result.png
T5_same_color_material,pillow_same_color_cable_knit,White cable-knit pillow,10,support_v3_fixed,Fixed DeCE,support_v3_fixed,outputs/pretty_matrix/pillow_same_color_cable_knit/support_v3_fixed/seed_10/result.png,experiments/support_v3_2026-06-02/normalized_512/sources/pillow_same_color_cable_knit.png,canonical method directory,aligned,selected image matches metric row result_image,experiments/support_v3_2026-06-02/phase2_internal_bg_metrics.csv,/cluster/users/grad/2025/25t8103/project/outputs/pretty_matrix/pillow_same_color_cable_knit/support_v3_fixed/seed_10/result.png
T5_same_color_material,pillow_same_color_cable_knit,White cable-knit pillow,10,support_v3_controller_rmsgap,DeCE-RF,support_v3_controller_rmsgap,outputs/pretty_matrix/pillow_same_color_cable_knit/support_v3_controller_rmsgap/seed_10/result.png,experiments/support_v3_2026-06-02/normalized_512/sources/pillow_same_color_cable_knit.png,formal T5 DeCE-RF run,aligned,selected image matches metric row result_image,experiments/support_v3_2026-06-02/phase2_internal_bg_metrics.csv,/cluster/users/grad/2025/25t8103/project/outputs/pretty_matrix/pillow_same_color_cable_knit/support_v3_controller_rmsgap/seed_10/result.png
T5_same_color_material,pillow_same_color_cable_knit,White cable-knit pillow,11,base_only,RF recon,base_only,outputs/pretty_matrix/pillow_same_color_cable_knit/base_only/seed_11/result.png,experiments/support_v3_2026-06-02/normalized_512/sources/pillow_same_color_cable_knit.png,canonical method directory,aligned,selected image matches metric row result_image,experiments/support_v3_2026-06-02/phase2_internal_bg_metrics.csv,/cluster/users/grad/2025/25t8103/project/outputs/pretty_matrix/pillow_same_color_cable_knit/base_only/seed_11/result.png
T5_same_color_material,pillow_same_color_cable_knit,White cable-knit pillow,11,direct_target,Direct target,direct_target,outputs/pretty_matrix/pillow_same_color_cable_knit/direct_target/seed_11/result.png,experiments/support_v3_2026-06-02/normalized_512/sources/pillow_same_color_cable_knit.png,canonical method directory,aligned,selected image matches metric row result_image,experiments/support_v3_2026-06-02/phase2_internal_bg_metrics.csv,/cluster/users/grad/2025/25t8103/project/outputs/pretty_matrix/pillow_same_color_cable_knit/direct_target/seed_11/result.png
T5_same_color_material,pillow_same_color_cable_knit,White cable-knit pillow,11,adaptive_full_generic_support,Generic support,adaptive_full_generic_support,outputs/pretty_matrix/pillow_same_color_cable_knit/adaptive_full_generic_support/seed_11/result.png,experiments/support_v3_2026-06-02/normalized_512/sources/pillow_same_color_cable_knit.png,canonical method directory,aligned,selected image matches metric row result_image,experiments/support_v3_2026-06-02/phase2_internal_bg_metrics.csv,/cluster/users/grad/2025/25t8103/project/outputs/pretty_matrix/pillow_same_color_cable_knit/adaptive_full_generic_support/seed_11/result.png
T5_same_color_material,pillow_same_color_cable_knit,White cable-knit pillow,11,flowedit,FlowEdit,flowedit,outputs/e2_t5_baseline_matrix/pillow_same_color_cable_knit/flowedit/seed_11/result.png,experiments/support_v3_2026-06-02/normalized_512/sources/pillow_same_color_cable_knit.png,canonical method directory,aligned,selected image matches metric row result_image,experiments/support_v3_2026-06-02/table2_t5_baseline_metrics.csv,/cluster/users/grad/2025/25t8103/project/outputs/e2_t5_baseline_matrix/pillow_same_color_cable_knit/flowedit/seed_11/result.png
T5_same_color_material,pillow_same_color_cable_knit,White cable-knit pillow,11,splitflow,SplitFlow,splitflow,outputs/e2_t5_baseline_matrix/pillow_same_color_cable_knit/splitflow/seed_11/result.png,experiments/support_v3_2026-06-02/normalized_512/sources/pillow_same_color_cable_knit.png,canonical method directory,aligned,selected image matches metric row result_image,experiments/support_v3_2026-06-02/table2_t5_baseline_metrics.csv,/cluster/users/grad/2025/25t8103/project/outputs/e2_t5_baseline_matrix/pillow_same_color_cable_knit/splitflow/seed_11/result.png
T5_same_color_material,pillow_same_color_cable_knit,White cable-knit pillow,11,sam_flow_sd3,Sam-Flow-SD3,sam_flow_sd3,outputs/e2_t5_baseline_matrix/pillow_same_color_cable_knit/sam_flow_sd3/seed_11/result.png,experiments/support_v3_2026-06-02/normalized_512/sources/pillow_same_color_cable_knit.png,canonical method directory,aligned,selected image matches metric row result_image,experiments/support_v3_2026-06-02/table2_t5_baseline_metrics.csv,/cluster/users/grad/2025/25t8103/project/outputs/e2_t5_baseline_matrix/pillow_same_color_cable_knit/sam_flow_sd3/seed_11/result.png
T5_same_color_material,pillow_same_color_cable_knit,White cable-knit pillow,11,fireflow,FireFlow,fireflow,outputs/e2_t5_baseline_matrix/pillow_same_color_cable_knit/fireflow/seed_11/result.png,experiments/support_v3_2026-06-02/normalized_512/sources/pillow_same_color_cable_knit.png,canonical method directory,aligned,selected image matches metric row result_image,experiments/support_v3_2026-06-02/table2_t5_baseline_metrics.csv,/cluster/users/grad/2025/25t8103/project/outputs/e2_t5_baseline_matrix/pillow_same_color_cable_knit/fireflow/seed_11/result.png
T5_same_color_material,pillow_same_color_cable_knit,White cable-knit pillow,11,rf_solver_edit,RF-Solver-Edit,rf_solver_edit,outputs/e2_t5_baseline_matrix/pillow_same_color_cable_knit/rf_solver_edit/seed_11/result.png,experiments/support_v3_2026-06-02/normalized_512/sources/pillow_same_color_cable_knit.png,canonical method directory,aligned,selected image matches metric row result_image,experiments/support_v3_2026-06-02/table2_t5_baseline_metrics.csv,/cluster/users/grad/2025/25t8103/project/outputs/e2_t5_baseline_matrix/pillow_same_color_cable_knit/rf_solver_edit/seed_11/result.png
T5_same_color_material,pillow_same_color_cable_knit,White cable-knit pillow,11,reflex,ReFlex,reflex,outputs/e2_t5_baseline_matrix/pillow_same_color_cable_knit/reflex/seed_11/result.png,experiments/support_v3_2026-06-02/normalized_512/sources/pillow_same_color_cable_knit.png,canonical method directory,aligned,selected image matches metric row result_image,experiments/support_v3_2026-06-02/table2_t5_baseline_metrics.csv,/cluster/users/grad/2025/25t8103/project/outputs/e2_t5_baseline_matrix/pillow_same_color_cable_knit/reflex/seed_11/result.png
T5_same_color_material,pillow_same_color_cable_knit,White cable-knit pillow,11,sam_flow_flux,Sam-Flow-FLUX,sam_flow_flux,outputs/e2_t5_baseline_matrix/pillow_same_color_cable_knit/sam_flow_flux/seed_11/result.png,experiments/support_v3_2026-06-02/normalized_512/sources/pillow_same_color_cable_knit.png,canonical method directory,aligned,selected image matches metric row result_image,experiments/support_v3_2026-06-02/table2_t5_baseline_metrics.csv,/cluster/users/grad/2025/25t8103/project/outputs/e2_t5_baseline_matrix/pillow_same_color_cable_knit/sam_flow_flux/seed_11/result.png
T5_same_color_material,pillow_same_color_cable_knit,White cable-knit pillow,11,support_v3_fixed,Fixed DeCE,support_v3_fixed,outputs/pretty_matrix/pillow_same_color_cable_knit/support_v3_fixed/seed_11/result.png,experiments/support_v3_2026-06-02/normalized_512/sources/pillow_same_color_cable_knit.png,canonical method directory,aligned,selected image matches metric row result_image,experiments/support_v3_2026-06-02/phase2_internal_bg_metrics.csv,/cluster/users/grad/2025/25t8103/project/outputs/pretty_matrix/pillow_same_color_cable_knit/support_v3_fixed/seed_11/result.png
T5_same_color_material,pillow_same_color_cable_knit,White cable-knit pillow,11,support_v3_controller_rmsgap,DeCE-RF,support_v3_controller_rmsgap,outputs/pretty_matrix/pillow_same_color_cable_knit/support_v3_controller_rmsgap/seed_11/result.png,experiments/support_v3_2026-06-02/normalized_512/sources/pillow_same_color_cable_knit.png,formal T5 DeCE-RF run,aligned,selected image matches metric row result_image,experiments/support_v3_2026-06-02/phase2_internal_bg_metrics.csv,/cluster/users/grad/2025/25t8103/project/outputs/pretty_matrix/pillow_same_color_cable_knit/support_v3_controller_rmsgap/seed_11/result.png
T5_same_color_material,pillow_same_color_cable_knit,White cable-knit pillow,12,base_only,RF recon,base_only,outputs/pretty_matrix/pillow_same_color_cable_knit/base_only/seed_12/result.png,experiments/support_v3_2026-06-02/normalized_512/sources/pillow_same_color_cable_knit.png,canonical method directory,aligned,selected image matches metric row result_image,experiments/support_v3_2026-06-02/phase2_internal_bg_metrics.csv,/cluster/users/grad/2025/25t8103/project/outputs/pretty_matrix/pillow_same_color_cable_knit/base_only/seed_12/result.png
T5_same_color_material,pillow_same_color_cable_knit,White cable-knit pillow,12,direct_target,Direct target,direct_target,outputs/pretty_matrix/pillow_same_color_cable_knit/direct_target/seed_12/result.png,experiments/support_v3_2026-06-02/normalized_512/sources/pillow_same_color_cable_knit.png,canonical method directory,aligned,selected image matches metric row result_image,experiments/support_v3_2026-06-02/phase2_internal_bg_metrics.csv,/cluster/users/grad/2025/25t8103/project/outputs/pretty_matrix/pillow_same_color_cable_knit/direct_target/seed_12/result.png
T5_same_color_material,pillow_same_color_cable_knit,White cable-knit pillow,12,adaptive_full_generic_support,Generic support,adaptive_full_generic_support,outputs/pretty_matrix/pillow_same_color_cable_knit/adaptive_full_generic_support/seed_12/result.png,experiments/support_v3_2026-06-02/normalized_512/sources/pillow_same_color_cable_knit.png,canonical method directory,aligned,selected image matches metric row result_image,experiments/support_v3_2026-06-02/phase2_internal_bg_metrics.csv,/cluster/users/grad/2025/25t8103/project/outputs/pretty_matrix/pillow_same_color_cable_knit/adaptive_full_generic_support/seed_12/result.png
T5_same_color_material,pillow_same_color_cable_knit,White cable-knit pillow,12,flowedit,FlowEdit,flowedit,outputs/e2_t5_baseline_matrix/pillow_same_color_cable_knit/flowedit/seed_12/result.png,experiments/support_v3_2026-06-02/normalized_512/sources/pillow_same_color_cable_knit.png,canonical method directory,aligned,selected image matches metric row result_image,experiments/support_v3_2026-06-02/table2_t5_baseline_metrics.csv,/cluster/users/grad/2025/25t8103/project/outputs/e2_t5_baseline_matrix/pillow_same_color_cable_knit/flowedit/seed_12/result.png
T5_same_color_material,pillow_same_color_cable_knit,White cable-knit pillow,12,splitflow,SplitFlow,splitflow,outputs/e2_t5_baseline_matrix/pillow_same_color_cable_knit/splitflow/seed_12/result.png,experiments/support_v3_2026-06-02/normalized_512/sources/pillow_same_color_cable_knit.png,canonical method directory,aligned,selected image matches metric row result_image,experiments/support_v3_2026-06-02/table2_t5_baseline_metrics.csv,/cluster/users/grad/2025/25t8103/project/outputs/e2_t5_baseline_matrix/pillow_same_color_cable_knit/splitflow/seed_12/result.png
T5_same_color_material,pillow_same_color_cable_knit,White cable-knit pillow,12,sam_flow_sd3,Sam-Flow-SD3,sam_flow_sd3,outputs/e2_t5_baseline_matrix/pillow_same_color_cable_knit/sam_flow_sd3/seed_12/result.png,experiments/support_v3_2026-06-02/normalized_512/sources/pillow_same_color_cable_knit.png,canonical method directory,aligned,selected image matches metric row result_image,experiments/support_v3_2026-06-02/table2_t5_baseline_metrics.csv,/cluster/users/grad/2025/25t8103/project/outputs/e2_t5_baseline_matrix/pillow_same_color_cable_knit/sam_flow_sd3/seed_12/result.png
T5_same_color_material,pillow_same_color_cable_knit,White cable-knit pillow,12,fireflow,FireFlow,fireflow,outputs/e2_t5_baseline_matrix/pillow_same_color_cable_knit/fireflow/seed_12/result.png,experiments/support_v3_2026-06-02/normalized_512/sources/pillow_same_color_cable_knit.png,canonical method directory,aligned,selected image matches metric row result_image,experiments/support_v3_2026-06-02/table2_t5_baseline_metrics.csv,/cluster/users/grad/2025/25t8103/project/outputs/e2_t5_baseline_matrix/pillow_same_color_cable_knit/fireflow/seed_12/result.png
T5_same_color_material,pillow_same_color_cable_knit,White cable-knit pillow,12,rf_solver_edit,RF-Solver-Edit,rf_solver_edit,outputs/e2_t5_baseline_matrix/pillow_same_color_cable_knit/rf_solver_edit/seed_12/result.png,experiments/support_v3_2026-06-02/normalized_512/sources/pillow_same_color_cable_knit.png,canonical method directory,aligned,selected image matches metric row result_image,experiments/support_v3_2026-06-02/table2_t5_baseline_metrics.csv,/cluster/users/grad/2025/25t8103/project/outputs/e2_t5_baseline_matrix/pillow_same_color_cable_knit/rf_solver_edit/seed_12/result.png
T5_same_color_material,pillow_same_color_cable_knit,White cable-knit pillow,12,reflex,ReFlex,reflex,outputs/e2_t5_baseline_matrix/pillow_same_color_cable_knit/reflex/seed_12/result.png,experiments/support_v3_2026-06-02/normalized_512/sources/pillow_same_color_cable_knit.png,canonical method directory,aligned,selected image matches metric row result_image,experiments/support_v3_2026-06-02/table2_t5_baseline_metrics.csv,/cluster/users/grad/2025/25t8103/project/outputs/e2_t5_baseline_matrix/pillow_same_color_cable_knit/reflex/seed_12/result.png
T5_same_color_material,pillow_same_color_cable_knit,White cable-knit pillow,12,sam_flow_flux,Sam-Flow-FLUX,sam_flow_flux,outputs/e2_t5_baseline_matrix/pillow_same_color_cable_knit/sam_flow_flux/seed_12/result.png,experiments/support_v3_2026-06-02/normalized_512/sources/pillow_same_color_cable_knit.png,canonical method directory,aligned,selected image matches metric row result_image,experiments/support_v3_2026-06-02/table2_t5_baseline_metrics.csv,/cluster/users/grad/2025/25t8103/project/outputs/e2_t5_baseline_matrix/pillow_same_color_cable_knit/sam_flow_flux/seed_12/result.png
T5_same_color_material,pillow_same_color_cable_knit,White cable-knit pillow,12,support_v3_fixed,Fixed DeCE,support_v3_fixed,outputs/pretty_matrix/pillow_same_color_cable_knit/support_v3_fixed/seed_12/result.png,experiments/support_v3_2026-06-02/normalized_512/sources/pillow_same_color_cable_knit.png,canonical method directory,aligned,selected image matches metric row result_image,experiments/support_v3_2026-06-02/phase2_internal_bg_metrics.csv,/cluster/users/grad/2025/25t8103/project/outputs/pretty_matrix/pillow_same_color_cable_knit/support_v3_fixed/seed_12/result.png
T5_same_color_material,pillow_same_color_cable_knit,White cable-knit pillow,12,support_v3_controller_rmsgap,DeCE-RF,support_v3_controller_rmsgap,outputs/pretty_matrix/pillow_same_color_cable_knit/support_v3_controller_rmsgap/seed_12/result.png,experiments/support_v3_2026-06-02/normalized_512/sources/pillow_same_color_cable_knit.png,formal T5 DeCE-RF run,aligned,selected image matches metric row result_image,experiments/support_v3_2026-06-02/phase2_internal_bg_metrics.csv,/cluster/users/grad/2025/25t8103/project/outputs/pretty_matrix/pillow_same_color_cable_knit/support_v3_controller_rmsgap/seed_12/result.png
T5_same_color_material,pillow_same_color_cable_knit_grey,Grey cable-knit pillow,10,base_only,RF recon,base_only,outputs/pretty_matrix/pillow_same_color_cable_knit_grey/base_only/seed_10/result.png,experiments/support_v3_2026-06-02/normalized_512/sources/pillow_same_color_cable_knit_grey.png,canonical method directory,aligned,selected image matches metric row result_image,experiments/support_v3_2026-06-02/phase2_internal_bg_metrics.csv,/cluster/users/grad/2025/25t8103/project/outputs/pretty_matrix/pillow_same_color_cable_knit_grey/base_only/seed_10/result.png
T5_same_color_material,pillow_same_color_cable_knit_grey,Grey cable-knit pillow,10,direct_target,Direct target,direct_target,outputs/pretty_matrix/pillow_same_color_cable_knit_grey/direct_target/seed_10/result.png,experiments/support_v3_2026-06-02/normalized_512/sources/pillow_same_color_cable_knit_grey.png,canonical method directory,aligned,selected image matches metric row result_image,experiments/support_v3_2026-06-02/phase2_internal_bg_metrics.csv,/cluster/users/grad/2025/25t8103/project/outputs/pretty_matrix/pillow_same_color_cable_knit_grey/direct_target/seed_10/result.png
T5_same_color_material,pillow_same_color_cable_knit_grey,Grey cable-knit pillow,10,adaptive_full_generic_support,Generic support,adaptive_full_generic_support,outputs/pretty_matrix/pillow_same_color_cable_knit_grey/adaptive_full_generic_support/seed_10/result.png,experiments/support_v3_2026-06-02/normalized_512/sources/pillow_same_color_cable_knit_grey.png,canonical method directory,aligned,selected image matches metric row result_image,experiments/support_v3_2026-06-02/phase2_internal_bg_metrics.csv,/cluster/users/grad/2025/25t8103/project/outputs/pretty_matrix/pillow_same_color_cable_knit_grey/adaptive_full_generic_support/seed_10/result.png
T5_same_color_material,pillow_same_color_cable_knit_grey,Grey cable-knit pillow,10,flowedit,FlowEdit,flowedit,outputs/e2_t5_baseline_matrix/pillow_same_color_cable_knit_grey/flowedit/seed_10/result.png,experiments/support_v3_2026-06-02/normalized_512/sources/pillow_same_color_cable_knit_grey.png,canonical method directory,aligned,selected image matches metric row result_image,experiments/support_v3_2026-06-02/table2_t5_baseline_metrics.csv,/cluster/users/grad/2025/25t8103/project/outputs/e2_t5_baseline_matrix/pillow_same_color_cable_knit_grey/flowedit/seed_10/result.png
T5_same_color_material,pillow_same_color_cable_knit_grey,Grey cable-knit pillow,10,splitflow,SplitFlow,splitflow,outputs/e2_t5_baseline_matrix/pillow_same_color_cable_knit_grey/splitflow/seed_10/result.png,experiments/support_v3_2026-06-02/normalized_512/sources/pillow_same_color_cable_knit_grey.png,canonical method directory,aligned,selected image matches metric row result_image,experiments/support_v3_2026-06-02/table2_t5_baseline_metrics.csv,/cluster/users/grad/2025/25t8103/project/outputs/e2_t5_baseline_matrix/pillow_same_color_cable_knit_grey/splitflow/seed_10/result.png
T5_same_color_material,pillow_same_color_cable_knit_grey,Grey cable-knit pillow,10,sam_flow_sd3,Sam-Flow-SD3,sam_flow_sd3,outputs/e2_t5_baseline_matrix/pillow_same_color_cable_knit_grey/sam_flow_sd3/seed_10/result.png,experiments/support_v3_2026-06-02/normalized_512/sources/pillow_same_color_cable_knit_grey.png,canonical method directory,aligned,selected image matches metric row result_image,experiments/support_v3_2026-06-02/table2_t5_baseline_metrics.csv,/cluster/users/grad/2025/25t8103/project/outputs/e2_t5_baseline_matrix/pillow_same_color_cable_knit_grey/sam_flow_sd3/seed_10/result.png
T5_same_color_material,pillow_same_color_cable_knit_grey,Grey cable-knit pillow,10,fireflow,FireFlow,fireflow,outputs/e2_t5_baseline_matrix/pillow_same_color_cable_knit_grey/fireflow/seed_10/result.png,experiments/support_v3_2026-06-02/normalized_512/sources/pillow_same_color_cable_knit_grey.png,canonical method directory,aligned,selected image matches metric row result_image,experiments/support_v3_2026-06-02/table2_t5_baseline_metrics.csv,/cluster/users/grad/2025/25t8103/project/outputs/e2_t5_baseline_matrix/pillow_same_color_cable_knit_grey/fireflow/seed_10/result.png
T5_same_color_material,pillow_same_color_cable_knit_grey,Grey cable-knit pillow,10,rf_solver_edit,RF-Solver-Edit,rf_solver_edit,outputs/e2_t5_baseline_matrix/pillow_same_color_cable_knit_grey/rf_solver_edit/seed_10/result.png,experiments/support_v3_2026-06-02/normalized_512/sources/pillow_same_color_cable_knit_grey.png,canonical method directory,aligned,selected image matches metric row result_image,experiments/support_v3_2026-06-02/table2_t5_baseline_metrics.csv,/cluster/users/grad/2025/25t8103/project/outputs/e2_t5_baseline_matrix/pillow_same_color_cable_knit_grey/rf_solver_edit/seed_10/result.png
T5_same_color_material,pillow_same_color_cable_knit_grey,Grey cable-knit pillow,10,reflex,ReFlex,reflex,outputs/e2_t5_baseline_matrix/pillow_same_color_cable_knit_grey/reflex/seed_10/result.png,experiments/support_v3_2026-06-02/normalized_512/sources/pillow_same_color_cable_knit_grey.png,canonical method directory,aligned,selected image matches metric row result_image,experiments/support_v3_2026-06-02/table2_t5_baseline_metrics.csv,/cluster/users/grad/2025/25t8103/project/outputs/e2_t5_baseline_matrix/pillow_same_color_cable_knit_grey/reflex/seed_10/result.png
T5_same_color_material,pillow_same_color_cable_knit_grey,Grey cable-knit pillow,10,sam_flow_flux,Sam-Flow-FLUX,sam_flow_flux,outputs/e2_t5_baseline_matrix/pillow_same_color_cable_knit_grey/sam_flow_flux/seed_10/result.png,experiments/support_v3_2026-06-02/normalized_512/sources/pillow_same_color_cable_knit_grey.png,canonical method directory,aligned,selected image matches metric row result_image,experiments/support_v3_2026-06-02/table2_t5_baseline_metrics.csv,/cluster/users/grad/2025/25t8103/project/outputs/e2_t5_baseline_matrix/pillow_same_color_cable_knit_grey/sam_flow_flux/seed_10/result.png
T5_same_color_material,pillow_same_color_cable_knit_grey,Grey cable-knit pillow,10,support_v3_fixed,Fixed DeCE,support_v3_fixed,outputs/pretty_matrix/pillow_same_color_cable_knit_grey/support_v3_fixed/seed_10/result.png,experiments/support_v3_2026-06-02/normalized_512/sources/pillow_same_color_cable_knit_grey.png,canonical method directory,aligned,selected image matches metric row result_image,experiments/support_v3_2026-06-02/phase2_internal_bg_metrics.csv,/cluster/users/grad/2025/25t8103/project/outputs/pretty_matrix/pillow_same_color_cable_knit_grey/support_v3_fixed/seed_10/result.png
T5_same_color_material,pillow_same_color_cable_knit_grey,Grey cable-knit pillow,10,support_v3_controller_rmsgap,DeCE-RF,support_v3_controller_rmsgap,outputs/pretty_matrix/pillow_same_color_cable_knit_grey/support_v3_controller_rmsgap/seed_10/result.png,experiments/support_v3_2026-06-02/normalized_512/sources/pillow_same_color_cable_knit_grey.png,formal T5 DeCE-RF run,aligned,selected image matches metric row result_image,experiments/support_v3_2026-06-02/phase2_internal_bg_metrics.csv,/cluster/users/grad/2025/25t8103/project/outputs/pretty_matrix/pillow_same_color_cable_knit_grey/support_v3_controller_rmsgap/seed_10/result.png
T5_same_color_material,pillow_same_color_cable_knit_grey,Grey cable-knit pillow,11,base_only,RF recon,base_only,outputs/pretty_matrix/pillow_same_color_cable_knit_grey/base_only/seed_11/result.png,experiments/support_v3_2026-06-02/normalized_512/sources/pillow_same_color_cable_knit_grey.png,canonical method directory,aligned,selected image matches metric row result_image,experiments/support_v3_2026-06-02/phase2_internal_bg_metrics.csv,/cluster/users/grad/2025/25t8103/project/outputs/pretty_matrix/pillow_same_color_cable_knit_grey/base_only/seed_11/result.png
T5_same_color_material,pillow_same_color_cable_knit_grey,Grey cable-knit pillow,11,direct_target,Direct target,direct_target,outputs/pretty_matrix/pillow_same_color_cable_knit_grey/direct_target/seed_11/result.png,experiments/support_v3_2026-06-02/normalized_512/sources/pillow_same_color_cable_knit_grey.png,canonical method directory,aligned,selected image matches metric row result_image,experiments/support_v3_2026-06-02/phase2_internal_bg_metrics.csv,/cluster/users/grad/2025/25t8103/project/outputs/pretty_matrix/pillow_same_color_cable_knit_grey/direct_target/seed_11/result.png
T5_same_color_material,pillow_same_color_cable_knit_grey,Grey cable-knit pillow,11,adaptive_full_generic_support,Generic support,adaptive_full_generic_support,outputs/pretty_matrix/pillow_same_color_cable_knit_grey/adaptive_full_generic_support/seed_11/result.png,experiments/support_v3_2026-06-02/normalized_512/sources/pillow_same_color_cable_knit_grey.png,canonical method directory,aligned,selected image matches metric row result_image,experiments/support_v3_2026-06-02/phase2_internal_bg_metrics.csv,/cluster/users/grad/2025/25t8103/project/outputs/pretty_matrix/pillow_same_color_cable_knit_grey/adaptive_full_generic_support/seed_11/result.png
T5_same_color_material,pillow_same_color_cable_knit_grey,Grey cable-knit pillow,11,flowedit,FlowEdit,flowedit,outputs/e2_t5_baseline_matrix/pillow_same_color_cable_knit_grey/flowedit/seed_11/result.png,experiments/support_v3_2026-06-02/normalized_512/sources/pillow_same_color_cable_knit_grey.png,canonical method directory,aligned,selected image matches metric row result_image,experiments/support_v3_2026-06-02/table2_t5_baseline_metrics.csv,/cluster/users/grad/2025/25t8103/project/outputs/e2_t5_baseline_matrix/pillow_same_color_cable_knit_grey/flowedit/seed_11/result.png
T5_same_color_material,pillow_same_color_cable_knit_grey,Grey cable-knit pillow,11,splitflow,SplitFlow,splitflow,outputs/e2_t5_baseline_matrix/pillow_same_color_cable_knit_grey/splitflow/seed_11/result.png,experiments/support_v3_2026-06-02/normalized_512/sources/pillow_same_color_cable_knit_grey.png,canonical method directory,aligned,selected image matches metric row result_image,experiments/support_v3_2026-06-02/table2_t5_baseline_metrics.csv,/cluster/users/grad/2025/25t8103/project/outputs/e2_t5_baseline_matrix/pillow_same_color_cable_knit_grey/splitflow/seed_11/result.png
T5_same_color_material,pillow_same_color_cable_knit_grey,Grey cable-knit pillow,11,sam_flow_sd3,Sam-Flow-SD3,sam_flow_sd3,outputs/e2_t5_baseline_matrix/pillow_same_color_cable_knit_grey/sam_flow_sd3/seed_11/result.png,experiments/support_v3_2026-06-02/normalized_512/sources/pillow_same_color_cable_knit_grey.png,canonical method directory,aligned,selected image matches metric row result_image,experiments/support_v3_2026-06-02/table2_t5_baseline_metrics.csv,/cluster/users/grad/2025/25t8103/project/outputs/e2_t5_baseline_matrix/pillow_same_color_cable_knit_grey/sam_flow_sd3/seed_11/result.png
T5_same_color_material,pillow_same_color_cable_knit_grey,Grey cable-knit pillow,11,fireflow,FireFlow,fireflow,outputs/e2_t5_baseline_matrix/pillow_same_color_cable_knit_grey/fireflow/seed_11/result.png,experiments/support_v3_2026-06-02/normalized_512/sources/pillow_same_color_cable_knit_grey.png,canonical method directory,aligned,selected image matches metric row result_image,experiments/support_v3_2026-06-02/table2_t5_baseline_metrics.csv,/cluster/users/grad/2025/25t8103/project/outputs/e2_t5_baseline_matrix/pillow_same_color_cable_knit_grey/fireflow/seed_11/result.png
T5_same_color_material,pillow_same_color_cable_knit_grey,Grey cable-knit pillow,11,rf_solver_edit,RF-Solver-Edit,rf_solver_edit,outputs/e2_t5_baseline_matrix/pillow_same_color_cable_knit_grey/rf_solver_edit/seed_11/result.png,experiments/support_v3_2026-06-02/normalized_512/sources/pillow_same_color_cable_knit_grey.png,canonical method directory,aligned,selected image matches metric row result_image,experiments/support_v3_2026-06-02/table2_t5_baseline_metrics.csv,/cluster/users/grad/2025/25t8103/project/outputs/e2_t5_baseline_matrix/pillow_same_color_cable_knit_grey/rf_solver_edit/seed_11/result.png
T5_same_color_material,pillow_same_color_cable_knit_grey,Grey cable-knit pillow,11,reflex,ReFlex,reflex,outputs/e2_t5_baseline_matrix/pillow_same_color_cable_knit_grey/reflex/seed_11/result.png,experiments/support_v3_2026-06-02/normalized_512/sources/pillow_same_color_cable_knit_grey.png,canonical method directory,aligned,selected image matches metric row result_image,experiments/support_v3_2026-06-02/table2_t5_baseline_metrics.csv,/cluster/users/grad/2025/25t8103/project/outputs/e2_t5_baseline_matrix/pillow_same_color_cable_knit_grey/reflex/seed_11/result.png
T5_same_color_material,pillow_same_color_cable_knit_grey,Grey cable-knit pillow,11,sam_flow_flux,Sam-Flow-FLUX,sam_flow_flux,outputs/e2_t5_baseline_matrix/pillow_same_color_cable_knit_grey/sam_flow_flux/seed_11/result.png,experiments/support_v3_2026-06-02/normalized_512/sources/pillow_same_color_cable_knit_grey.png,canonical method directory,aligned,selected image matches metric row result_image,experiments/support_v3_2026-06-02/table2_t5_baseline_metrics.csv,/cluster/users/grad/2025/25t8103/project/outputs/e2_t5_baseline_matrix/pillow_same_color_cable_knit_grey/sam_flow_flux/seed_11/result.png
T5_same_color_material,pillow_same_color_cable_knit_grey,Grey cable-knit pillow,11,support_v3_fixed,Fixed DeCE,support_v3_fixed,outputs/pretty_matrix/pillow_same_color_cable_knit_grey/support_v3_fixed/seed_11/result.png,experiments/support_v3_2026-06-02/normalized_512/sources/pillow_same_color_cable_knit_grey.png,canonical method directory,aligned,selected image matches metric row result_image,experiments/support_v3_2026-06-02/phase2_internal_bg_metrics.csv,/cluster/users/grad/2025/25t8103/project/outputs/pretty_matrix/pillow_same_color_cable_knit_grey/support_v3_fixed/seed_11/result.png
T5_same_color_material,pillow_same_color_cable_knit_grey,Grey cable-knit pillow,11,support_v3_controller_rmsgap,DeCE-RF,support_v3_controller_rmsgap,outputs/pretty_matrix/pillow_same_color_cable_knit_grey/support_v3_controller_rmsgap/seed_11/result.png,experiments/support_v3_2026-06-02/normalized_512/sources/pillow_same_color_cable_knit_grey.png,formal T5 DeCE-RF run,aligned,selected image matches metric row result_image,experiments/support_v3_2026-06-02/phase2_internal_bg_metrics.csv,/cluster/users/grad/2025/25t8103/project/outputs/pretty_matrix/pillow_same_color_cable_knit_grey/support_v3_controller_rmsgap/seed_11/result.png
T5_same_color_material,pillow_same_color_cable_knit_grey,Grey cable-knit pillow,12,base_only,RF recon,base_only,outputs/pretty_matrix/pillow_same_color_cable_knit_grey/base_only/seed_12/result.png,experiments/support_v3_2026-06-02/normalized_512/sources/pillow_same_color_cable_knit_grey.png,canonical method directory,aligned,selected image matches metric row result_image,experiments/support_v3_2026-06-02/phase2_internal_bg_metrics.csv,/cluster/users/grad/2025/25t8103/project/outputs/pretty_matrix/pillow_same_color_cable_knit_grey/base_only/seed_12/result.png
T5_same_color_material,pillow_same_color_cable_knit_grey,Grey cable-knit pillow,12,direct_target,Direct target,direct_target,outputs/pretty_matrix/pillow_same_color_cable_knit_grey/direct_target/seed_12/result.png,experiments/support_v3_2026-06-02/normalized_512/sources/pillow_same_color_cable_knit_grey.png,canonical method directory,aligned,selected image matches metric row result_image,experiments/support_v3_2026-06-02/phase2_internal_bg_metrics.csv,/cluster/users/grad/2025/25t8103/project/outputs/pretty_matrix/pillow_same_color_cable_knit_grey/direct_target/seed_12/result.png
T5_same_color_material,pillow_same_color_cable_knit_grey,Grey cable-knit pillow,12,adaptive_full_generic_support,Generic support,adaptive_full_generic_support,outputs/pretty_matrix/pillow_same_color_cable_knit_grey/adaptive_full_generic_support/seed_12/result.png,experiments/support_v3_2026-06-02/normalized_512/sources/pillow_same_color_cable_knit_grey.png,canonical method directory,aligned,selected image matches metric row result_image,experiments/support_v3_2026-06-02/phase2_internal_bg_metrics.csv,/cluster/users/grad/2025/25t8103/project/outputs/pretty_matrix/pillow_same_color_cable_knit_grey/adaptive_full_generic_support/seed_12/result.png
T5_same_color_material,pillow_same_color_cable_knit_grey,Grey cable-knit pillow,12,flowedit,FlowEdit,flowedit,outputs/e2_t5_baseline_matrix/pillow_same_color_cable_knit_grey/flowedit/seed_12/result.png,experiments/support_v3_2026-06-02/normalized_512/sources/pillow_same_color_cable_knit_grey.png,canonical method directory,aligned,selected image matches metric row result_image,experiments/support_v3_2026-06-02/table2_t5_baseline_metrics.csv,/cluster/users/grad/2025/25t8103/project/outputs/e2_t5_baseline_matrix/pillow_same_color_cable_knit_grey/flowedit/seed_12/result.png
T5_same_color_material,pillow_same_color_cable_knit_grey,Grey cable-knit pillow,12,splitflow,SplitFlow,splitflow,outputs/e2_t5_baseline_matrix/pillow_same_color_cable_knit_grey/splitflow/seed_12/result.png,experiments/support_v3_2026-06-02/normalized_512/sources/pillow_same_color_cable_knit_grey.png,canonical method directory,aligned,selected image matches metric row result_image,experiments/support_v3_2026-06-02/table2_t5_baseline_metrics.csv,/cluster/users/grad/2025/25t8103/project/outputs/e2_t5_baseline_matrix/pillow_same_color_cable_knit_grey/splitflow/seed_12/result.png
T5_same_color_material,pillow_same_color_cable_knit_grey,Grey cable-knit pillow,12,sam_flow_sd3,Sam-Flow-SD3,sam_flow_sd3,outputs/e2_t5_baseline_matrix/pillow_same_color_cable_knit_grey/sam_flow_sd3/seed_12/result.png,experiments/support_v3_2026-06-02/normalized_512/sources/pillow_same_color_cable_knit_grey.png,canonical method directory,aligned,selected image matches metric row result_image,experiments/support_v3_2026-06-02/table2_t5_baseline_metrics.csv,/cluster/users/grad/2025/25t8103/project/outputs/e2_t5_baseline_matrix/pillow_same_color_cable_knit_grey/sam_flow_sd3/seed_12/result.png
T5_same_color_material,pillow_same_color_cable_knit_grey,Grey cable-knit pillow,12,fireflow,FireFlow,fireflow,outputs/e2_t5_baseline_matrix/pillow_same_color_cable_knit_grey/fireflow/seed_12/result.png,experiments/support_v3_2026-06-02/normalized_512/sources/pillow_same_color_cable_knit_grey.png,canonical method directory,aligned,selected image matches metric row result_image,experiments/support_v3_2026-06-02/table2_t5_baseline_metrics.csv,/cluster/users/grad/2025/25t8103/project/outputs/e2_t5_baseline_matrix/pillow_same_color_cable_knit_grey/fireflow/seed_12/result.png
T5_same_color_material,pillow_same_color_cable_knit_grey,Grey cable-knit pillow,12,rf_solver_edit,RF-Solver-Edit,rf_solver_edit,outputs/e2_t5_baseline_matrix/pillow_same_color_cable_knit_grey/rf_solver_edit/seed_12/result.png,experiments/support_v3_2026-06-02/normalized_512/sources/pillow_same_color_cable_knit_grey.png,canonical method directory,aligned,selected image matches metric row result_image,experiments/support_v3_2026-06-02/table2_t5_baseline_metrics.csv,/cluster/users/grad/2025/25t8103/project/outputs/e2_t5_baseline_matrix/pillow_same_color_cable_knit_grey/rf_solver_edit/seed_12/result.png
T5_same_color_material,pillow_same_color_cable_knit_grey,Grey cable-knit pillow,12,reflex,ReFlex,reflex,outputs/e2_t5_baseline_matrix/pillow_same_color_cable_knit_grey/reflex/seed_12/result.png,experiments/support_v3_2026-06-02/normalized_512/sources/pillow_same_color_cable_knit_grey.png,canonical method directory,aligned,selected image matches metric row result_image,experiments/support_v3_2026-06-02/table2_t5_baseline_metrics.csv,/cluster/users/grad/2025/25t8103/project/outputs/e2_t5_baseline_matrix/pillow_same_color_cable_knit_grey/reflex/seed_12/result.png
T5_same_color_material,pillow_same_color_cable_knit_grey,Grey cable-knit pillow,12,sam_flow_flux,Sam-Flow-FLUX,sam_flow_flux,outputs/e2_t5_baseline_matrix/pillow_same_color_cable_knit_grey/sam_flow_flux/seed_12/result.png,experiments/support_v3_2026-06-02/normalized_512/sources/pillow_same_color_cable_knit_grey.png,canonical method directory,aligned,selected image matches metric row result_image,experiments/support_v3_2026-06-02/table2_t5_baseline_metrics.csv,/cluster/users/grad/2025/25t8103/project/outputs/e2_t5_baseline_matrix/pillow_same_color_cable_knit_grey/sam_flow_flux/seed_12/result.png
T5_same_color_material,pillow_same_color_cable_knit_grey,Grey cable-knit pillow,12,support_v3_fixed,Fixed DeCE,support_v3_fixed,outputs/pretty_matrix/pillow_same_color_cable_knit_grey/support_v3_fixed/seed_12/result.png,experiments/support_v3_2026-06-02/normalized_512/sources/pillow_same_color_cable_knit_grey.png,canonical method directory,aligned,selected image matches metric row result_image,experiments/support_v3_2026-06-02/phase2_internal_bg_metrics.csv,/cluster/users/grad/2025/25t8103/project/outputs/pretty_matrix/pillow_same_color_cable_knit_grey/support_v3_fixed/seed_12/result.png
T5_same_color_material,pillow_same_color_cable_knit_grey,Grey cable-knit pillow,12,support_v3_controller_rmsgap,DeCE-RF,support_v3_controller_rmsgap,outputs/pretty_matrix/pillow_same_color_cable_knit_grey/support_v3_controller_rmsgap/seed_12/result.png,experiments/support_v3_2026-06-02/normalized_512/sources/pillow_same_color_cable_knit_grey.png,formal T5 DeCE-RF run,aligned,selected image matches metric row result_image,experiments/support_v3_2026-06-02/phase2_internal_bg_metrics.csv,/cluster/users/grad/2025/25t8103/project/outputs/pretty_matrix/pillow_same_color_cable_knit_grey/support_v3_controller_rmsgap/seed_12/result.png
T5_same_color_material,pillow_same_color_cable_knit_armchair,Armchair cable-knit pillow,10,base_only,RF recon,base_only,outputs/pretty_matrix/pillow_same_color_cable_knit_armchair/base_only/seed_10/result.png,experiments/support_v3_2026-06-02/normalized_512/sources/pillow_same_color_cable_knit_armchair.png,canonical method directory,aligned,selected image matches metric row result_image,experiments/support_v3_2026-06-02/phase2_internal_bg_metrics.csv,/cluster/users/grad/2025/25t8103/project/outputs/pretty_matrix/pillow_same_color_cable_knit_armchair/base_only/seed_10/result.png
T5_same_color_material,pillow_same_color_cable_knit_armchair,Armchair cable-knit pillow,10,direct_target,Direct target,direct_target,outputs/pretty_matrix/pillow_same_color_cable_knit_armchair/direct_target/seed_10/result.png,experiments/support_v3_2026-06-02/normalized_512/sources/pillow_same_color_cable_knit_armchair.png,canonical method directory,aligned,selected image matches metric row result_image,experiments/support_v3_2026-06-02/phase2_internal_bg_metrics.csv,/cluster/users/grad/2025/25t8103/project/outputs/pretty_matrix/pillow_same_color_cable_knit_armchair/direct_target/seed_10/result.png
T5_same_color_material,pillow_same_color_cable_knit_armchair,Armchair cable-knit pillow,10,adaptive_full_generic_support,Generic support,adaptive_full_generic_support,outputs/pretty_matrix/pillow_same_color_cable_knit_armchair/adaptive_full_generic_support/seed_10/result.png,experiments/support_v3_2026-06-02/normalized_512/sources/pillow_same_color_cable_knit_armchair.png,canonical method directory,aligned,selected image matches metric row result_image,experiments/support_v3_2026-06-02/phase2_internal_bg_metrics.csv,/cluster/users/grad/2025/25t8103/project/outputs/pretty_matrix/pillow_same_color_cable_knit_armchair/adaptive_full_generic_support/seed_10/result.png
T5_same_color_material,pillow_same_color_cable_knit_armchair,Armchair cable-knit pillow,10,flowedit,FlowEdit,flowedit,outputs/e2_t5_baseline_matrix/pillow_same_color_cable_knit_armchair/flowedit/seed_10/result.png,experiments/support_v3_2026-06-02/normalized_512/sources/pillow_same_color_cable_knit_armchair.png,canonical method directory,aligned,selected image matches metric row result_image,experiments/support_v3_2026-06-02/table2_t5_baseline_metrics.csv,/cluster/users/grad/2025/25t8103/project/outputs/e2_t5_baseline_matrix/pillow_same_color_cable_knit_armchair/flowedit/seed_10/result.png
T5_same_color_material,pillow_same_color_cable_knit_armchair,Armchair cable-knit pillow,10,splitflow,SplitFlow,splitflow,outputs/e2_t5_baseline_matrix/pillow_same_color_cable_knit_armchair/splitflow/seed_10/result.png,experiments/support_v3_2026-06-02/normalized_512/sources/pillow_same_color_cable_knit_armchair.png,canonical method directory,aligned,selected image matches metric row result_image,experiments/support_v3_2026-06-02/table2_t5_baseline_metrics.csv,/cluster/users/grad/2025/25t8103/project/outputs/e2_t5_baseline_matrix/pillow_same_color_cable_knit_armchair/splitflow/seed_10/result.png
T5_same_color_material,pillow_same_color_cable_knit_armchair,Armchair cable-knit pillow,10,sam_flow_sd3,Sam-Flow-SD3,sam_flow_sd3,outputs/e2_t5_baseline_matrix/pillow_same_color_cable_knit_armchair/sam_flow_sd3/seed_10/result.png,experiments/support_v3_2026-06-02/normalized_512/sources/pillow_same_color_cable_knit_armchair.png,canonical method directory,aligned,selected image matches metric row result_image,experiments/support_v3_2026-06-02/table2_t5_baseline_metrics.csv,/cluster/users/grad/2025/25t8103/project/outputs/e2_t5_baseline_matrix/pillow_same_color_cable_knit_armchair/sam_flow_sd3/seed_10/result.png
T5_same_color_material,pillow_same_color_cable_knit_armchair,Armchair cable-knit pillow,10,fireflow,FireFlow,fireflow,outputs/e2_t5_baseline_matrix/pillow_same_color_cable_knit_armchair/fireflow/seed_10/result.png,experiments/support_v3_2026-06-02/normalized_512/sources/pillow_same_color_cable_knit_armchair.png,canonical method directory,aligned,selected image matches metric row result_image,experiments/support_v3_2026-06-02/table2_t5_baseline_metrics.csv,/cluster/users/grad/2025/25t8103/project/outputs/e2_t5_baseline_matrix/pillow_same_color_cable_knit_armchair/fireflow/seed_10/result.png
T5_same_color_material,pillow_same_color_cable_knit_armchair,Armchair cable-knit pillow,10,rf_solver_edit,RF-Solver-Edit,rf_solver_edit,outputs/e2_t5_baseline_matrix/pillow_same_color_cable_knit_armchair/rf_solver_edit/seed_10/result.png,experiments/support_v3_2026-06-02/normalized_512/sources/pillow_same_color_cable_knit_armchair.png,canonical method directory,aligned,selected image matches metric row result_image,experiments/support_v3_2026-06-02/table2_t5_baseline_metrics.csv,/cluster/users/grad/2025/25t8103/project/outputs/e2_t5_baseline_matrix/pillow_same_color_cable_knit_armchair/rf_solver_edit/seed_10/result.png
T5_same_color_material,pillow_same_color_cable_knit_armchair,Armchair cable-knit pillow,10,reflex,ReFlex,reflex,outputs/e2_t5_baseline_matrix/pillow_same_color_cable_knit_armchair/reflex/seed_10/result.png,experiments/support_v3_2026-06-02/normalized_512/sources/pillow_same_color_cable_knit_armchair.png,canonical method directory,aligned,selected image matches metric row result_image,experiments/support_v3_2026-06-02/table2_t5_baseline_metrics.csv,/cluster/users/grad/2025/25t8103/project/outputs/e2_t5_baseline_matrix/pillow_same_color_cable_knit_armchair/reflex/seed_10/result.png
T5_same_color_material,pillow_same_color_cable_knit_armchair,Armchair cable-knit pillow,10,sam_flow_flux,Sam-Flow-FLUX,sam_flow_flux,outputs/e2_t5_baseline_matrix/pillow_same_color_cable_knit_armchair/sam_flow_flux/seed_10/result.png,experiments/support_v3_2026-06-02/normalized_512/sources/pillow_same_color_cable_knit_armchair.png,canonical method directory,aligned,selected image matches metric row result_image,experiments/support_v3_2026-06-02/table2_t5_baseline_metrics.csv,/cluster/users/grad/2025/25t8103/project/outputs/e2_t5_baseline_matrix/pillow_same_color_cable_knit_armchair/sam_flow_flux/seed_10/result.png
T5_same_color_material,pillow_same_color_cable_knit_armchair,Armchair cable-knit pillow,10,support_v3_fixed,Fixed DeCE,support_v3_fixed,outputs/pretty_matrix/pillow_same_color_cable_knit_armchair/support_v3_fixed/seed_10/result.png,experiments/support_v3_2026-06-02/normalized_512/sources/pillow_same_color_cable_knit_armchair.png,canonical method directory,aligned,selected image matches metric row result_image,experiments/support_v3_2026-06-02/phase2_internal_bg_metrics.csv,/cluster/users/grad/2025/25t8103/project/outputs/pretty_matrix/pillow_same_color_cable_knit_armchair/support_v3_fixed/seed_10/result.png
T5_same_color_material,pillow_same_color_cable_knit_armchair,Armchair cable-knit pillow,10,support_v3_controller_rmsgap,DeCE-RF,support_v3_controller_rmsgap,outputs/pretty_matrix/pillow_same_color_cable_knit_armchair/support_v3_controller_rmsgap/seed_10/result.png,experiments/support_v3_2026-06-02/normalized_512/sources/pillow_same_color_cable_knit_armchair.png,formal T5 DeCE-RF run,aligned,selected image matches metric row result_image,experiments/support_v3_2026-06-02/phase2_internal_bg_metrics.csv,/cluster/users/grad/2025/25t8103/project/outputs/pretty_matrix/pillow_same_color_cable_knit_armchair/support_v3_controller_rmsgap/seed_10/result.png
T5_same_color_material,pillow_same_color_cable_knit_armchair,Armchair cable-knit pillow,11,base_only,RF recon,base_only,outputs/pretty_matrix/pillow_same_color_cable_knit_armchair/base_only/seed_11/result.png,experiments/support_v3_2026-06-02/normalized_512/sources/pillow_same_color_cable_knit_armchair.png,canonical method directory,aligned,selected image matches metric row result_image,experiments/support_v3_2026-06-02/phase2_internal_bg_metrics.csv,/cluster/users/grad/2025/25t8103/project/outputs/pretty_matrix/pillow_same_color_cable_knit_armchair/base_only/seed_11/result.png
T5_same_color_material,pillow_same_color_cable_knit_armchair,Armchair cable-knit pillow,11,direct_target,Direct target,direct_target,outputs/pretty_matrix/pillow_same_color_cable_knit_armchair/direct_target/seed_11/result.png,experiments/support_v3_2026-06-02/normalized_512/sources/pillow_same_color_cable_knit_armchair.png,canonical method directory,aligned,selected image matches metric row result_image,experiments/support_v3_2026-06-02/phase2_internal_bg_metrics.csv,/cluster/users/grad/2025/25t8103/project/outputs/pretty_matrix/pillow_same_color_cable_knit_armchair/direct_target/seed_11/result.png
T5_same_color_material,pillow_same_color_cable_knit_armchair,Armchair cable-knit pillow,11,adaptive_full_generic_support,Generic support,adaptive_full_generic_support,outputs/pretty_matrix/pillow_same_color_cable_knit_armchair/adaptive_full_generic_support/seed_11/result.png,experiments/support_v3_2026-06-02/normalized_512/sources/pillow_same_color_cable_knit_armchair.png,canonical method directory,aligned,selected image matches metric row result_image,experiments/support_v3_2026-06-02/phase2_internal_bg_metrics.csv,/cluster/users/grad/2025/25t8103/project/outputs/pretty_matrix/pillow_same_color_cable_knit_armchair/adaptive_full_generic_support/seed_11/result.png
T5_same_color_material,pillow_same_color_cable_knit_armchair,Armchair cable-knit pillow,11,flowedit,FlowEdit,flowedit,outputs/e2_t5_baseline_matrix/pillow_same_color_cable_knit_armchair/flowedit/seed_11/result.png,experiments/support_v3_2026-06-02/normalized_512/sources/pillow_same_color_cable_knit_armchair.png,canonical method directory,aligned,selected image matches metric row result_image,experiments/support_v3_2026-06-02/table2_t5_baseline_metrics.csv,/cluster/users/grad/2025/25t8103/project/outputs/e2_t5_baseline_matrix/pillow_same_color_cable_knit_armchair/flowedit/seed_11/result.png
T5_same_color_material,pillow_same_color_cable_knit_armchair,Armchair cable-knit pillow,11,splitflow,SplitFlow,splitflow,outputs/e2_t5_baseline_matrix/pillow_same_color_cable_knit_armchair/splitflow/seed_11/result.png,experiments/support_v3_2026-06-02/normalized_512/sources/pillow_same_color_cable_knit_armchair.png,canonical method directory,aligned,selected image matches metric row result_image,experiments/support_v3_2026-06-02/table2_t5_baseline_metrics.csv,/cluster/users/grad/2025/25t8103/project/outputs/e2_t5_baseline_matrix/pillow_same_color_cable_knit_armchair/splitflow/seed_11/result.png
T5_same_color_material,pillow_same_color_cable_knit_armchair,Armchair cable-knit pillow,11,sam_flow_sd3,Sam-Flow-SD3,sam_flow_sd3,outputs/e2_t5_baseline_matrix/pillow_same_color_cable_knit_armchair/sam_flow_sd3/seed_11/result.png,experiments/support_v3_2026-06-02/normalized_512/sources/pillow_same_color_cable_knit_armchair.png,canonical method directory,aligned,selected image matches metric row result_image,experiments/support_v3_2026-06-02/table2_t5_baseline_metrics.csv,/cluster/users/grad/2025/25t8103/project/outputs/e2_t5_baseline_matrix/pillow_same_color_cable_knit_armchair/sam_flow_sd3/seed_11/result.png
T5_same_color_material,pillow_same_color_cable_knit_armchair,Armchair cable-knit pillow,11,fireflow,FireFlow,fireflow,outputs/e2_t5_baseline_matrix/pillow_same_color_cable_knit_armchair/fireflow/seed_11/result.png,experiments/support_v3_2026-06-02/normalized_512/sources/pillow_same_color_cable_knit_armchair.png,canonical method directory,aligned,selected image matches metric row result_image,experiments/support_v3_2026-06-02/table2_t5_baseline_metrics.csv,/cluster/users/grad/2025/25t8103/project/outputs/e2_t5_baseline_matrix/pillow_same_color_cable_knit_armchair/fireflow/seed_11/result.png
T5_same_color_material,pillow_same_color_cable_knit_armchair,Armchair cable-knit pillow,11,rf_solver_edit,RF-Solver-Edit,rf_solver_edit,outputs/e2_t5_baseline_matrix/pillow_same_color_cable_knit_armchair/rf_solver_edit/seed_11/result.png,experiments/support_v3_2026-06-02/normalized_512/sources/pillow_same_color_cable_knit_armchair.png,canonical method directory,aligned,selected image matches metric row result_image,experiments/support_v3_2026-06-02/table2_t5_baseline_metrics.csv,/cluster/users/grad/2025/25t8103/project/outputs/e2_t5_baseline_matrix/pillow_same_color_cable_knit_armchair/rf_solver_edit/seed_11/result.png
T5_same_color_material,pillow_same_color_cable_knit_armchair,Armchair cable-knit pillow,11,reflex,ReFlex,reflex,outputs/e2_t5_baseline_matrix/pillow_same_color_cable_knit_armchair/reflex/seed_11/result.png,experiments/support_v3_2026-06-02/normalized_512/sources/pillow_same_color_cable_knit_armchair.png,canonical method directory,aligned,selected image matches metric row result_image,experiments/support_v3_2026-06-02/table2_t5_baseline_metrics.csv,/cluster/users/grad/2025/25t8103/project/outputs/e2_t5_baseline_matrix/pillow_same_color_cable_knit_armchair/reflex/seed_11/result.png
T5_same_color_material,pillow_same_color_cable_knit_armchair,Armchair cable-knit pillow,11,sam_flow_flux,Sam-Flow-FLUX,sam_flow_flux,outputs/e2_t5_baseline_matrix/pillow_same_color_cable_knit_armchair/sam_flow_flux/seed_11/result.png,experiments/support_v3_2026-06-02/normalized_512/sources/pillow_same_color_cable_knit_armchair.png,canonical method directory,aligned,selected image matches metric row result_image,experiments/support_v3_2026-06-02/table2_t5_baseline_metrics.csv,/cluster/users/grad/2025/25t8103/project/outputs/e2_t5_baseline_matrix/pillow_same_color_cable_knit_armchair/sam_flow_flux/seed_11/result.png
T5_same_color_material,pillow_same_color_cable_knit_armchair,Armchair cable-knit pillow,11,support_v3_fixed,Fixed DeCE,support_v3_fixed,outputs/pretty_matrix/pillow_same_color_cable_knit_armchair/support_v3_fixed/seed_11/result.png,experiments/support_v3_2026-06-02/normalized_512/sources/pillow_same_color_cable_knit_armchair.png,canonical method directory,aligned,selected image matches metric row result_image,experiments/support_v3_2026-06-02/phase2_internal_bg_metrics.csv,/cluster/users/grad/2025/25t8103/project/outputs/pretty_matrix/pillow_same_color_cable_knit_armchair/support_v3_fixed/seed_11/result.png
T5_same_color_material,pillow_same_color_cable_knit_armchair,Armchair cable-knit pillow,11,support_v3_controller_rmsgap,DeCE-RF,support_v3_controller_rmsgap,outputs/pretty_matrix/pillow_same_color_cable_knit_armchair/support_v3_controller_rmsgap/seed_11/result.png,experiments/support_v3_2026-06-02/normalized_512/sources/pillow_same_color_cable_knit_armchair.png,formal T5 DeCE-RF run,aligned,selected image matches metric row result_image,experiments/support_v3_2026-06-02/phase2_internal_bg_metrics.csv,/cluster/users/grad/2025/25t8103/project/outputs/pretty_matrix/pillow_same_color_cable_knit_armchair/support_v3_controller_rmsgap/seed_11/result.png
T5_same_color_material,pillow_same_color_cable_knit_armchair,Armchair cable-knit pillow,12,base_only,RF recon,base_only,outputs/pretty_matrix/pillow_same_color_cable_knit_armchair/base_only/seed_12/result.png,experiments/support_v3_2026-06-02/normalized_512/sources/pillow_same_color_cable_knit_armchair.png,canonical method directory,aligned,selected image matches metric row result_image,experiments/support_v3_2026-06-02/phase2_internal_bg_metrics.csv,/cluster/users/grad/2025/25t8103/project/outputs/pretty_matrix/pillow_same_color_cable_knit_armchair/base_only/seed_12/result.png
T5_same_color_material,pillow_same_color_cable_knit_armchair,Armchair cable-knit pillow,12,direct_target,Direct target,direct_target,outputs/pretty_matrix/pillow_same_color_cable_knit_armchair/direct_target/seed_12/result.png,experiments/support_v3_2026-06-02/normalized_512/sources/pillow_same_color_cable_knit_armchair.png,canonical method directory,aligned,selected image matches metric row result_image,experiments/support_v3_2026-06-02/phase2_internal_bg_metrics.csv,/cluster/users/grad/2025/25t8103/project/outputs/pretty_matrix/pillow_same_color_cable_knit_armchair/direct_target/seed_12/result.png
T5_same_color_material,pillow_same_color_cable_knit_armchair,Armchair cable-knit pillow,12,adaptive_full_generic_support,Generic support,adaptive_full_generic_support,outputs/pretty_matrix/pillow_same_color_cable_knit_armchair/adaptive_full_generic_support/seed_12/result.png,experiments/support_v3_2026-06-02/normalized_512/sources/pillow_same_color_cable_knit_armchair.png,canonical method directory,aligned,selected image matches metric row result_image,experiments/support_v3_2026-06-02/phase2_internal_bg_metrics.csv,/cluster/users/grad/2025/25t8103/project/outputs/pretty_matrix/pillow_same_color_cable_knit_armchair/adaptive_full_generic_support/seed_12/result.png
T5_same_color_material,pillow_same_color_cable_knit_armchair,Armchair cable-knit pillow,12,flowedit,FlowEdit,flowedit,outputs/e2_t5_baseline_matrix/pillow_same_color_cable_knit_armchair/flowedit/seed_12/result.png,experiments/support_v3_2026-06-02/normalized_512/sources/pillow_same_color_cable_knit_armchair.png,canonical method directory,aligned,selected image matches metric row result_image,experiments/support_v3_2026-06-02/table2_t5_baseline_metrics.csv,/cluster/users/grad/2025/25t8103/project/outputs/e2_t5_baseline_matrix/pillow_same_color_cable_knit_armchair/flowedit/seed_12/result.png
T5_same_color_material,pillow_same_color_cable_knit_armchair,Armchair cable-knit pillow,12,splitflow,SplitFlow,splitflow,outputs/e2_t5_baseline_matrix/pillow_same_color_cable_knit_armchair/splitflow/seed_12/result.png,experiments/support_v3_2026-06-02/normalized_512/sources/pillow_same_color_cable_knit_armchair.png,canonical method directory,aligned,selected image matches metric row result_image,experiments/support_v3_2026-06-02/table2_t5_baseline_metrics.csv,/cluster/users/grad/2025/25t8103/project/outputs/e2_t5_baseline_matrix/pillow_same_color_cable_knit_armchair/splitflow/seed_12/result.png
T5_same_color_material,pillow_same_color_cable_knit_armchair,Armchair cable-knit pillow,12,sam_flow_sd3,Sam-Flow-SD3,sam_flow_sd3,outputs/e2_t5_baseline_matrix/pillow_same_color_cable_knit_armchair/sam_flow_sd3/seed_12/result.png,experiments/support_v3_2026-06-02/normalized_512/sources/pillow_same_color_cable_knit_armchair.png,canonical method directory,aligned,selected image matches metric row result_image,experiments/support_v3_2026-06-02/table2_t5_baseline_metrics.csv,/cluster/users/grad/2025/25t8103/project/outputs/e2_t5_baseline_matrix/pillow_same_color_cable_knit_armchair/sam_flow_sd3/seed_12/result.png
T5_same_color_material,pillow_same_color_cable_knit_armchair,Armchair cable-knit pillow,12,fireflow,FireFlow,fireflow,outputs/e2_t5_baseline_matrix/pillow_same_color_cable_knit_armchair/fireflow/seed_12/result.png,experiments/support_v3_2026-06-02/normalized_512/sources/pillow_same_color_cable_knit_armchair.png,canonical method directory,aligned,selected image matches metric row result_image,experiments/support_v3_2026-06-02/table2_t5_baseline_metrics.csv,/cluster/users/grad/2025/25t8103/project/outputs/e2_t5_baseline_matrix/pillow_same_color_cable_knit_armchair/fireflow/seed_12/result.png
T5_same_color_material,pillow_same_color_cable_knit_armchair,Armchair cable-knit pillow,12,rf_solver_edit,RF-Solver-Edit,rf_solver_edit,outputs/e2_t5_baseline_matrix/pillow_same_color_cable_knit_armchair/rf_solver_edit/seed_12/result.png,experiments/support_v3_2026-06-02/normalized_512/sources/pillow_same_color_cable_knit_armchair.png,canonical method directory,aligned,selected image matches metric row result_image,experiments/support_v3_2026-06-02/table2_t5_baseline_metrics.csv,/cluster/users/grad/2025/25t8103/project/outputs/e2_t5_baseline_matrix/pillow_same_color_cable_knit_armchair/rf_solver_edit/seed_12/result.png
T5_same_color_material,pillow_same_color_cable_knit_armchair,Armchair cable-knit pillow,12,reflex,ReFlex,reflex,outputs/e2_t5_baseline_matrix/pillow_same_color_cable_knit_armchair/reflex/seed_12/result.png,experiments/support_v3_2026-06-02/normalized_512/sources/pillow_same_color_cable_knit_armchair.png,canonical method directory,aligned,selected image matches metric row result_image,experiments/support_v3_2026-06-02/table2_t5_baseline_metrics.csv,/cluster/users/grad/2025/25t8103/project/outputs/e2_t5_baseline_matrix/pillow_same_color_cable_knit_armchair/reflex/seed_12/result.png
T5_same_color_material,pillow_same_color_cable_knit_armchair,Armchair cable-knit pillow,12,sam_flow_flux,Sam-Flow-FLUX,sam_flow_flux,outputs/e2_t5_baseline_matrix/pillow_same_color_cable_knit_armchair/sam_flow_flux/seed_12/result.png,experiments/support_v3_2026-06-02/normalized_512/sources/pillow_same_color_cable_knit_armchair.png,canonical method directory,aligned,selected image matches metric row result_image,experiments/support_v3_2026-06-02/table2_t5_baseline_metrics.csv,/cluster/users/grad/2025/25t8103/project/outputs/e2_t5_baseline_matrix/pillow_same_color_cable_knit_armchair/sam_flow_flux/seed_12/result.png
T5_same_color_material,pillow_same_color_cable_knit_armchair,Armchair cable-knit pillow,12,support_v3_fixed,Fixed DeCE,support_v3_fixed,outputs/pretty_matrix/pillow_same_color_cable_knit_armchair/support_v3_fixed/seed_12/result.png,experiments/support_v3_2026-06-02/normalized_512/sources/pillow_same_color_cable_knit_armchair.png,canonical method directory,aligned,selected image matches metric row result_image,experiments/support_v3_2026-06-02/phase2_internal_bg_metrics.csv,/cluster/users/grad/2025/25t8103/project/outputs/pretty_matrix/pillow_same_color_cable_knit_armchair/support_v3_fixed/seed_12/result.png
T5_same_color_material,pillow_same_color_cable_knit_armchair,Armchair cable-knit pillow,12,support_v3_controller_rmsgap,DeCE-RF,support_v3_controller_rmsgap,outputs/pretty_matrix/pillow_same_color_cable_knit_armchair/support_v3_controller_rmsgap/seed_12/result.png,experiments/support_v3_2026-06-02/normalized_512/sources/pillow_same_color_cable_knit_armchair.png,formal T5 DeCE-RF run,aligned,selected image matches metric row result_image,experiments/support_v3_2026-06-02/phase2_internal_bg_metrics.csv,/cluster/users/grad/2025/25t8103/project/outputs/pretty_matrix/pillow_same_color_cable_knit_armchair/support_v3_controller_rmsgap/seed_12/result.png
