avg_beta_t,avg_cos_anchor_region,avg_cos_base_anchor,avg_cos_base_region,avg_cos_rec_base,avg_cos_rec_edit_total,avg_edit_norm,avg_mask_area,avg_rec_energy,avg_rec_norm,bg_dilate_px,bg_dino_source,bg_l1,bg_lpips,bg_lpips_x100,bg_mask_area,bg_psnr,bg_ssim,bg_ssim_luma,clip_direction_similarity,clip_image_source_similarity,clip_source_score,clip_t,clip_target_minus_source,clip_target_score,complete,dilated_edit_mask_area,dino_source_similarity,edit_score,eval_mask_area,failure_flag,failure_note,fill_texture_ratio,final_mask_area,fixed_eval_mask_area,inside_blue_ratio,inside_l1,inside_mask_l1,inside_mask_psnr,inside_mask_rmse,inside_texture_energy,local_clip_prompt,local_clip_source_score,local_clip_t,local_clip_t_full_prompt,local_clip_target_minus_source,local_clip_target_score,local_crop_box,lpips_full,lpips_outside,mask_path,mask_source,max_beta_t,max_edit_norm,max_rec_energy,max_rec_norm,method,method_display,missing,outside_l1,outside_mask_l1,outside_mask_psnr,outside_mask_rmse,peak_gpu_memory_gb,result_image,ring_texture_energy,run,runtime_seconds,seed,source_image,source_l1,source_prompt,source_psnr,source_rmse,source_ssim,source_ssim_luma,target_prompt,task
1.0,0.9285701091090838,1.0000000173846881,0.9285701314608256,-0.4329734494288762,-0.0015977260809449945,49.258020877838135,0.0855654776096344,0.019017360755242407,12.870605866114298,31,0.9677876234054565,0.05384046956896782,0.11244067549705505,11.244067549705505,0.9257056826636905,20.52198512045836,0.5421869158744812,0.5421869158744812,0.08474502712488174,0.9309780597686768,0.2802489399909973,0.29517316818237305,0.014924228191375732,0.29517316818237305,True,0.07429431733630952,0.832621693611145,0.014924228191375732,0.03788829985119048,,,0.7775261666038323,0.0855654776096344,0.03788829985119048,0.7563669837373428,0.13426990807056427,0.13426990807056427,14.883551202288615,0.18022807326459375,9.027748107910156,a red apple inside a bowl,0.31286805868148804,0.24296635389328003,0.3187626600265503,0.005894601345062256,0.3187626600265503,"160,119,336,259",0.14026609063148499,0.1264239251613617,/cluster/users/grad/2025/25t8103/project/experiments/support_v3_2026-06-02/normalized_512/eval_masks/bowl_apple_inside_eval_mask.png,fixed_eval_mask,1.0,91.82304382324219,0.045146506279706955,20.21308135986328,adaptive_full_generic_support,Generic support control,,0.05569585785269737,0.05569585785269737,20.267431722618994,0.0969679945625263,13.549590110778809,/cluster/users/grad/2025/25t8103/project/outputs/pretty_matrix/bowl_apple_inside/adaptive_full_generic_support/seed_10/result.png,11.610860824584961,bowl_apple_inside/adaptive_full_generic_support/seed_10,23.98635177896358,10,/cluster/users/grad/2025/25t8103/project/data/pretty_free_candidates/pexels_empty_ceramic_bowl_phase1.jpg,0.058672890067100525,"A top-down photo of an empty blue ceramic bowl on a wooden board in a tidy table setting, with no fruit inside the bowl.",19.881239510321016,0.10137667069516583,0.5288980945390812,0.5288980945390812,"A top-down photo of the same blue ceramic bowl on the same wooden board, with one small red apple centered inside the bowl, while the bowl, board, tableware, leaves, and background remain unchanged.",bowl_apple_inside
1.0,0.9307522922754288,1.0000000074505806,0.9307523046930631,-0.4240238269170125,-0.0029839745936139175,59.002661307652794,0.0855654776096344,0.02004178909313244,13.344950914382935,31,0.8758063912391663,0.061225179582834244,0.14687655866146088,14.687655866146088,0.9257056826636905,19.29051655618489,0.5343286395072937,0.5343286395072937,0.08057259023189545,0.9138650894165039,0.25437667965888977,0.27006757259368896,0.015690892934799194,0.27006757259368896,True,0.07429431733630952,0.8155215382575989,0.015690892934799194,0.03788829985119048,,,0.5919394230662863,0.0855654776096344,0.03788829985119048,0.8818656029456888,0.1019309014081955,0.1019309014081955,17.623367335648478,0.13147150461735416,4.5927839279174805,a red apple inside a bowl,0.288850873708725,0.2430628091096878,0.30807191133499146,0.01922103762626648,0.30807191133499146,"160,119,336,259",0.18369536101818085,0.17391031980514526,/cluster/users/grad/2025/25t8103/project/experiments/support_v3_2026-06-02/normalized_512/eval_masks/bowl_apple_inside_eval_mask.png,fixed_eval_mask,1.0,152.7974853515625,0.04570322483778,20.396018981933594,adaptive_full_generic_support,Generic support control,,0.06406034529209137,0.06406034529209137,18.964238971339384,0.11266474846518058,13.38190746307373,/cluster/users/grad/2025/25t8103/project/outputs/pretty_matrix/bowl_apple_inside/adaptive_full_generic_support/seed_11/result.png,7.758874893188477,bowl_apple_inside/adaptive_full_generic_support/seed_11,44.02060033194721,11,/cluster/users/grad/2025/25t8103/project/data/pretty_free_candidates/pexels_empty_ceramic_bowl_phase1.jpg,0.06549518555402756,"A top-down photo of an empty blue ceramic bowl on a wooden board in a tidy table setting, with no fruit inside the bowl.",18.905123587530838,0.11343414988050231,0.5283746184475999,0.5283746184475999,"A top-down photo of the same blue ceramic bowl on the same wooden board, with one small red apple centered inside the bowl, while the bowl, board, tableware, leaves, and background remain unchanged.",bowl_apple_inside
1.0,0.9305728524923325,0.9999999925494194,0.9305728500088056,-0.42405231793721515,-0.002756239819670251,58.74592169125875,0.0855654776096344,0.020060221169842407,13.360300421714783,31,0.8786891102790833,0.0612570196390152,0.1471107453107834,14.711074531078339,0.9257056826636905,19.288566559012175,0.5340767502784729,0.5340767502784729,0.07995478808879852,0.9148617386817932,0.25261127948760986,0.268064022064209,0.015452742576599121,0.268064022064209,True,0.07429431733630952,0.8226467967033386,0.015452742576599121,0.03788829985119048,,,0.5736320389022409,0.0855654776096344,0.03788829985119048,0.8643755753298558,0.10153181850910187,0.10153181850910187,17.6787261881968,0.1306362456062289,4.585911273956299,a red apple inside a bowl,0.3013796806335449,0.24153439700603485,0.3201156258583069,0.018735945224761963,0.3201156258583069,"160,119,336,259",0.18217380344867706,0.17258509993553162,/cluster/users/grad/2025/25t8103/project/experiments/support_v3_2026-06-02/normalized_512/eval_masks/bowl_apple_inside_eval_mask.png,fixed_eval_mask,1.0,150.61123657226562,0.04570322483778,20.396018981933594,adaptive_full_generic_support,Generic support control,,0.06400921940803528,0.06400921940803528,18.979819354604437,0.11246283632605297,13.38190746307373,/cluster/users/grad/2025/25t8103/project/outputs/pretty_matrix/bowl_apple_inside/adaptive_full_generic_support/seed_12/result.png,7.9945173263549805,bowl_apple_inside/adaptive_full_generic_support/seed_12,45.77312180097215,12,/cluster/users/grad/2025/25t8103/project/data/pretty_free_candidates/pexels_empty_ceramic_bowl_phase1.jpg,0.0654309019446373,"A top-down photo of an empty blue ceramic bowl on a wooden board in a tidy table setting, with no fruit inside the bowl.",18.92272062177711,0.11320457247617538,0.5279583149641048,0.5279583149641048,"A top-down photo of the same blue ceramic bowl on the same wooden board, with one small red apple centered inside the bowl, while the bowl, board, tableware, leaves, and background remain unchanged.",bowl_apple_inside
1.0,0.0,0.0,0.0,0.0,0.0,0.0,0.0386904776096344,0.0,0.0,31,0.4508785903453827,0.08163724094629288,0.5211164951324463,52.11164951324463,0.9257056826636905,18.77780860595823,0.3927711546421051,0.3927711546421051,-0.05892688035964966,0.6728425621986389,0.2522696852684021,0.2279781997203827,-0.02429148554801941,0.2279781997203827,True,0.07429431733630952,0.33522504568099976,-0.02429148554801941,0.03788829985119048,,,0.38452191542680686,0.0386904776096344,0.03788829985119048,0.9636391531144523,0.030665408819913864,0.030665408819913864,27.3117065942577,0.0430937879475246,2.970700740814209,a red apple inside a bowl,0.27043992280960083,0.17614614963531494,0.2607629895210266,-0.009676933288574219,0.2607629895210266,"160,119,336,259",0.5381723642349243,0.5291411280632019,/cluster/users/grad/2025/25t8103/project/experiments/support_v3_2026-06-02/normalized_512/eval_masks/bowl_apple_inside_eval_mask.png,fixed_eval_mask,1.0,0.0,0.0,0.0,base_only,RF reconstruction / base reconstruction,,0.080742746591568,0.080742746591568,18.837684091483837,0.1143183099720821,12.404802322387695,/cluster/users/grad/2025/25t8103/project/outputs/pretty_matrix/bowl_apple_inside/base_only/seed_10/result.png,7.725699424743652,bowl_apple_inside/base_only/seed_10,12.647415276034735,10,/cluster/users/grad/2025/25t8103/project/data/pretty_free_candidates/pexels_empty_ceramic_bowl_phase1.jpg,0.07884540408849716,"A top-down photo of an empty blue ceramic bowl on a wooden board in a tidy table setting, with no fruit inside the bowl.",18.981192754737513,0.11244505527307629,0.41182379909126926,0.41182379909126926,"A top-down photo of the same blue ceramic bowl on the same wooden board, with one small red apple centered inside the bowl, while the bowl, board, tableware, leaves, and background remain unchanged.",bowl_apple_inside
1.0,0.0,0.0,0.0,0.0,0.0,0.0,0.0386904776096344,0.0,0.0,31,0.4508785903453827,0.08163724094629288,0.5211164951324463,52.11164951324463,0.9257056826636905,18.77780860595823,0.3927711546421051,0.3927711546421051,-0.05892688035964966,0.6728425621986389,0.2522696852684021,0.2279781997203827,-0.02429148554801941,0.2279781997203827,True,0.07429431733630952,0.33522504568099976,-0.02429148554801941,0.03788829985119048,,,0.38452191542680686,0.0386904776096344,0.03788829985119048,0.9636391531144523,0.030665408819913864,0.030665408819913864,27.3117065942577,0.0430937879475246,2.970700740814209,a red apple inside a bowl,0.27043992280960083,0.17614614963531494,0.2607629895210266,-0.009676933288574219,0.2607629895210266,"160,119,336,259",0.5381723642349243,0.5291411280632019,/cluster/users/grad/2025/25t8103/project/experiments/support_v3_2026-06-02/normalized_512/eval_masks/bowl_apple_inside_eval_mask.png,fixed_eval_mask,1.0,0.0,0.0,0.0,base_only,RF reconstruction / base reconstruction,,0.080742746591568,0.080742746591568,18.837684091483837,0.1143183099720821,12.228387355804443,/cluster/users/grad/2025/25t8103/project/outputs/pretty_matrix/bowl_apple_inside/base_only/seed_11/result.png,7.725699424743652,bowl_apple_inside/base_only/seed_11,24.904483293066733,11,/cluster/users/grad/2025/25t8103/project/data/pretty_free_candidates/pexels_empty_ceramic_bowl_phase1.jpg,0.07884540408849716,"A top-down photo of an empty blue ceramic bowl on a wooden board in a tidy table setting, with no fruit inside the bowl.",18.981192754737513,0.11244505527307629,0.41182379909126926,0.41182379909126926,"A top-down photo of the same blue ceramic bowl on the same wooden board, with one small red apple centered inside the bowl, while the bowl, board, tableware, leaves, and background remain unchanged.",bowl_apple_inside
1.0,0.0,0.0,0.0,0.0,0.0,0.0,0.0386904776096344,0.0,0.0,31,0.4508785903453827,0.08163724094629288,0.5211164951324463,52.11164951324463,0.9257056826636905,18.77780860595823,0.3927711546421051,0.3927711546421051,-0.05892688035964966,0.6728425621986389,0.2522696852684021,0.2279781997203827,-0.02429148554801941,0.2279781997203827,True,0.07429431733630952,0.33522504568099976,-0.02429148554801941,0.03788829985119048,,,0.38452191542680686,0.0386904776096344,0.03788829985119048,0.9636391531144523,0.030665408819913864,0.030665408819913864,27.3117065942577,0.0430937879475246,2.970700740814209,a red apple inside a bowl,0.27043992280960083,0.17614614963531494,0.2607629895210266,-0.009676933288574219,0.2607629895210266,"160,119,336,259",0.5381723642349243,0.5291411280632019,/cluster/users/grad/2025/25t8103/project/experiments/support_v3_2026-06-02/normalized_512/eval_masks/bowl_apple_inside_eval_mask.png,fixed_eval_mask,1.0,0.0,0.0,0.0,base_only,RF reconstruction / base reconstruction,,0.080742746591568,0.080742746591568,18.837684091483837,0.1143183099720821,12.228387355804443,/cluster/users/grad/2025/25t8103/project/outputs/pretty_matrix/bowl_apple_inside/base_only/seed_12/result.png,7.725699424743652,bowl_apple_inside/base_only/seed_12,24.287901722011156,12,/cluster/users/grad/2025/25t8103/project/data/pretty_free_candidates/pexels_empty_ceramic_bowl_phase1.jpg,0.07884540408849716,"A top-down photo of an empty blue ceramic bowl on a wooden board in a tidy table setting, with no fruit inside the bowl.",18.981192754737513,0.11244505527307629,0.41182379909126926,0.41182379909126926,"A top-down photo of the same blue ceramic bowl on the same wooden board, with one small red apple centered inside the bowl, while the bowl, board, tableware, leaves, and background remain unchanged.",bowl_apple_inside
1.0,0.9243635013699532,1.000000034769376,0.9243635212381681,0.0,0.0,34.61550635099411,0.0386904776096344,0.0,0.0,31,0.601780116558075,0.09046628326177597,0.6278811097145081,62.788110971450806,0.9257056826636905,17.906019861388344,0.33031749725341797,0.33031749725341797,-0.05301354452967644,0.8419064283370972,0.308923602104187,0.2937350869178772,-0.015188515186309814,0.2937350869178772,True,0.07429431733630952,0.5805678367614746,-0.015188515186309814,0.03788829985119048,,,0.45108097593024316,0.0386904776096344,0.03788829985119048,0.983583921448297,0.06417462229728699,0.06417462229728699,21.172524583597895,0.087372300509472,4.93698263168335,a red apple inside a bowl,0.3168005645275116,0.18381664156913757,0.30218803882598877,-0.014612525701522827,0.30218803882598877,"160,119,336,259",0.6464919447898865,0.6424018144607544,/cluster/users/grad/2025/25t8103/project/experiments/support_v3_2026-06-02/normalized_512/eval_masks/bowl_apple_inside_eval_mask.png,fixed_eval_mask,1.0,83.87122344970703,0.0,0.0,direct_target,Direct target guidance,,0.09116657078266144,0.09116657078266144,17.801677269571364,0.12880008111202976,12.404802322387695,/cluster/users/grad/2025/25t8103/project/outputs/pretty_matrix/bowl_apple_inside/direct_target/seed_10/result.png,10.944781303405762,bowl_apple_inside/direct_target/seed_10,11.739561497000977,10,/cluster/users/grad/2025/25t8103/project/data/pretty_free_candidates/pexels_empty_ceramic_bowl_phase1.jpg,0.09014389663934708,"A top-down photo of an empty blue ceramic bowl on a wooden board in a tidy table setting, with no fruit inside the bowl.",17.891427179566385,0.1274760626663702,0.3434925987526114,0.3434925987526114,"A top-down photo of the same blue ceramic bowl on the same wooden board, with one small red apple centered inside the bowl, while the bowl, board, tableware, leaves, and background remain unchanged.",bowl_apple_inside
1.0,0.9243635013699532,1.000000034769376,0.9243635212381681,0.0,0.0,34.61550635099411,0.0386904776096344,0.0,0.0,31,0.601780116558075,0.09046628326177597,0.6278811097145081,62.788110971450806,0.9257056826636905,17.906019861388344,0.33031749725341797,0.33031749725341797,-0.05301354452967644,0.8419064283370972,0.308923602104187,0.2937350869178772,-0.015188515186309814,0.2937350869178772,True,0.07429431733630952,0.5805678367614746,-0.015188515186309814,0.03788829985119048,,,0.45108097593024316,0.0386904776096344,0.03788829985119048,0.983583921448297,0.06417462229728699,0.06417462229728699,21.172524583597895,0.087372300509472,4.93698263168335,a red apple inside a bowl,0.3168005645275116,0.18381664156913757,0.30218803882598877,-0.014612525701522827,0.30218803882598877,"160,119,336,259",0.6464919447898865,0.6424018144607544,/cluster/users/grad/2025/25t8103/project/experiments/support_v3_2026-06-02/normalized_512/eval_masks/bowl_apple_inside_eval_mask.png,fixed_eval_mask,1.0,83.87122344970703,0.0,0.0,direct_target,Direct target guidance,,0.09116657078266144,0.09116657078266144,17.801677269571364,0.12880008111202976,12.228387355804443,/cluster/users/grad/2025/25t8103/project/outputs/pretty_matrix/bowl_apple_inside/direct_target/seed_11/result.png,10.944781303405762,bowl_apple_inside/direct_target/seed_11,25.250485384021886,11,/cluster/users/grad/2025/25t8103/project/data/pretty_free_candidates/pexels_empty_ceramic_bowl_phase1.jpg,0.09014389663934708,"A top-down photo of an empty blue ceramic bowl on a wooden board in a tidy table setting, with no fruit inside the bowl.",17.891427179566385,0.1274760626663702,0.3434925987526114,0.3434925987526114,"A top-down photo of the same blue ceramic bowl on the same wooden board, with one small red apple centered inside the bowl, while the bowl, board, tableware, leaves, and background remain unchanged.",bowl_apple_inside
1.0,0.9243635013699532,1.000000034769376,0.9243635212381681,0.0,0.0,34.61550635099411,0.0386904776096344,0.0,0.0,31,0.601780116558075,0.09046628326177597,0.6278811097145081,62.788110971450806,0.9257056826636905,17.906019861388344,0.33031749725341797,0.33031749725341797,-0.05301354452967644,0.8419064283370972,0.308923602104187,0.2937350869178772,-0.015188515186309814,0.2937350869178772,True,0.07429431733630952,0.5805678367614746,-0.015188515186309814,0.03788829985119048,,,0.45108097593024316,0.0386904776096344,0.03788829985119048,0.983583921448297,0.06417462229728699,0.06417462229728699,21.172524583597895,0.087372300509472,4.93698263168335,a red apple inside a bowl,0.3168005645275116,0.18381664156913757,0.30218803882598877,-0.014612525701522827,0.30218803882598877,"160,119,336,259",0.6464919447898865,0.6424018144607544,/cluster/users/grad/2025/25t8103/project/experiments/support_v3_2026-06-02/normalized_512/eval_masks/bowl_apple_inside_eval_mask.png,fixed_eval_mask,1.0,83.87122344970703,0.0,0.0,direct_target,Direct target guidance,,0.09116657078266144,0.09116657078266144,17.801677269571364,0.12880008111202976,12.228387355804443,/cluster/users/grad/2025/25t8103/project/outputs/pretty_matrix/bowl_apple_inside/direct_target/seed_12/result.png,10.944781303405762,bowl_apple_inside/direct_target/seed_12,25.940458072931506,12,/cluster/users/grad/2025/25t8103/project/data/pretty_free_candidates/pexels_empty_ceramic_bowl_phase1.jpg,0.09014389663934708,"A top-down photo of an empty blue ceramic bowl on a wooden board in a tidy table setting, with no fruit inside the bowl.",17.891427179566385,0.1274760626663702,0.3434925987526114,0.3434925987526114,"A top-down photo of the same blue ceramic bowl on the same wooden board, with one small red apple centered inside the bowl, while the bowl, board, tableware, leaves, and background remain unchanged.",bowl_apple_inside
1.0,0.9276187916596731,1.0000000099341075,0.9276188140114149,-0.4810360123713811,-0.0006510838202302693,51.898045818010964,0.0498511902987957,0.019151380115848344,16.466402769088745,31,0.9729804396629333,0.05350334569811821,0.10197582095861435,10.197582095861435,0.9257056826636905,20.533912707542736,0.5433052778244019,0.5433052778244019,0.08888035267591476,0.9315619468688965,0.26164597272872925,0.277208536863327,0.015562564134597778,0.277208536863327,True,0.07429431733630952,0.8325383067131042,0.015562564134597778,0.03788829985119048,,,0.6631081155980149,0.0498511902987957,0.03788829985119048,0.7522246087756981,0.10529394447803497,0.10529394447803497,15.94930073350512,0.15941712159425733,7.4505696296691895,a red apple inside a bowl,0.30676525831222534,0.24991202354431152,0.32070815563201904,0.013942897319793701,0.32070815563201904,"160,119,336,259",0.12370657920837402,0.11386586725711823,/cluster/users/grad/2025/25t8103/project/experiments/support_v3_2026-06-02/normalized_512/eval_masks/bowl_apple_inside_eval_mask.png,fixed_eval_mask,1.0,96.03804016113281,0.050993435084819794,32.436363220214844,support_v3_controller_rmsgap,DeCE-RF,,0.05495549365878105,0.05495549365878105,20.3241101781043,0.09633730459445872,13.382582664489746,/cluster/users/grad/2025/25t8103/project/outputs/phase2_selected_metric_refresh_20260612/bowl_apple_inside/support_v3_controller_rmsgap/seed_10/result.png,11.23582935333252,bowl_apple_inside/support_v3_controller_rmsgap/seed_10,31.467602779001027,10,/cluster/users/grad/2025/25t8103/project/data/pretty_free_candidates/pexels_empty_ceramic_bowl_phase1.jpg,0.056862737983465195,"A top-down photo of an empty blue ceramic bowl on a wooden board in a tidy table setting, with no fruit inside the bowl.",20.047103774385988,0.09945916556048238,0.5362453909601593,0.5362453909601593,"A top-down photo of the same blue ceramic bowl on the same wooden board, with one small red apple centered inside the bowl, while the bowl, board, tableware, leaves, and background remain unchanged.",bowl_apple_inside
1.0,0.9280401170253754,1.0,0.9280401095747948,-0.48069091762105626,-0.0006224760509212501,52.042129933834076,0.0498511902987957,0.019159931398462504,16.47320779164632,31,0.9736758470535278,0.053511541336774826,0.10211771726608276,10.211771726608276,0.9257056826636905,20.532972439213406,0.5432911515235901,0.5432911515235901,0.08978760242462158,0.9301389455795288,0.26038047671318054,0.2762640118598938,0.015883535146713257,0.2762640118598938,True,0.07429431733630952,0.8338726758956909,0.015883535146713257,0.03788829985119048,,,0.654178525772296,0.0498511902987957,0.03788829985119048,0.7511506597115679,0.10452643036842346,0.10452643036842346,16.01775720550565,0.15816563880344073,7.3329925537109375,a red apple inside a bowl,0.30960872769355774,0.25081807374954224,0.32035964727401733,0.010750919580459595,0.32035964727401733,"160,119,336,259",0.12374218553304672,0.11390671133995056,/cluster/users/grad/2025/25t8103/project/experiments/support_v3_2026-06-02/normalized_512/eval_masks/bowl_apple_inside_eval_mask.png,fixed_eval_mask,1.0,96.41053771972656,0.050993435084819794,32.436363220214844,support_v3_controller_rmsgap,DeCE-RF,,0.054950036108493805,0.054950036108493805,20.32678817375542,0.09630760687479288,13.382582664489746,/cluster/users/grad/2025/25t8103/project/outputs/phase2_selected_metric_refresh_20260612/bowl_apple_inside/support_v3_controller_rmsgap/seed_11/result.png,11.209466934204102,bowl_apple_inside/support_v3_controller_rmsgap/seed_11,31.64421702400068,11,/cluster/users/grad/2025/25t8103/project/data/pretty_free_candidates/pexels_empty_ceramic_bowl_phase1.jpg,0.05682840198278427,"A top-down photo of an empty blue ceramic bowl on a wooden board in a tidy table setting, with no fruit inside the bowl.",20.056140809956915,0.09935573935542179,0.5363526313308197,0.5363526313308197,"A top-down photo of the same blue ceramic bowl on the same wooden board, with one small red apple centered inside the bowl, while the bowl, board, tableware, leaves, and background remain unchanged.",bowl_apple_inside
1.0,0.9279522250096003,1.000000037252903,0.9279522473613421,-0.48068636531631154,-0.0006180019487752967,52.02209301789602,0.0498511902987957,0.01915331688360311,16.468288342158,31,0.973654568195343,0.05350508168339729,0.10210656374692917,10.210656374692917,0.9257056826636905,20.53227057197453,0.5433427691459656,0.5433427691459656,0.0969286784529686,0.9326440095901489,0.26245516538619995,0.27936476469039917,0.01690959930419922,0.27936476469039917,True,0.07429431733630952,0.8338877558708191,0.01690959930419922,0.03788829985119048,,,0.6570637734591871,0.0498511902987957,0.03788829985119048,0.7508438171218165,0.10482946783304214,0.10482946783304214,15.984265668428758,0.15877667996970293,7.38623571395874,a red apple inside a bowl,0.3095446228981018,0.2518049478530884,0.3237442076206207,0.014199584722518921,0.3237442076206207,"160,119,336,259",0.12367434054613113,0.11387798935174942,/cluster/users/grad/2025/25t8103/project/experiments/support_v3_2026-06-02/normalized_512/eval_masks/bowl_apple_inside_eval_mask.png,fixed_eval_mask,1.0,96.06611633300781,0.050993435084819794,32.436363220214844,support_v3_controller_rmsgap,DeCE-RF,,0.05494682118296623,0.05494682118296623,20.32449327046235,0.09633305571807857,13.382582664489746,/cluster/users/grad/2025/25t8103/project/outputs/phase2_selected_metric_refresh_20260612/bowl_apple_inside/support_v3_controller_rmsgap/seed_12/result.png,11.241276741027832,bowl_apple_inside/support_v3_controller_rmsgap/seed_12,32.199818277000304,12,/cluster/users/grad/2025/25t8103/project/data/pretty_free_candidates/pexels_empty_ceramic_bowl_phase1.jpg,0.056836795061826706,"A top-down photo of an empty blue ceramic bowl on a wooden board in a tidy table setting, with no fruit inside the bowl.",20.05083967279612,0.09941639625792861,0.5362092661626711,0.5362092661626711,"A top-down photo of the same blue ceramic bowl on the same wooden board, with one small red apple centered inside the bowl, while the bowl, board, tableware, leaves, and background remain unchanged.",bowl_apple_inside
1.0,0.9279953315854073,1.0,0.9279953564206759,-0.4206923407812913,-0.0009326671368701985,53.595706482728325,0.0498511902987957,0.021423337302015472,10.69605847199758,31,0.9709851145744324,0.05359913036227226,0.11120253801345825,11.120253801345825,0.9257056826636905,20.601290428393753,0.5403501391410828,0.5403501391410828,0.09384377300739288,0.9291083812713623,0.26858651638031006,0.2854277491569519,0.016841232776641846,0.2854277491569519,True,0.07429431733630952,0.8295407891273499,0.016841232776641846,0.03788829985119048,,,0.6365161742146924,0.0498511902987957,0.03788829985119048,0.7470082847499233,0.1102108508348465,0.1102108508348465,15.816881461480099,0.1618661089336998,6.873554706573486,a red apple inside a bowl,0.3099602460861206,0.24863240122795105,0.320969820022583,0.011009573936462402,0.320969820022583,"160,119,336,259",0.13295911252498627,0.12420157343149185,/cluster/users/grad/2025/25t8103/project/experiments/support_v3_2026-06-02/normalized_512/eval_masks/bowl_apple_inside_eval_mask.png,fixed_eval_mask,1.0,118.42251586914062,0.050993435084819794,14.954216003417969,support_v3_fixed,Fixed DeCE displacement,,0.05513708293437958,0.05513708293437958,20.3767651792826,0.09575506182910017,13.37995719909668,/cluster/users/grad/2025/25t8103/project/outputs/pretty_matrix/bowl_apple_inside/support_v3_fixed/seed_10/result.png,10.798711776733398,bowl_apple_inside/support_v3_fixed/seed_10,47.86918764199072,10,/cluster/users/grad/2025/25t8103/project/data/pretty_free_candidates/pexels_empty_ceramic_bowl_phase1.jpg,0.05722373351454735,"A top-down photo of an empty blue ceramic bowl on a wooden board in a tidy table setting, with no fruit inside the bowl.",20.081391617439,0.09906732105984781,0.5328332672038117,0.5328332672038117,"A top-down photo of the same blue ceramic bowl on the same wooden board, with one small red apple centered inside the bowl, while the bowl, board, tableware, leaves, and background remain unchanged.",bowl_apple_inside
1.0,0.926959735651811,1.0000000099341075,0.9269597629706064,-0.4215042019883792,-0.0010624796336742293,53.20935503641764,0.0498511902987957,0.021415182830727037,10.694196820259094,31,0.9707249999046326,0.05359065532684326,0.11126948148012161,11.126948148012161,0.9257056826636905,20.60417146792752,0.5404399037361145,0.5404399037361145,0.0932655930519104,0.9317646026611328,0.26972001791000366,0.28610557317733765,0.016385555267333984,0.28610557317733765,True,0.07429431733630952,0.8276904821395874,0.016385555267333984,0.03788829985119048,,,0.6380940183224022,0.0498511902987957,0.03788829985119048,0.7500767106474379,0.10768831521272659,0.10768831521272659,15.944059491593165,0.1595133461465747,6.884697914123535,a red apple inside a bowl,0.312359482049942,0.24672652781009674,0.32270270586013794,0.010343223810195923,0.32270270586013794,"160,119,336,259",0.13282543420791626,0.1239873394370079,/cluster/users/grad/2025/25t8103/project/experiments/support_v3_2026-06-02/normalized_512/eval_masks/bowl_apple_inside_eval_mask.png,fixed_eval_mask,1.0,124.70762634277344,0.050993435084819794,14.945463180541992,support_v3_fixed,Fixed DeCE displacement,,0.055091410875320435,0.055091410875320435,20.38690477895519,0.09564334598342007,13.37995719909668,/cluster/users/grad/2025/25t8103/project/outputs/pretty_matrix/bowl_apple_inside/support_v3_fixed/seed_11/result.png,10.789472579956055,bowl_apple_inside/support_v3_fixed/seed_11,161.77690495899878,11,/cluster/users/grad/2025/25t8103/project/data/pretty_free_candidates/pexels_empty_ceramic_bowl_phase1.jpg,0.05708422139286995,"A top-down photo of an empty blue ceramic bowl on a wooden board in a tidy table setting, with no fruit inside the bowl.",20.103228197288278,0.09881857573320318,0.5334750190883436,0.5334750190883436,"A top-down photo of the same blue ceramic bowl on the same wooden board, with one small red apple centered inside the bowl, while the bowl, board, tableware, leaves, and background remain unchanged.",bowl_apple_inside
1.0,0.9273683478434881,1.000000002483527,0.9273683056235313,-0.42053892587622005,-0.0009979178160695785,53.50910270214081,0.0498511902987957,0.021461556617092963,10.70980155467987,31,0.9707542657852173,0.053587231785058975,0.11106002330780029,11.10600233078003,0.9257056826636905,20.607395851016094,0.5404441356658936,0.5404441356658936,0.09281237423419952,0.9294618368148804,0.26832082867622375,0.284897118806839,0.016576290130615234,0.284897118806839,True,0.07429431733630952,0.8283931016921997,0.016576290130615234,0.03788829985119048,,,0.6393904545282822,0.0498511902987957,0.03788829985119048,0.7490027615833078,0.10854286700487137,0.10854286700487137,15.887647255807757,0.160552708782005,6.891960620880127,a red apple inside a bowl,0.30982705950737,0.2494192123413086,0.3213936686515808,0.011566609144210815,0.3213936686515808,"160,119,336,259",0.1327320635318756,0.12382565438747406,/cluster/users/grad/2025/25t8103/project/experiments/support_v3_2026-06-02/normalized_512/eval_masks/bowl_apple_inside_eval_mask.png,fixed_eval_mask,1.0,124.83917236328125,0.050993435084819794,14.957131385803223,support_v3_fixed,Fixed DeCE displacement,,0.05510149896144867,0.05510149896144867,20.387568062681652,0.09563604261491729,13.37995719909668,/cluster/users/grad/2025/25t8103/project/outputs/pretty_matrix/bowl_apple_inside/support_v3_fixed/seed_12/result.png,10.77895450592041,bowl_apple_inside/support_v3_fixed/seed_12,43.63044597300177,12,/cluster/users/grad/2025/25t8103/project/data/pretty_free_candidates/pexels_empty_ceramic_bowl_phase1.jpg,0.05712631344795227,"A top-down photo of an empty blue ceramic bowl on a wooden board in a tidy table setting, with no fruit inside the bowl.",20.098224264222875,0.09887552142578447,0.533322123207614,0.533322123207614,"A top-down photo of the same blue ceramic bowl on the same wooden board, with one small red apple centered inside the bowl, while the bowl, board, tableware, leaves, and background remain unchanged.",bowl_apple_inside
1.0,0.9351874912778536,1.0,0.9351874912778536,-0.3357016245524089,-0.000923657042828078,40.13722817103068,0.046875,0.017873661083285697,12.69292183717092,31,0.7420854568481445,0.042878925800323486,0.1559552252292633,15.59552252292633,0.9418596540178571,20.979439813706563,0.6468460559844971,0.6468460559844971,0.10090719908475876,0.9075363874435425,0.3128325343132019,0.3070752024650574,-0.005757331848144531,0.3070752024650574,True,0.058140345982142856,0.7220733165740967,-0.005757331848144531,0.026402064732142856,,,1.1747330518342458,0.046875,0.026402064732142856,0.0,0.016591694205999374,0.016591694205999374,29.137323117561188,0.03492479327348616,4.99585485458374,a yellow lemon inside a wooden bowl,0.2644540071487427,0.193987637758255,0.242202490568161,-0.022251516580581665,0.242202490568161,"50,53,176,203",0.15735752880573273,0.1566503793001175,/cluster/users/grad/2025/25t8103/project/experiments/support_v3_2026-06-02/normalized_512/eval_masks/brown_bowl_lemon_phase2_eval_mask.png,fixed_eval_mask,1.0,85.15677642822266,0.04514402896165848,21.858861923217773,adaptive_full_generic_support,Generic support control,,0.04193415492773056,0.04193415492773056,21.10914997062007,0.08801212389968158,13.545468807220459,/cluster/users/grad/2025/25t8103/project/outputs/pretty_matrix/brown_bowl_lemon_phase2/adaptive_full_generic_support/seed_10/result.png,4.252757549285889,brown_bowl_lemon_phase2/adaptive_full_generic_support/seed_10,24.12068403500598,10,/cluster/users/grad/2025/25t8103/project/data/phase2_candidates/pexels_brown_ceramic_bowl_black_surface_7236397.jpg,0.04126506671309471,A close-up photo of an empty brown ceramic bowl on a dark table surface with nearby chopsticks.,21.20684876457226,0.08702771117996091,0.6571919591393012,0.6571919591393012,"A close-up photo of the same empty brown ceramic bowl on the same dark table surface, with one small yellow lemon centered inside the bowl, while the bowl, chopsticks, table, lighting, and background remain unchanged.",brown_bowl_lemon_phase2
1.0,0.9336503346761068,0.9999999850988388,0.933650349577268,-0.4450471469511588,-0.0016791074006808533,42.476204891999565,0.0520833358168602,0.013135651897755452,10.1938955783844,31,0.8880154490470886,0.029230734333395958,0.08319021016359329,8.31902101635933,0.9418596540178571,24.979080629845857,0.7445512413978577,0.7445512413978577,0.17807896435260773,0.9419735670089722,0.30599355697631836,0.3044227957725525,-0.0015707612037658691,0.3044227957725525,True,0.058140345982142856,0.7640585899353027,-0.0015707612037658691,0.026402064732142856,,,1.255687800591683,0.0520833358168602,0.026402064732142856,0.0,0.11176931113004684,0.11176931113004684,16.857263727206224,0.1435941719717274,8.465841293334961,a yellow lemon inside a wooden bowl,0.24583113193511963,0.2793099880218506,0.2755723297595978,0.02974119782447815,0.2755723297595978,"50,53,176,203",0.09241297841072083,0.08897721022367477,/cluster/users/grad/2025/25t8103/project/experiments/support_v3_2026-06-02/normalized_512/eval_masks/brown_bowl_lemon_phase2_eval_mask.png,fixed_eval_mask,1.0,152.5679473876953,0.036146149039268494,16.944189071655273,adaptive_full_generic_support,Generic support control,,0.03089798055589199,0.03089798055589199,24.552348520597576,0.059208297580798354,13.381566524505615,/cluster/users/grad/2025/25t8103/project/outputs/pretty_matrix/brown_bowl_lemon_phase2/adaptive_full_generic_support/seed_11/result.png,6.741995334625244,brown_bowl_lemon_phase2/adaptive_full_generic_support/seed_11,68.94977989199106,11,/cluster/users/grad/2025/25t8103/project/data/phase2_candidates/pexels_wooden_bowls_topdown_6962757.jpg,0.03303315117955208,A top-down photo of a small empty wooden bowl on a pale wooden table beside a larger wooden bowl and folded cloth.,24.02583600859321,0.06290833626607234,0.7362444991952046,0.7362444991952046,"A top-down photo of the same small wooden bowl on the same pale wooden table, with one small yellow lemon wedge centered inside the small bowl, while the bowls, table, folded cloth, lighting, and background remain unchanged.",brown_bowl_lemon_phase2
1.0,0.9330216000477473,1.0000000074505806,0.933021605014801,-0.4466742717971404,-0.00169025072924948,42.66642000277837,0.0520833358168602,0.013095225275416547,10.178680141766867,31,0.8895331621170044,0.029366908594965935,0.08354867994785309,8.354867994785309,0.9418596540178571,24.934394676437783,0.7445207238197327,0.7445207238197327,0.1830649971961975,0.9419193267822266,0.306446373462677,0.30591151118278503,-0.0005348622798919678,0.30591151118278503,True,0.058140345982142856,0.7649807929992676,-0.0005348622798919678,0.026402064732142856,,,1.2518014908631572,0.0520833358168602,0.026402064732142856,0.0,0.1126658096909523,0.1126658096909523,16.76995866319958,0.14504476770778807,8.44576644897461,a yellow lemon inside a wooden bowl,0.24585463106632233,0.27964600920677185,0.2765694558620453,0.03071482479572296,0.2765694558620453,"50,53,176,203",0.0927344262599945,0.08932780474424362,/cluster/users/grad/2025/25t8103/project/experiments/support_v3_2026-06-02/normalized_512/eval_masks/brown_bowl_lemon_phase2_eval_mask.png,fixed_eval_mask,1.0,128.18612670898438,0.036146149039268494,16.944189071655273,adaptive_full_generic_support,Generic support control,,0.031053053215146065,0.031053053215146065,24.50560104056421,0.059527815841133536,13.381566524505615,/cluster/users/grad/2025/25t8103/project/outputs/pretty_matrix/brown_bowl_lemon_phase2/adaptive_full_generic_support/seed_12/result.png,6.746889591217041,brown_bowl_lemon_phase2/adaptive_full_generic_support/seed_12,69.34520481491927,12,/cluster/users/grad/2025/25t8103/project/data/phase2_candidates/pexels_wooden_bowls_topdown_6962757.jpg,0.03320780023932457,A top-down photo of a small empty wooden bowl on a pale wooden table beside a larger wooden bowl and folded cloth.,23.973487547570407,0.06328861950124905,0.736191716454941,0.736191716454941,"A top-down photo of the same small wooden bowl on the same pale wooden table, with one small yellow lemon wedge centered inside the small bowl, while the bowls, table, folded cloth, lighting, and background remain unchanged.",brown_bowl_lemon_phase2
1.0,0.0,0.0,0.0,0.0,0.0,0.0,0.3292410671710968,0.0,0.0,31,0.6074314117431641,0.04694632813334465,0.40952807664871216,40.952807664871216,0.9418596540178571,21.479922915478905,0.6225281357765198,0.6225281357765198,-0.009890623390674591,0.7311643958091736,0.26667869091033936,0.22855423390865326,-0.038124457001686096,0.22855423390865326,True,0.058140345982142856,0.6071314215660095,-0.038124457001686096,0.026402064732142856,,,1.0679201524115842,0.3292410671710968,0.026402064732142856,0.0,0.030642688274383545,0.030642688274383545,23.14353538416123,0.06963430266046791,3.9137773513793945,a yellow lemon inside a wooden bowl,0.21181795001029968,0.18430712819099426,0.18505069613456726,-0.026767253875732422,0.18505069613456726,"50,53,176,203",0.4156808853149414,0.4127570390701294,/cluster/users/grad/2025/25t8103/project/experiments/support_v3_2026-06-02/normalized_512/eval_masks/brown_bowl_lemon_phase2_eval_mask.png,fixed_eval_mask,1.0,0.0,0.0,0.0,base_only,RF reconstruction / base reconstruction,,0.04617593064904213,0.04617593064904213,21.566445938382017,0.08349831338352581,12.404606819152832,/cluster/users/grad/2025/25t8103/project/outputs/pretty_matrix/brown_bowl_lemon_phase2/base_only/seed_10/result.png,3.6648595333099365,brown_bowl_lemon_phase2/base_only/seed_10,10.490615918999538,10,/cluster/users/grad/2025/25t8103/project/data/phase2_candidates/pexels_brown_ceramic_bowl_black_surface_7236397.jpg,0.04576582461595535,A close-up photo of an empty brown ceramic bowl on a dark table surface with nearby chopsticks.,21.60150334737049,0.08316198225004255,0.6312233814649387,0.6312233814649387,"A close-up photo of the same empty brown ceramic bowl on the same dark table surface, with one small yellow lemon centered inside the bowl, while the bowl, chopsticks, table, lighting, and background remain unchanged.",brown_bowl_lemon_phase2
1.0,0.0,0.0,0.0,0.0,0.0,0.0,0.0416666679084301,0.0,0.0,31,0.8040924072265625,0.0394032746553421,0.303551584482193,30.3551584482193,0.9418596540178571,23.860503231445986,0.7144701480865479,0.7144701480865479,0.08902617543935776,0.9066348075866699,0.289664089679718,0.27551156282424927,-0.01415252685546875,0.27551156282424927,True,0.058140345982142856,0.754907488822937,-0.01415252685546875,0.026402064732142856,,,1.1750731403735915,0.0416666679084301,0.026402064732142856,0.0,0.07119434326887131,0.07119434326887131,20.887937518672214,0.09028240593433959,7.985111236572266,a yellow lemon inside a wooden bowl,0.24468092620372772,0.1895924210548401,0.23462913930416107,-0.01005178689956665,0.23462913930416107,"50,53,176,203",0.31174319982528687,0.3074721097946167,/cluster/users/grad/2025/25t8103/project/experiments/support_v3_2026-06-02/normalized_512/eval_masks/brown_bowl_lemon_phase2_eval_mask.png,fixed_eval_mask,1.0,0.0,0.0,0.0,base_only,RF reconstruction / base reconstruction,,0.04079161584377289,0.04079161584377289,23.670585987106918,0.06553460719050304,12.228387355804443,/cluster/users/grad/2025/25t8103/project/outputs/pretty_matrix/brown_bowl_lemon_phase2/base_only/seed_11/result.png,6.795416355133057,brown_bowl_lemon_phase2/base_only/seed_11,48.0074878790183,11,/cluster/users/grad/2025/25t8103/project/data/phase2_candidates/pexels_wooden_bowls_topdown_6962757.jpg,0.041594307869672775,A top-down photo of a small empty wooden bowl on a pale wooden table beside a larger wooden bowl and folded cloth.,23.568833943278452,0.06630683567935669,0.7059830990348205,0.7059830990348205,"A top-down photo of the same small wooden bowl on the same pale wooden table, with one small yellow lemon wedge centered inside the small bowl, while the bowls, table, folded cloth, lighting, and background remain unchanged.",brown_bowl_lemon_phase2
1.0,0.0,0.0,0.0,0.0,0.0,0.0,0.0416666679084301,0.0,0.0,31,0.8040924072265625,0.0394032746553421,0.303551584482193,30.3551584482193,0.9418596540178571,23.860503231445986,0.7144701480865479,0.7144701480865479,0.08902617543935776,0.9066348075866699,0.289664089679718,0.27551156282424927,-0.01415252685546875,0.27551156282424927,True,0.058140345982142856,0.754907488822937,-0.01415252685546875,0.026402064732142856,,,1.1750731403735915,0.0416666679084301,0.026402064732142856,0.0,0.07119434326887131,0.07119434326887131,20.887937518672214,0.09028240593433959,7.985111236572266,a yellow lemon inside a wooden bowl,0.24468092620372772,0.1895924210548401,0.23462913930416107,-0.01005178689956665,0.23462913930416107,"50,53,176,203",0.31174319982528687,0.3074721097946167,/cluster/users/grad/2025/25t8103/project/experiments/support_v3_2026-06-02/normalized_512/eval_masks/brown_bowl_lemon_phase2_eval_mask.png,fixed_eval_mask,1.0,0.0,0.0,0.0,base_only,RF reconstruction / base reconstruction,,0.04079161584377289,0.04079161584377289,23.670585987106918,0.06553460719050304,12.228387355804443,/cluster/users/grad/2025/25t8103/project/outputs/pretty_matrix/brown_bowl_lemon_phase2/base_only/seed_12/result.png,6.795416355133057,brown_bowl_lemon_phase2/base_only/seed_12,46.93451273802202,12,/cluster/users/grad/2025/25t8103/project/data/phase2_candidates/pexels_wooden_bowls_topdown_6962757.jpg,0.041594307869672775,A top-down photo of a small empty wooden bowl on a pale wooden table beside a larger wooden bowl and folded cloth.,23.568833943278452,0.06630683567935669,0.7059830990348205,0.7059830990348205,"A top-down photo of the same small wooden bowl on the same pale wooden table, with one small yellow lemon wedge centered inside the small bowl, while the bowls, table, folded cloth, lighting, and background remain unchanged.",brown_bowl_lemon_phase2
1.0,0.9291428675254186,1.0000000074505806,0.9291428625583649,0.0,0.0,106.48166751861572,0.3292410671710968,0.0,0.0,31,0.2815280556678772,0.13202287256717682,0.7267446517944336,72.67446517944336,0.9418596540178571,14.129380546380093,0.46209412813186646,0.46209412813186646,0.14647413790225983,0.7036072015762329,0.2632021903991699,0.2999938428401947,0.03679165244102478,0.2999938428401947,True,0.058140345982142856,0.2523583173751831,0.03679165244102478,0.026402064732142856,,,0.9465104433560882,0.3292410671710968,0.026402064732142856,0.0,0.07549897581338882,0.07549897581338882,16.383892988714784,0.1516370582554164,2.9307122230529785,a yellow lemon inside a wooden bowl,0.2030547857284546,0.1473921835422516,0.1660548448562622,-0.03699994087219238,0.1660548448562622,"50,53,176,203",0.7584276795387268,0.7408740520477295,/cluster/users/grad/2025/25t8103/project/experiments/support_v3_2026-06-02/normalized_512/eval_masks/brown_bowl_lemon_phase2_eval_mask.png,fixed_eval_mask,1.0,332.3183288574219,0.0,0.0,direct_target,Direct target guidance,,0.12977352738380432,0.12977352738380432,14.216739670046262,0.19460904277955393,12.404606819152832,/cluster/users/grad/2025/25t8103/project/outputs/pretty_matrix/brown_bowl_lemon_phase2/direct_target/seed_10/result.png,3.0963337421417236,brown_bowl_lemon_phase2/direct_target/seed_10,11.884150887024589,10,/cluster/users/grad/2025/25t8103/project/data/phase2_candidates/pexels_brown_ceramic_bowl_black_surface_7236397.jpg,0.12834057211875916,A close-up photo of an empty brown ceramic bowl on a dark table surface with nearby chopsticks.,14.262021828959446,0.19359712722455735,0.4687440749566489,0.4687440749566489,"A close-up photo of the same empty brown ceramic bowl on the same dark table surface, with one small yellow lemon centered inside the bowl, while the bowl, chopsticks, table, lighting, and background remain unchanged.",brown_bowl_lemon_phase2
1.0,0.9370016008615494,0.9999999751647314,0.9370015636086464,0.0,0.0,45.37236523628235,0.0416666679084301,0.0,0.0,31,0.7424397468566895,0.04968564212322235,0.43298524618148804,43.298524618148804,0.9418596540178571,21.858653656309723,0.6830434203147888,0.6830434203147888,0.08398135006427765,0.8965497016906738,0.3065357804298401,0.2929688096046448,-0.013566970825195312,0.2929688096046448,True,0.058140345982142856,0.5830804109573364,-0.013566970825195312,0.026402064732142856,,,1.4534072100007218,0.0416666679084301,0.026402064732142856,0.0,0.1311831921339035,0.1311831921339035,15.401454359198931,0.16979593235539475,10.051826477050781,a yellow lemon inside a wooden bowl,0.255992591381073,0.27377355098724365,0.2834632396697998,0.027470648288726807,0.2834632396697998,"50,53,176,203",0.45487555861473083,0.44369369745254517,/cluster/users/grad/2025/25t8103/project/experiments/support_v3_2026-06-02/normalized_512/eval_masks/brown_bowl_lemon_phase2_eval_mask.png,fixed_eval_mask,1.0,97.17489624023438,0.0,0.0,direct_target,Direct target guidance,,0.05220866948366165,0.05220866948366165,21.4055154703172,0.08505977439279969,12.228387355804443,/cluster/users/grad/2025/25t8103/project/outputs/pretty_matrix/brown_bowl_lemon_phase2/direct_target/seed_11/result.png,6.916042804718018,brown_bowl_lemon_phase2/direct_target/seed_11,50.1794097609818,11,/cluster/users/grad/2025/25t8103/project/data/phase2_candidates/pexels_wooden_bowls_topdown_6962757.jpg,0.054293736815452576,A top-down photo of a small empty wooden bowl on a pale wooden table beside a larger wooden bowl and folded cloth.,21.076088225417347,0.08834776935788573,0.6689857224542733,0.6689857224542733,"A top-down photo of the same small wooden bowl on the same pale wooden table, with one small yellow lemon wedge centered inside the small bowl, while the bowls, table, folded cloth, lighting, and background remain unchanged.",brown_bowl_lemon_phase2
1.0,0.9370016008615494,0.9999999751647314,0.9370015636086464,0.0,0.0,45.37236523628235,0.0416666679084301,0.0,0.0,31,0.7424397468566895,0.04968564212322235,0.43298524618148804,43.298524618148804,0.9418596540178571,21.858653656309723,0.6830434203147888,0.6830434203147888,0.08398135006427765,0.8965497016906738,0.3065357804298401,0.2929688096046448,-0.013566970825195312,0.2929688096046448,True,0.058140345982142856,0.5830804109573364,-0.013566970825195312,0.026402064732142856,,,1.4534072100007218,0.0416666679084301,0.026402064732142856,0.0,0.1311831921339035,0.1311831921339035,15.401454359198931,0.16979593235539475,10.051826477050781,a yellow lemon inside a wooden bowl,0.255992591381073,0.27377355098724365,0.2834632396697998,0.027470648288726807,0.2834632396697998,"50,53,176,203",0.45487555861473083,0.44369369745254517,/cluster/users/grad/2025/25t8103/project/experiments/support_v3_2026-06-02/normalized_512/eval_masks/brown_bowl_lemon_phase2_eval_mask.png,fixed_eval_mask,1.0,97.17489624023438,0.0,0.0,direct_target,Direct target guidance,,0.05220866948366165,0.05220866948366165,21.4055154703172,0.08505977439279969,12.228387355804443,/cluster/users/grad/2025/25t8103/project/outputs/pretty_matrix/brown_bowl_lemon_phase2/direct_target/seed_12/result.png,6.916042804718018,brown_bowl_lemon_phase2/direct_target/seed_12,50.21230889996514,12,/cluster/users/grad/2025/25t8103/project/data/phase2_candidates/pexels_wooden_bowls_topdown_6962757.jpg,0.054293736815452576,A top-down photo of a small empty wooden bowl on a pale wooden table beside a larger wooden bowl and folded cloth.,21.076088225417347,0.08834776935788573,0.6689857224542733,0.6689857224542733,"A top-down photo of the same small wooden bowl on the same pale wooden table, with one small yellow lemon wedge centered inside the small bowl, while the bowls, table, folded cloth, lighting, and background remain unchanged.",brown_bowl_lemon_phase2
1.0,0.9354957342147827,1.0,0.9354957515994707,-0.4585974769045909,-0.001783110146789113,41.357947727044426,0.0334821417927742,0.01310335483867675,11.844496289889017,31,0.8846229314804077,0.02776176668703556,0.07640761137008667,7.640761137008667,0.9418596540178571,25.337209198632156,0.7466737627983093,0.7466737627983093,0.15298742055892944,0.9467034339904785,0.3060210943222046,0.29846686124801636,-0.007554233074188232,0.29846686124801636,True,0.058140345982142856,0.7588343620300293,-0.007554233074188232,0.026402064732142856,,,1.19540656778942,0.0334821417927742,0.026402064732142856,0.0,0.10080065578222275,0.10080065578222275,17.74386670457683,0.12966019331460604,8.297028541564941,a yellow lemon inside a wooden bowl,0.24405881762504578,0.27641555666923523,0.2695658802986145,0.025507062673568726,0.2695658802986145,"50,53,176,203",0.08408526331186295,0.08102228492498398,/cluster/users/grad/2025/25t8103/project/experiments/support_v3_2026-06-02/normalized_512/eval_masks/brown_bowl_lemon_phase2_eval_mask.png,fixed_eval_mask,1.0,133.22019958496094,0.0386340357363224,24.084535598754883,support_v3_controller_rmsgap,DeCE-RF,,0.02926654741168022,0.02926654741168022,24.922824386854042,0.056736008718418114,13.382582664489746,/cluster/users/grad/2025/25t8103/project/outputs/phase2_selected_metric_refresh_20260612/brown_bowl_lemon_phase2/support_v3_controller_rmsgap/seed_10/result.png,6.94075870513916,brown_bowl_lemon_phase2/support_v3_controller_rmsgap/seed_10,31.605033358999208,10,/cluster/users/grad/2025/25t8103/project/data/phase2_candidates/pexels_wooden_bowls_topdown_6962757.jpg,0.031155195087194443,A top-down photo of a small empty wooden bowl on a pale wooden table beside a larger wooden bowl and folded cloth.,24.46377552788136,0.05981515377957778,0.7392964563896803,0.7392964563896803,"A top-down photo of the same small wooden bowl on the same pale wooden table, with one small yellow lemon wedge centered inside the small bowl, while the bowls, table, folded cloth, lighting, and background remain unchanged.",brown_bowl_lemon_phase2
1.0,0.9352929393450419,1.0000000124176343,0.9352929765979449,-0.45920264969269436,-0.0017069389456689048,41.142691572507225,0.0334821417927742,0.013090803608065471,11.843259652455648,31,0.8853958249092102,0.027759000658988953,0.07662302255630493,7.662302255630493,0.9418596540178571,25.336779667129015,0.7465988397598267,0.7465988397598267,0.156968891620636,0.9461761713027954,0.30628669261932373,0.2995900809764862,-0.006696611642837524,0.2995900809764862,True,0.058140345982142856,0.7604584097862244,-0.006696611642837524,0.026402064732142856,,,1.194904246678786,0.0334821417927742,0.026402064732142856,0.0,0.10172680020332336,0.10172680020332336,17.657117327590562,0.13096164863064289,8.288521766662598,a yellow lemon inside a wooden bowl,0.2449096441268921,0.27864518761634827,0.27076971530914307,0.025860071182250977,0.27076971530914307,"50,53,176,203",0.08431708812713623,0.08121548593044281,/cluster/users/grad/2025/25t8103/project/experiments/support_v3_2026-06-02/normalized_512/eval_masks/brown_bowl_lemon_phase2_eval_mask.png,fixed_eval_mask,1.0,123.97208404541016,0.0386340357363224,24.084535598754883,support_v3_controller_rmsgap,DeCE-RF,,0.02926875650882721,0.02926875650882721,24.921141614158252,0.05674700161140775,13.382582664489746,/cluster/users/grad/2025/25t8103/project/outputs/phase2_selected_metric_refresh_20260612/brown_bowl_lemon_phase2/support_v3_controller_rmsgap/seed_11/result.png,6.936557292938232,brown_bowl_lemon_phase2/support_v3_controller_rmsgap/seed_11,31.732424518999323,11,/cluster/users/grad/2025/25t8103/project/data/phase2_candidates/pexels_wooden_bowls_topdown_6962757.jpg,0.03118179738521576,A top-down photo of a small empty wooden bowl on a pale wooden table beside a larger wooden bowl and folded cloth.,24.45144850526259,0.05990010376751191,0.7392561222004939,0.7392561222004939,"A top-down photo of the same small wooden bowl on the same pale wooden table, with one small yellow lemon wedge centered inside the small bowl, while the bowls, table, folded cloth, lighting, and background remain unchanged.",brown_bowl_lemon_phase2
1.0,0.9355094060301781,1.0000000198682149,0.9355094085137049,-0.4587557849784692,-0.001753235176996289,41.239508052666984,0.0334821417927742,0.013095007830997929,11.844192107518515,31,0.8847735524177551,0.027743946760892868,0.07659804075956345,7.659804075956345,0.9418596540178571,25.343733761006316,0.7467224597930908,0.7467224597930908,0.15925279259681702,0.9456827640533447,0.30714020133018494,0.3010156750679016,-0.006124526262283325,0.3010156750679016,True,0.058140345982142856,0.7623848915100098,-0.006124526262283325,0.026402064732142856,,,1.1934109577173095,0.0334821417927742,0.026402064732142856,0.0,0.10166061669588089,0.10166061669588089,17.673066412105086,0.13072139668139252,8.276185989379883,a yellow lemon inside a wooden bowl,0.2460472136735916,0.27914372086524963,0.27201521396636963,0.025968000292778015,0.27201521396636963,"50,53,176,203",0.08431872725486755,0.08116371184587479,/cluster/users/grad/2025/25t8103/project/experiments/support_v3_2026-06-02/normalized_512/eval_masks/brown_bowl_lemon_phase2_eval_mask.png,fixed_eval_mask,1.0,126.98877716064453,0.0386340357363224,24.084535598754883,support_v3_controller_rmsgap,DeCE-RF,,0.029239922761917114,0.029239922761917114,24.93201135153287,0.05667603142459843,13.382177829742432,/cluster/users/grad/2025/25t8103/project/outputs/phase2_selected_metric_refresh_20260612/brown_bowl_lemon_phase2/support_v3_controller_rmsgap/seed_12/result.png,6.934900283813477,brown_bowl_lemon_phase2/support_v3_controller_rmsgap/seed_12,31.67796468200322,12,/cluster/users/grad/2025/25t8103/project/data/phase2_candidates/pexels_wooden_bowls_topdown_6962757.jpg,0.03115197829902172,A top-down photo of a small empty wooden bowl on a pale wooden table beside a larger wooden bowl and folded cloth.,24.46295911711463,0.059820776235385426,0.7394204555021017,0.7394204555021017,"A top-down photo of the same small wooden bowl on the same pale wooden table, with one small yellow lemon wedge centered inside the small bowl, while the bowls, table, folded cloth, lighting, and background remain unchanged.",brown_bowl_lemon_phase2
1.0,0.936986210445563,1.0000000099341075,0.9369861880938212,-0.4222603303690751,-0.0022302385968941962,41.088208039601646,0.0334821417927742,0.013624058041993218,8.989889542261759,31,0.8772529363632202,0.02777288109064102,0.07771988958120346,7.771988958120346,0.9418596540178571,25.34293054416638,0.7469427585601807,0.7469427585601807,0.1737174093723297,0.9436826109886169,0.3077409565448761,0.30479496717453003,-0.0029459893703460693,0.30479496717453003,True,0.058140345982142856,0.7645691633224487,-0.0029459893703460693,0.026402064732142856,,,1.220785293873748,0.0334821417927742,0.026402064732142856,0.0,0.100579634308815,0.100579634308815,17.891823946357036,0.12747023976103758,8.325395584106445,a yellow lemon inside a wooden bowl,0.24838383495807648,0.2822965979576111,0.2762572169303894,0.027873381972312927,0.2762572169303894,"50,53,176,203",0.08589291572570801,0.08241208642721176,/cluster/users/grad/2025/25t8103/project/experiments/support_v3_2026-06-02/normalized_512/eval_masks/brown_bowl_lemon_phase2_eval_mask.png,fixed_eval_mask,1.0,133.51687622070312,0.0386340357363224,16.219133377075195,support_v3_fixed,Fixed DeCE displacement,,0.02925232984125614,0.02925232984125614,24.924558092115795,0.05672468533015176,13.37995719909668,/cluster/users/grad/2025/25t8103/project/outputs/pretty_matrix/brown_bowl_lemon_phase2/support_v3_fixed/seed_10/result.png,6.819705009460449,brown_bowl_lemon_phase2/support_v3_fixed/seed_10,62.32605737099948,10,/cluster/users/grad/2025/25t8103/project/data/phase2_candidates/pexels_wooden_bowls_topdown_6962757.jpg,0.031135518103837967,A top-down photo of a small empty wooden bowl on a pale wooden table beside a larger wooden bowl and folded cloth.,24.483386328521117,0.05968025685033912,0.7397059255872469,0.7397059255872469,"A top-down photo of the same small wooden bowl on the same pale wooden table, with one small yellow lemon wedge centered inside the small bowl, while the bowls, table, folded cloth, lighting, and background remain unchanged.",brown_bowl_lemon_phase2
1.0,0.9369420682390531,1.0000000496705372,0.9369420682390531,-0.4223833853999774,-0.0022185061698110076,41.000665028889976,0.0334821417927742,0.01360440912443058,8.982893943786621,31,0.8781899809837341,0.027777599170804024,0.07774339616298676,7.7743396162986755,0.9418596540178571,25.339236829089202,0.7469011545181274,0.7469011545181274,0.1739337146282196,0.9436884522438049,0.30774936079978943,0.304892897605896,-0.0028564631938934326,0.304892897605896,True,0.058140345982142856,0.765166699886322,-0.0028564631938934326,0.026402064732142856,,,1.2201909583831032,0.0334821417927742,0.026402064732142856,0.0,0.10017728060483932,0.10017728060483932,17.923813206738473,0.1270016430796381,8.326038360595703,a yellow lemon inside a wooden bowl,0.24598059058189392,0.2798137664794922,0.27350473403930664,0.02752414345741272,0.27350473403930664,"50,53,176,203",0.08581843972206116,0.08233962953090668,/cluster/users/grad/2025/25t8103/project/experiments/support_v3_2026-06-02/normalized_512/eval_masks/brown_bowl_lemon_phase2_eval_mask.png,fixed_eval_mask,1.0,132.92080688476562,0.0386340357363224,16.2100830078125,support_v3_fixed,Fixed DeCE displacement,,0.029252417385578156,0.029252417385578156,24.924956583959986,0.05672208297081994,13.37995719909668,/cluster/users/grad/2025/25t8103/project/outputs/pretty_matrix/brown_bowl_lemon_phase2/support_v3_fixed/seed_11/result.png,6.823553562164307,brown_bowl_lemon_phase2/support_v3_fixed/seed_11,59.06749766600842,11,/cluster/users/grad/2025/25t8103/project/data/phase2_candidates/pexels_wooden_bowls_topdown_6962757.jpg,0.031124969944357872,A top-down photo of a small empty wooden bowl on a pale wooden table beside a larger wooden bowl and folded cloth.,24.487576135534756,0.05965147586521151,0.7396562030092991,0.7396562030092991,"A top-down photo of the same small wooden bowl on the same pale wooden table, with one small yellow lemon wedge centered inside the small bowl, while the bowls, table, folded cloth, lighting, and background remain unchanged.",brown_bowl_lemon_phase2
1.0,0.9366814345121384,0.9999999701976776,0.9366814568638802,-0.4223979165156682,-0.0022550326530108578,40.86122906208038,0.0334821417927742,0.013605809222402362,8.98564871152242,31,0.8792952299118042,0.027765702456235886,0.0778135433793068,7.781354337930679,0.9418596540178571,25.346388790247943,0.7469380497932434,0.7469380497932434,0.17280730605125427,0.9445031881332397,0.3073786497116089,0.3040899336338043,-0.0032887160778045654,0.3040899336338043,True,0.058140345982142856,0.7689133882522583,-0.0032887160778045654,0.026402064732142856,,,1.2228338780732813,0.0334821417927742,0.026402064732142856,0.0,0.10043918341398239,0.10043918341398239,17.894942590471285,0.1274244801473089,8.328468322753906,a yellow lemon inside a wooden bowl,0.24805042147636414,0.2821878492832184,0.2753751873970032,0.027324765920639038,0.2753751873970032,"50,53,176,203",0.08589386194944382,0.08243374526500702,/cluster/users/grad/2025/25t8103/project/experiments/support_v3_2026-06-02/normalized_512/eval_masks/brown_bowl_lemon_phase2_eval_mask.png,fixed_eval_mask,1.0,133.80894470214844,0.0386340357363224,16.223751068115234,support_v3_fixed,Fixed DeCE displacement,,0.029240023344755173,0.029240023344755173,24.931391252854024,0.05668007775585763,13.38031816482544,/cluster/users/grad/2025/25t8103/project/outputs/pretty_matrix/brown_bowl_lemon_phase2/support_v3_fixed/seed_12/result.png,6.810792922973633,brown_bowl_lemon_phase2/support_v3_fixed/seed_12,57.367141552997055,12,/cluster/users/grad/2025/25t8103/project/data/phase2_candidates/pexels_wooden_bowls_topdown_6962757.jpg,0.031119830906391144,A top-down photo of a small empty wooden bowl on a pale wooden table beside a larger wooden bowl and folded cloth.,24.48976936433118,0.059636415482920146,0.739710533766017,0.739710533766017,"A top-down photo of the same small wooden bowl on the same pale wooden table, with one small yellow lemon wedge centered inside the small bowl, while the bowls, table, folded cloth, lighting, and background remain unchanged.",brown_bowl_lemon_phase2
1.0,0.9374190693100294,1.0,0.937419074277083,-0.4213687951366107,-0.0014240572503088818,38.087329149246216,0.0509672611951828,0.025608243444973294,15.054943641026815,31,0.7450509071350098,0.05937226489186287,0.11153309792280197,11.153309792280197,0.9485095796130952,19.126960088599517,0.6538554430007935,0.6538554430007935,0.0074769482016563416,0.9567437767982483,0.23841539025306702,0.2304026037454605,-0.008012786507606506,0.2304026037454605,True,0.05149042038690476,0.7527334690093994,-0.008012786507606506,0.021321614583333332,,,1.067759707601338,0.0509672611951828,0.021321614583333332,0.15839694656488548,0.035957690328359604,0.035957690328359604,25.01413884760432,0.05614266934190852,10.171016693115234,a small golden crown on a cat's head,0.210140198469162,0.21370182931423187,0.22178807854652405,0.01164788007736206,0.22178807854652405,"165,22,335,135",0.11384274810552597,0.11302506178617477,/cluster/users/grad/2025/25t8103/project/experiments/support_v3_2026-06-02/normalized_512/eval_masks/cat_crown_eval_mask.png,fixed_eval_mask,1.0,73.41099548339844,0.07527968287467957,27.796995162963867,adaptive_full_generic_support,Generic support control,,0.05870334804058075,0.05870334804058075,19.207720703087443,0.10955039929673452,13.380748271942139,/cluster/users/grad/2025/25t8103/project/outputs/pretty_matrix/cat_crown/adaptive_full_generic_support/seed_10/result.png,9.525567054748535,cat_crown/adaptive_full_generic_support/seed_10,77.85174330091104,10,/cluster/users/grad/2025/25t8103/project/data/paper_images/cat_sitting_in_grass.jpg,0.05821836739778519,A photo of a cat sitting in grass.,19.276542167149323,0.10868582132802408,0.6587047557372241,0.6587047557372241,"A photo of the same cat sitting in the same grass, wearing a small golden crown on its head.",cat_crown
1.0,0.938508560260137,1.0000000124176343,0.93850855777661,-0.4199557552735011,-0.0013486088916276155,38.897640307744346,0.0509672611951828,0.025670879040262662,15.093058824539185,31,0.7598699927330017,0.05891917645931244,0.10990093648433685,10.990093648433685,0.9485095796130952,19.231821066385518,0.6524819135665894,0.6524819135665894,-0.014309335500001907,0.9438225626945496,0.24478872120380402,0.23304440081119537,-0.011744320392608643,0.23304440081119537,True,0.05149042038690476,0.7652219533920288,-0.011744320392608643,0.021321614583333332,,,1.0675182166626238,0.0509672611951828,0.021321614583333332,0.1589422028353326,0.035810865461826324,0.035810865461826324,25.05249611896826,0.05589528746696199,10.14003849029541,a small golden crown on a cat's head,0.21075579524040222,0.21553543210029602,0.2235020399093628,0.012746244668960571,0.2235020399093628,"165,22,335,135",0.11221764236688614,0.11143341660499573,/cluster/users/grad/2025/25t8103/project/experiments/support_v3_2026-06-02/normalized_512/eval_masks/cat_crown_eval_mask.png,fixed_eval_mask,1.0,73.22744750976562,0.07527968287467957,27.796995162963867,adaptive_full_generic_support,Generic support control,,0.05826609954237938,0.05826609954237938,19.311470135064475,0.10824964810792143,13.380748271942139,/cluster/users/grad/2025/25t8103/project/outputs/pretty_matrix/cat_crown/adaptive_full_generic_support/seed_11/result.png,9.498703002929688,cat_crown/adaptive_full_generic_support/seed_11,65.602903123945,11,/cluster/users/grad/2025/25t8103/project/data/paper_images/cat_sitting_in_grass.jpg,0.05778733268380165,A photo of a cat sitting in grass.,19.379917262731723,0.10739996426546668,0.6573653059095208,0.6573653059095208,"A photo of the same cat sitting in the same grass, wearing a small golden crown on its head.",cat_crown
1.0,0.9378162249922752,1.000000037252903,0.9378162349263827,-0.42018091306090355,-0.0013414189249184953,38.04706104596456,0.0509672611951828,0.025664023676654324,15.092612584431967,31,0.7193686366081238,0.059394098818302155,0.1117958277463913,11.17958277463913,0.9485095796130952,19.143850377009556,0.6522766947746277,0.6522766947746277,-0.04886531084775925,0.9168943166732788,0.2458743155002594,0.22370275855064392,-0.02217155694961548,0.22370275855064392,True,0.05149042038690476,0.7269014120101929,-0.02217155694961548,0.021321614583333332,,,1.066291899053281,0.0509672611951828,0.021321614583333332,0.15812431842966193,0.03596446290612221,0.03596446290612221,25.023413211265648,0.05608275496689508,10.137812614440918,a small golden crown on a cat's head,0.21063415706157684,0.21575585007667542,0.22224873304367065,0.011614575982093811,0.22224873304367065,"165,22,335,135",0.11410640180110931,0.11335254460573196,/cluster/users/grad/2025/25t8103/project/experiments/support_v3_2026-06-02/normalized_512/eval_masks/cat_crown_eval_mask.png,fixed_eval_mask,1.0,73.43817901611328,0.07527968287467957,27.796995162963867,adaptive_full_generic_support,Generic support control,,0.0587281696498394,0.0587281696498394,19.224349416281004,0.10934087101612305,13.382246971130371,/cluster/users/grad/2025/25t8103/project/outputs/pretty_matrix/cat_crown/adaptive_full_generic_support/seed_12/result.png,9.507539749145508,cat_crown/adaptive_full_generic_support/seed_12,75.44735418492928,12,/cluster/users/grad/2025/25t8103/project/data/paper_images/cat_sitting_in_grass.jpg,0.05824281647801399,A photo of a cat sitting in grass.,19.29312834111829,0.10847847792953985,0.6571465538888174,0.6571465538888174,"A photo of the same cat sitting in the same grass, wearing a small golden crown on its head.",cat_crown
1.0,0.0,0.0,0.0,0.0,0.0,0.0,0.1439732164144516,0.0,0.0,31,0.4535548686981201,0.0819435641169548,0.3936339020729065,39.36339020729065,0.9485095796130952,18.739684412255688,0.5176807641983032,0.5176807641983032,-0.016101785004138947,0.8028566837310791,0.26099514961242676,0.2474890500307083,-0.013506099581718445,0.2474890500307083,True,0.05149042038690476,0.45791441202163696,-0.013506099581718445,0.021321614583333332,,,0.9174101991129441,0.1439732164144516,0.021321614583333332,0.0,0.08919323235750198,0.08919323235750198,18.92842783395682,0.11313021390975873,7.714311122894287,a small golden crown on a cat's head,0.2133270502090454,0.19994401931762695,0.2016027420759201,-0.011724308133125305,0.2016027420759201,"165,22,335,135",0.4281710088253021,0.4114179015159607,/cluster/users/grad/2025/25t8103/project/experiments/support_v3_2026-06-02/normalized_512/eval_masks/cat_crown_eval_mask.png,fixed_eval_mask,1.0,0.0,0.0,0.0,base_only,RF reconstruction / base reconstruction,,0.08227860182523727,0.08227860182523727,18.719365069432467,0.11588620648132805,12.228387355804443,/cluster/users/grad/2025/25t8103/project/outputs/pretty_matrix/cat_crown/base_only/seed_10/result.png,8.408791542053223,cat_crown/base_only/seed_10,88.60925099416636,10,/cluster/users/grad/2025/25t8103/project/data/paper_images/cat_sitting_in_grass.jpg,0.0824260413646698,A photo of a cat sitting in grass.,18.72371894903326,0.11582813204378452,0.51215370209805,0.51215370209805,"A photo of the same cat sitting in the same grass, wearing a small golden crown on its head.",cat_crown
1.0,0.0,0.0,0.0,0.0,0.0,0.0,0.1439732164144516,0.0,0.0,31,0.4535548686981201,0.0819435641169548,0.3936339020729065,39.36339020729065,0.9485095796130952,18.739684412255688,0.5176807641983032,0.5176807641983032,-0.016101785004138947,0.8028566837310791,0.26099514961242676,0.2474890500307083,-0.013506099581718445,0.2474890500307083,True,0.05149042038690476,0.45791441202163696,-0.013506099581718445,0.021321614583333332,,,0.9174101991129441,0.1439732164144516,0.021321614583333332,0.0,0.08919323235750198,0.08919323235750198,18.92842783395682,0.11313021390975873,7.714311122894287,a small golden crown on a cat's head,0.2133270502090454,0.19994401931762695,0.2016027420759201,-0.011724308133125305,0.2016027420759201,"165,22,335,135",0.4281710088253021,0.4114179015159607,/cluster/users/grad/2025/25t8103/project/experiments/support_v3_2026-06-02/normalized_512/eval_masks/cat_crown_eval_mask.png,fixed_eval_mask,1.0,0.0,0.0,0.0,base_only,RF reconstruction / base reconstruction,,0.08227860182523727,0.08227860182523727,18.719365069432467,0.11588620648132805,12.228387355804443,/cluster/users/grad/2025/25t8103/project/outputs/pretty_matrix/cat_crown/base_only/seed_11/result.png,8.408791542053223,cat_crown/base_only/seed_11,83.23979535792023,11,/cluster/users/grad/2025/25t8103/project/data/paper_images/cat_sitting_in_grass.jpg,0.0824260413646698,A photo of a cat sitting in grass.,18.72371894903326,0.11582813204378452,0.51215370209805,0.51215370209805,"A photo of the same cat sitting in the same grass, wearing a small golden crown on its head.",cat_crown
1.0,0.0,0.0,0.0,0.0,0.0,0.0,0.1439732164144516,0.0,0.0,31,0.4535548686981201,0.0819435641169548,0.3936339020729065,39.36339020729065,0.9485095796130952,18.739684412255688,0.5176807641983032,0.5176807641983032,-0.016101785004138947,0.8028566837310791,0.26099514961242676,0.2474890500307083,-0.013506099581718445,0.2474890500307083,True,0.05149042038690476,0.45791441202163696,-0.013506099581718445,0.021321614583333332,,,0.9174101991129441,0.1439732164144516,0.021321614583333332,0.0,0.08919323235750198,0.08919323235750198,18.92842783395682,0.11313021390975873,7.714311122894287,a small golden crown on a cat's head,0.2133270502090454,0.19994401931762695,0.2016027420759201,-0.011724308133125305,0.2016027420759201,"165,22,335,135",0.4281710088253021,0.4114179015159607,/cluster/users/grad/2025/25t8103/project/experiments/support_v3_2026-06-02/normalized_512/eval_masks/cat_crown_eval_mask.png,fixed_eval_mask,1.0,0.0,0.0,0.0,base_only,RF reconstruction / base reconstruction,,0.08227860182523727,0.08227860182523727,18.719365069432467,0.11588620648132805,12.228387355804443,/cluster/users/grad/2025/25t8103/project/outputs/pretty_matrix/cat_crown/base_only/seed_12/result.png,8.408791542053223,cat_crown/base_only/seed_12,49.95043410384096,12,/cluster/users/grad/2025/25t8103/project/data/paper_images/cat_sitting_in_grass.jpg,0.0824260413646698,A photo of a cat sitting in grass.,18.72371894903326,0.11582813204378452,0.51215370209805,0.51215370209805,"A photo of the same cat sitting in the same grass, wearing a small golden crown on its head.",cat_crown
1.0,0.9265108729402224,1.0000000223517418,0.9265108729402224,0.0,0.0,86.26876147588094,0.1439732164144516,0.0,0.0,31,0.3379089832305908,0.1254643052816391,0.5080938935279846,50.80938935279846,0.9485095796130952,14.868274081963243,0.43963655829429626,0.43963655829429626,-0.03239158168435097,0.70270174741745,0.2583063542842865,0.23334640264511108,-0.024959951639175415,0.23334640264511108,True,0.05149042038690476,0.31119537353515625,-0.024959951639175415,0.021321614583333332,,,1.0546990528675575,0.1439732164144516,0.021321614583333332,0.0005452562704471102,0.10723480582237244,0.10723480582237244,16.9684029920515,0.14176853464193728,8.071449279785156,a small golden crown on a cat's head,0.19375324249267578,0.1874801367521286,0.1950950026512146,0.0013417601585388184,0.1950950026512146,"165,22,335,135",0.5407121181488037,0.5265452265739441,/cluster/users/grad/2025/25t8103/project/experiments/support_v3_2026-06-02/normalized_512/eval_masks/cat_crown_eval_mask.png,fixed_eval_mask,1.0,192.264404296875,0.0,0.0,direct_target,Direct target guidance,,0.12478838860988617,0.12478838860988617,14.92789127608983,0.17931038217633494,12.228387355804443,/cluster/users/grad/2025/25t8103/project/outputs/pretty_matrix/cat_crown/direct_target/seed_10/result.png,7.652845859527588,cat_crown/direct_target/seed_10,100.41507149883546,10,/cluster/users/grad/2025/25t8103/project/data/paper_images/cat_sitting_in_grass.jpg,0.12441408634185791,A photo of a cat sitting in grass.,14.96274597010114,0.17859228812726605,0.43582138269391796,0.43582138269391796,"A photo of the same cat sitting in the same grass, wearing a small golden crown on its head.",cat_crown
1.0,0.9265108729402224,1.0000000223517418,0.9265108729402224,0.0,0.0,86.26876147588094,0.1439732164144516,0.0,0.0,31,0.3379089832305908,0.1254643052816391,0.5080938935279846,50.80938935279846,0.9485095796130952,14.868274081963243,0.43963655829429626,0.43963655829429626,-0.03239158168435097,0.70270174741745,0.2583063542842865,0.23334640264511108,-0.024959951639175415,0.23334640264511108,True,0.05149042038690476,0.31119537353515625,-0.024959951639175415,0.021321614583333332,,,1.0546990528675575,0.1439732164144516,0.021321614583333332,0.0005452562704471102,0.10723480582237244,0.10723480582237244,16.9684029920515,0.14176853464193728,8.071449279785156,a small golden crown on a cat's head,0.19375324249267578,0.1874801367521286,0.1950950026512146,0.0013417601585388184,0.1950950026512146,"165,22,335,135",0.5407121181488037,0.5265452265739441,/cluster/users/grad/2025/25t8103/project/experiments/support_v3_2026-06-02/normalized_512/eval_masks/cat_crown_eval_mask.png,fixed_eval_mask,1.0,192.264404296875,0.0,0.0,direct_target,Direct target guidance,,0.12478838860988617,0.12478838860988617,14.92789127608983,0.17931038217633494,12.228387355804443,/cluster/users/grad/2025/25t8103/project/outputs/pretty_matrix/cat_crown/direct_target/seed_11/result.png,7.652845859527588,cat_crown/direct_target/seed_11,67.39558223308995,11,/cluster/users/grad/2025/25t8103/project/data/paper_images/cat_sitting_in_grass.jpg,0.12441408634185791,A photo of a cat sitting in grass.,14.96274597010114,0.17859228812726605,0.43582138269391796,0.43582138269391796,"A photo of the same cat sitting in the same grass, wearing a small golden crown on its head.",cat_crown
1.0,0.9265108729402224,1.0000000223517418,0.9265108729402224,0.0,0.0,86.26876147588094,0.1439732164144516,0.0,0.0,31,0.3379089832305908,0.1254643052816391,0.5080938935279846,50.80938935279846,0.9485095796130952,14.868274081963243,0.43963655829429626,0.43963655829429626,-0.03239158168435097,0.70270174741745,0.2583063542842865,0.23334640264511108,-0.024959951639175415,0.23334640264511108,True,0.05149042038690476,0.31119537353515625,-0.024959951639175415,0.021321614583333332,,,1.0546990528675575,0.1439732164144516,0.021321614583333332,0.0005452562704471102,0.10723480582237244,0.10723480582237244,16.9684029920515,0.14176853464193728,8.071449279785156,a small golden crown on a cat's head,0.19375324249267578,0.1874801367521286,0.1950950026512146,0.0013417601585388184,0.1950950026512146,"165,22,335,135",0.5407121181488037,0.5265452265739441,/cluster/users/grad/2025/25t8103/project/experiments/support_v3_2026-06-02/normalized_512/eval_masks/cat_crown_eval_mask.png,fixed_eval_mask,1.0,192.264404296875,0.0,0.0,direct_target,Direct target guidance,,0.12478838860988617,0.12478838860988617,14.92789127608983,0.17931038217633494,12.228387355804443,/cluster/users/grad/2025/25t8103/project/outputs/pretty_matrix/cat_crown/direct_target/seed_12/result.png,7.652845859527588,cat_crown/direct_target/seed_12,46.027922465931624,12,/cluster/users/grad/2025/25t8103/project/data/paper_images/cat_sitting_in_grass.jpg,0.12441408634185791,A photo of a cat sitting in grass.,14.96274597010114,0.17859228812726605,0.43582138269391796,0.43582138269391796,"A photo of the same cat sitting in the same grass, wearing a small golden crown on its head.",cat_crown
1.0,0.9284804041186968,1.000000002483527,0.9284803941845894,-0.4868350438773632,-1.4274385047012098e-05,46.78253038724264,0.015625,0.026382879509280126,20.711304187774658,31,0.9751905202865601,0.055191539227962494,0.08404787629842758,8.404787629842758,0.9485095796130952,19.8694366325718,0.6550539135932922,0.6550539135932922,0.18914717435836792,0.8740462064743042,0.20630621910095215,0.2690773010253906,0.06277108192443848,0.2690773010253906,True,0.05149042038690476,0.9694455862045288,0.06277108192443848,0.021321614583333332,,,1.1630966070955733,0.015625,0.021321614583333332,0.14776444929116686,0.06682775169610977,0.06682775169610977,18.736682558455712,0.11565538857610004,12.22783374786377,a small golden crown on a cat's head,0.18264347314834595,0.2793232202529907,0.2743607759475708,0.09171730279922485,0.2743607759475708,"165,22,335,135",0.09005337953567505,0.08820280432701111,/cluster/users/grad/2025/25t8103/project/experiments/support_v3_2026-06-02/normalized_512/eval_masks/cat_crown_eval_mask.png,fixed_eval_mask,1.0,99.31346130371094,0.08544035255908966,48.33605194091797,support_v3_controller_rmsgap,DeCE-RF,,0.05569009855389595,0.05569009855389595,19.761444483221734,0.10278453508904901,13.382913589477539,/cluster/users/grad/2025/25t8103/project/outputs/phase2_selected_metric_refresh_20260612/cat_crown/support_v3_controller_rmsgap/seed_10/result.png,10.513171195983887,cat_crown/support_v3_controller_rmsgap/seed_10,56.12170172900005,10,/cluster/users/grad/2025/25t8103/project/data/paper_images/cat_sitting_in_grass.jpg,0.05592755973339081,A photo of a cat sitting in grass.,19.736871596028998,0.10307573022933016,0.6547946153559323,0.6547946153559323,"A photo of the same cat sitting in the same grass, wearing a small golden crown centered on top of its head between the ears.",cat_crown
1.0,0.9279267018040022,0.999999982615312,0.9279266943534216,-0.4868722769121329,-1.4518447268111837e-05,46.99246823787689,0.015625,0.0264008786228563,20.72323675950368,31,0.9755768775939941,0.055213119834661484,0.08409225195646286,8.409225195646286,0.9485095796130952,19.864774397596005,0.6548200249671936,0.6548200249671936,0.187681645154953,0.8755397796630859,0.20777031779289246,0.26973530650138855,0.061964988708496094,0.26973530650138855,True,0.05149042038690476,0.9699649810791016,0.061964988708496094,0.021321614583333332,,,1.1587518067011793,0.015625,0.021321614583333332,0.14858233369683752,0.0676349401473999,0.0676349401473999,18.659798866367826,0.11668366364433584,12.170339584350586,a small golden crown on a cat's head,0.1832626760005951,0.2761787176132202,0.2725236713886261,0.089260995388031,0.2725236713886261,"165,22,335,135",0.0901118814945221,0.08817663043737411,/cluster/users/grad/2025/25t8103/project/experiments/support_v3_2026-06-02/normalized_512/eval_masks/cat_crown_eval_mask.png,fixed_eval_mask,1.0,97.23059844970703,0.08544035255908966,48.33605194091797,support_v3_controller_rmsgap,DeCE-RF,,0.05572206526994705,0.05572206526994705,19.75607335470907,0.10284811403119845,13.382582664489746,/cluster/users/grad/2025/25t8103/project/outputs/phase2_selected_metric_refresh_20260612/cat_crown/support_v3_controller_rmsgap/seed_11/result.png,10.502973556518555,cat_crown/support_v3_controller_rmsgap/seed_11,55.78100807100054,11,/cluster/users/grad/2025/25t8103/project/data/paper_images/cat_sitting_in_grass.jpg,0.05597607046365738,A photo of a cat sitting in grass.,19.729565829356883,0.10316246446746165,0.6546238820389866,0.6546238820389866,"A photo of the same cat sitting in the same grass, wearing a small golden crown centered on top of its head between the ears.",cat_crown
1.0,0.9282223135232925,1.0000000248352687,0.9282223408420881,-0.48699140797058743,-1.5183007594288256e-05,46.655021011829376,0.015625,0.02638370546628721,20.70752255121867,31,0.9762817621231079,0.05518427863717079,0.0837942585349083,8.37942585349083,0.9485095796130952,19.868637989763116,0.6550444960594177,0.6550444960594177,0.19143706560134888,0.8758444786071777,0.20662108063697815,0.2698209583759308,0.06319987773895264,0.2698209583759308,True,0.05149042038690476,0.9705411195755005,0.06319987773895264,0.021321614583333332,,,1.1646550206097377,0.015625,0.021321614583333332,0.14858233369683752,0.0671117827296257,0.0671117827296257,18.721740494919192,0.11585451814293717,12.249130249023438,a small golden crown on a cat's head,0.1836327612400055,0.278761625289917,0.2743918299674988,0.09075906872749329,0.2743918299674988,"165,22,335,135",0.08980493247509003,0.08783840388059616,/cluster/users/grad/2025/25t8103/project/experiments/support_v3_2026-06-02/normalized_512/eval_masks/cat_crown_eval_mask.png,fixed_eval_mask,1.0,99.9302749633789,0.08544035255908966,48.33605194091797,support_v3_controller_rmsgap,DeCE-RF,,0.055681657046079636,0.055681657046079636,19.762835600810124,0.10276807460762495,13.382582664489746,/cluster/users/grad/2025/25t8103/project/outputs/phase2_selected_metric_refresh_20260612/cat_crown/support_v3_controller_rmsgap/seed_12/result.png,10.517389297485352,cat_crown/support_v3_controller_rmsgap/seed_12,55.87736885399863,12,/cluster/users/grad/2025/25t8103/project/data/paper_images/cat_sitting_in_grass.jpg,0.05592536926269531,A photo of a cat sitting in grass.,19.737823044842088,0.103064439974201,0.6547770300941723,0.6547770300941723,"A photo of the same cat sitting in the same grass, wearing a small golden crown centered on top of its head between the ears.",cat_crown
1.0,0.9285126229127248,1.0000000074505806,0.9285126104950905,-0.42366763452688855,-0.0004189906114030843,50.29681799809138,0.02566964365541935,0.029078877967549488,11.69955595334371,31,0.9744348526000977,0.05640147253870964,0.0912247821688652,9.12247821688652,0.9485095796130952,19.683329640558156,0.6510103940963745,0.6510103940963745,0.26642000675201416,0.8744983673095703,0.21047447621822357,0.2870117425918579,0.07653726637363434,0.2870117425918579,True,0.05149042038690476,0.9730880856513977,0.07653726637363434,0.021321614583333332,,,1.0975928214142938,0.02566964365541935,0.021321614583333332,0.13576881134133043,0.07662276178598404,0.07662276178598404,17.738115686872817,0.12974607110184808,11.761561393737793,a small golden crown on a cat's head,0.1770794540643692,0.27375316619873047,0.2718363404273987,0.09475688636302948,0.2718363404273987,"165,22,335,135",0.09649193286895752,0.09441537410020828,/cluster/users/grad/2025/25t8103/project/experiments/support_v3_2026-06-02/normalized_512/eval_masks/cat_crown_eval_mask.png,fixed_eval_mask,1.0,121.8409423828125,0.08434727787971497,17.948619842529297,support_v3_fixed,Fixed DeCE displacement,,0.05741247162222862,0.05741247162222862,19.48483555432037,0.10611046611633271,13.380579948425293,/cluster/users/grad/2025/25t8103/project/outputs/pretty_matrix/cat_crown/support_v3_fixed/seed_10/result.png,10.715778350830078,cat_crown/support_v3_fixed/seed_10,95.37233806797303,10,/cluster/users/grad/2025/25t8103/project/data/paper_images/cat_sitting_in_grass.jpg,0.05782207101583481,A photo of a cat sitting in grass.,19.43922925384513,0.10666907702953686,0.6501785700551908,0.6501785700551908,"A photo of the same cat sitting in the same grass, wearing a small golden crown on its head.",cat_crown
1.0,0.9287576327721278,1.0000000223517418,0.9287576451897621,-0.42384908596674603,-0.00036537021863599267,50.17795976003011,0.02566964365541935,0.02903224999802963,11.685515801111857,31,0.9742379188537598,0.056282926350831985,0.0909527987241745,9.09527987241745,0.9485095796130952,19.708788475992737,0.651323676109314,0.651323676109314,0.2694491147994995,0.8722594976425171,0.20947709679603577,0.28772592544555664,0.07824882864952087,0.28772592544555664,True,0.05149042038690476,0.9728129506111145,0.07824882864952087,0.021321614583333332,,,1.1056930228344148,0.02566964365541935,0.021321614583333332,0.1390403489640131,0.07595383375883102,0.07595383375883102,17.770960718985297,0.1292563726483891,11.917975425720215,a small golden crown on a cat's head,0.1762750744819641,0.2690145671367645,0.2693941295146942,0.0931190550327301,0.2693941295146942,"165,22,335,135",0.0962139144539833,0.094117671251297,/cluster/users/grad/2025/25t8103/project/experiments/support_v3_2026-06-02/normalized_512/eval_masks/cat_crown_eval_mask.png,fixed_eval_mask,1.0,122.48226928710938,0.08434727787971497,17.948619842529297,support_v3_fixed,Fixed DeCE displacement,,0.05726081505417824,0.05726081505417824,19.515480882007942,0.10573674961279973,13.380579948425293,/cluster/users/grad/2025/25t8103/project/outputs/pretty_matrix/cat_crown/support_v3_fixed/seed_11/result.png,10.778738021850586,cat_crown/support_v3_fixed/seed_11,87.53777218400501,11,/cluster/users/grad/2025/25t8103/project/data/paper_images/cat_sitting_in_grass.jpg,0.05765938386321068,A photo of a cat sitting in grass.,19.469943887863003,0.10629254499097703,0.6504862763885558,0.6504862763885558,"A photo of the same cat sitting in the same grass, wearing a small golden crown on its head.",cat_crown
1.0,0.9284632429480553,1.000000037252903,0.9284632603327433,-0.423172514885664,-0.00037990045863504446,50.11942501862844,0.02566964365541935,0.02912614117182481,11.712763150533041,31,0.974200427532196,0.05639646202325821,0.09142189472913742,9.142189472913742,0.9485095796130952,19.68079070598899,0.6511757373809814,0.6511757373809814,0.26905637979507446,0.8745869994163513,0.2095128297805786,0.2867790460586548,0.07726621627807617,0.2867790460586548,True,0.05149042038690476,0.9729076623916626,0.07726621627807617,0.021321614583333332,,,1.0957676357709067,0.02566964365541935,0.021321614583333332,0.1341330425299891,0.07694493234157562,0.07694493234157562,17.710835019725494,0.13015421855481488,11.737991333007812,a small golden crown on a cat's head,0.17759954929351807,0.27386021614074707,0.2725917100906372,0.09499216079711914,0.2725917100906372,"165,22,335,135",0.09664250910282135,0.09452603757381439,/cluster/users/grad/2025/25t8103/project/experiments/support_v3_2026-06-02/normalized_512/eval_masks/cat_crown_eval_mask.png,fixed_eval_mask,1.0,122.55848693847656,0.08434727787971497,17.948619842529297,support_v3_fixed,Fixed DeCE displacement,,0.057415056973695755,0.057415056973695755,19.48266493373726,0.10613698664022062,13.380579948425293,/cluster/users/grad/2025/25t8103/project/outputs/pretty_matrix/cat_crown/support_v3_fixed/seed_12/result.png,10.712117195129395,cat_crown/support_v3_fixed/seed_12,96.8405449250713,12,/cluster/users/grad/2025/25t8103/project/data/paper_images/cat_sitting_in_grass.jpg,0.05783146619796753,A photo of a cat sitting in grass.,19.436264549658205,0.10670549197943507,0.6503439700355957,0.6503439700355957,"A photo of the same cat sitting in the same grass, wearing a small golden crown on its head.",cat_crown
1.0,0.9283444558580717,0.9999999875823656,0.9283444931109747,-0.4647178103526433,-0.0024518730666992874,32.22606812914213,0.0487351194024086,0.020497821087095264,13.800270477930704,31,0.9759357571601868,0.06715968251228333,0.12933199107646942,12.933199107646942,0.9029773530505952,19.394892392799264,0.45791658759117126,0.45791658759117126,0.026994971558451653,0.9860891103744507,0.2736963927745819,0.26933932304382324,-0.004357069730758667,0.26933932304382324,True,0.09702264694940477,0.9712146520614624,-0.004357069730758667,0.05151948474702381,,,0.961442185972485,0.0487351194024086,0.05151948474702381,0.12411147466997631,0.05768609791994095,0.05768609791994095,21.852955206395393,0.08078900133552445,9.999918937683105,a red bow tie on a dog's neck,0.292446494102478,0.20611825585365295,0.28805169463157654,-0.004394799470901489,0.28805169463157654,"68,151,249,329",0.1353268325328827,0.13113074004650116,/cluster/users/grad/2025/25t8103/project/experiments/support_v3_2026-06-02/normalized_512/eval_masks/dog_bow_tie_phase2_eval_mask.png,fixed_eval_mask,1.0,121.11687469482422,0.047452475875616074,20.764572143554688,adaptive_full_generic_support,Generic support control,,0.06714686006307602,0.06714686006307602,19.450628599132216,0.10652917655533921,13.381566524505615,/cluster/users/grad/2025/25t8103/project/outputs/pretty_matrix/dog_bow_tie_phase2/adaptive_full_generic_support/seed_10/result.png,10.400957107543945,dog_bow_tie_phase2/adaptive_full_generic_support/seed_10,38.77559272595681,10,/cluster/users/grad/2025/25t8103/project/data/paper_images/dog_sitting_cc0.jpg,0.06665944308042526,A photo of a shaggy grey and white dog sitting in grass.,19.54674661690419,0.10535682373007202,0.4446561878348069,0.4446561878348069,"A photo of the same shaggy grey and white dog sitting in the same grass, wearing a small red bow tie attached at the front of its neck, while the dog, grass, pose, and background remain unchanged.",dog_bow_tie_phase2
1.0,0.9279403065641721,0.9999999850988388,0.9279402792453766,-0.46506854767600697,-0.0024292850478862724,32.37843454877535,0.0487351194024086,0.020513432604881626,13.809019406636557,31,0.9759896993637085,0.06719597429037094,0.1293201446533203,12.932014465332031,0.9029773530505952,19.38309252400304,0.45786020159721375,0.45786020159721375,0.02485864982008934,0.9858138561248779,0.27384987473487854,0.26928356289863586,-0.004566311836242676,0.26928356289863586,True,0.09702264694940477,0.9711727499961853,-0.004566311836242676,0.05151948474702381,,,0.9611957745183927,0.0487351194024086,0.05151948474702381,0.12399864605663996,0.05768433213233948,0.05768433213233948,21.853406059954242,0.0807848079753758,10.000062942504883,a red bow tie on a dog's neck,0.29332318902015686,0.20651614665985107,0.2887694537639618,-0.004553735256195068,0.2887694537639618,"68,151,249,329",0.1353025734424591,0.13113321363925934,/cluster/users/grad/2025/25t8103/project/experiments/support_v3_2026-06-02/normalized_512/eval_masks/dog_bow_tie_phase2_eval_mask.png,fixed_eval_mask,1.0,121.11687469482422,0.047452475875616074,20.764572143554688,adaptive_full_generic_support,Generic support control,,0.06718156486749649,0.06718156486749649,19.43922641005717,0.1066691119533385,13.381566524505615,/cluster/users/grad/2025/25t8103/project/outputs/pretty_matrix/dog_bow_tie_phase2/adaptive_full_generic_support/seed_11/result.png,10.403773307800293,dog_bow_tie_phase2/adaptive_full_generic_support/seed_11,44.13026991498191,11,/cluster/users/grad/2025/25t8103/project/data/paper_images/dog_sitting_cc0.jpg,0.06669226288795471,A photo of a shaggy grey and white dog sitting in grass.,19.53570344153068,0.10549085879836306,0.44459522155301623,0.44459522155301623,"A photo of the same shaggy grey and white dog sitting in the same grass, wearing a small red bow tie attached at the front of its neck, while the dog, grass, pose, and background remain unchanged.",dog_bow_tie_phase2
1.0,0.9285971000790596,0.9999999677141508,0.928597112496694,-0.464720256626606,-0.002464714645005491,32.355918089548744,0.0487351194024086,0.0204630736358619,13.77709194024404,31,0.97598797082901,0.06714562326669693,0.12914574146270752,12.914574146270752,0.9029773530505952,19.400365551437282,0.457760214805603,0.457760214805603,0.025712590664625168,0.9862534999847412,0.27424073219299316,0.26976707577705383,-0.004473656415939331,0.26976707577705383,True,0.09702264694940477,0.9710310697555542,-0.004473656415939331,0.05151948474702381,,,0.9609707615639735,0.0487351194024086,0.05151948474702381,0.12354733160329459,0.05769067257642746,0.05769067257642746,21.851193143330377,0.0808053922593881,10.001063346862793,a red bow tie on a dog's neck,0.2925747334957123,0.20705503225326538,0.28813308477401733,-0.004441648721694946,0.28813308477401733,"68,151,249,329",0.13510926067829132,0.13093537092208862,/cluster/users/grad/2025/25t8103/project/experiments/support_v3_2026-06-02/normalized_512/eval_masks/dog_bow_tie_phase2_eval_mask.png,fixed_eval_mask,1.0,121.11687469482422,0.047452475875616074,20.764572143554688,adaptive_full_generic_support,Generic support control,,0.06713370978832245,0.06713370978832245,19.45586310732383,0.1064649966177073,13.381566524505615,/cluster/users/grad/2025/25t8103/project/outputs/pretty_matrix/dog_bow_tie_phase2/adaptive_full_generic_support/seed_12/result.png,10.40725040435791,dog_bow_tie_phase2/adaptive_full_generic_support/seed_12,44.25518021604512,12,/cluster/users/grad/2025/25t8103/project/data/paper_images/dog_sitting_cc0.jpg,0.06664720922708511,A photo of a shaggy grey and white dog sitting in grass.,19.55177073109977,0.10529590059167197,0.4445144508880468,0.4445144508880468,"A photo of the same shaggy grey and white dog sitting in the same grass, wearing a small red bow tie attached at the front of its neck, while the dog, grass, pose, and background remain unchanged.",dog_bow_tie_phase2
1.0,0.0,0.0,0.0,0.0,0.0,0.0,0.0293898805975914,0.0,0.0,31,0.8316342830657959,0.07450863718986511,0.31422415375709534,31.422415375709534,0.9029773530505952,18.906253465044426,0.43167319893836975,0.43167319893836975,6.346404552459717e-05,0.9403034448623657,0.28501659631729126,0.27777567505836487,-0.007240921258926392,0.27777567505836487,True,0.09702264694940477,0.7463909983634949,-0.007240921258926392,0.05151948474702381,,,0.9978012358959639,0.0293898805975914,0.05151948474702381,0.10763849712287037,0.06974740326404572,0.06974740326404572,20.68069631102172,0.09246240477693066,10.03829288482666,a red bow tie on a dog's neck,0.2845858335494995,0.2249649167060852,0.2820177376270294,-0.0025680959224700928,0.2820177376270294,"68,151,249,329",0.3469923138618469,0.3260181248188019,/cluster/users/grad/2025/25t8103/project/experiments/support_v3_2026-06-02/normalized_512/eval_masks/dog_bow_tie_phase2_eval_mask.png,fixed_eval_mask,1.0,0.0,0.0,0.0,base_only,RF reconstruction / base reconstruction,,0.07496003806591034,0.07496003806591034,18.90992177671617,0.11337150480572236,12.228387355804443,/cluster/users/grad/2025/25t8103/project/outputs/pretty_matrix/dog_bow_tie_phase2/base_only/seed_10/result.png,10.060413360595703,dog_bow_tie_phase2/base_only/seed_10,21.14959238807205,10,/cluster/users/grad/2025/25t8103/project/data/paper_images/dog_sitting_cc0.jpg,0.07469149678945541,A photo of a shaggy grey and white dog sitting in grass.,18.98549551690114,0.11238936673312137,0.41644538063279635,0.41644538063279635,"A photo of the same shaggy grey and white dog sitting in the same grass, wearing a small red bow tie attached at the front of its neck, while the dog, grass, pose, and background remain unchanged.",dog_bow_tie_phase2
1.0,0.0,0.0,0.0,0.0,0.0,0.0,0.0293898805975914,0.0,0.0,31,0.8316342830657959,0.07450863718986511,0.31422415375709534,31.422415375709534,0.9029773530505952,18.906253465044426,0.43167319893836975,0.43167319893836975,6.346404552459717e-05,0.9403034448623657,0.28501659631729126,0.27777567505836487,-0.007240921258926392,0.27777567505836487,True,0.09702264694940477,0.7463909983634949,-0.007240921258926392,0.05151948474702381,,,0.9978012358959639,0.0293898805975914,0.05151948474702381,0.10763849712287037,0.06974740326404572,0.06974740326404572,20.68069631102172,0.09246240477693066,10.03829288482666,a red bow tie on a dog's neck,0.2845858335494995,0.2249649167060852,0.2820177376270294,-0.0025680959224700928,0.2820177376270294,"68,151,249,329",0.3469923138618469,0.3260181248188019,/cluster/users/grad/2025/25t8103/project/experiments/support_v3_2026-06-02/normalized_512/eval_masks/dog_bow_tie_phase2_eval_mask.png,fixed_eval_mask,1.0,0.0,0.0,0.0,base_only,RF reconstruction / base reconstruction,,0.07496003806591034,0.07496003806591034,18.90992177671617,0.11337150480572236,12.228387355804443,/cluster/users/grad/2025/25t8103/project/outputs/pretty_matrix/dog_bow_tie_phase2/base_only/seed_11/result.png,10.060413360595703,dog_bow_tie_phase2/base_only/seed_11,24.243261505966075,11,/cluster/users/grad/2025/25t8103/project/data/paper_images/dog_sitting_cc0.jpg,0.07469149678945541,A photo of a shaggy grey and white dog sitting in grass.,18.98549551690114,0.11238936673312137,0.41644538063279635,0.41644538063279635,"A photo of the same shaggy grey and white dog sitting in the same grass, wearing a small red bow tie attached at the front of its neck, while the dog, grass, pose, and background remain unchanged.",dog_bow_tie_phase2
1.0,0.0,0.0,0.0,0.0,0.0,0.0,0.0293898805975914,0.0,0.0,31,0.8316342830657959,0.07450863718986511,0.31422415375709534,31.422415375709534,0.9029773530505952,18.906253465044426,0.43167319893836975,0.43167319893836975,6.346404552459717e-05,0.9403034448623657,0.28501659631729126,0.27777567505836487,-0.007240921258926392,0.27777567505836487,True,0.09702264694940477,0.7463909983634949,-0.007240921258926392,0.05151948474702381,,,0.9978012358959639,0.0293898805975914,0.05151948474702381,0.10763849712287037,0.06974740326404572,0.06974740326404572,20.68069631102172,0.09246240477693066,10.03829288482666,a red bow tie on a dog's neck,0.2845858335494995,0.2249649167060852,0.2820177376270294,-0.0025680959224700928,0.2820177376270294,"68,151,249,329",0.3469923138618469,0.3260181248188019,/cluster/users/grad/2025/25t8103/project/experiments/support_v3_2026-06-02/normalized_512/eval_masks/dog_bow_tie_phase2_eval_mask.png,fixed_eval_mask,1.0,0.0,0.0,0.0,base_only,RF reconstruction / base reconstruction,,0.07496003806591034,0.07496003806591034,18.90992177671617,0.11337150480572236,12.228387355804443,/cluster/users/grad/2025/25t8103/project/outputs/pretty_matrix/dog_bow_tie_phase2/base_only/seed_12/result.png,10.060413360595703,dog_bow_tie_phase2/base_only/seed_12,23.87478892400395,12,/cluster/users/grad/2025/25t8103/project/data/paper_images/dog_sitting_cc0.jpg,0.07469149678945541,A photo of a shaggy grey and white dog sitting in grass.,18.98549551690114,0.11238936673312137,0.41644538063279635,0.41644538063279635,"A photo of the same shaggy grey and white dog sitting in the same grass, wearing a small red bow tie attached at the front of its neck, while the dog, grass, pose, and background remain unchanged.",dog_bow_tie_phase2
1.0,0.9352514346440634,1.0000000074505806,0.9352514520287514,0.0,0.0,38.96245274941126,0.0293898805975914,0.0,0.0,31,0.8408268094062805,0.08061666786670685,0.32461556792259216,32.461556792259216,0.9029773530505952,18.199817527839414,0.4299454092979431,0.4299454092979431,0.2656230032444,0.9161146879196167,0.23740895092487335,0.30334675312042236,0.06593780219554901,0.30334675312042236,True,0.09702264694940477,0.7252095937728882,0.06593780219554901,0.05151948474702381,,,0.9737160844223082,0.0293898805975914,0.05151948474702381,0.10673586821617963,0.22283019125461578,0.22283019125461578,11.2567134896727,0.2736303875289516,9.14111614227295,a red bow tie on a dog's neck,0.22946979105472565,0.32103824615478516,0.30919209122657776,0.07972230017185211,0.30919209122657776,"68,151,249,329",0.3668069839477539,0.34396371245384216,/cluster/users/grad/2025/25t8103/project/experiments/support_v3_2026-06-02/normalized_512/eval_masks/dog_bow_tie_phase2_eval_mask.png,fixed_eval_mask,1.0,75.22323608398438,0.0,0.0,direct_target,Direct target guidance,,0.08245180547237396,0.08245180547237396,18.068707205833437,0.12490063308964061,12.228387355804443,/cluster/users/grad/2025/25t8103/project/outputs/pretty_matrix/dog_bow_tie_phase2/direct_target/seed_10/result.png,9.387866020202637,dog_bow_tie_phase2/direct_target/seed_10,19.90057425899431,10,/cluster/users/grad/2025/25t8103/project/data/paper_images/dog_sitting_cc0.jpg,0.08968401700258255,A photo of a shaggy grey and white dog sitting in grass.,17.29230325613229,0.13657928574228886,0.40730507342719297,0.40730507342719297,"A photo of the same shaggy grey and white dog sitting in the same grass, wearing a small red bow tie attached at the front of its neck, while the dog, grass, pose, and background remain unchanged.",dog_bow_tie_phase2
1.0,0.9352514346440634,1.0000000074505806,0.9352514520287514,0.0,0.0,38.96245274941126,0.0293898805975914,0.0,0.0,31,0.8408268094062805,0.08061666786670685,0.32461556792259216,32.461556792259216,0.9029773530505952,18.199817527839414,0.4299454092979431,0.4299454092979431,0.2656230032444,0.9161146879196167,0.23740895092487335,0.30334675312042236,0.06593780219554901,0.30334675312042236,True,0.09702264694940477,0.7252095937728882,0.06593780219554901,0.05151948474702381,,,0.9737160844223082,0.0293898805975914,0.05151948474702381,0.10673586821617963,0.22283019125461578,0.22283019125461578,11.2567134896727,0.2736303875289516,9.14111614227295,a red bow tie on a dog's neck,0.22946979105472565,0.32103824615478516,0.30919209122657776,0.07972230017185211,0.30919209122657776,"68,151,249,329",0.3668069839477539,0.34396371245384216,/cluster/users/grad/2025/25t8103/project/experiments/support_v3_2026-06-02/normalized_512/eval_masks/dog_bow_tie_phase2_eval_mask.png,fixed_eval_mask,1.0,75.22323608398438,0.0,0.0,direct_target,Direct target guidance,,0.08245180547237396,0.08245180547237396,18.068707205833437,0.12490063308964061,12.228387355804443,/cluster/users/grad/2025/25t8103/project/outputs/pretty_matrix/dog_bow_tie_phase2/direct_target/seed_11/result.png,9.387866020202637,dog_bow_tie_phase2/direct_target/seed_11,25.57771178393159,11,/cluster/users/grad/2025/25t8103/project/data/paper_images/dog_sitting_cc0.jpg,0.08968401700258255,A photo of a shaggy grey and white dog sitting in grass.,17.29230325613229,0.13657928574228886,0.40730507342719297,0.40730507342719297,"A photo of the same shaggy grey and white dog sitting in the same grass, wearing a small red bow tie attached at the front of its neck, while the dog, grass, pose, and background remain unchanged.",dog_bow_tie_phase2
1.0,0.9352514346440634,1.0000000074505806,0.9352514520287514,0.0,0.0,38.96245274941126,0.0293898805975914,0.0,0.0,31,0.8408268094062805,0.08061666786670685,0.32461556792259216,32.461556792259216,0.9029773530505952,18.199817527839414,0.4299454092979431,0.4299454092979431,0.2656230032444,0.9161146879196167,0.23740895092487335,0.30334675312042236,0.06593780219554901,0.30334675312042236,True,0.09702264694940477,0.7252095937728882,0.06593780219554901,0.05151948474702381,,,0.9737160844223082,0.0293898805975914,0.05151948474702381,0.10673586821617963,0.22283019125461578,0.22283019125461578,11.2567134896727,0.2736303875289516,9.14111614227295,a red bow tie on a dog's neck,0.22946979105472565,0.32103824615478516,0.30919209122657776,0.07972230017185211,0.30919209122657776,"68,151,249,329",0.3668069839477539,0.34396371245384216,/cluster/users/grad/2025/25t8103/project/experiments/support_v3_2026-06-02/normalized_512/eval_masks/dog_bow_tie_phase2_eval_mask.png,fixed_eval_mask,1.0,75.22323608398438,0.0,0.0,direct_target,Direct target guidance,,0.08245180547237396,0.08245180547237396,18.068707205833437,0.12490063308964061,12.228387355804443,/cluster/users/grad/2025/25t8103/project/outputs/pretty_matrix/dog_bow_tie_phase2/direct_target/seed_12/result.png,9.387866020202637,dog_bow_tie_phase2/direct_target/seed_12,25.62123916798737,12,/cluster/users/grad/2025/25t8103/project/data/paper_images/dog_sitting_cc0.jpg,0.08968401700258255,A photo of a shaggy grey and white dog sitting in grass.,17.29230325613229,0.13657928574228886,0.40730507342719297,0.40730507342719297,"A photo of the same shaggy grey and white dog sitting in the same grass, wearing a small red bow tie attached at the front of its neck, while the dog, grass, pose, and background remain unchanged.",dog_bow_tie_phase2
1.0,0.9310315176844597,1.0000000223517418,0.9310314903656641,-0.508110245068868,-0.0009493128794323032,50.707815527915955,0.0691964328289032,0.018367822805885226,16.27909525235494,31,0.9717404246330261,0.05956496670842171,0.09598490595817566,9.598490595817566,0.9029773530505952,20.73243027275631,0.4750421643257141,0.4750421643257141,0.29636821150779724,0.9228788018226624,0.239383265376091,0.31179219484329224,0.07240892946720123,0.31179219484329224,True,0.09702264694940477,0.8928829431533813,0.07240892946720123,0.05151948474702381,,,1.1846822931912202,0.0691964328289032,0.05151948474702381,0.006656888186844184,0.23529088497161865,0.23529088497161865,10.447790440982532,0.30033813385023533,12.123444557189941,a red bow tie on a dog's neck,0.23456519842147827,0.2978719472885132,0.3099129796028137,0.07534778118133545,0.3099129796028137,"68,151,249,329",0.14137233793735504,0.11746849119663239,/cluster/users/grad/2025/25t8103/project/experiments/support_v3_2026-06-02/normalized_512/eval_masks/dog_bow_tie_phase2_eval_mask.png,fixed_eval_mask,1.0,123.0965347290039,0.04754924401640892,31.000043869018555,support_v3_controller_rmsgap,DeCE-RF,,0.061902787536382675,0.061902787536382675,20.389481982922334,0.09561497170559595,13.382933616638184,/cluster/users/grad/2025/25t8103/project/outputs/phase2_selected_metric_refresh_20260612/dog_bow_tie_phase2/support_v3_controller_rmsgap/seed_10/result.png,10.233498573303223,dog_bow_tie_phase2/support_v3_controller_rmsgap/seed_10,55.71165374699922,10,/cluster/users/grad/2025/25t8103/project/data/paper_images/dog_sitting_cc0.jpg,0.0708356574177742,A photo of a shaggy grey and white dog sitting in grass.,18.75546825451022,0.11540552134817089,0.44563581604871866,0.44563581604871866,"A photo of the same shaggy grey and white dog sitting in the same grass, wearing a small red bow tie attached at the front of its neck, while the dog, grass, pose, and background remain unchanged.",dog_bow_tie_phase2
1.0,0.9310355211297671,1.0000000099341075,0.9310355211297671,-0.5084679511686166,-0.0009736152793872558,50.69709978501002,0.0691964328289032,0.018381611007498577,16.288705627123516,31,0.9714127779006958,0.059570737183094025,0.0959567129611969,9.59567129611969,0.9029773530505952,20.73149437709324,0.4749673306941986,0.4749673306941986,0.2951107621192932,0.923715353012085,0.2400212287902832,0.3116239011287689,0.07160267233848572,0.3116239011287689,True,0.09702264694940477,0.8910456895828247,0.07160267233848572,0.05151948474702381,,,1.1939822143157353,0.0691964328289032,0.05151948474702381,0.00755951709353492,0.2343614101409912,0.2343614101409912,10.476402586357054,0.29935041921999445,12.226740837097168,a red bow tie on a dog's neck,0.23199476301670074,0.2961641848087311,0.30689537525177,0.07490061223506927,0.30689537525177,"68,151,249,329",0.14147424697875977,0.11750836670398712,/cluster/users/grad/2025/25t8103/project/experiments/support_v3_2026-06-02/normalized_512/eval_masks/dog_bow_tie_phase2_eval_mask.png,fixed_eval_mask,1.0,123.0965347290039,0.04754924401640892,31.000043869018555,support_v3_controller_rmsgap,DeCE-RF,,0.061918389052152634,0.061918389052152634,20.386935729942476,0.09564300517196213,13.382933616638184,/cluster/users/grad/2025/25t8103/project/outputs/phase2_selected_metric_refresh_20260612/dog_bow_tie_phase2/support_v3_controller_rmsgap/seed_11/result.png,10.240303993225098,dog_bow_tie_phase2/support_v3_controller_rmsgap/seed_11,55.61963010299951,11,/cluster/users/grad/2025/25t8103/project/data/paper_images/dog_sitting_cc0.jpg,0.07080256938934326,A photo of a shaggy grey and white dog sitting in grass.,18.76376905988588,0.11529528495171909,0.4454349861188285,0.4454349861188285,"A photo of the same shaggy grey and white dog sitting in the same grass, wearing a small red bow tie attached at the front of its neck, while the dog, grass, pose, and background remain unchanged.",dog_bow_tie_phase2
1.0,0.9310127819577853,0.9999999925494194,0.9310127993424734,-0.5087045580148697,-0.0010233182903599907,50.688352266947426,0.0691964328289032,0.018378942137739312,16.286682963371277,31,0.9712875485420227,0.05957372859120369,0.09593284875154495,9.593284875154495,0.9029773530505952,20.73095973848201,0.47499969601631165,0.47499969601631165,0.29447391629219055,0.9237923622131348,0.23988467454910278,0.3112906217575073,0.07140594720840454,0.3112906217575073,True,0.09702264694940477,0.8887457847595215,0.07140594720840454,0.05151948474702381,,,1.196595820711942,0.0691964328289032,0.05151948474702381,0.006431230960171499,0.233669251203537,0.233669251203537,10.498675988707578,0.2985837722740137,12.224480628967285,a red bow tie on a dog's neck,0.23406928777694702,0.2958582043647766,0.3087010979652405,0.07463181018829346,0.3087010979652405,"68,151,249,329",0.1416993886232376,0.11753563582897186,/cluster/users/grad/2025/25t8103/project/experiments/support_v3_2026-06-02/normalized_512/eval_masks/dog_bow_tie_phase2_eval_mask.png,fixed_eval_mask,1.0,123.0965347290039,0.04754924401640892,31.000043869018555,support_v3_controller_rmsgap,DeCE-RF,,0.06192246451973915,0.06192246451973915,20.38519485858581,0.09566217636361202,13.382933616638184,/cluster/users/grad/2025/25t8103/project/outputs/phase2_selected_metric_refresh_20260612/dog_bow_tie_phase2/support_v3_controller_rmsgap/seed_12/result.png,10.216048240661621,dog_bow_tie_phase2/support_v3_controller_rmsgap/seed_12,55.69101722499909,12,/cluster/users/grad/2025/25t8103/project/data/paper_images/dog_sitting_cc0.jpg,0.07077077776193619,A photo of a shaggy grey and white dog sitting in grass.,18.77035392169153,0.11520791154005892,0.4453686017526831,0.4453686017526831,"A photo of the same shaggy grey and white dog sitting in the same grass, wearing a small red bow tie attached at the front of its neck, while the dog, grass, pose, and background remain unchanged.",dog_bow_tie_phase2
1.0,0.9299855704108874,0.9999999925494194,0.9299855555097262,-0.43998220687111217,-0.001541219878163247,51.614667773246765,0.0691964328289032,0.021364648826420307,10.76201589902242,31,0.9574772715568542,0.05979113280773163,0.10492528975009918,10.492528975009918,0.9029773530505952,20.713304389342277,0.4739927649497986,0.4739927649497986,0.2972533702850342,0.9246553778648376,0.2407873570919037,0.31216803193092346,0.07138067483901978,0.31216803193092346,True,0.09702264694940477,0.8715811371803284,0.07138067483901978,0.05151948474702381,,,1.035395158507901,0.0691964328289032,0.05151948474702381,0.018503892587160103,0.22619099915027618,0.22619099915027618,10.941125276922417,0.2837551393337573,10.02540111541748,a red bow tie on a dog's neck,0.2210279107093811,0.2996866703033447,0.299717515707016,0.07868960499763489,0.299717515707016,"68,151,249,329",0.15051813423633575,0.12640181183815002,/cluster/users/grad/2025/25t8103/project/experiments/support_v3_2026-06-02/normalized_512/eval_masks/dog_bow_tie_phase2_eval_mask.png,fixed_eval_mask,1.0,123.0965347290039,0.04754924401640892,14.61228084564209,support_v3_fixed,Fixed DeCE displacement,,0.06262854486703873,0.06262854486703873,20.276217108432387,0.09686996539169533,13.38031816482544,/cluster/users/grad/2025/25t8103/project/outputs/pretty_matrix/dog_bow_tie_phase2/support_v3_fixed/seed_10/result.png,9.6826810836792,dog_bow_tie_phase2/support_v3_fixed/seed_10,48.97919370100135,10,/cluster/users/grad/2025/25t8103/project/data/paper_images/dog_sitting_cc0.jpg,0.07105519622564316,A photo of a shaggy grey and white dog sitting in grass.,18.844382691060968,0.11423018113244782,0.445170872797291,0.445170872797291,"A photo of the same shaggy grey and white dog sitting in the same grass, wearing a small red bow tie attached at the front of its neck, while the dog, grass, pose, and background remain unchanged.",dog_bow_tie_phase2
1.0,0.9293679197629293,1.000000034769376,0.9293679520487785,-0.4396633232633273,-0.0016623910942143993,51.70992169777552,0.0691964328289032,0.021368828679745395,10.75925370057424,31,0.957277774810791,0.05980072543025017,0.1046040952205658,10.46040952205658,0.9029773530505952,20.71175359257591,0.4739307761192322,0.4739307761192322,0.29985731840133667,0.9255563020706177,0.24124190211296082,0.3128829002380371,0.0716409981250763,0.3128829002380371,True,0.09702264694940477,0.8706202507019043,0.0716409981250763,0.05151948474702381,,,1.0397971063730442,0.0691964328289032,0.05151948474702381,0.017149949227123998,0.22636562585830688,0.22636562585830688,10.943728977453322,0.28367009304435625,10.05812931060791,a red bow tie on a dog's neck,0.2212572544813156,0.3027871251106262,0.3013012707233429,0.08004401624202728,0.3013012707233429,"68,151,249,329",0.14997953176498413,0.12592005729675293,/cluster/users/grad/2025/25t8103/project/experiments/support_v3_2026-06-02/normalized_512/eval_masks/dog_bow_tie_phase2_eval_mask.png,fixed_eval_mask,1.0,123.0965347290039,0.04754924401640892,14.587780952453613,support_v3_fixed,Fixed DeCE displacement,,0.06262332201004028,0.06262332201004028,20.28069910128754,0.09681999256078401,13.38031816482544,/cluster/users/grad/2025/25t8103/project/outputs/pretty_matrix/dog_bow_tie_phase2/support_v3_fixed/seed_11/result.png,9.673165321350098,dog_bow_tie_phase2/support_v3_fixed/seed_11,52.27669135200267,11,/cluster/users/grad/2025/25t8103/project/data/paper_images/dog_sitting_cc0.jpg,0.07105923444032669,A photo of a shaggy grey and white dog sitting in grass.,18.848267449433383,0.11417910318293636,0.44505210061465755,0.44505210061465755,"A photo of the same shaggy grey and white dog sitting in the same grass, wearing a small red bow tie attached at the front of its neck, while the dog, grass, pose, and background remain unchanged.",dog_bow_tie_phase2
1.0,0.9295149346192678,1.0,0.9295149520039558,-0.4412010945379734,-0.0015326987774907745,51.77812385559082,0.0691964328289032,0.021360641864400048,10.750366926193237,31,0.9579956531524658,0.05978633463382721,0.1043100580573082,10.43100580573082,0.9029773530505952,20.713992750713707,0.47402462363243103,0.47402462363243103,0.2981579899787903,0.9246362447738647,0.2409709393978119,0.31263813376426697,0.07166719436645508,0.31263813376426697,True,0.09702264694940477,0.8711323738098145,0.07166719436645508,0.05151948474702381,,,1.0428293887170352,0.0691964328289032,0.05151948474702381,0.0192936928805145,0.22581812739372253,0.22581812739372253,10.9562898103665,0.2832601687103474,10.090628623962402,a red bow tie on a dog's neck,0.22113969922065735,0.3006365895271301,0.30062371492385864,0.0794840157032013,0.30062371492385864,"68,151,249,329",0.14995048940181732,0.12576794624328613,/cluster/users/grad/2025/25t8103/project/experiments/support_v3_2026-06-02/normalized_512/eval_masks/dog_bow_tie_phase2_eval_mask.png,fixed_eval_mask,1.0,123.0965347290039,0.04754924401640892,14.544084548950195,support_v3_fixed,Fixed DeCE displacement,,0.06261366605758667,0.06261366605758667,20.280900172696768,0.09681775128121134,13.37995719909668,/cluster/users/grad/2025/25t8103/project/outputs/pretty_matrix/dog_bow_tie_phase2/support_v3_fixed/seed_12/result.png,9.676202774047852,dog_bow_tie_phase2/support_v3_fixed/seed_12,53.422857079000096,12,/cluster/users/grad/2025/25t8103/project/data/paper_images/dog_sitting_cc0.jpg,0.07102186977863312,A photo of a shaggy grey and white dog sitting in grass.,18.852394798554357,0.11412486060182053,0.44511021493192776,0.44511021493192776,"A photo of the same shaggy grey and white dog sitting in the same grass, wearing a small red bow tie attached at the front of its neck, while the dog, grass, pose, and background remain unchanged.",dog_bow_tie_phase2
1.0,0.9265578091144562,0.9999999950329462,0.9265578240156174,-0.4603101275861263,0.00014422279673453886,22.697650283575058,0.015914352610707283,0.01749575601328009,13.525945583979288,31,0.9799455404281616,0.04842517524957657,0.07552170753479004,7.552170753479004,0.6999556929976852,22.43170081732547,0.5301991105079651,0.5301991105079651,0.011037513613700867,0.9847497940063477,0.24956685304641724,0.2108524739742279,-0.03871437907218933,0.2108524739742279,True,0.3000443070023148,0.9611746072769165,-0.03871437907218933,0.2055935329861111,,,1.0312982342071348,0.015914352610707283,0.2055935329861111,0.004398117605664775,0.05348682776093483,0.05348682776093483,21.93919711933123,0.07999081911458485,11.012178421020508,black sunglasses on a dog's face,0.25429385900497437,0.1710229367017746,0.21111667156219482,-0.04317718744277954,0.21111667156219482,"0,0,512,358",0.11011654883623123,0.08717712014913559,/cluster/users/grad/2025/25t8103/project/experiments/support_v3_2026-06-02/normalized_512/eval_masks/dog_front_sunglasses_phase2_eval_mask.png,fixed_eval_mask,1.0,111.09757232666016,0.04963163658976555,24.152727127075195,adaptive_full_generic_support,Generic support control,,0.04872407764196396,0.04872407764196396,22.45233622612251,0.07540205611894563,12.522925853729248,/cluster/users/grad/2025/25t8103/project/outputs/pretty_matrix/dog_front_sunglasses_phase2/adaptive_full_generic_support/seed_10/result.png,10.677976608276367,dog_front_sunglasses_phase2/adaptive_full_generic_support/seed_10,42.168473300058395,10,/cluster/users/grad/2025/25t8103/project/data/pretty_free_candidates/commons_dog_front_medusa.jpg,0.04970327019691467,A close-up front-facing portrait of a dog indoors.,22.341772358978616,0.07636799385054857,0.49946850379332364,0.49946850379332364,"A close-up front-facing portrait of the same dog wearing black sunglasses aligned across both eyes indoors, while the dog face, ears, fur, nose, floor, and lighting remain unchanged.",dog_front_sunglasses_phase2
1.0,0.9259736488262812,1.000000002483527,0.925973653793335,-0.4603558306892713,0.0001479932190401693,22.77065870165825,0.015914352610707283,0.01749714806404275,13.526404658953348,31,0.9795821309089661,0.04843989759683609,0.07559406757354736,7.559406757354736,0.6999556929976852,22.428823963469124,0.5300995111465454,0.5300995111465454,0.010550335049629211,0.9845889210700989,0.24991489946842194,0.21127691864967346,-0.038637980818748474,0.21127691864967346,True,0.3000443070023148,0.9609763026237488,-0.038637980818748474,0.2055935329861111,,,1.0313111920010911,0.015914352610707283,0.2055935329861111,0.004486079957778071,0.053484365344047546,0.053484365344047546,21.939666182692715,0.07998649949380125,11.012471199035645,black sunglasses on a dog's face,0.25429537892341614,0.17040470242500305,0.21124611794948578,-0.04304926097393036,0.21124611794948578,"0,0,512,358",0.11017369478940964,0.08724578469991684,/cluster/users/grad/2025/25t8103/project/experiments/support_v3_2026-06-02/normalized_512/eval_masks/dog_front_sunglasses_phase2_eval_mask.png,fixed_eval_mask,1.0,111.09757232666016,0.04963163658976555,24.152727127075195,adaptive_full_generic_support,Generic support control,,0.04873645678162575,0.04873645678162575,22.449913849965398,0.07542308765659071,12.522925853729248,/cluster/users/grad/2025/25t8103/project/outputs/pretty_matrix/dog_front_sunglasses_phase2/adaptive_full_generic_support/seed_11/result.png,10.678126335144043,dog_front_sunglasses_phase2/adaptive_full_generic_support/seed_11,41.97122027305886,11,/cluster/users/grad/2025/25t8103/project/data/pretty_free_candidates/commons_dog_front_medusa.jpg,0.04971257597208023,A close-up front-facing portrait of a dog indoors.,22.34000041918059,0.07638357467150154,0.4994044930783545,0.4994044930783545,"A close-up front-facing portrait of the same dog wearing black sunglasses aligned across both eyes indoors, while the dog face, ears, fur, nose, floor, and lighting remain unchanged.",dog_front_sunglasses_phase2
1.0,0.9264207407832146,0.9999999975164732,0.9264207482337952,-0.4601621975501378,0.00014906977867212845,23.012000232934952,0.015914352610707283,0.017499435285571963,13.52747897307078,31,0.9797700047492981,0.04845228046178818,0.07568100839853287,7.568100839853287,0.6999556929976852,22.429572278776252,0.5299746990203857,0.5299746990203857,0.014679498970508575,0.984265923500061,0.2489856779575348,0.2108084261417389,-0.0381772518157959,0.2108084261417389,True,0.3000443070023148,0.9611032009124756,-0.0381772518157959,0.2055935329861111,,,1.0313543011016786,0.015914352610707283,0.2055935329861111,0.004464089369749747,0.05348912999033928,0.05348912999033928,21.93944871305614,0.07998850215023116,11.012659072875977,black sunglasses on a dog's face,0.2544473707675934,0.1709132343530655,0.2113853543996811,-0.04306201636791229,0.2113853543996811,"0,0,512,358",0.11022293567657471,0.08729005604982376,/cluster/users/grad/2025/25t8103/project/experiments/support_v3_2026-06-02/normalized_512/eval_masks/dog_front_sunglasses_phase2_eval_mask.png,fixed_eval_mask,1.0,111.09757232666016,0.04963163658976555,24.152727127075195,adaptive_full_generic_support,Generic support control,,0.04874709993600845,0.04874709993600845,22.450547761813624,0.07541758334485729,12.522925853729248,/cluster/users/grad/2025/25t8103/project/outputs/pretty_matrix/dog_front_sunglasses_phase2/adaptive_full_generic_support/seed_12/result.png,10.677862167358398,dog_front_sunglasses_phase2/adaptive_full_generic_support/seed_12,42.14645775000099,12,/cluster/users/grad/2025/25t8103/project/data/pretty_free_candidates/commons_dog_front_medusa.jpg,0.04972203075885773,A close-up front-facing portrait of a dog indoors.,22.340443423021323,0.07637967900215131,0.49933659142379816,0.49933659142379816,"A close-up front-facing portrait of the same dog wearing black sunglasses aligned across both eyes indoors, while the dog face, ears, fur, nose, floor, and lighting remain unchanged.",dog_front_sunglasses_phase2
1.0,0.0,0.0,0.0,0.0,0.0,0.0,0.0520833320915699,0.0,0.0,31,0.554908275604248,0.09780909866094589,0.414411723613739,41.4411723613739,0.6999556929976852,17.780972103155722,0.4385364353656769,0.4385364353656769,-0.04645128920674324,0.7882136106491089,0.2467166632413864,0.17810410261154175,-0.06861256062984467,0.17810410261154175,True,0.3000443070023148,0.41339072585105896,-0.06861256062984467,0.2055935329861111,,,1.0410641696195768,0.0520833320915699,0.2055935329861111,0.0,0.09393692016601562,0.09393692016601562,18.195934444692124,0.1230844750555064,9.061768531799316,black sunglasses on a dog's face,0.24196270108222961,0.15522195398807526,0.1885475218296051,-0.05341517925262451,0.1885475218296051,"0,0,512,358",0.5522545576095581,0.46174532175064087,/cluster/users/grad/2025/25t8103/project/experiments/support_v3_2026-06-02/normalized_512/eval_masks/dog_front_sunglasses_phase2_eval_mask.png,fixed_eval_mask,1.0,0.0,0.0,0.0,base_only,RF reconstruction / base reconstruction,,0.0970386266708374,0.0970386266708374,17.822016182599633,0.12849883517709607,12.229127407073975,/cluster/users/grad/2025/25t8103/project/outputs/pretty_matrix/dog_front_sunglasses_phase2/base_only/seed_10/result.png,8.70433235168457,dog_front_sunglasses_phase2/base_only/seed_10,25.1585131699685,10,/cluster/users/grad/2025/25t8103/project/data/pretty_free_candidates/commons_dog_front_medusa.jpg,0.0964009240269661,A close-up front-facing portrait of a dog indoors.,17.89630739032273,0.12740445971687245,0.40423512865343914,0.40423512865343914,"A close-up front-facing portrait of the same dog wearing black sunglasses aligned across both eyes indoors, while the dog face, ears, fur, nose, floor, and lighting remain unchanged.",dog_front_sunglasses_phase2
1.0,0.0,0.0,0.0,0.0,0.0,0.0,0.0520833320915699,0.0,0.0,31,0.554908275604248,0.09780909866094589,0.414411723613739,41.4411723613739,0.6999556929976852,17.780972103155722,0.4385364353656769,0.4385364353656769,-0.04645128920674324,0.7882136106491089,0.2467166632413864,0.17810410261154175,-0.06861256062984467,0.17810410261154175,True,0.3000443070023148,0.41339072585105896,-0.06861256062984467,0.2055935329861111,,,1.0410641696195768,0.0520833320915699,0.2055935329861111,0.0,0.09393692016601562,0.09393692016601562,18.195934444692124,0.1230844750555064,9.061768531799316,black sunglasses on a dog's face,0.24196270108222961,0.15522195398807526,0.1885475218296051,-0.05341517925262451,0.1885475218296051,"0,0,512,358",0.5522545576095581,0.46174532175064087,/cluster/users/grad/2025/25t8103/project/experiments/support_v3_2026-06-02/normalized_512/eval_masks/dog_front_sunglasses_phase2_eval_mask.png,fixed_eval_mask,1.0,0.0,0.0,0.0,base_only,RF reconstruction / base reconstruction,,0.0970386266708374,0.0970386266708374,17.822016182599633,0.12849883517709607,12.229127407073975,/cluster/users/grad/2025/25t8103/project/outputs/pretty_matrix/dog_front_sunglasses_phase2/base_only/seed_11/result.png,8.70433235168457,dog_front_sunglasses_phase2/base_only/seed_11,25.214699852047488,11,/cluster/users/grad/2025/25t8103/project/data/pretty_free_candidates/commons_dog_front_medusa.jpg,0.0964009240269661,A close-up front-facing portrait of a dog indoors.,17.89630739032273,0.12740445971687245,0.40423512865343914,0.40423512865343914,"A close-up front-facing portrait of the same dog wearing black sunglasses aligned across both eyes indoors, while the dog face, ears, fur, nose, floor, and lighting remain unchanged.",dog_front_sunglasses_phase2
1.0,0.0,0.0,0.0,0.0,0.0,0.0,0.0520833320915699,0.0,0.0,31,0.554908275604248,0.09780909866094589,0.414411723613739,41.4411723613739,0.6999556929976852,17.780972103155722,0.4385364353656769,0.4385364353656769,-0.04645128920674324,0.7882136106491089,0.2467166632413864,0.17810410261154175,-0.06861256062984467,0.17810410261154175,True,0.3000443070023148,0.41339072585105896,-0.06861256062984467,0.2055935329861111,,,1.0410641696195768,0.0520833320915699,0.2055935329861111,0.0,0.09393692016601562,0.09393692016601562,18.195934444692124,0.1230844750555064,9.061768531799316,black sunglasses on a dog's face,0.24196270108222961,0.15522195398807526,0.1885475218296051,-0.05341517925262451,0.1885475218296051,"0,0,512,358",0.5522545576095581,0.46174532175064087,/cluster/users/grad/2025/25t8103/project/experiments/support_v3_2026-06-02/normalized_512/eval_masks/dog_front_sunglasses_phase2_eval_mask.png,fixed_eval_mask,1.0,0.0,0.0,0.0,base_only,RF reconstruction / base reconstruction,,0.0970386266708374,0.0970386266708374,17.822016182599633,0.12849883517709607,12.229127407073975,/cluster/users/grad/2025/25t8103/project/outputs/pretty_matrix/dog_front_sunglasses_phase2/base_only/seed_12/result.png,8.70433235168457,dog_front_sunglasses_phase2/base_only/seed_12,25.626262502977625,12,/cluster/users/grad/2025/25t8103/project/data/pretty_free_candidates/commons_dog_front_medusa.jpg,0.0964009240269661,A close-up front-facing portrait of a dog indoors.,17.89630739032273,0.12740445971687245,0.40423512865343914,0.40423512865343914,"A close-up front-facing portrait of the same dog wearing black sunglasses aligned across both eyes indoors, while the dog face, ears, fur, nose, floor, and lighting remain unchanged.",dog_front_sunglasses_phase2
1.0,0.9285168101390203,0.9999999975164732,0.9285168300072352,0.0,0.0,36.36727478106817,0.0520833320915699,0.0,0.0,31,0.8180207014083862,0.07705049961805344,0.2684115469455719,26.84115469455719,0.6999556929976852,19.391693376716706,0.48020169138908386,0.48020169138908386,-0.021904654800891876,0.8006163239479065,0.27162647247314453,0.22043181955814362,-0.051194652915000916,0.22043181955814362,True,0.3000443070023148,0.6683976650238037,-0.051194652915000916,0.2055935329861111,,,1.0476661489976584,0.0520833320915699,0.2055935329861111,0.0038263623169283545,0.07908129692077637,0.07908129692077637,19.315136338580015,0.10820396694998813,10.450632095336914,black sunglasses on a dog's face,0.26553618907928467,0.18178948760032654,0.2251339554786682,-0.040402233600616455,0.2251339554786682,"0,0,512,358",0.38313549757003784,0.30807486176490784,/cluster/users/grad/2025/25t8103/project/experiments/support_v3_2026-06-02/normalized_512/eval_masks/dog_front_sunglasses_phase2_eval_mask.png,fixed_eval_mask,1.0,113.71052551269531,0.0,0.0,direct_target,Direct target guidance,,0.07686015963554382,0.07686015963554382,19.444261764633723,0.1066072920171272,12.229127407073975,/cluster/users/grad/2025/25t8103/project/outputs/pretty_matrix/dog_front_sunglasses_phase2/direct_target/seed_10/result.png,9.975154876708984,dog_front_sunglasses_phase2/direct_target/seed_10,26.846191247925162,10,/cluster/users/grad/2025/25t8103/project/data/pretty_free_candidates/commons_dog_front_medusa.jpg,0.07731680572032928,A close-up front-facing portrait of a dog indoors.,19.417399122888664,0.10693750417866522,0.4400136942512579,0.4400136942512579,"A close-up front-facing portrait of the same dog wearing black sunglasses aligned across both eyes indoors, while the dog face, ears, fur, nose, floor, and lighting remain unchanged.",dog_front_sunglasses_phase2
1.0,0.9285168101390203,0.9999999975164732,0.9285168300072352,0.0,0.0,36.36727478106817,0.0520833320915699,0.0,0.0,31,0.8180207014083862,0.07705049961805344,0.2684115469455719,26.84115469455719,0.6999556929976852,19.391693376716706,0.48020169138908386,0.48020169138908386,-0.021904654800891876,0.8006163239479065,0.27162647247314453,0.22043181955814362,-0.051194652915000916,0.22043181955814362,True,0.3000443070023148,0.6683976650238037,-0.051194652915000916,0.2055935329861111,,,1.0476661489976584,0.0520833320915699,0.2055935329861111,0.0038263623169283545,0.07908129692077637,0.07908129692077637,19.315136338580015,0.10820396694998813,10.450632095336914,black sunglasses on a dog's face,0.26553618907928467,0.18178948760032654,0.2251339554786682,-0.040402233600616455,0.2251339554786682,"0,0,512,358",0.38313549757003784,0.30807486176490784,/cluster/users/grad/2025/25t8103/project/experiments/support_v3_2026-06-02/normalized_512/eval_masks/dog_front_sunglasses_phase2_eval_mask.png,fixed_eval_mask,1.0,113.71052551269531,0.0,0.0,direct_target,Direct target guidance,,0.07686015963554382,0.07686015963554382,19.444261764633723,0.1066072920171272,12.229127407073975,/cluster/users/grad/2025/25t8103/project/outputs/pretty_matrix/dog_front_sunglasses_phase2/direct_target/seed_11/result.png,9.975154876708984,dog_front_sunglasses_phase2/direct_target/seed_11,26.96648824890144,11,/cluster/users/grad/2025/25t8103/project/data/pretty_free_candidates/commons_dog_front_medusa.jpg,0.07731680572032928,A close-up front-facing portrait of a dog indoors.,19.417399122888664,0.10693750417866522,0.4400136942512579,0.4400136942512579,"A close-up front-facing portrait of the same dog wearing black sunglasses aligned across both eyes indoors, while the dog face, ears, fur, nose, floor, and lighting remain unchanged.",dog_front_sunglasses_phase2
1.0,0.9285168101390203,0.9999999975164732,0.9285168300072352,0.0,0.0,36.36727478106817,0.0520833320915699,0.0,0.0,31,0.8180207014083862,0.07705049961805344,0.2684115469455719,26.84115469455719,0.6999556929976852,19.391693376716706,0.48020169138908386,0.48020169138908386,-0.021904654800891876,0.8006163239479065,0.27162647247314453,0.22043181955814362,-0.051194652915000916,0.22043181955814362,True,0.3000443070023148,0.6683976650238037,-0.051194652915000916,0.2055935329861111,,,1.0476661489976584,0.0520833320915699,0.2055935329861111,0.0038263623169283545,0.07908129692077637,0.07908129692077637,19.315136338580015,0.10820396694998813,10.450632095336914,black sunglasses on a dog's face,0.26553618907928467,0.18178948760032654,0.2251339554786682,-0.040402233600616455,0.2251339554786682,"0,0,512,358",0.38313549757003784,0.30807486176490784,/cluster/users/grad/2025/25t8103/project/experiments/support_v3_2026-06-02/normalized_512/eval_masks/dog_front_sunglasses_phase2_eval_mask.png,fixed_eval_mask,1.0,113.71052551269531,0.0,0.0,direct_target,Direct target guidance,,0.07686015963554382,0.07686015963554382,19.444261764633723,0.1066072920171272,12.229127407073975,/cluster/users/grad/2025/25t8103/project/outputs/pretty_matrix/dog_front_sunglasses_phase2/direct_target/seed_12/result.png,9.975154876708984,dog_front_sunglasses_phase2/direct_target/seed_12,26.76794314791914,12,/cluster/users/grad/2025/25t8103/project/data/pretty_free_candidates/commons_dog_front_medusa.jpg,0.07731680572032928,A close-up front-facing portrait of a dog indoors.,19.417399122888664,0.10693750417866522,0.4400136942512579,0.4400136942512579,"A close-up front-facing portrait of the same dog wearing black sunglasses aligned across both eyes indoors, while the dog face, ears, fur, nose, floor, and lighting remain unchanged.",dog_front_sunglasses_phase2
1.0,0.9328243136405945,1.0000000074505806,0.9328243310252825,-0.3804222842057546,-0.002542851221126815,89.64489885171254,0.22077547013759613,0.015197165276428374,14.710633675257364,31,0.9905683994293213,0.05010657757520676,0.061898116022348404,6.18981160223484,0.6999556929976852,22.061504541699755,0.5203165411949158,0.5203165411949158,0.22525838017463684,0.864537239074707,0.20163777470588684,0.27205753326416016,0.07041975855827332,0.27205753326416016,True,0.3000443070023148,0.9004974961280823,0.07041975855827332,0.2055935329861111,,,0.9408640378387264,0.22077547013759613,0.2055935329861111,0.0060254211197607425,0.09681472182273865,0.09681472182273865,16.642854543844184,0.1471828718935897,9.421545028686523,black sunglasses on a dog's face,0.21489489078521729,0.2893778383731842,0.2755339443683624,0.06063905358314514,0.2755339443683624,"0,0,512,358",0.17567726969718933,0.08411774039268494,/cluster/users/grad/2025/25t8103/project/experiments/support_v3_2026-06-02/normalized_512/eval_masks/dog_front_sunglasses_phase2_eval_mask.png,fixed_eval_mask,1.0,239.25411987304688,0.036935314536094666,26.629667282104492,support_v3_controller_rmsgap,DeCE-RF,,0.05196196958422661,0.05196196958422661,21.65629230464651,0.08263906308759277,14.485894203186035,/cluster/users/grad/2025/25t8103/project/outputs/phase2_selected_metric_refresh_20260612/dog_front_sunglasses_phase2/support_v3_controller_rmsgap/seed_10/result.png,10.013715744018555,dog_front_sunglasses_phase2/support_v3_controller_rmsgap/seed_10,56.872274950001156,10,/cluster/users/grad/2025/25t8103/project/data/pretty_free_candidates/commons_dog_front_medusa.jpg,0.06118341162800789,A close-up front-facing portrait of a dog indoors.,20.052912922044918,0.09939266922702628,0.4747179030248697,0.4747179030248697,"A close-up front-facing portrait of the same dog wearing black sunglasses aligned across both eyes indoors, while the dog face, ears, fur, nose, floor, and lighting remain unchanged.",dog_front_sunglasses_phase2
1.0,0.9318337365984917,1.0000000248352687,0.9318337465325991,-0.3805951451261838,-0.002263696673405017,88.55877037843068,0.22077547013759613,0.015257039199544428,14.769886195659637,31,0.9908691644668579,0.050203852355480194,0.061586689203977585,6.1586689203977585,0.6999556929976852,22.03365828880052,0.5203626751899719,0.5203626751899719,0.23142936825752258,0.8701335787773132,0.20253399014472961,0.2739453911781311,0.07141140103340149,0.2739453911781311,True,0.3000443070023148,0.9112212061882019,0.07141140103340149,0.2055935329861111,,,0.9621761523709964,0.22077547013759613,0.2055935329861111,0.005167788186656111,0.09910131990909576,0.09910131990909576,16.489500851251783,0.14980453381785402,9.592290878295898,black sunglasses on a dog's face,0.2141120880842209,0.2969251573085785,0.2786104679107666,0.06449837982654572,0.2786104679107666,"0,0,512,358",0.17719584703445435,0.08455698937177658,/cluster/users/grad/2025/25t8103/project/experiments/support_v3_2026-06-02/normalized_512/eval_masks/dog_front_sunglasses_phase2_eval_mask.png,fixed_eval_mask,1.0,239.25411987304688,0.036935314536094666,26.629667282104492,support_v3_controller_rmsgap,DeCE-RF,,0.05221268907189369,0.05221268907189369,21.5928379893218,0.08324498905352683,14.485894203186035,/cluster/users/grad/2025/25t8103/project/outputs/phase2_selected_metric_refresh_20260612/dog_front_sunglasses_phase2/support_v3_controller_rmsgap/seed_11/result.png,9.96937084197998,dog_front_sunglasses_phase2/support_v3_controller_rmsgap/seed_11,56.73983482100084,11,/cluster/users/grad/2025/25t8103/project/data/pretty_free_candidates/commons_dog_front_medusa.jpg,0.061852697283029556,A close-up front-facing portrait of a dog indoors.,19.948697795161166,0.10059238616863776,0.4745124107164982,0.4745124107164982,"A close-up front-facing portrait of the same dog wearing black sunglasses aligned across both eyes indoors, while the dog face, ears, fur, nose, floor, and lighting remain unchanged.",dog_front_sunglasses_phase2
1.0,0.9313053836425146,1.0000000149011612,0.931305393576622,-0.3819432680805524,-0.0025089207953593964,92.40733714898427,0.22077547013759613,0.015162363534424609,14.685553630193075,31,0.9899318218231201,0.05010106787085533,0.06232495605945587,6.232495605945587,0.6999556929976852,22.067571398670857,0.5203277468681335,0.5203277468681335,0.22090619802474976,0.8556157350540161,0.2027495950460434,0.2750955820083618,0.07234598696231842,0.2750955820083618,True,0.3000443070023148,0.9126662611961365,0.07234598696231842,0.2055935329861111,,,0.9505785808899438,0.22077547013759613,0.2055935329861111,0.013062409288824383,0.09873946756124496,0.09873946756124496,16.801878697427213,0.14451271660000484,9.46174144744873,black sunglasses on a dog's face,0.21408165991306305,0.28761157393455505,0.27490800619125366,0.06082634627819061,0.27490800619125366,"0,0,512,358",0.17763200402259827,0.0854044258594513,/cluster/users/grad/2025/25t8103/project/experiments/support_v3_2026-06-02/normalized_512/eval_masks/dog_front_sunglasses_phase2_eval_mask.png,fixed_eval_mask,1.0,239.25411987304688,0.036935314536094666,26.629667282104492,support_v3_controller_rmsgap,DeCE-RF,,0.05213615670800209,0.05213615670800209,21.624279788486604,0.08294419768127607,14.485894203186035,/cluster/users/grad/2025/25t8103/project/outputs/phase2_selected_metric_refresh_20260612/dog_front_sunglasses_phase2/support_v3_controller_rmsgap/seed_12/result.png,9.953665733337402,dog_front_sunglasses_phase2/support_v3_controller_rmsgap/seed_12,56.88741577899782,12,/cluster/users/grad/2025/25t8103/project/data/pretty_free_candidates/commons_dog_front_medusa.jpg,0.061717499047517776,A close-up front-facing portrait of a dog indoors.,20.105985969909867,0.09878720578537573,0.4717439943909188,0.4717439943909188,"A close-up front-facing portrait of the same dog wearing black sunglasses aligned across both eyes indoors, while the dog face, ears, fur, nose, floor, and lighting remain unchanged.",dog_front_sunglasses_phase2
1.0,0.931858075161775,0.9999999975164732,0.931858092546463,-0.34304163604974747,-0.00273892546344238,86.3360656897227,0.22077547013759613,0.015696750934390973,8.440340061982473,31,0.9912689924240112,0.05014028400182724,0.06179041415452957,6.179041415452957,0.6999556929976852,22.048052651380907,0.520621657371521,0.520621657371521,0.2307668924331665,0.8639854788780212,0.20251601934432983,0.2764808237552643,0.07396480441093445,0.2764808237552643,True,0.3000443070023148,0.9118245840072632,0.07396480441093445,0.2055935329861111,,,0.9354994418596447,0.22077547013759613,0.2055935329861111,0.0007696705809913357,0.10053588449954987,0.10053588449954987,16.44243980302399,0.15061839306852107,9.206296920776367,black sunglasses on a dog's face,0.20999452471733093,0.2955799698829651,0.27850979566574097,0.06851527094841003,0.27850979566574097,"0,0,512,358",0.17514947056770325,0.08122436702251434,/cluster/users/grad/2025/25t8103/project/experiments/support_v3_2026-06-02/normalized_512/eval_masks/dog_front_sunglasses_phase2_eval_mask.png,fixed_eval_mask,1.0,239.25411987304688,0.036935314536094666,11.065717697143555,support_v3_fixed,Fixed DeCE displacement,,0.05206939950585365,0.05206939950585365,21.61124302256741,0.08306878319036377,14.482519149780273,/cluster/users/grad/2025/25t8103/project/outputs/pretty_matrix/dog_front_sunglasses_phase2/support_v3_fixed/seed_10/result.png,9.841050148010254,dog_front_sunglasses_phase2/support_v3_fixed/seed_10,53.1041734360042,10,/cluster/users/grad/2025/25t8103/project/data/pretty_free_candidates/commons_dog_front_medusa.jpg,0.06203378736972809,A close-up front-facing portrait of a dog indoors.,19.937130969648557,0.10072643227089106,0.4769081157607404,0.4769081157607404,"A close-up front-facing portrait of the same dog wearing black sunglasses aligned across both eyes indoors, while the dog face, ears, fur, nose, floor, and lighting remain unchanged.",dog_front_sunglasses_phase2
1.0,0.9327182347575823,1.0,0.9327182422081629,-0.3417058624327183,-0.003010804864364521,88.8721050421397,0.22077547013759613,0.01569506693825436,8.431787669658661,31,0.9908058047294617,0.050104811787605286,0.061975736171007156,6.197573617100716,0.6999556929976852,22.064452491592967,0.5206936597824097,0.5206936597824097,0.22916120290756226,0.8607344627380371,0.19833090901374817,0.2721182703971863,0.07378736138343811,0.2721182703971863,True,0.3000443070023148,0.905295729637146,0.07378736138343811,0.2055935329861111,,,0.9307041413033402,0.22077547013759613,0.2055935329861111,0.005365703478911026,0.09777969121932983,0.09777969121932983,16.671952128257935,0.14669063669474752,9.192009925842285,black sunglasses on a dog's face,0.2108750194311142,0.2960917055606842,0.2798415720462799,0.06896655261516571,0.2798415720462799,"0,0,512,358",0.17252597212791443,0.08405295759439468,/cluster/users/grad/2025/25t8103/project/experiments/support_v3_2026-06-02/normalized_512/eval_masks/dog_front_sunglasses_phase2_eval_mask.png,fixed_eval_mask,1.0,239.25411987304688,0.036935314536094666,11.065717697143555,support_v3_fixed,Fixed DeCE displacement,,0.05194639414548874,0.05194639414548874,21.66467289343174,0.08255936716338787,14.482519149780273,/cluster/users/grad/2025/25t8103/project/outputs/pretty_matrix/dog_front_sunglasses_phase2/support_v3_fixed/seed_11/result.png,9.87640380859375,dog_front_sunglasses_phase2/support_v3_fixed/seed_11,57.261440080998,11,/cluster/users/grad/2025/25t8103/project/data/pretty_free_candidates/commons_dog_front_medusa.jpg,0.06136942654848099,A close-up front-facing portrait of a dog indoors.,20.07062022003683,0.09919025094448586,0.47735694324378936,0.47735694324378936,"A close-up front-facing portrait of the same dog wearing black sunglasses aligned across both eyes indoors, while the dog face, ears, fur, nose, floor, and lighting remain unchanged.",dog_front_sunglasses_phase2
1.0,0.9322187677025795,1.0000000273187954,0.9322187726696333,-0.34193627536296844,-0.002612248919225143,87.31441775957744,0.22077547013759613,0.01573078103926188,8.446899970372518,31,0.9908190965652466,0.050167668610811234,0.062081366777420044,6.208136677742004,0.6999556929976852,22.043377641307433,0.5206664800643921,0.5206664800643921,0.2329237163066864,0.8652005195617676,0.20127712190151215,0.27564284205436707,0.07436572015285492,0.27564284205436707,True,0.3000443070023148,0.9092082977294922,0.07436572015285492,0.2055935329861111,,,0.9423435022404569,0.22077547013759613,0.2055935329861111,0.000527774112679773,0.10117907077074051,0.10117907077074051,16.361223453336432,0.15203333676818304,9.310161590576172,black sunglasses on a dog's face,0.21183666586875916,0.302007794380188,0.2821643352508545,0.07032766938209534,0.2821643352508545,"0,0,512,358",0.17772561311721802,0.0838695764541626,/cluster/users/grad/2025/25t8103/project/experiments/support_v3_2026-06-02/normalized_512/eval_masks/dog_front_sunglasses_phase2_eval_mask.png,fixed_eval_mask,1.0,239.25411987304688,0.036935314536094666,11.065717697143555,support_v3_fixed,Fixed DeCE displacement,,0.05220221355557442,0.05220221355557442,21.57507792718868,0.0834153744431032,14.482519149780273,/cluster/users/grad/2025/25t8103/project/outputs/pretty_matrix/dog_front_sunglasses_phase2/support_v3_fixed/seed_12/result.png,9.879796028137207,dog_front_sunglasses_phase2/support_v3_fixed/seed_12,85.35165689198766,12,/cluster/users/grad/2025/25t8103/project/data/pretty_free_candidates/commons_dog_front_medusa.jpg,0.062271542847156525,A close-up front-facing portrait of a dog indoors.,19.880197888063073,0.10138882863556074,0.4765123172242243,0.4765123172242243,"A close-up front-facing portrait of the same dog wearing black sunglasses aligned across both eyes indoors, while the dog face, ears, fur, nose, floor, and lighting remain unchanged.",dog_front_sunglasses_phase2
1.0,0.930771162112554,0.9999999850988388,0.930771162112554,-0.35206593978606787,4.7459569607610774e-07,19.949491957823437,0.1026785746216774,0.0040392286706871046,14.444298148155212,31,0.9894711971282959,0.00411251513287425,0.013491099700331688,1.3491099700331688,0.9260835193452381,35.46673768999958,0.9884093403816223,0.9884093403816223,0.29127663373947144,0.9703757762908936,0.29631146788597107,0.3229725956916809,0.02666112780570984,0.3229725956916809,True,0.0739164806547619,0.9106310606002808,0.02666112780570984,0.032999674479166664,,,0.5697247515912792,0.1026785746216774,0.032999674479166664,0.0,0.37695276737213135,0.37695276737213135,7.349483509392757,0.42906770220976426,2.4987685680389404,an orange mug,0.2635175287723541,0.3270113468170166,0.30688533186912537,0.04336780309677124,0.30688533186912537,"69,271,230,465",0.07155854254961014,0.05552346259355545,/cluster/users/grad/2025/25t8103/project/experiments/support_v3_2026-06-02/normalized_512/eval_masks/green_mug_orange_phase2_eval_mask.png,fixed_eval_mask,1.0,62.130985260009766,0.013750034384429455,32.94847869873047,adaptive_full_generic_support,Generic support control,,0.010526413097977638,0.010526413097977638,25.1064409034436,0.05554921868231478,13.414381980895996,/cluster/users/grad/2025/25t8103/project/outputs/pretty_matrix/green_mug_orange_phase2/adaptive_full_generic_support/seed_10/result.png,4.385922431945801,green_mug_orange_phase2/adaptive_full_generic_support/seed_10,38.425099587999284,10,/cluster/users/grad/2025/25t8103/project/data/pretty_free_candidates/pexels_green_mug_marble_7828522.jpg,0.022618362680077553,A studio photo of a plain green ceramic mug on a white marble block against a pink background.,20.429150158542548,0.09517929685171657,0.9826090474823435,0.9826090474823435,"A studio photo of the same plain ceramic mug on the same white marble block against the same pink background, with only the mug color changed from green to orange.",green_mug_orange_phase2
1.0,0.9308286408583323,0.9999999850988388,0.9308286334077517,-0.35409611400488455,2.701303166337728e-07,20.24552811185519,0.1026785746216774,0.004040088511828799,14.45707086722056,31,0.9886021614074707,0.004109734669327736,0.013407090678811073,1.3407090678811073,0.9260835193452381,35.504438100798666,0.9884146451950073,0.9884146451950073,0.28761646151542664,0.970072865486145,0.29623284935951233,0.32263797521591187,0.026405125856399536,0.32263797521591187,True,0.0739164806547619,0.9073119163513184,0.026405125856399536,0.032999674479166664,,,0.5815482100598722,0.1026785746216774,0.032999674479166664,0.0,0.37630781531333923,0.37630781531333923,7.3661699440902195,0.42824421287919917,2.529219150543213,an orange mug,0.26355502009391785,0.3277491629123688,0.30889883637428284,0.04534381628036499,0.30889883637428284,"69,271,230,465",0.07204809784889221,0.05568448454141617,/cluster/users/grad/2025/25t8103/project/experiments/support_v3_2026-06-02/normalized_512/eval_masks/green_mug_orange_phase2_eval_mask.png,fixed_eval_mask,1.0,62.130985260009766,0.013750034384429455,33.0445556640625,adaptive_full_generic_support,Generic support control,,0.01055065542459488,0.01055065542459488,25.114266073319694,0.05549919659526015,13.41654348373413,/cluster/users/grad/2025/25t8103/project/outputs/pretty_matrix/green_mug_orange_phase2/adaptive_full_generic_support/seed_11/result.png,4.349113464355469,green_mug_orange_phase2/adaptive_full_generic_support/seed_11,38.14789374799875,11,/cluster/users/grad/2025/25t8103/project/data/pretty_free_candidates/pexels_green_mug_marble_7828522.jpg,0.02262052707374096,A studio photo of a plain green ceramic mug on a white marble block against a pink background.,20.442916312855036,0.09502856788908386,0.9825074103332077,0.9825074103332077,"A studio photo of the same plain ceramic mug on the same white marble block against the same pink background, with only the mug color changed from green to orange.",green_mug_orange_phase2
1.0,0.9301630059878031,1.0000000149011612,0.9301630059878031,-0.3501541273629603,3.508252547135271e-06,19.97982531785965,0.1026785746216774,0.004030655322518821,14.419751167297363,31,0.9892216920852661,0.004103302489966154,0.01301818061619997,1.301818061619997,0.9260835193452381,35.434525497216924,0.9884682893753052,0.9884682893753052,0.28815048933029175,0.9700132608413696,0.29548096656799316,0.32194027304649353,0.026459306478500366,0.32194027304649353,True,0.0739164806547619,0.9185070991516113,0.026459306478500366,0.032999674479166664,,,0.5615896742292502,0.1026785746216774,0.032999674479166664,0.0,0.37550583481788635,0.37550583481788635,7.388679878231895,0.42713583259142085,2.4738802909851074,an orange mug,0.2676413357257843,0.3224221467971802,0.30980217456817627,0.04216083884239197,0.30980217456817627,"69,271,230,465",0.0715373307466507,0.05515775829553604,/cluster/users/grad/2025/25t8103/project/experiments/support_v3_2026-06-02/normalized_512/eval_masks/green_mug_orange_phase2_eval_mask.png,fixed_eval_mask,1.0,62.130985260009766,0.013750034384429455,33.009456634521484,adaptive_full_generic_support,Generic support control,,0.010529800318181515,0.010529800318181515,25.118704127274164,0.05547084653277147,13.41654348373413,/cluster/users/grad/2025/25t8103/project/outputs/pretty_matrix/green_mug_orange_phase2/adaptive_full_generic_support/seed_12/result.png,4.4051384925842285,green_mug_orange_phase2/adaptive_full_generic_support/seed_12,37.94082556500507,12,/cluster/users/grad/2025/25t8103/project/data/pretty_free_candidates/pexels_green_mug_marble_7828522.jpg,0.022573886439204216,A studio photo of a plain green ceramic mug on a white marble block against a pink background.,20.45945627739489,0.09484778346168687,0.9827268443707492,0.9827268443707492,"A studio photo of the same plain ceramic mug on the same white marble block against the same pink background, with only the mug color changed from green to orange.",green_mug_orange_phase2
1.0,0.0,0.0,0.0,0.0,0.0,0.0,0.1726190447807312,0.0,0.0,31,0.8470391035079956,0.01876828446984291,0.10131356120109558,10.131356120109558,0.9260835193452381,28.76382816503673,0.9599607586860657,0.9599607586860657,0.021286793053150177,0.8880296349525452,0.304277628660202,0.3011280298233032,-0.0031495988368988037,0.3011280298233032,True,0.0739164806547619,0.8200047016143799,-0.0031495988368988037,0.032999674479166664,,,0.3995163946721864,0.1726190447807312,0.032999674479166664,0.0,0.05514788255095482,0.05514788255095482,22.080581430425465,0.07869931068875144,1.71700119972229,an orange mug,0.27203798294067383,0.2661774158477783,0.2801206111907959,0.00808262825012207,0.2801206111907959,"69,271,230,465",0.12202055752277374,0.11553353071212769,/cluster/users/grad/2025/25t8103/project/experiments/support_v3_2026-06-02/normalized_512/eval_masks/green_mug_orange_phase2_eval_mask.png,fixed_eval_mask,1.0,0.0,0.0,0.0,base_only,RF reconstruction / base reconstruction,,0.02152511477470398,0.02152511477470398,27.09575212020646,0.04417864525068989,12.228387355804443,/cluster/users/grad/2025/25t8103/project/outputs/pretty_matrix/green_mug_orange_phase2/base_only/seed_10/result.png,4.297698974609375,green_mug_orange_phase2/base_only/seed_10,18.177787313994486,10,/cluster/users/grad/2025/25t8103/project/data/pretty_free_candidates/pexels_green_mug_marble_7828522.jpg,0.022634655237197876,A studio photo of a plain green ceramic mug on a white marble block against a pink background.,26.79494081964393,0.04573545025987593,0.9375546047055148,0.9375546047055148,"A studio photo of the same plain ceramic mug on the same white marble block against the same pink background, with only the mug color changed from green to orange.",green_mug_orange_phase2
1.0,0.0,0.0,0.0,0.0,0.0,0.0,0.1726190447807312,0.0,0.0,31,0.8470391035079956,0.01876828446984291,0.10131356120109558,10.131356120109558,0.9260835193452381,28.76382816503673,0.9599607586860657,0.9599607586860657,0.021286793053150177,0.8880296349525452,0.304277628660202,0.3011280298233032,-0.0031495988368988037,0.3011280298233032,True,0.0739164806547619,0.8200047016143799,-0.0031495988368988037,0.032999674479166664,,,0.3995163946721864,0.1726190447807312,0.032999674479166664,0.0,0.05514788255095482,0.05514788255095482,22.080581430425465,0.07869931068875144,1.71700119972229,an orange mug,0.27203798294067383,0.2661774158477783,0.2801206111907959,0.00808262825012207,0.2801206111907959,"69,271,230,465",0.12202055752277374,0.11553353071212769,/cluster/users/grad/2025/25t8103/project/experiments/support_v3_2026-06-02/normalized_512/eval_masks/green_mug_orange_phase2_eval_mask.png,fixed_eval_mask,1.0,0.0,0.0,0.0,base_only,RF reconstruction / base reconstruction,,0.02152511477470398,0.02152511477470398,27.09575212020646,0.04417864525068989,12.228387355804443,/cluster/users/grad/2025/25t8103/project/outputs/pretty_matrix/green_mug_orange_phase2/base_only/seed_11/result.png,4.297698974609375,green_mug_orange_phase2/base_only/seed_11,17.88592579199758,11,/cluster/users/grad/2025/25t8103/project/data/pretty_free_candidates/pexels_green_mug_marble_7828522.jpg,0.022634655237197876,A studio photo of a plain green ceramic mug on a white marble block against a pink background.,26.79494081964393,0.04573545025987593,0.9375546047055148,0.9375546047055148,"A studio photo of the same plain ceramic mug on the same white marble block against the same pink background, with only the mug color changed from green to orange.",green_mug_orange_phase2
1.0,0.0,0.0,0.0,0.0,0.0,0.0,0.1726190447807312,0.0,0.0,31,0.8470391035079956,0.01876828446984291,0.10131356120109558,10.131356120109558,0.9260835193452381,28.76382816503673,0.9599607586860657,0.9599607586860657,0.021286793053150177,0.8880296349525452,0.304277628660202,0.3011280298233032,-0.0031495988368988037,0.3011280298233032,True,0.0739164806547619,0.8200047016143799,-0.0031495988368988037,0.032999674479166664,,,0.3995163946721864,0.1726190447807312,0.032999674479166664,0.0,0.05514788255095482,0.05514788255095482,22.080581430425465,0.07869931068875144,1.71700119972229,an orange mug,0.27203798294067383,0.2661774158477783,0.2801206111907959,0.00808262825012207,0.2801206111907959,"69,271,230,465",0.12202055752277374,0.11553353071212769,/cluster/users/grad/2025/25t8103/project/experiments/support_v3_2026-06-02/normalized_512/eval_masks/green_mug_orange_phase2_eval_mask.png,fixed_eval_mask,1.0,0.0,0.0,0.0,base_only,RF reconstruction / base reconstruction,,0.02152511477470398,0.02152511477470398,27.09575212020646,0.04417864525068989,12.228387355804443,/cluster/users/grad/2025/25t8103/project/outputs/pretty_matrix/green_mug_orange_phase2/base_only/seed_12/result.png,4.297698974609375,green_mug_orange_phase2/base_only/seed_12,17.840004019002663,12,/cluster/users/grad/2025/25t8103/project/data/pretty_free_candidates/pexels_green_mug_marble_7828522.jpg,0.022634655237197876,A studio photo of a plain green ceramic mug on a white marble block against a pink background.,26.79494081964393,0.04573545025987593,0.9375546047055148,0.9375546047055148,"A studio photo of the same plain ceramic mug on the same white marble block against the same pink background, with only the mug color changed from green to orange.",green_mug_orange_phase2
1.0,0.925030971566836,1.0000000298023224,0.9250309765338898,0.0,0.0,105.59449084599812,0.1726190447807312,0.0,0.0,31,0.7557117938995361,0.04115648940205574,0.18311676383018494,18.311676383018494,0.9260835193452381,20.94056259313385,0.9249605536460876,0.9249605536460876,0.09173329174518585,0.9329155683517456,0.3169196844100952,0.32511094212532043,0.00819125771522522,0.32511094212532043,True,0.0739164806547619,0.770099401473999,0.00819125771522522,0.032999674479166664,,,0.46017046740238376,0.1726190447807312,0.032999674479166664,0.0,0.1048351302742958,0.1048351302742958,17.26075003803166,0.13707633938262842,2.6385629177093506,an orange mug,0.28342679142951965,0.2678094208240509,0.29610878229141235,0.0126819908618927,0.29610878229141235,"69,271,230,465",0.217363178730011,0.2106148600578308,/cluster/users/grad/2025/25t8103/project/experiments/support_v3_2026-06-02/normalized_512/eval_masks/green_mug_orange_phase2_eval_mask.png,fixed_eval_mask,1.0,389.3919372558594,0.0,0.0,direct_target,Direct target guidance,,0.04802023991942406,0.04802023991942406,19.688323121866922,0.10365346961508842,12.228387355804443,/cluster/users/grad/2025/25t8103/project/outputs/pretty_matrix/green_mug_orange_phase2/direct_target/seed_10/result.png,5.73388147354126,green_mug_orange_phase2/direct_target/seed_10,18.742349677006132,10,/cluster/users/grad/2025/25t8103/project/data/pretty_free_candidates/pexels_green_mug_marble_7828522.jpg,0.04989510774612427,A studio photo of a plain green ceramic mug on a white marble block against a pink background.,19.582302958582147,0.10492641920586902,0.8914042979000737,0.8914042979000737,"A studio photo of the same plain ceramic mug on the same white marble block against the same pink background, with only the mug color changed from green to orange.",green_mug_orange_phase2
1.0,0.925030971566836,1.0000000298023224,0.9250309765338898,0.0,0.0,105.59449084599812,0.1726190447807312,0.0,0.0,31,0.7557117938995361,0.04115648940205574,0.18311676383018494,18.311676383018494,0.9260835193452381,20.94056259313385,0.9249605536460876,0.9249605536460876,0.09173329174518585,0.9329155683517456,0.3169196844100952,0.32511094212532043,0.00819125771522522,0.32511094212532043,True,0.0739164806547619,0.770099401473999,0.00819125771522522,0.032999674479166664,,,0.46017046740238376,0.1726190447807312,0.032999674479166664,0.0,0.1048351302742958,0.1048351302742958,17.26075003803166,0.13707633938262842,2.6385629177093506,an orange mug,0.28342679142951965,0.2678094208240509,0.29610878229141235,0.0126819908618927,0.29610878229141235,"69,271,230,465",0.217363178730011,0.2106148600578308,/cluster/users/grad/2025/25t8103/project/experiments/support_v3_2026-06-02/normalized_512/eval_masks/green_mug_orange_phase2_eval_mask.png,fixed_eval_mask,1.0,389.3919372558594,0.0,0.0,direct_target,Direct target guidance,,0.04802023991942406,0.04802023991942406,19.688323121866922,0.10365346961508842,12.228387355804443,/cluster/users/grad/2025/25t8103/project/outputs/pretty_matrix/green_mug_orange_phase2/direct_target/seed_11/result.png,5.73388147354126,green_mug_orange_phase2/direct_target/seed_11,18.754594326004735,11,/cluster/users/grad/2025/25t8103/project/data/pretty_free_candidates/pexels_green_mug_marble_7828522.jpg,0.04989510774612427,A studio photo of a plain green ceramic mug on a white marble block against a pink background.,19.582302958582147,0.10492641920586902,0.8914042979000737,0.8914042979000737,"A studio photo of the same plain ceramic mug on the same white marble block against the same pink background, with only the mug color changed from green to orange.",green_mug_orange_phase2
1.0,0.925030971566836,1.0000000298023224,0.9250309765338898,0.0,0.0,105.59449084599812,0.1726190447807312,0.0,0.0,31,0.7557117938995361,0.04115648940205574,0.18311676383018494,18.311676383018494,0.9260835193452381,20.94056259313385,0.9249605536460876,0.9249605536460876,0.09173329174518585,0.9329155683517456,0.3169196844100952,0.32511094212532043,0.00819125771522522,0.32511094212532043,True,0.0739164806547619,0.770099401473999,0.00819125771522522,0.032999674479166664,,,0.46017046740238376,0.1726190447807312,0.032999674479166664,0.0,0.1048351302742958,0.1048351302742958,17.26075003803166,0.13707633938262842,2.6385629177093506,an orange mug,0.28342679142951965,0.2678094208240509,0.29610878229141235,0.0126819908618927,0.29610878229141235,"69,271,230,465",0.217363178730011,0.2106148600578308,/cluster/users/grad/2025/25t8103/project/experiments/support_v3_2026-06-02/normalized_512/eval_masks/green_mug_orange_phase2_eval_mask.png,fixed_eval_mask,1.0,389.3919372558594,0.0,0.0,direct_target,Direct target guidance,,0.04802023991942406,0.04802023991942406,19.688323121866922,0.10365346961508842,12.228387355804443,/cluster/users/grad/2025/25t8103/project/outputs/pretty_matrix/green_mug_orange_phase2/direct_target/seed_12/result.png,5.73388147354126,green_mug_orange_phase2/direct_target/seed_12,18.578912375000073,12,/cluster/users/grad/2025/25t8103/project/data/pretty_free_candidates/pexels_green_mug_marble_7828522.jpg,0.04989510774612427,A studio photo of a plain green ceramic mug on a white marble block against a pink background.,19.582302958582147,0.10492641920586902,0.8914042979000737,0.8914042979000737,"A studio photo of the same plain ceramic mug on the same white marble block against the same pink background, with only the mug color changed from green to orange.",green_mug_orange_phase2
1.0,0.9321003705263138,0.9999999726812044,0.9321003506580988,-0.34872584805513424,-5.262756450482205e-06,20.400199194749195,0.1026785746216774,0.003976403037086129,15.71079663435618,31,0.9899033904075623,0.004128769505769014,0.01319144293665886,1.319144293665886,0.9260835193452381,35.40833181726828,0.9884178638458252,0.9884178638458252,0.28870609402656555,0.9739573001861572,0.2958424985408783,0.32008227705955505,0.024239778518676758,0.32008227705955505,True,0.0739164806547619,0.9110968112945557,0.024239778518676758,0.032999674479166664,,,0.6061152145593056,0.1026785746216774,0.032999674479166664,0.0,0.38171201944351196,0.38171201944351196,7.087547011026864,0.4422039824200776,2.612595558166504,an orange mug,0.2649022340774536,0.32240432500839233,0.3077029585838318,0.042800724506378174,0.3077029585838318,"69,271,230,465",0.07216023653745651,0.05642101168632507,/cluster/users/grad/2025/25t8103/project/experiments/support_v3_2026-06-02/normalized_512/eval_masks/green_mug_orange_phase2_eval_mask.png,fixed_eval_mask,1.0,62.130985260009766,0.013750034384429455,32.910438537597656,support_v3_controller_rmsgap,DeCE-RF,,0.010697092860937119,0.010697092860937119,24.80648487633747,0.05750104748054265,13.417665958404541,/cluster/users/grad/2025/25t8103/project/outputs/phase2_selected_metric_refresh_20260612/green_mug_orange_phase2/support_v3_controller_rmsgap/seed_10/result.png,4.310394287109375,green_mug_orange_phase2/support_v3_controller_rmsgap/seed_10,38.65453093399992,10,/cluster/users/grad/2025/25t8103/project/data/pretty_free_candidates/pexels_green_mug_marble_7828522.jpg,0.022940464317798615,A studio photo of a plain green ceramic mug on a white marble block against a pink background.,20.154654608427425,0.0982352307399018,0.9823553548220473,0.9823553548220473,"A studio photo of the same plain ceramic mug on the same white marble block against the same pink background, with only the mug color changed from green to orange.",green_mug_orange_phase2
1.0,0.9322157204151154,1.000000002483527,0.932215745250384,-0.34815184872907895,-4.9667411351113815e-06,20.512110998233158,0.1026785746216774,0.003972328588133678,15.691212137540182,31,0.9903299808502197,0.0041170367039740086,0.012899661436676979,1.289966143667698,0.9260835193452381,35.43231151558432,0.9884225726127625,0.9884225726127625,0.27339357137680054,0.9690635204315186,0.2979079484939575,0.3232906460762024,0.025382697582244873,0.3232906460762024,True,0.0739164806547619,0.8982693552970886,0.025382697582244873,0.032999674479166664,,,0.5851680406631806,0.1026785746216774,0.032999674479166664,0.0,0.38223519921302795,0.38223519921302795,7.079761173102504,0.4426005419233101,2.5721988677978516,an orange mug,0.2626633644104004,0.32414358854293823,0.30419498682022095,0.04153162240982056,0.30419498682022095,"69,271,230,465",0.07176065444946289,0.0561424158513546,/cluster/users/grad/2025/25t8103/project/experiments/support_v3_2026-06-02/normalized_512/eval_masks/green_mug_orange_phase2_eval_mask.png,fixed_eval_mask,1.0,62.130985260009766,0.013750034384429455,32.86555862426758,support_v3_controller_rmsgap,DeCE-RF,,0.010667139664292336,0.010667139664292336,24.825395695355144,0.057375993044264884,13.417665958404541,/cluster/users/grad/2025/25t8103/project/outputs/phase2_selected_metric_refresh_20260612/green_mug_orange_phase2/support_v3_controller_rmsgap/seed_11/result.png,4.395658493041992,green_mug_orange_phase2/support_v3_controller_rmsgap/seed_11,38.77594281599886,11,/cluster/users/grad/2025/25t8103/project/data/pretty_free_candidates/pexels_green_mug_marble_7828522.jpg,0.022928759455680847,A studio photo of a plain green ceramic mug on a white marble block against a pink background.,20.155695016465266,0.098223464690936,0.9823360181495412,0.9823360181495412,"A studio photo of the same plain ceramic mug on the same white marble block against the same pink background, with only the mug color changed from green to orange.",green_mug_orange_phase2
1.0,0.931839774052302,1.0000000173846881,0.9318397715687752,-0.34895241210081923,-4.910995106873391e-06,20.465003430843353,0.1026785746216774,0.003973979954025708,15.706730286280314,31,0.9887348413467407,0.004127564374357462,0.013369384221732616,1.3369384221732616,0.9260835193452381,35.43175300910666,0.9884188771247864,0.9884188771247864,0.2866476774215698,0.972718358039856,0.296867311000824,0.3216857612133026,0.024818450212478638,0.3216857612133026,True,0.0739164806547619,0.9016321897506714,0.024818450212478638,0.032999674479166664,,,0.6135694935876386,0.1026785746216774,0.032999674479166664,0.0,0.381769597530365,0.381769597530365,7.082713565652369,0.4424501245753039,2.6585569381713867,an orange mug,0.26155394315719604,0.32358554005622864,0.3044623136520386,0.04290837049484253,0.3044623136520386,"69,271,230,465",0.07217375189065933,0.056229740381240845,/cluster/users/grad/2025/25t8103/project/experiments/support_v3_2026-06-02/normalized_512/eval_masks/green_mug_orange_phase2_eval_mask.png,fixed_eval_mask,1.0,62.130985260009766,0.013750034384429455,32.92105484008789,support_v3_controller_rmsgap,DeCE-RF,,0.010653546079993248,0.010653546079993248,24.845886656375974,0.05724079635328105,13.417665958404541,/cluster/users/grad/2025/25t8103/project/outputs/phase2_selected_metric_refresh_20260612/green_mug_orange_phase2/support_v3_controller_rmsgap/seed_12/result.png,4.332935333251953,green_mug_orange_phase2/support_v3_controller_rmsgap/seed_12,38.943137586000375,12,/cluster/users/grad/2025/25t8103/project/data/pretty_free_candidates/pexels_green_mug_marble_7828522.jpg,0.022900257259607315,A studio photo of a plain green ceramic mug on a white marble block against a pink background.,20.16442631885156,0.09812477729097836,0.9821264120111441,0.9821264120111441,"A studio photo of the same plain ceramic mug on the same white marble block against the same pink background, with only the mug color changed from green to orange.",green_mug_orange_phase2
1.0,0.9321361432472864,1.00000003973643,0.932136133313179,-0.3460768273022647,-1.4410963901904475e-05,20.364426006873448,0.1026785746216774,0.003980911749143464,14.233332713445028,31,0.9898536205291748,0.0040984926745295525,0.013276923447847366,1.3276923447847366,0.9260835193452381,35.535842214537084,0.9884160757064819,0.9884160757064819,0.28114497661590576,0.9683194160461426,0.2950080335140228,0.32162031531333923,0.026612281799316406,0.32162031531333923,True,0.0739164806547619,0.904880166053772,0.026612281799316406,0.032999674479166664,,,0.5573029963949678,0.1026785746216774,0.032999674479166664,0.0,0.3770759701728821,0.3770759701728821,7.3500610987969575,0.4290391712556389,2.473928928375244,an orange mug,0.2547413408756256,0.32924798130989075,0.2984974682331085,0.04375612735748291,0.2984974682331085,"69,271,230,465",0.0714171826839447,0.055178411304950714,/cluster/users/grad/2025/25t8103/project/experiments/support_v3_2026-06-02/normalized_512/eval_masks/green_mug_orange_phase2_eval_mask.png,fixed_eval_mask,1.0,62.130985260009766,0.013750034384429455,32.89204025268555,support_v3_fixed,Fixed DeCE displacement,,0.01045156642794609,0.01045156642794609,25.14610401424312,0.05529613786951444,13.415040493011475,/cluster/users/grad/2025/25t8103/project/outputs/pretty_matrix/green_mug_orange_phase2/support_v3_fixed/seed_10/result.png,4.4391093254089355,green_mug_orange_phase2/support_v3_fixed/seed_10,61.1404188680026,10,/cluster/users/grad/2025/25t8103/project/data/pretty_free_candidates/pexels_green_mug_marble_7828522.jpg,0.022550053894519806,A studio photo of a plain green ceramic mug on a white marble block against a pink background.,20.44256249033389,0.09503243898734877,0.9825197194484105,0.9825197194484105,"A studio photo of the same plain ceramic mug on the same white marble block against the same pink background, with only the mug color changed from green to orange.",green_mug_orange_phase2
1.0,0.9319055676460266,1.000000002483527,0.9319055825471878,-0.34642438229639083,-1.4715317597335797e-05,20.206300397713978,0.1026785746216774,0.003983816607311989,14.242939670880636,31,0.9884417057037354,0.004102235194295645,0.013405488803982735,1.3405488803982735,0.9260835193452381,35.53992603181133,0.9884167909622192,0.9884167909622192,0.2842966616153717,0.9701966047286987,0.29712003469467163,0.3230510354042053,0.02593100070953369,0.3230510354042053,True,0.0739164806547619,0.9137426614761353,0.02593100070953369,0.032999674479166664,,,0.5538947035315601,0.1026785746216774,0.032999674479166664,0.0,0.37671563029289246,0.37671563029289246,7.348970317282582,0.42909305374814677,2.438777446746826,an orange mug,0.26082900166511536,0.3268328607082367,0.3038714528083801,0.04304245114326477,0.3038714528083801,"69,271,230,465",0.07184714823961258,0.055617257952690125,/cluster/users/grad/2025/25t8103/project/experiments/support_v3_2026-06-02/normalized_512/eval_masks/green_mug_orange_phase2_eval_mask.png,fixed_eval_mask,1.0,62.130985260009766,0.013750034384429455,32.917484283447266,support_v3_fixed,Fixed DeCE displacement,,0.010506306774914265,0.010506306774914265,25.0976862117481,0.05560523613940386,13.415040493011475,/cluster/users/grad/2025/25t8103/project/outputs/pretty_matrix/green_mug_orange_phase2/support_v3_fixed/seed_11/result.png,4.4029622077941895,green_mug_orange_phase2/support_v3_fixed/seed_11,56.99943357700249,11,/cluster/users/grad/2025/25t8103/project/data/pretty_free_candidates/pexels_green_mug_marble_7828522.jpg,0.02259109541773796,A studio photo of a plain green ceramic mug on a white marble block against a pink background.,20.425919757022758,0.09521470192140628,0.9826892698708898,0.9826892698708898,"A studio photo of the same plain ceramic mug on the same white marble block against the same pink background, with only the mug color changed from green to orange.",green_mug_orange_phase2
1.0,0.9319024384021759,1.0000000074505806,0.9319024210174879,-0.3465506665913078,-1.471662778129712e-05,20.257753640413284,0.1026785746216774,0.003972500737290829,14.216317057609558,31,0.9899395704269409,0.004095671232789755,0.013044648803770542,1.3044648803770542,0.9260835193452381,35.49934349416845,0.9884709119796753,0.9884709119796753,0.28547346591949463,0.9699742794036865,0.29625698924064636,0.3224579691886902,0.026200979948043823,0.3224579691886902,True,0.0739164806547619,0.9153297543525696,0.026200979948043823,0.032999674479166664,,,0.5644490368820072,0.1026785746216774,0.032999674479166664,0.0,0.37650835514068604,0.37650835514068604,7.362811868620892,0.4284098095504937,2.5169873237609863,an orange mug,0.2610626220703125,0.32578957080841064,0.3056033253669739,0.04454070329666138,0.3056033253669739,"69,271,230,465",0.07122163474559784,0.054788459092378616,/cluster/users/grad/2025/25t8103/project/experiments/support_v3_2026-06-02/normalized_512/eval_masks/green_mug_orange_phase2_eval_mask.png,fixed_eval_mask,1.0,62.130985260009766,0.013750034384429455,32.909210205078125,support_v3_fixed,Fixed DeCE displacement,,0.010470200330018997,0.010470200330018997,25.113575744804248,0.05550360768060883,13.41287899017334,/cluster/users/grad/2025/25t8103/project/outputs/pretty_matrix/green_mug_orange_phase2/support_v3_fixed/seed_12/result.png,4.459193229675293,green_mug_orange_phase2/support_v3_fixed/seed_12,60.76472952999757,12,/cluster/users/grad/2025/25t8103/project/data/pretty_free_candidates/pexels_green_mug_marble_7828522.jpg,0.0225493423640728,A studio photo of a plain green ceramic mug on a white marble block against a pink background.,20.440437026866793,0.09505569655810149,0.9827175786125788,0.9827175786125788,"A studio photo of the same plain ceramic mug on the same white marble block against the same pink background, with only the mug color changed from green to orange.",green_mug_orange_phase2
1.0,0.9387506271402041,1.000000002483527,0.938750629623731,-0.4973418340086937,-0.003498110866833789,13.395840843518576,0.0613839291036129,0.007615181243939635,7.578073004881541,31,0.9679686427116394,0.008276906795799732,0.027598455548286438,2.759845554828644,0.9462541852678571,34.09089103962852,0.9641872644424438,0.9641872644424438,-0.007789735682308674,0.9861934781074524,0.3409317135810852,0.3113270401954651,-0.029604673385620117,0.3113270401954651,True,0.053745814732142856,0.9585328102111816,-0.029604673385620117,0.025309244791666668,,,0.832455834311269,0.0613839291036129,0.025309244791666668,0.011254019292604502,0.005802791565656662,0.005802791565656662,42.80378849711259,0.007241200540239969,0.6445382833480835,a red heart on a white mug,0.22719687223434448,0.16474920511245728,0.21181608736515045,-0.01538078486919403,0.21181608736515045,"189,110,315,221",0.02784164622426033,0.02778119221329689,/cluster/users/grad/2025/25t8103/project/experiments/support_v3_2026-06-02/normalized_512/eval_masks/mug_heart_eval_mask.png,fixed_eval_mask,1.0,38.500511169433594,0.01637277938425541,15.347146034240723,adaptive_full_generic_support,Generic support control,,0.008193427696824074,0.008193427696824074,34.203760440045194,0.01949000623257734,13.382246971130371,/cluster/users/grad/2025/25t8103/project/outputs/pretty_matrix/mug_heart/adaptive_full_generic_support/seed_10/result.png,0.7742612361907959,mug_heart/adaptive_full_generic_support/seed_10,56.405413917964324,10,/cluster/users/grad/2025/25t8103/project/data/pretty_free_candidates/pexels_white_mug_6312107.jpg,0.00813292246311903,A minimalist photo of a plain white ceramic mug on a grey background.,34.299553430788535,0.019276240159247213,0.965357020198147,0.965357020198147,"A minimalist photo of the same white ceramic mug with a small red heart printed on the front, on the same grey background.",mug_heart
1.0,0.9389739980300268,1.0000000248352687,0.9389739657441775,-0.4971255386869113,-0.003351464370401421,13.484660704930624,0.0613839291036129,0.007627817530495425,7.583633740743001,31,0.9687065482139587,0.008259955793619156,0.027571890503168106,2.7571890503168106,0.9462541852678571,34.09922631273426,0.964185357093811,0.964185357093811,-0.007026446517556906,0.9860081076622009,0.3413586914539337,0.3117974102497101,-0.029561281204223633,0.3117974102497101,True,0.053745814732142856,0.9586684703826904,-0.029561281204223633,0.025309244791666668,,,0.8343907646692268,0.0613839291036129,0.025309244791666668,0.010564997703261369,0.005784178152680397,0.005784178152680397,42.825099199045404,0.007223456138385121,0.6457474231719971,a red heart on a white mug,0.22692078351974487,0.1642979085445404,0.21126042306423187,-0.015660360455513,0.21126042306423187,"189,110,315,221",0.02781285159289837,0.027751542627811432,/cluster/users/grad/2025/25t8103/project/experiments/support_v3_2026-06-02/normalized_512/eval_masks/mug_heart_eval_mask.png,fixed_eval_mask,1.0,38.500511169433594,0.01637277938425541,15.33380126953125,adaptive_full_generic_support,Generic support control,,0.00817665085196495,0.00817665085196495,34.21210802549885,0.019471284334711115,13.254321098327637,/cluster/users/grad/2025/25t8103/project/outputs/pretty_matrix/mug_heart/adaptive_full_generic_support/seed_11/result.png,0.7739148736000061,mug_heart/adaptive_full_generic_support/seed_11,50.858456952963024,11,/cluster/users/grad/2025/25t8103/project/data/pretty_free_candidates/pexels_white_mug_6312107.jpg,0.008116098120808601,A minimalist photo of a plain white ceramic mug on a grey background.,34.30794694743486,0.019257621767819255,0.9653464575369453,0.9653464575369453,"A minimalist photo of the same white ceramic mug with a small red heart printed on the front, on the same grey background.",mug_heart
1.0,0.9395228326320648,1.000000002483527,0.9395228599508604,-0.49719493091106415,-0.0034139952573847645,13.378676861524582,0.0613839291036129,0.007616661105809423,7.577389697233836,31,0.9679720997810364,0.008255002088844776,0.027534784749150276,2.7534784749150276,0.9462541852678571,34.10009434715951,0.9641855359077454,0.9641855359077454,-0.007282955572009087,0.985288143157959,0.34117281436920166,0.31157970428466797,-0.02959311008453369,0.31157970428466797,True,0.053745814732142856,0.958857536315918,-0.02959311008453369,0.025309244791666668,,,0.8355937612236422,0.0613839291036129,0.025309244791666668,0.010564997703261369,0.005802792496979237,0.005802792496979237,42.80164395249086,0.007242988612106145,0.6469089388847351,a red heart on a white mug,0.22842666506767273,0.16494756937026978,0.2130395770072937,-0.015387088060379028,0.2130395770072937,"189,110,315,221",0.027772925794124603,0.027720486745238304,/cluster/users/grad/2025/25t8103/project/experiments/support_v3_2026-06-02/normalized_512/eval_masks/mug_heart_eval_mask.png,fixed_eval_mask,1.0,38.500511169433594,0.01637277938425541,15.334484100341797,adaptive_full_generic_support,Generic support control,,0.008172090165317059,0.008172090165317059,34.212943900607485,0.019469410631557684,13.254321098327637,/cluster/users/grad/2025/25t8103/project/outputs/pretty_matrix/mug_heart/adaptive_full_generic_support/seed_12/result.png,0.7741907238960266,mug_heart/adaptive_full_generic_support/seed_12,80.25726378010586,12,/cluster/users/grad/2025/25t8103/project/data/pretty_free_candidates/pexels_white_mug_6312107.jpg,0.008112125098705292,A minimalist photo of a plain white ceramic mug on a grey background.,34.30869648234177,0.01925596003395343,0.9653477865994627,0.9653477865994627,"A minimalist photo of the same white ceramic mug with a small red heart printed on the front, on the same grey background.",mug_heart
1.0,0.0,0.0,0.0,0.0,0.0,0.0,0.0751488134264946,0.0,0.0,31,0.8594493865966797,0.014291089959442616,0.08874130249023438,8.874130249023438,0.9462541852678571,32.71639603529182,0.9580411314964294,0.9580411314964294,-0.027954911813139915,0.8940378427505493,0.3664149343967438,0.3298266530036926,-0.03658828139305115,0.3298266530036926,True,0.053745814732142856,0.8690407276153564,-0.03658828139305115,0.025309244791666668,,,0.8554174636312887,0.0751488134264946,0.025309244791666668,0.005741846577859439,0.006240523420274258,0.006240523420274258,41.86145135752801,0.008071001576209429,0.5827175378799438,a red heart on a white mug,0.18340462446212769,0.13214847445487976,0.16799132525920868,-0.015413299202919006,0.16799132525920868,"189,110,315,221",0.0896090492606163,0.08904603123664856,/cluster/users/grad/2025/25t8103/project/experiments/support_v3_2026-06-02/normalized_512/eval_masks/mug_heart_eval_mask.png,fixed_eval_mask,1.0,0.0,0.0,0.0,base_only,RF reconstruction / base reconstruction,,0.014072646386921406,0.014072646386921406,32.82588309520543,0.022840512540491215,12.228387355804443,/cluster/users/grad/2025/25t8103/project/outputs/pretty_matrix/mug_heart/base_only/seed_10/result.png,0.6812083721160889,mug_heart/base_only/seed_10,69.96668883296661,10,/cluster/users/grad/2025/25t8103/project/data/pretty_free_candidates/pexels_white_mug_6312107.jpg,0.013874422758817673,A minimalist photo of a plain white ceramic mug on a grey background.,32.92315551070637,0.022586150852777105,0.9589923932187598,0.9589923932187598,"A minimalist photo of the same white ceramic mug with a small red heart printed on the front, on the same grey background.",mug_heart
1.0,0.0,0.0,0.0,0.0,0.0,0.0,0.0751488134264946,0.0,0.0,31,0.8594493865966797,0.014291089959442616,0.08874130249023438,8.874130249023438,0.9462541852678571,32.71639603529182,0.9580411314964294,0.9580411314964294,-0.027954911813139915,0.8940378427505493,0.3664149343967438,0.3298266530036926,-0.03658828139305115,0.3298266530036926,True,0.053745814732142856,0.8690407276153564,-0.03658828139305115,0.025309244791666668,,,0.8554174636312887,0.0751488134264946,0.025309244791666668,0.005741846577859439,0.006240523420274258,0.006240523420274258,41.86145135752801,0.008071001576209429,0.5827175378799438,a red heart on a white mug,0.18340462446212769,0.13214847445487976,0.16799132525920868,-0.015413299202919006,0.16799132525920868,"189,110,315,221",0.0896090492606163,0.08904603123664856,/cluster/users/grad/2025/25t8103/project/experiments/support_v3_2026-06-02/normalized_512/eval_masks/mug_heart_eval_mask.png,fixed_eval_mask,1.0,0.0,0.0,0.0,base_only,RF reconstruction / base reconstruction,,0.014072646386921406,0.014072646386921406,32.82588309520543,0.022840512540491215,12.222283840179443,/cluster/users/grad/2025/25t8103/project/outputs/pretty_matrix/mug_heart/base_only/seed_11/result.png,0.6812083721160889,mug_heart/base_only/seed_11,54.35635492904112,11,/cluster/users/grad/2025/25t8103/project/data/pretty_free_candidates/pexels_white_mug_6312107.jpg,0.013874422758817673,A minimalist photo of a plain white ceramic mug on a grey background.,32.92315551070637,0.022586150852777105,0.9589923932187598,0.9589923932187598,"A minimalist photo of the same white ceramic mug with a small red heart printed on the front, on the same grey background.",mug_heart
1.0,0.0,0.0,0.0,0.0,0.0,0.0,0.0751488134264946,0.0,0.0,31,0.8594493865966797,0.014291089959442616,0.08874130249023438,8.874130249023438,0.9462541852678571,32.71639603529182,0.9580411314964294,0.9580411314964294,-0.027954911813139915,0.8940378427505493,0.3664149343967438,0.3298266530036926,-0.03658828139305115,0.3298266530036926,True,0.053745814732142856,0.8690407276153564,-0.03658828139305115,0.025309244791666668,,,0.8554174636312887,0.0751488134264946,0.025309244791666668,0.005741846577859439,0.006240523420274258,0.006240523420274258,41.86145135752801,0.008071001576209429,0.5827175378799438,a red heart on a white mug,0.18340462446212769,0.13214847445487976,0.16799132525920868,-0.015413299202919006,0.16799132525920868,"189,110,315,221",0.0896090492606163,0.08904603123664856,/cluster/users/grad/2025/25t8103/project/experiments/support_v3_2026-06-02/normalized_512/eval_masks/mug_heart_eval_mask.png,fixed_eval_mask,1.0,0.0,0.0,0.0,base_only,RF reconstruction / base reconstruction,,0.014072646386921406,0.014072646386921406,32.82588309520543,0.022840512540491215,12.222283840179443,/cluster/users/grad/2025/25t8103/project/outputs/pretty_matrix/mug_heart/base_only/seed_12/result.png,0.6812083721160889,mug_heart/base_only/seed_12,26.45588481100276,12,/cluster/users/grad/2025/25t8103/project/data/pretty_free_candidates/pexels_white_mug_6312107.jpg,0.013874422758817673,A minimalist photo of a plain white ceramic mug on a grey background.,32.92315551070637,0.022586150852777105,0.9589923932187598,0.9589923932187598,"A minimalist photo of the same white ceramic mug with a small red heart printed on the front, on the same grey background.",mug_heart
1.0,0.9221471572915713,1.0000000099341075,0.9221471423904101,0.0,0.0,35.74044986565908,0.0751488134264946,0.0,0.0,31,0.6958222389221191,0.03492102026939392,0.18822698295116425,18.822698295116425,0.9462541852678571,22.68340059587932,0.9114243388175964,0.9114243388175964,-0.03753798082470894,0.9537849426269531,0.3510322570800781,0.31693053245544434,-0.03410172462463379,0.31693053245544434,True,0.053745814732142856,0.7622716426849365,-0.03410172462463379,0.025309244791666668,,,0.7163373541515653,0.0751488134264946,0.025309244791666668,0.0,0.040695201605558395,0.040695201605558395,27.304819005037942,0.043127973279526506,0.6873425245285034,a red heart on a white mug,0.27372556924819946,0.2230166792869568,0.26504918932914734,-0.008676379919052124,0.26504918932914734,"189,110,315,221",0.18489962816238403,0.19387337565422058,/cluster/users/grad/2025/25t8103/project/experiments/support_v3_2026-06-02/normalized_512/eval_masks/mug_heart_eval_mask.png,fixed_eval_mask,1.0,192.15692138671875,0.0,0.0,direct_target,Direct target guidance,,0.035042811185121536,0.035042811185121536,22.76743224238715,0.07271573326167209,12.228387355804443,/cluster/users/grad/2025/25t8103/project/outputs/pretty_matrix/mug_heart/direct_target/seed_10/result.png,0.9595234990119934,mug_heart/direct_target/seed_10,31.75719489599578,10,/cluster/users/grad/2025/25t8103/project/data/pretty_free_candidates/pexels_white_mug_6312107.jpg,0.03518587723374367,A minimalist photo of a plain white ceramic mug on a grey background.,22.839274732873143,0.07211676937846165,0.9138093733173928,0.9138093733173928,"A minimalist photo of the same white ceramic mug with a small red heart printed on the front, on the same grey background.",mug_heart
1.0,0.9221471572915713,1.0000000099341075,0.9221471423904101,0.0,0.0,35.74044986565908,0.0751488134264946,0.0,0.0,31,0.6958222389221191,0.03492102026939392,0.18822698295116425,18.822698295116425,0.9462541852678571,22.68340059587932,0.9114243388175964,0.9114243388175964,-0.03753798082470894,0.9537849426269531,0.3510322570800781,0.31693053245544434,-0.03410172462463379,0.31693053245544434,True,0.053745814732142856,0.7622716426849365,-0.03410172462463379,0.025309244791666668,,,0.7163373541515653,0.0751488134264946,0.025309244791666668,0.0,0.040695201605558395,0.040695201605558395,27.304819005037942,0.043127973279526506,0.6873425245285034,a red heart on a white mug,0.27372556924819946,0.2230166792869568,0.26504918932914734,-0.008676379919052124,0.26504918932914734,"189,110,315,221",0.18489962816238403,0.19387337565422058,/cluster/users/grad/2025/25t8103/project/experiments/support_v3_2026-06-02/normalized_512/eval_masks/mug_heart_eval_mask.png,fixed_eval_mask,1.0,192.15692138671875,0.0,0.0,direct_target,Direct target guidance,,0.035042811185121536,0.035042811185121536,22.76743224238715,0.07271573326167209,12.222283840179443,/cluster/users/grad/2025/25t8103/project/outputs/pretty_matrix/mug_heart/direct_target/seed_11/result.png,0.9595234990119934,mug_heart/direct_target/seed_11,26.771855278871953,11,/cluster/users/grad/2025/25t8103/project/data/pretty_free_candidates/pexels_white_mug_6312107.jpg,0.03518587723374367,A minimalist photo of a plain white ceramic mug on a grey background.,22.839274732873143,0.07211676937846165,0.9138093733173928,0.9138093733173928,"A minimalist photo of the same white ceramic mug with a small red heart printed on the front, on the same grey background.",mug_heart
1.0,0.9221471572915713,1.0000000099341075,0.9221471423904101,0.0,0.0,35.74044986565908,0.0751488134264946,0.0,0.0,31,0.6958222389221191,0.03492102026939392,0.18822698295116425,18.822698295116425,0.9462541852678571,22.68340059587932,0.9114243388175964,0.9114243388175964,-0.03753798082470894,0.9537849426269531,0.3510322570800781,0.31693053245544434,-0.03410172462463379,0.31693053245544434,True,0.053745814732142856,0.7622716426849365,-0.03410172462463379,0.025309244791666668,,,0.7163373541515653,0.0751488134264946,0.025309244791666668,0.0,0.040695201605558395,0.040695201605558395,27.304819005037942,0.043127973279526506,0.6873425245285034,a red heart on a white mug,0.27372556924819946,0.2230166792869568,0.26504918932914734,-0.008676379919052124,0.26504918932914734,"189,110,315,221",0.18489962816238403,0.19387337565422058,/cluster/users/grad/2025/25t8103/project/experiments/support_v3_2026-06-02/normalized_512/eval_masks/mug_heart_eval_mask.png,fixed_eval_mask,1.0,192.15692138671875,0.0,0.0,direct_target,Direct target guidance,,0.035042811185121536,0.035042811185121536,22.76743224238715,0.07271573326167209,12.222283840179443,/cluster/users/grad/2025/25t8103/project/outputs/pretty_matrix/mug_heart/direct_target/seed_12/result.png,0.9595234990119934,mug_heart/direct_target/seed_12,26.67875806102529,12,/cluster/users/grad/2025/25t8103/project/data/pretty_free_candidates/pexels_white_mug_6312107.jpg,0.03518587723374367,A minimalist photo of a plain white ceramic mug on a grey background.,22.839274732873143,0.07211676937846165,0.9138093733173928,0.9138093733173928,"A minimalist photo of the same white ceramic mug with a small red heart printed on the front, on the same grey background.",mug_heart
1.0,0.9080858007073402,0.9999999975164732,0.9080857957402865,-0.43748198946317035,7.3168861331486075e-09,34.75441642602285,0.0096726194024086,0.0074213249802899854,18.80986479918162,31,0.9808913469314575,0.0065306080505251884,0.019168749451637268,1.9168749451637268,0.9462541852678571,34.54334410460107,0.9651729464530945,0.9651729464530945,0.22528637945652008,0.8576595783233643,0.26200008392333984,0.32572776079177856,0.06372767686843872,0.32572776079177856,True,0.053745814732142856,0.8214644193649292,0.06372767686843872,0.025309244791666668,,,2.858473379038738,0.0096726194024086,0.025309244791666668,0.0018373909049150207,0.21217390894889832,0.21217390894889832,8.26768986608818,0.3860250667119121,4.931166172027588,a red heart on a white mug,0.24530482292175293,0.28692322969436646,0.3360797166824341,0.09077489376068115,0.3360797166824341,"189,110,315,221",0.09387346357107162,0.0680091604590416,/cluster/users/grad/2025/25t8103/project/experiments/support_v3_2026-06-02/normalized_512/eval_masks/mug_heart_eval_mask.png,fixed_eval_mask,1.0,165.9480743408203,0.0163195189088583,27.98194694519043,support_v3_controller_rmsgap,DeCE-RF,,0.00720483623445034,0.00720483623445034,31.040517698510115,0.028052664327955633,12.228387355804443,/cluster/users/grad/2025/25t8103/project/outputs/phase2_selected_metric_refresh_20260612/mug_heart/support_v3_controller_rmsgap/seed_10/result.png,1.725104808807373,mug_heart/support_v3_controller_rmsgap/seed_10,48.24358635395765,10,/cluster/users/grad/2025/25t8103/project/data/pretty_free_candidates/pexels_white_mug_6312107.jpg,0.01239245105534792,A minimalist photo of a plain white ceramic mug on a grey background.,23.430874167644923,0.0673684090962868,0.955434208847868,0.955434208847868,"A minimalist photo of the same white ceramic mug with a small flat hard-edged solid red heart decal printed cleanly on the front, with sharp printed edges and no glow or blur, while the mug shape, handle, highlights, bottom shadow, grey background, and lighting remain unchanged.",mug_heart
1.0,0.9067313969135284,1.0000000049670537,0.9067314167817434,-0.4391677565872669,7.221388486899442e-09,34.51342604557673,0.0096726194024086,0.0074282535060774535,18.809292435646057,31,0.9810361862182617,0.006288474425673485,0.019129769876599312,1.9129769876599312,0.9462541852678571,34.56272110437817,0.9653872847557068,0.9653872847557068,0.2269095480442047,0.8558183908462524,0.2625845670700073,0.3276312053203583,0.06504663825035095,0.3276312053203583,True,0.053745814732142856,0.8124958276748657,0.06504663825035095,0.025309244791666668,,,2.9145674130911092,0.0096726194024086,0.025309244791666668,0.004593477262287551,0.20755761861801147,0.20755761861801147,8.353139079852664,0.3822460849865852,4.942637920379639,a red heart on a white mug,0.22544646263122559,0.25808990001678467,0.3041800856590271,0.07873362302780151,0.3041800856590271,"189,110,315,221",0.09363687038421631,0.06793414801359177,/cluster/users/grad/2025/25t8103/project/experiments/support_v3_2026-06-02/normalized_512/eval_masks/mug_heart_eval_mask.png,fixed_eval_mask,1.0,165.13510131835938,0.0163195189088583,27.98194694519043,support_v3_controller_rmsgap,DeCE-RF,,0.006950896233320236,0.006950896233320236,31.060331650140533,0.027988744491968174,12.228387355804443,/cluster/users/grad/2025/25t8103/project/outputs/phase2_selected_metric_refresh_20260612/mug_heart/support_v3_controller_rmsgap/seed_11/result.png,1.695839285850525,mug_heart/support_v3_controller_rmsgap/seed_11,188.09443619597005,11,/cluster/users/grad/2025/25t8103/project/data/pretty_free_candidates/pexels_white_mug_6312107.jpg,0.012028100900352001,A minimalist photo of a plain white ceramic mug on a grey background.,23.505162603743116,0.06679467942159746,0.9557554823310024,0.9557554823310024,"A minimalist photo of the same white ceramic mug with a small flat hard-edged solid red heart decal printed cleanly on the front, with sharp printed edges and no glow or blur, while the mug shape, handle, highlights, bottom shadow, grey background, and lighting remain unchanged.",mug_heart
1.0,0.9072785675525665,0.9999999751647314,0.907278540233771,-0.43940597648421925,7.023144348924694e-09,35.121918082237244,0.0096726194024086,0.00741166491934564,18.81195565064748,31,0.9785093069076538,0.00684595899656415,0.019521135836839676,1.9521135836839676,0.9462541852678571,34.50389795152696,0.9651762843132019,0.9651762843132019,0.227952241897583,0.8548116683959961,0.2615862488746643,0.32729512453079224,0.06570887565612793,0.32729512453079224,True,0.053745814732142856,0.7562570571899414,0.06570887565612793,0.025309244791666668,,,3.0178128670878683,0.0096726194024086,0.025309244791666668,0.0059715204409738175,0.18351751565933228,0.18351751565933228,9.417037665441951,0.3381801533448304,5.094236373901367,a red heart on a white mug,0.21360790729522705,0.24648813903331757,0.29058611392974854,0.07697820663452148,0.29058611392974854,"189,110,315,221",0.09182415157556534,0.06730679422616959,/cluster/users/grad/2025/25t8103/project/experiments/support_v3_2026-06-02/normalized_512/eval_masks/mug_heart_eval_mask.png,fixed_eval_mask,1.0,165.06503295898438,0.0163195189088583,27.98194694519043,support_v3_controller_rmsgap,DeCE-RF,,0.007494150195270777,0.007494150195270777,31.314759653069064,0.02718078637951333,12.228387355804443,/cluster/users/grad/2025/25t8103/project/outputs/phase2_selected_metric_refresh_20260612/mug_heart/support_v3_controller_rmsgap/seed_12/result.png,1.6880557537078857,mug_heart/support_v3_controller_rmsgap/seed_12,58.40453892498044,12,/cluster/users/grad/2025/25t8103/project/data/pretty_free_candidates/pexels_white_mug_6312107.jpg,0.011949168518185616,A minimalist photo of a plain white ceramic mug on a grey background.,24.419386867812456,0.06012161755056365,0.9555451257960642,0.9555451257960642,"A minimalist photo of the same white ceramic mug with a small flat hard-edged solid red heart decal printed cleanly on the front, with sharp printed edges and no glow or blur, while the mug shape, handle, highlights, bottom shadow, grey background, and lighting remain unchanged.",mug_heart
1.0,0.929881731669108,1.0,0.9298817391196886,-0.4220322122176488,-0.0007763184545789651,39.169399877389274,0.0357142873108387,0.007536702643847093,15.04246155420939,31,0.786545991897583,0.007420913781970739,0.04484103247523308,4.484103247523308,0.9462541852678571,34.06767314212221,0.9640548825263977,0.9640548825263977,0.28293395042419434,0.8486872911453247,0.27641984820365906,0.33469563722610474,0.05827578902244568,0.33469563722610474,True,0.053745814732142856,0.7844215631484985,0.05827578902244568,0.025309244791666668,,,0.8419619468096934,0.0357142873108387,0.025309244791666668,0.0,0.06521506607532501,0.06521506607532501,16.348629688723516,0.15225393141758473,2.619922399520874,a red heart on a white mug,0.2510281205177307,0.27113062143325806,0.3145837187767029,0.06355559825897217,0.3145837187767029,"189,110,315,221",0.0768074095249176,0.0744297206401825,/cluster/users/grad/2025/25t8103/project/experiments/support_v3_2026-06-02/normalized_512/eval_masks/mug_heart_eval_mask.png,fixed_eval_mask,1.0,165.59217834472656,0.015353056602180004,26.62150001525879,support_v3_fixed,Fixed DeCE displacement,,0.009114731103181839,0.009114731103181839,29.097853812270923,0.03508385515882055,13.37908124923706,/cluster/users/grad/2025/25t8103/project/outputs/pretty_matrix/mug_heart/support_v3_fixed/seed_10/result.png,3.111687421798706,mug_heart/support_v3_fixed/seed_10,108.57680559298024,10,/cluster/users/grad/2025/25t8103/project/data/pretty_free_candidates/pexels_white_mug_6312107.jpg,0.010534586384892464,A minimalist photo of a plain white ceramic mug on a grey background.,27.480152660625905,0.04226611856323989,0.9572865040632298,0.9572865040632298,"A minimalist photo of the same white ceramic mug with a small red heart printed on the front, on the same grey background.",mug_heart
1.0,0.9300777092576027,1.0000000049670537,0.9300777092576027,-0.42122944568594295,-0.0009188161017542976,38.938442746798195,0.0357142873108387,0.007531306585102963,15.047114809354147,31,0.7837262153625488,0.007424832787364721,0.04554131627082825,4.554131627082825,0.9462541852678571,34.03829009945036,0.9640199542045593,0.9640199542045593,0.28393661975860596,0.8487066626548767,0.27607470750808716,0.33463922142982483,0.05856451392173767,0.33463922142982483,True,0.053745814732142856,0.7801463603973389,0.05856451392173767,0.025309244791666668,,,0.8393221892951253,0.0357142873108387,0.025309244791666668,0.0,0.06421350687742233,0.06421350687742233,16.39675435483394,0.15141269245947983,2.6034083366394043,a red heart on a white mug,0.24720291793346405,0.2688773274421692,0.31158769130706787,0.06438477337360382,0.31158769130706787,"189,110,315,221",0.07657743990421295,0.0743303894996643,/cluster/users/grad/2025/25t8103/project/experiments/support_v3_2026-06-02/normalized_512/eval_masks/mug_heart_eval_mask.png,fixed_eval_mask,1.0,162.38671875,0.015353056602180004,26.550189971923828,support_v3_fixed,Fixed DeCE displacement,,0.009110630489885807,0.009110630489885807,29.065308940979833,0.03521555626921142,13.25266408920288,/cluster/users/grad/2025/25t8103/project/outputs/pretty_matrix/mug_heart/support_v3_fixed/seed_11/result.png,3.1017985343933105,mug_heart/support_v3_fixed/seed_11,82.0442550838925,11,/cluster/users/grad/2025/25t8103/project/data/pretty_free_candidates/pexels_white_mug_6312107.jpg,0.010505241341888905,A minimalist photo of a plain white ceramic mug on a grey background.,27.4739364379918,0.042296377943928105,0.9572948921668298,0.9572948921668298,"A minimalist photo of the same white ceramic mug with a small red heart printed on the front, on the same grey background.",mug_heart
1.0,0.9302177553375562,1.000000002483527,0.9302177354693413,-0.42045578360557556,-0.0010206021964525764,38.66667546828588,0.0357142873108387,0.00752791987421612,15.055533488591513,31,0.785081148147583,0.00742137199267745,0.045077480375766754,4.507748037576675,0.9462541852678571,34.05945608724086,0.9640331864356995,0.9640331864356995,0.28443193435668945,0.8496637940406799,0.2767876088619232,0.3352504372596741,0.058462828397750854,0.3352504372596741,True,0.053745814732142856,0.7806652784347534,0.058462828397750854,0.025309244791666668,,,0.8402806699342324,0.0357142873108387,0.025309244791666668,0.0,0.06432338804006577,0.06432338804006577,16.414852275372677,0.15109753740055057,2.6067497730255127,a red heart on a white mug,0.24748893082141876,0.26760920882225037,0.3106834292411804,0.06319449841976166,0.3106834292411804,"189,110,315,221",0.07645756751298904,0.07419871538877487,/cluster/users/grad/2025/25t8103/project/experiments/support_v3_2026-06-02/normalized_512/eval_masks/mug_heart_eval_mask.png,fixed_eval_mask,1.0,159.0530242919922,0.015353056602180004,26.53581428527832,support_v3_fixed,Fixed DeCE displacement,,0.00909701082855463,0.00909701082855463,29.09696791026537,0.03508743365728363,13.25266408920288,/cluster/users/grad/2025/25t8103/project/outputs/pretty_matrix/mug_heart/support_v3_fixed/seed_12/result.png,3.1022369861602783,mug_heart/support_v3_fixed/seed_12,84.86995461001061,12,/cluster/users/grad/2025/25t8103/project/data/pretty_free_candidates/pexels_white_mug_6312107.jpg,0.010494749061763287,A minimalist photo of a plain white ceramic mug on a grey background.,27.50119308340303,0.04216385836796579,0.9573160199341705,0.9573160199341705,"A minimalist photo of the same white ceramic mug with a small red heart printed on the front, on the same grey background.",mug_heart
1.0,0.9296830892562866,1.0000000198682149,0.9296831240256628,-0.39992863064010936,0.00031849258387713536,20.914268493652344,0.0435267873108387,0.014678796277924752,10.620822509129843,31,0.9776400923728943,0.024215247482061386,0.09657137840986252,9.657137840986252,0.8874337332589286,25.74775347365543,0.8011115789413452,0.8011115789413452,-0.0313166119158268,0.9745804071426392,0.24025708436965942,0.24917179346084595,0.008914709091186523,0.24917179346084595,True,0.11256626674107142,0.9669598340988159,0.008914709091186523,0.061930338541666664,,,0.7865895070462392,0.0435267873108387,0.061930338541666664,0.0,0.019981693476438522,0.019981693476438522,24.730469340224204,0.05800648279945869,3.2738378047943115,a cable-knit pillow,0.24237900972366333,0.22159306704998016,0.24934661388397217,0.006967604160308838,0.24934661388397217,"51,81,334,281",0.10009899735450745,0.09931877255439758,/cluster/users/grad/2025/25t8103/project/experiments/support_v3_2026-06-02/normalized_512/eval_masks/pillow_same_color_cable_knit_eval_mask.png,fixed_eval_mask,1.0,50.155460357666016,0.05208474397659302,22.591821670532227,adaptive_full_generic_support,Generic support control,,0.024701489135622978,0.024701489135622978,25.308831029171884,0.05426982842365863,13.381566524505615,/cluster/users/grad/2025/25t8103/project/outputs/pretty_matrix/pillow_same_color_cable_knit/adaptive_full_generic_support/seed_10/result.png,4.162066459655762,pillow_same_color_cable_knit/adaptive_full_generic_support/seed_10,54.481746443983866,10,/cluster/users/grad/2025/25t8103/project/data/phase2_candidates/pexels_white_pillow_brown_sofa_6312089.jpg,0.02440919354557991,A cozy living room photo with a plain white pillow on a brown sofa.,25.27068618300817,0.054508683227084215,0.8060142999149045,0.8060142999149045,"A photo of the same white pillow on the same brown sofa, with the entire pillow surface changed into same-color white chunky cable-knit fabric with thick braided knitted columns, while preserving the pillow shape, outline, lighting, sofa, background, and the rest of the scene.",pillow_same_color_cable_knit
1.0,0.9296845396359762,0.9999999950329462,0.929684542119503,-0.39970079995691776,0.00021761204576857077,20.916580537954967,0.0435267873108387,0.014688932923794104,10.629909435907999,31,0.9781194925308228,0.024311227723956108,0.09641946852207184,9.641946852207184,0.8874337332589286,25.720257157014217,0.8013810515403748,0.8013810515403748,-0.02459096722304821,0.9746418595314026,0.23914676904678345,0.2492731511592865,0.010126382112503052,0.2492731511592865,True,0.11256626674107142,0.9672138690948486,0.010126382112503052,0.061930338541666664,,,0.7866641769289089,0.0435267873108387,0.061930338541666664,0.0,0.0199954342097044,0.0199954342097044,24.729203740227415,0.05801493539973105,3.2733991146087646,a cable-knit pillow,0.24060013890266418,0.2210340052843094,0.24866005778312683,0.008059918880462646,0.24866005778312683,"51,81,334,281",0.09995971620082855,0.09918549656867981,/cluster/users/grad/2025/25t8103/project/experiments/support_v3_2026-06-02/normalized_512/eval_masks/pillow_same_color_cable_knit_eval_mask.png,fixed_eval_mask,1.0,49.78449249267578,0.05208474397659302,22.591821670532227,adaptive_full_generic_support,Generic support control,,0.024792002514004707,0.024792002514004707,25.285290548111846,0.05441710989703364,13.381566524505615,/cluster/users/grad/2025/25t8103/project/outputs/pretty_matrix/pillow_same_color_cable_knit/adaptive_full_generic_support/seed_11/result.png,4.161113739013672,pillow_same_color_cable_knit/adaptive_full_generic_support/seed_11,49.937846618995536,11,/cluster/users/grad/2025/25t8103/project/data/phase2_candidates/pexels_white_pillow_brown_sofa_6312089.jpg,0.024494951590895653,A cozy living room photo with a plain white pillow on a brown sofa.,25.24870487996423,0.05464680255805577,0.8062459634469092,0.8062459634469092,"A photo of the same white pillow on the same brown sofa, with the entire pillow surface changed into same-color white chunky cable-knit fabric with thick braided knitted columns, while preserving the pillow shape, outline, lighting, sofa, background, and the rest of the scene.",pillow_same_color_cable_knit
1.0,0.9308558429280916,0.9999999975164732,0.9308558255434036,-0.4002362421403329,4.419023268080006e-05,20.53516952196757,0.0435267873108387,0.014670445797188828,10.619360009829203,31,0.9768478870391846,0.023840978741645813,0.09539636224508286,9.539636224508286,0.8874337332589286,25.86505670022952,0.8013728857040405,0.8013728857040405,-0.027157215401530266,0.9748864769935608,0.2394944131374359,0.249115988612175,0.009621575474739075,0.249115988612175,True,0.11256626674107142,0.9656925201416016,0.009621575474739075,0.061930338541666664,,,0.7857731624807462,0.0435267873108387,0.061930338541666664,0.0,0.019958259537816048,0.019958259537816048,24.726728293092748,0.058031471802806815,3.2710444927215576,a cable-knit pillow,0.24185560643672943,0.2212732881307602,0.24866917729377747,0.006813570857048035,0.24866917729377747,"51,81,334,281",0.09893888980150223,0.0981549471616745,/cluster/users/grad/2025/25t8103/project/experiments/support_v3_2026-06-02/normalized_512/eval_masks/pillow_same_color_cable_knit_eval_mask.png,fixed_eval_mask,1.0,51.93861770629883,0.05208474397659302,22.591821670532227,adaptive_full_generic_support,Generic support control,,0.024348173290491104,0.024348173290491104,25.409314468108345,0.05364562094555326,13.381566524505615,/cluster/users/grad/2025/25t8103/project/outputs/pretty_matrix/pillow_same_color_cable_knit/adaptive_full_generic_support/seed_12/result.png,4.162835597991943,pillow_same_color_cable_knit/adaptive_full_generic_support/seed_12,54.83429874799913,12,/cluster/users/grad/2025/25t8103/project/data/phase2_candidates/pexels_white_pillow_brown_sofa_6312089.jpg,0.024076303467154503,A cozy living room photo with a plain white pillow on a brown sofa.,25.36377812260161,0.05392760012943143,0.806289835787292,0.806289835787292,"A photo of the same white pillow on the same brown sofa, with the entire pillow surface changed into same-color white chunky cable-knit fabric with thick braided knitted columns, while preserving the pillow shape, outline, lighting, sofa, background, and the rest of the scene.",pillow_same_color_cable_knit
1.0,0.0,0.0,0.0,0.0,0.0,0.0,0.1815476268529892,0.0,0.0,31,0.7712754011154175,0.0442933663725853,0.3170798718929291,31.707987189292908,0.8874337332589286,23.366899710770316,0.7444574236869812,0.7444574236869812,-0.011309011839330196,0.8488563299179077,0.25508156418800354,0.2659592032432556,0.010877639055252075,0.2659592032432556,True,0.11256626674107142,0.7523101568222046,0.010877639055252075,0.061930338541666664,,,0.7549003924566317,0.1815476268529892,0.061930338541666664,0.0,0.038456693291664124,0.038456693291664124,23.241079908082327,0.06885666822065122,2.8442635536193848,a cable-knit pillow,0.24587242305278778,0.2517855763435364,0.2693198621273041,0.023447439074516296,0.2693198621273041,"51,81,334,281",0.3309292197227478,0.326516330242157,/cluster/users/grad/2025/25t8103/project/experiments/support_v3_2026-06-02/normalized_512/eval_masks/pillow_same_color_cable_knit_eval_mask.png,fixed_eval_mask,1.0,0.0,0.0,0.0,base_only,RF reconstruction / base reconstruction,,0.044283073395490646,0.044283073395490646,23.223385904232753,0.06899707893221538,12.228387355804443,/cluster/users/grad/2025/25t8103/project/outputs/pretty_matrix/pillow_same_color_cable_knit/base_only/seed_10/result.png,3.767733573913574,pillow_same_color_cable_knit/base_only/seed_10,27.244667913008016,10,/cluster/users/grad/2025/25t8103/project/data/phase2_candidates/pexels_white_pillow_brown_sofa_6312089.jpg,0.04392223060131073,A cozy living room photo with a plain white pillow on a brown sofa.,23.224479498581427,0.06898839242238386,0.7552240860693088,0.7552240860693088,"A photo of the same white pillow on the same brown sofa, with the entire pillow surface changed into same-color white chunky cable-knit fabric with thick braided knitted columns, while preserving the pillow shape, outline, lighting, sofa, background, and the rest of the scene.",pillow_same_color_cable_knit
1.0,0.0,0.0,0.0,0.0,0.0,0.0,0.1815476268529892,0.0,0.0,31,0.7712754011154175,0.0442933663725853,0.3170798718929291,31.707987189292908,0.8874337332589286,23.366899710770316,0.7444574236869812,0.7444574236869812,-0.011309011839330196,0.8488563299179077,0.25508156418800354,0.2659592032432556,0.010877639055252075,0.2659592032432556,True,0.11256626674107142,0.7523101568222046,0.010877639055252075,0.061930338541666664,,,0.7549003924566317,0.1815476268529892,0.061930338541666664,0.0,0.038456693291664124,0.038456693291664124,23.241079908082327,0.06885666822065122,2.8442635536193848,a cable-knit pillow,0.24587242305278778,0.2517855763435364,0.2693198621273041,0.023447439074516296,0.2693198621273041,"51,81,334,281",0.3309292197227478,0.326516330242157,/cluster/users/grad/2025/25t8103/project/experiments/support_v3_2026-06-02/normalized_512/eval_masks/pillow_same_color_cable_knit_eval_mask.png,fixed_eval_mask,1.0,0.0,0.0,0.0,base_only,RF reconstruction / base reconstruction,,0.044283073395490646,0.044283073395490646,23.223385904232753,0.06899707893221538,12.228387355804443,/cluster/users/grad/2025/25t8103/project/outputs/pretty_matrix/pillow_same_color_cable_knit/base_only/seed_11/result.png,3.767733573913574,pillow_same_color_cable_knit/base_only/seed_11,28.00209794897819,11,/cluster/users/grad/2025/25t8103/project/data/phase2_candidates/pexels_white_pillow_brown_sofa_6312089.jpg,0.04392223060131073,A cozy living room photo with a plain white pillow on a brown sofa.,23.224479498581427,0.06898839242238386,0.7552240860693088,0.7552240860693088,"A photo of the same white pillow on the same brown sofa, with the entire pillow surface changed into same-color white chunky cable-knit fabric with thick braided knitted columns, while preserving the pillow shape, outline, lighting, sofa, background, and the rest of the scene.",pillow_same_color_cable_knit
1.0,0.0,0.0,0.0,0.0,0.0,0.0,0.1815476268529892,0.0,0.0,31,0.7712754011154175,0.0442933663725853,0.3170798718929291,31.707987189292908,0.8874337332589286,23.366899710770316,0.7444574236869812,0.7444574236869812,-0.011309011839330196,0.8488563299179077,0.25508156418800354,0.2659592032432556,0.010877639055252075,0.2659592032432556,True,0.11256626674107142,0.7523101568222046,0.010877639055252075,0.061930338541666664,,,0.7549003924566317,0.1815476268529892,0.061930338541666664,0.0,0.038456693291664124,0.038456693291664124,23.241079908082327,0.06885666822065122,2.8442635536193848,a cable-knit pillow,0.24587242305278778,0.2517855763435364,0.2693198621273041,0.023447439074516296,0.2693198621273041,"51,81,334,281",0.3309292197227478,0.326516330242157,/cluster/users/grad/2025/25t8103/project/experiments/support_v3_2026-06-02/normalized_512/eval_masks/pillow_same_color_cable_knit_eval_mask.png,fixed_eval_mask,1.0,0.0,0.0,0.0,base_only,RF reconstruction / base reconstruction,,0.044283073395490646,0.044283073395490646,23.223385904232753,0.06899707893221538,12.228387355804443,/cluster/users/grad/2025/25t8103/project/outputs/pretty_matrix/pillow_same_color_cable_knit/base_only/seed_12/result.png,3.767733573913574,pillow_same_color_cable_knit/base_only/seed_12,27.64795045199571,12,/cluster/users/grad/2025/25t8103/project/data/phase2_candidates/pexels_white_pillow_brown_sofa_6312089.jpg,0.04392223060131073,A cozy living room photo with a plain white pillow on a brown sofa.,23.224479498581427,0.06898839242238386,0.7552240860693088,0.7552240860693088,"A photo of the same white pillow on the same brown sofa, with the entire pillow surface changed into same-color white chunky cable-knit fabric with thick braided knitted columns, while preserving the pillow shape, outline, lighting, sofa, background, and the rest of the scene.",pillow_same_color_cable_knit
1.0,0.9382781585057577,1.0000000422199566,0.9382781560222307,0.0,0.0,84.98802773157756,0.1815476268529892,0.0,0.0,31,0.6158686280250549,0.07399596273899078,0.4031057059764862,40.31057059764862,0.8874337332589286,18.17939429795076,0.6720360517501831,0.6720360517501831,0.03084363043308258,0.8620127439498901,0.257522851228714,0.289356529712677,0.03183367848396301,0.289356529712677,True,0.11256626674107142,0.4793248772621155,0.03183367848396301,0.061930338541666664,,,1.153242094926961,0.1815476268529892,0.061930338541666664,0.01811526187347475,0.15499372780323029,0.15499372780323029,13.221420336091485,0.2182373016149169,14.029706954956055,a cable-knit pillow,0.24187105894088745,0.2610154151916504,0.27817419171333313,0.03630313277244568,0.27817419171333313,"51,81,334,281",0.479942262172699,0.44259727001190186,/cluster/users/grad/2025/25t8103/project/experiments/support_v3_2026-06-02/normalized_512/eval_masks/pillow_same_color_cable_knit_eval_mask.png,fixed_eval_mask,1.0,265.6778259277344,0.0,0.0,direct_target,Direct target guidance,,0.08127624541521072,0.08127624541521072,17.17071737812652,0.13850457885942083,12.228387355804443,/cluster/users/grad/2025/25t8103/project/outputs/pretty_matrix/pillow_same_color_cable_knit/direct_target/seed_10/result.png,12.165448188781738,pillow_same_color_cable_knit/direct_target/seed_10,27.774599038006272,10,/cluster/users/grad/2025/25t8103/project/data/phase2_candidates/pexels_white_pillow_brown_sofa_6312089.jpg,0.0858415961265564,A cozy living room photo with a plain white pillow on a brown sofa.,16.78918409128997,0.14472407932184686,0.6189342776282556,0.6189342776282556,"A photo of the same white pillow on the same brown sofa, with the entire pillow surface changed into same-color white chunky cable-knit fabric with thick braided knitted columns, while preserving the pillow shape, outline, lighting, sofa, background, and the rest of the scene.",pillow_same_color_cable_knit
1.0,0.9382781585057577,1.0000000422199566,0.9382781560222307,0.0,0.0,84.98802773157756,0.1815476268529892,0.0,0.0,31,0.6158686280250549,0.07399596273899078,0.4031057059764862,40.31057059764862,0.8874337332589286,18.17939429795076,0.6720360517501831,0.6720360517501831,0.03084363043308258,0.8620127439498901,0.257522851228714,0.289356529712677,0.03183367848396301,0.289356529712677,True,0.11256626674107142,0.4793248772621155,0.03183367848396301,0.061930338541666664,,,1.153242094926961,0.1815476268529892,0.061930338541666664,0.01811526187347475,0.15499372780323029,0.15499372780323029,13.221420336091485,0.2182373016149169,14.029706954956055,a cable-knit pillow,0.24187105894088745,0.2610154151916504,0.27817419171333313,0.03630313277244568,0.27817419171333313,"51,81,334,281",0.479942262172699,0.44259727001190186,/cluster/users/grad/2025/25t8103/project/experiments/support_v3_2026-06-02/normalized_512/eval_masks/pillow_same_color_cable_knit_eval_mask.png,fixed_eval_mask,1.0,265.6778259277344,0.0,0.0,direct_target,Direct target guidance,,0.08127624541521072,0.08127624541521072,17.17071737812652,0.13850457885942083,12.228387355804443,/cluster/users/grad/2025/25t8103/project/outputs/pretty_matrix/pillow_same_color_cable_knit/direct_target/seed_11/result.png,12.165448188781738,pillow_same_color_cable_knit/direct_target/seed_11,27.59783980701468,11,/cluster/users/grad/2025/25t8103/project/data/phase2_candidates/pexels_white_pillow_brown_sofa_6312089.jpg,0.0858415961265564,A cozy living room photo with a plain white pillow on a brown sofa.,16.78918409128997,0.14472407932184686,0.6189342776282556,0.6189342776282556,"A photo of the same white pillow on the same brown sofa, with the entire pillow surface changed into same-color white chunky cable-knit fabric with thick braided knitted columns, while preserving the pillow shape, outline, lighting, sofa, background, and the rest of the scene.",pillow_same_color_cable_knit
1.0,0.9382781585057577,1.0000000422199566,0.9382781560222307,0.0,0.0,84.98802773157756,0.1815476268529892,0.0,0.0,31,0.6158686280250549,0.07399596273899078,0.4031057059764862,40.31057059764862,0.8874337332589286,18.17939429795076,0.6720360517501831,0.6720360517501831,0.03084363043308258,0.8620127439498901,0.257522851228714,0.289356529712677,0.03183367848396301,0.289356529712677,True,0.11256626674107142,0.4793248772621155,0.03183367848396301,0.061930338541666664,,,1.153242094926961,0.1815476268529892,0.061930338541666664,0.01811526187347475,0.15499372780323029,0.15499372780323029,13.221420336091485,0.2182373016149169,14.029706954956055,a cable-knit pillow,0.24187105894088745,0.2610154151916504,0.27817419171333313,0.03630313277244568,0.27817419171333313,"51,81,334,281",0.479942262172699,0.44259727001190186,/cluster/users/grad/2025/25t8103/project/experiments/support_v3_2026-06-02/normalized_512/eval_masks/pillow_same_color_cable_knit_eval_mask.png,fixed_eval_mask,1.0,265.6778259277344,0.0,0.0,direct_target,Direct target guidance,,0.08127624541521072,0.08127624541521072,17.17071737812652,0.13850457885942083,12.228387355804443,/cluster/users/grad/2025/25t8103/project/outputs/pretty_matrix/pillow_same_color_cable_knit/direct_target/seed_12/result.png,12.165448188781738,pillow_same_color_cable_knit/direct_target/seed_12,26.003446802002145,12,/cluster/users/grad/2025/25t8103/project/data/phase2_candidates/pexels_white_pillow_brown_sofa_6312089.jpg,0.0858415961265564,A cozy living room photo with a plain white pillow on a brown sofa.,16.78918409128997,0.14472407932184686,0.6189342776282556,0.6189342776282556,"A photo of the same white pillow on the same brown sofa, with the entire pillow surface changed into same-color white chunky cable-knit fabric with thick braided knitted columns, while preserving the pillow shape, outline, lighting, sofa, background, and the rest of the scene.",pillow_same_color_cable_knit
1.0,0.93160496900479,1.0000000124176343,0.9316049565871557,-0.411201527963082,-5.249542023951411e-05,60.61014620463053,0.0956101194024086,0.012021102685442505,24.70545196533203,31,0.9942946434020996,0.0018115465063601732,0.008406312204897404,0.8406312204897404,0.8874337332589286,41.367077272865835,0.9931980967521667,0.9931980967521667,0.062368568032979965,0.9729740619659424,0.24316424131393433,0.2717205882072449,0.028556346893310547,0.2717205882072449,True,0.11256626674107142,0.9688584804534912,0.028556346893310547,0.061930338541666664,,,1.183745303731416,0.0956101194024086,0.061930338541666664,0.0,0.024625688791275024,0.024625688791275024,29.131127002332143,0.034949715907213796,7.333813190460205,a cable-knit pillow,0.23678454756736755,0.2582361400127411,0.2689898908138275,0.03220534324645996,0.2689898908138275,"51,81,334,281",0.045575615018606186,0.0255691297352314,/cluster/users/grad/2025/25t8103/project/experiments/support_v3_2026-06-02/normalized_512/eval_masks/pillow_same_color_cable_knit_eval_mask.png,fixed_eval_mask,1.0,164.33177185058594,0.03295525908470154,41.641788482666016,support_v3_controller_rmsgap,DeCE-RF,,0.0026453942991793156,0.0026453942991793156,38.96758237551515,0.011262138948662709,13.403027057647705,/cluster/users/grad/2025/25t8103/project/outputs/pretty_matrix/pillow_same_color_cable_knit/support_v3_controller_rmsgap/seed_10/result.png,6.195431709289551,pillow_same_color_cable_knit/support_v3_controller_rmsgap/seed_10,60.43189133700798,10,/cluster/users/grad/2025/25t8103/project/data/phase2_candidates/pexels_white_pillow_brown_sofa_6312089.jpg,0.004006642382591963,A cozy living room photo with a plain white pillow on a brown sofa.,37.10795632147258,0.01395089865795083,0.9609039435775231,0.9609039435775231,"A photo of the same white pillow on the same brown sofa, with the entire pillow surface changed into same-color white chunky cable-knit fabric with thick braided knitted columns, while preserving the pillow shape, outline, lighting, sofa, background, and the rest of the scene.",pillow_same_color_cable_knit
1.0,0.9325559437274933,1.0000000223517418,0.9325559586286545,-0.41132995920876664,-4.207731353744748e-05,61.17710475126902,0.0956101194024086,0.012026192072274474,24.714093685150146,31,0.9941344857215881,0.0018193039577454329,0.008186100050807,0.8186100050806999,0.8874337332589286,41.35457726507432,0.9932101964950562,0.9932101964950562,0.06292097270488739,0.9750509858131409,0.24347366392612457,0.2716660499572754,0.028192386031150818,0.2716660499572754,True,0.11256626674107142,0.9700655937194824,0.028192386031150818,0.061930338541666664,,,1.1802137358790987,0.0956101194024086,0.061930338541666664,0.0,0.024364225566387177,0.024364225566387177,29.244965536046685,0.034494648448164494,7.363015651702881,a cable-knit pillow,0.24012677371501923,0.2667962312698364,0.276508629322052,0.036381855607032776,0.276508629322052,"51,81,334,281",0.04536951333284378,0.025697220116853714,/cluster/users/grad/2025/25t8103/project/experiments/support_v3_2026-06-02/normalized_512/eval_masks/pillow_same_color_cable_knit_eval_mask.png,fixed_eval_mask,1.0,164.673828125,0.03295525908470154,41.641788482666016,support_v3_controller_rmsgap,DeCE-RF,,0.002661797683686018,0.002661797683686018,38.92210427102688,0.011321260575793612,13.40260362625122,/cluster/users/grad/2025/25t8103/project/outputs/pretty_matrix/pillow_same_color_cable_knit/support_v3_controller_rmsgap/seed_11/result.png,6.23871374130249,pillow_same_color_cable_knit/support_v3_controller_rmsgap/seed_11,60.70306312100729,11,/cluster/users/grad/2025/25t8103/project/data/phase2_candidates/pexels_white_pillow_brown_sofa_6312089.jpg,0.00400583678856492,A cozy living room photo with a plain white pillow on a brown sofa.,37.12370779506806,0.013925622250985465,0.9610244844651004,0.9610244844651004,"A photo of the same white pillow on the same brown sofa, with the entire pillow surface changed into same-color white chunky cable-knit fabric with thick braided knitted columns, while preserving the pillow shape, outline, lighting, sofa, background, and the rest of the scene.",pillow_same_color_cable_knit
1.0,0.931995247801145,1.0000000298023224,0.9319952328999838,-0.41068076466520625,-5.511320529194563e-05,60.856774846712746,0.0956101194024086,0.012050132017369227,24.742734670639038,31,0.9941881895065308,0.0018176771700382233,0.00823491346091032,0.823491346091032,0.8874337332589286,41.36034232837174,0.9932043552398682,0.9932043552398682,0.0606815442442894,0.9739248752593994,0.2431095838546753,0.2710723280906677,0.02796274423599243,0.2710723280906677,True,0.11256626674107142,0.9664955139160156,0.02796274423599243,0.061930338541666664,,,1.1729362304439692,0.0956101194024086,0.061930338541666664,0.0,0.02444729022681713,0.02444729022681713,29.224965105990833,0.03457416853708748,7.280128002166748,a cable-knit pillow,0.23962178826332092,0.26520219445228577,0.27554649114608765,0.035924702882766724,0.27554649114608765,"51,81,334,281",0.04579384624958038,0.02591269090771675,/cluster/users/grad/2025/25t8103/project/experiments/support_v3_2026-06-02/normalized_512/eval_masks/pillow_same_color_cable_knit_eval_mask.png,fixed_eval_mask,1.0,164.02273559570312,0.03295525908470154,41.641788482666016,support_v3_controller_rmsgap,DeCE-RF,,0.0026563459541648626,0.0026563459541648626,38.95253388753062,0.011281667755358894,13.403027057647705,/cluster/users/grad/2025/25t8103/project/outputs/pretty_matrix/pillow_same_color_cable_knit/support_v3_controller_rmsgap/seed_12/result.png,6.2067551612854,pillow_same_color_cable_knit/support_v3_controller_rmsgap/seed_12,61.923693730001105,12,/cluster/users/grad/2025/25t8103/project/data/phase2_candidates/pexels_white_pillow_brown_sofa_6312089.jpg,0.004005866590887308,A cozy living room photo with a plain white pillow on a brown sofa.,37.134904588255175,0.013907682596676938,0.9610394489459696,0.9610394489459696,"A photo of the same white pillow on the same brown sofa, with the entire pillow surface changed into same-color white chunky cable-knit fabric with thick braided knitted columns, while preserving the pillow shape, outline, lighting, sofa, background, and the rest of the scene.",pillow_same_color_cable_knit
1.0,0.9327182943622271,1.000000002483527,0.9327182844281197,-0.3875692045936982,-6.14702028466733e-05,60.282053430875145,0.0956101194024086,0.012382106690589959,15.023447950681051,31,0.9953925609588623,0.0017374393064528704,0.00831018015742302,0.8310180157423019,0.8874337332589286,41.42228789838579,0.9931296706199646,0.9931296706199646,0.08208464086055756,0.9754844307899475,0.24238590896129608,0.2741697430610657,0.03178383409976959,0.2741697430610657,True,0.11256626674107142,0.9703741073608398,0.03178383409976959,0.061930338541666664,,,1.2074901706582515,0.0956101194024086,0.061930338541666664,0.0,0.026281941682100296,0.026281941682100296,28.51666591975625,0.0375116963325393,7.826364994049072,a cable-knit pillow,0.23945234715938568,0.2704453468322754,0.28322479128837585,0.04377244412899017,0.28322479128837585,"51,81,334,281",0.0485331155359745,0.027171717956662178,/cluster/users/grad/2025/25t8103/project/experiments/support_v3_2026-06-02/normalized_512/eval_masks/pillow_same_color_cable_knit_eval_mask.png,fixed_eval_mask,1.0,163.3311004638672,0.03295525908470154,22.270496368408203,support_v3_fixed,Fixed DeCE displacement,,0.0026234672404825687,0.0026234672404825687,38.72316752335047,0.011583548565255957,13.268893718719482,/cluster/users/grad/2025/25t8103/project/outputs/pretty_matrix/pillow_same_color_cable_knit/support_v3_fixed/seed_10/result.png,6.4815144538879395,pillow_same_color_cable_knit/support_v3_fixed/seed_10,69.78212684599566,10,/cluster/users/grad/2025/25t8103/project/data/phase2_candidates/pexels_white_pillow_brown_sofa_6312089.jpg,0.004088644403964281,A cozy living room photo with a plain white pillow on a brown sofa.,36.71594422143622,0.014594955962603049,0.9577378148507114,0.9577378148507114,"A photo of the same white pillow on the same brown sofa, with the entire pillow surface changed into same-color white chunky cable-knit fabric with thick braided knitted columns, while preserving the pillow shape, outline, lighting, sofa, background, and the rest of the scene.",pillow_same_color_cable_knit
1.0,0.932199793557326,1.0000000099341075,0.9321998258431753,-0.3882578145712614,-9.431040143681457e-05,60.265060822168984,0.0956101194024086,0.012365385691130845,15.011958916982016,31,0.9952979683876038,0.0017455820925533772,0.008291061967611313,0.8291061967611313,0.8874337332589286,41.387451122137065,0.9931475520133972,0.9931475520133972,0.06782664358615875,0.9765130281448364,0.24206529557704926,0.2706891894340515,0.02862389385700226,0.2706891894340515,True,0.11256626674107142,0.9718326330184937,0.02862389385700226,0.061930338541666664,,,1.2058094389683824,0.0956101194024086,0.061930338541666664,0.0,0.026324763894081116,0.026324763894081116,28.586354876013687,0.03721193521576868,7.764591217041016,a cable-knit pillow,0.24000805616378784,0.27570563554763794,0.2855716645717621,0.04556360840797424,0.2855716645717621,"51,81,334,281",0.048014894127845764,0.027106763795018196,/cluster/users/grad/2025/25t8103/project/experiments/support_v3_2026-06-02/normalized_512/eval_masks/pillow_same_color_cable_knit_eval_mask.png,fixed_eval_mask,1.0,163.3311004638672,0.03295525908470154,22.26609230041504,support_v3_fixed,Fixed DeCE displacement,,0.0026234672404825687,0.0026234672404825687,38.73584886413013,0.011566649001449327,13.268893718719482,/cluster/users/grad/2025/25t8103/project/outputs/pretty_matrix/pillow_same_color_cable_knit/support_v3_fixed/seed_11/result.png,6.439318656921387,pillow_same_color_cable_knit/support_v3_fixed/seed_11,58.98085733602056,11,/cluster/users/grad/2025/25t8103/project/data/phase2_candidates/pexels_white_pillow_brown_sofa_6312089.jpg,0.004091295879334211,A cozy living room photo with a plain white pillow on a brown sofa.,36.75185645900512,0.01453473697488602,0.9581861043626652,0.9581861043626652,"A photo of the same white pillow on the same brown sofa, with the entire pillow surface changed into same-color white chunky cable-knit fabric with thick braided knitted columns, while preserving the pillow shape, outline, lighting, sofa, background, and the rest of the scene.",pillow_same_color_cable_knit
1.0,0.9320341224471728,1.0000000149011612,0.9320341149965922,-0.3877985080083211,-6.960691393942398e-05,60.09301380316416,0.0956101194024086,0.012376271799439564,15.017287294069925,31,0.9952787160873413,0.0017442378448322415,0.008223185315728188,0.8223185315728188,0.8874337332589286,41.3636933555307,0.9931535124778748,0.9931535124778748,0.084803506731987,0.9760254621505737,0.2421695590019226,0.27426132559776306,0.032091766595840454,0.27426132559776306,True,0.11256626674107142,0.9723306894302368,0.032091766595840454,0.061930338541666664,,,1.191815766327271,0.0956101194024086,0.061930338541666664,0.0,0.025702454149723053,0.025702454149723053,28.728449989066153,0.0366081262517784,7.681052207946777,a cable-knit pillow,0.2405751645565033,0.2727292478084564,0.2856396436691284,0.04506447911262512,0.2856396436691284,"51,81,334,281",0.0472576841711998,0.026556778699159622,/cluster/users/grad/2025/25t8103/project/experiments/support_v3_2026-06-02/normalized_512/eval_masks/pillow_same_color_cable_knit_eval_mask.png,fixed_eval_mask,1.0,163.3311004638672,0.03295525908470154,22.253677368164062,support_v3_fixed,Fixed DeCE displacement,,0.002624989952892065,0.002624989952892065,38.735486565574455,0.011567131469889537,13.268893718719482,/cluster/users/grad/2025/25t8103/project/outputs/pretty_matrix/pillow_same_color_cable_knit/support_v3_fixed/seed_12/result.png,6.444831848144531,pillow_same_color_cable_knit/support_v3_fixed/seed_12,60.646124549006345,12,/cluster/users/grad/2025/25t8103/project/data/phase2_candidates/pexels_white_pillow_brown_sofa_6312089.jpg,0.004054185003042221,A cozy living room photo with a plain white pillow on a brown sofa.,36.80875993978171,0.014439827429610195,0.9586977355121,0.9586977355121,"A photo of the same white pillow on the same brown sofa, with the entire pillow surface changed into same-color white chunky cable-knit fabric with thick braided knitted columns, while preserving the pillow shape, outline, lighting, sofa, background, and the rest of the scene.",pillow_same_color_cable_knit
1.0,0.9357621868451437,1.0000000322858493,0.9357621942957243,-0.3443769042690595,-0.0031008209745095883,40.90283008416494,0.0658482164144516,0.014899106992136998,10.777952432632446,31,0.9715815782546997,0.02433144859969616,0.10404877364635468,10.404877364635468,0.9388718377976191,24.464756045332585,0.8184861540794373,0.8184861540794373,0.10600635409355164,0.9569501280784607,0.2720523774623871,0.2726617455482483,0.0006093680858612061,0.2726617455482483,True,0.06112816220238095,0.9718581438064575,0.0006093680858612061,0.028517950148809524,,,0.8856033015508632,0.0658482164144516,0.028517950148809524,0.00020383204239706482,0.026888776570558548,0.026888776570558548,25.688827205384843,0.0519467808858279,5.186030387878418,a cable-knit pillow on an armchair,0.2947920262813568,0.2610172927379608,0.27755987644195557,-0.017232149839401245,0.27755987644195557,"208,82,384,207",0.10674989968538284,0.10652490705251694,/cluster/users/grad/2025/25t8103/project/experiments/support_v3_2026-06-02/normalized_512/eval_masks/pillow_same_color_cable_knit_armchair_eval_mask.png,fixed_eval_mask,1.0,125.34234619140625,0.05318821221590042,23.26049041748047,adaptive_full_generic_support,Generic support control,,0.025135505944490433,0.025135505944490433,24.255282029421483,0.0612683096378718,13.254298210144043,/cluster/users/grad/2025/25t8103/project/outputs/pretty_matrix/pillow_same_color_cable_knit_armchair/adaptive_full_generic_support/seed_10/result.png,5.855929374694824,pillow_same_color_cable_knit_armchair/adaptive_full_generic_support/seed_10,54.069615554995835,10,/cluster/users/grad/2025/25t8103/project/data/phase2_candidates/pexels_green_chair_white_pillow_6312055.jpg,0.025185510516166687,A photo of a plain white throw pillow centered on a green velvet armchair against a tiled wall.,24.290242214302445,0.06102220397848233,0.8137887836646354,0.8137887836646354,"A photo of the same plain white throw pillow on the same green velvet armchair, with the entire pillow surface changed into same-color white chunky cable-knit fabric with thick braided knitted columns, while preserving the pillow shape, seams, shadows, chair, tiled wall, floor, and the rest of the scene.",pillow_same_color_cable_knit_armchair
1.0,0.9351052269339561,1.0000000124176343,0.9351052343845367,-0.3438626080751419,-0.0031914839028104325,40.858675718307495,0.0658482164144516,0.014889112382661551,10.773973743120829,31,0.9699926376342773,0.024525973945856094,0.10478731989860535,10.478731989860535,0.9388718377976191,24.331133656332025,0.818472146987915,0.818472146987915,0.11451135575771332,0.9572470188140869,0.27305418252944946,0.2752343714237213,0.0021801888942718506,0.2752343714237213,True,0.06112816220238095,0.9704557657241821,0.0021801888942718506,0.028517950148809524,,,0.8842611917445097,0.0658482164144516,0.028517950148809524,0.00020383204239706482,0.026879984885454178,0.026879984885454178,25.684580329540168,0.051972185936985625,5.188068866729736,a cable-knit pillow on an armchair,0.29451411962509155,0.2592889368534088,0.2770102322101593,-0.01750388741493225,0.2770102322101593,"208,82,384,207",0.10739271342754364,0.10711792856454849,/cluster/users/grad/2025/25t8103/project/experiments/support_v3_2026-06-02/normalized_512/eval_masks/pillow_same_color_cable_knit_armchair_eval_mask.png,fixed_eval_mask,1.0,125.34527587890625,0.05318821221590042,23.26049041748047,adaptive_full_generic_support,Generic support control,,0.025324279442429543,0.025324279442429543,24.129531378563705,0.06216177843933297,13.254308223724365,/cluster/users/grad/2025/25t8103/project/outputs/pretty_matrix/pillow_same_color_cable_knit_armchair/adaptive_full_generic_support/seed_11/result.png,5.867122650146484,pillow_same_color_cable_knit_armchair/adaptive_full_generic_support/seed_11,52.405128454993246,11,/cluster/users/grad/2025/25t8103/project/data/phase2_candidates/pexels_green_chair_white_pillow_6312055.jpg,0.025368640199303627,A photo of a plain white throw pillow centered on a green velvet armchair against a tiled wall.,24.166969465621744,0.061894424148881,0.8137443127374204,0.8137443127374204,"A photo of the same plain white throw pillow on the same green velvet armchair, with the entire pillow surface changed into same-color white chunky cable-knit fabric with thick braided knitted columns, while preserving the pillow shape, seams, shadows, chair, tiled wall, floor, and the rest of the scene.",pillow_same_color_cable_knit_armchair
1.0,0.9359260002772013,1.0000000124176343,0.935925987859567,-0.34420596808195114,-0.0030585792089065458,40.855634252230324,0.0658482164144516,0.014901557073850805,10.779710173606873,31,0.9717741012573242,0.024341149255633354,0.10397721827030182,10.397721827030182,0.9388718377976191,24.46376252740744,0.8184444308280945,0.8184444308280945,0.10671073943376541,0.9572641849517822,0.27229854464530945,0.2729418873786926,0.0006433427333831787,0.2729418873786926,True,0.06112816220238095,0.9719291925430298,0.0006433427333831787,0.028517950148809524,,,0.8856336711389831,0.0658482164144516,0.028517950148809524,0.00020383204239706482,0.026883983984589577,0.026883983984589577,25.689146853526612,0.05194486923519183,5.187356472015381,a cable-knit pillow on an armchair,0.2958683967590332,0.26137620210647583,0.2778252363204956,-0.018043160438537598,0.2778252363204956,"208,82,384,207",0.10668804496526718,0.10646197944879532,/cluster/users/grad/2025/25t8103/project/experiments/support_v3_2026-06-02/normalized_512/eval_masks/pillow_same_color_cable_knit_armchair_eval_mask.png,fixed_eval_mask,1.0,125.52362823486328,0.05318821221590042,23.26049041748047,adaptive_full_generic_support,Generic support control,,0.025146568194031715,0.025146568194031715,24.254809307069827,0.061271644205633545,13.254308223724365,/cluster/users/grad/2025/25t8103/project/outputs/pretty_matrix/pillow_same_color_cable_knit_armchair/adaptive_full_generic_support/seed_12/result.png,5.8572258949279785,pillow_same_color_cable_knit_armchair/adaptive_full_generic_support/seed_12,52.262877308996394,12,/cluster/users/grad/2025/25t8103/project/data/phase2_candidates/pexels_green_chair_white_pillow_6312055.jpg,0.025196116417646408,A photo of a plain white throw pillow centered on a green velvet armchair against a tiled wall.,24.289785492413017,0.061025412735467265,0.813738066347273,0.813738066347273,"A photo of the same plain white throw pillow on the same green velvet armchair, with the entire pillow surface changed into same-color white chunky cable-knit fabric with thick braided knitted columns, while preserving the pillow shape, seams, shadows, chair, tiled wall, floor, and the rest of the scene.",pillow_same_color_cable_knit_armchair
1.0,0.0,0.0,0.0,0.0,0.0,0.0,0.2366071492433548,0.0,0.0,31,0.8975670337677002,0.029675481840968132,0.14588476717472076,14.588476717472076,0.9388718377976191,26.411727117350672,0.828243613243103,0.828243613243103,0.09724711626768112,0.9148849248886108,0.25536778569221497,0.2617203891277313,0.006352603435516357,0.2617203891277313,True,0.06112816220238095,0.8964850902557373,0.006352603435516357,0.028517950148809524,,,0.9731877948706805,0.2366071492433548,0.028517950148809524,0.0,0.033687710762023926,0.033687710762023926,25.379521881498665,0.053829941262163616,4.740817070007324,a cable-knit pillow on an armchair,0.27466854453086853,0.26027488708496094,0.2774128317832947,0.0027442872524261475,0.2774128317832947,"208,82,384,207",0.15077495574951172,0.14920863509178162,/cluster/users/grad/2025/25t8103/project/experiments/support_v3_2026-06-02/normalized_512/eval_masks/pillow_same_color_cable_knit_armchair_eval_mask.png,fixed_eval_mask,1.0,0.0,0.0,0.0,base_only,RF reconstruction / base reconstruction,,0.029808498919010162,0.029808498919010162,26.322733069033003,0.04829068285033816,12.222283840179443,/cluster/users/grad/2025/25t8103/project/outputs/pretty_matrix/pillow_same_color_cable_knit_armchair/base_only/seed_10/result.png,4.87143087387085,pillow_same_color_cable_knit_armchair/base_only/seed_10,27.641606796009,10,/cluster/users/grad/2025/25t8103/project/data/phase2_candidates/pexels_green_chair_white_pillow_6312055.jpg,0.029919123277068138,A photo of a plain white throw pillow centered on a green velvet armchair against a tiled wall.,26.292793940012267,0.0484574217359684,0.8264054446439679,0.8264054446439679,"A photo of the same plain white throw pillow on the same green velvet armchair, with the entire pillow surface changed into same-color white chunky cable-knit fabric with thick braided knitted columns, while preserving the pillow shape, seams, shadows, chair, tiled wall, floor, and the rest of the scene.",pillow_same_color_cable_knit_armchair
1.0,0.0,0.0,0.0,0.0,0.0,0.0,0.2366071492433548,0.0,0.0,31,0.8975670337677002,0.029675481840968132,0.14588476717472076,14.588476717472076,0.9388718377976191,26.411727117350672,0.828243613243103,0.828243613243103,0.09724711626768112,0.9148849248886108,0.25536778569221497,0.2617203891277313,0.006352603435516357,0.2617203891277313,True,0.06112816220238095,0.8964850902557373,0.006352603435516357,0.028517950148809524,,,0.9731877948706805,0.2366071492433548,0.028517950148809524,0.0,0.033687710762023926,0.033687710762023926,25.379521881498665,0.053829941262163616,4.740817070007324,a cable-knit pillow on an armchair,0.27466854453086853,0.26027488708496094,0.2774128317832947,0.0027442872524261475,0.2774128317832947,"208,82,384,207",0.15077495574951172,0.14920863509178162,/cluster/users/grad/2025/25t8103/project/experiments/support_v3_2026-06-02/normalized_512/eval_masks/pillow_same_color_cable_knit_armchair_eval_mask.png,fixed_eval_mask,1.0,0.0,0.0,0.0,base_only,RF reconstruction / base reconstruction,,0.029808498919010162,0.029808498919010162,26.322733069033003,0.04829068285033816,12.222283840179443,/cluster/users/grad/2025/25t8103/project/outputs/pretty_matrix/pillow_same_color_cable_knit_armchair/base_only/seed_11/result.png,4.87143087387085,pillow_same_color_cable_knit_armchair/base_only/seed_11,27.891478300007293,11,/cluster/users/grad/2025/25t8103/project/data/phase2_candidates/pexels_green_chair_white_pillow_6312055.jpg,0.029919123277068138,A photo of a plain white throw pillow centered on a green velvet armchair against a tiled wall.,26.292793940012267,0.0484574217359684,0.8264054446439679,0.8264054446439679,"A photo of the same plain white throw pillow on the same green velvet armchair, with the entire pillow surface changed into same-color white chunky cable-knit fabric with thick braided knitted columns, while preserving the pillow shape, seams, shadows, chair, tiled wall, floor, and the rest of the scene.",pillow_same_color_cable_knit_armchair
1.0,0.0,0.0,0.0,0.0,0.0,0.0,0.2366071492433548,0.0,0.0,31,0.8975670337677002,0.029675481840968132,0.14588476717472076,14.588476717472076,0.9388718377976191,26.411727117350672,0.828243613243103,0.828243613243103,0.09724711626768112,0.9148849248886108,0.25536778569221497,0.2617203891277313,0.006352603435516357,0.2617203891277313,True,0.06112816220238095,0.8964850902557373,0.006352603435516357,0.028517950148809524,,,0.9731877948706805,0.2366071492433548,0.028517950148809524,0.0,0.033687710762023926,0.033687710762023926,25.379521881498665,0.053829941262163616,4.740817070007324,a cable-knit pillow on an armchair,0.27466854453086853,0.26027488708496094,0.2774128317832947,0.0027442872524261475,0.2774128317832947,"208,82,384,207",0.15077495574951172,0.14920863509178162,/cluster/users/grad/2025/25t8103/project/experiments/support_v3_2026-06-02/normalized_512/eval_masks/pillow_same_color_cable_knit_armchair_eval_mask.png,fixed_eval_mask,1.0,0.0,0.0,0.0,base_only,RF reconstruction / base reconstruction,,0.029808498919010162,0.029808498919010162,26.322733069033003,0.04829068285033816,12.222283840179443,/cluster/users/grad/2025/25t8103/project/outputs/pretty_matrix/pillow_same_color_cable_knit_armchair/base_only/seed_12/result.png,4.87143087387085,pillow_same_color_cable_knit_armchair/base_only/seed_12,27.55574536198401,12,/cluster/users/grad/2025/25t8103/project/data/phase2_candidates/pexels_green_chair_white_pillow_6312055.jpg,0.029919123277068138,A photo of a plain white throw pillow centered on a green velvet armchair against a tiled wall.,26.292793940012267,0.0484574217359684,0.8264054446439679,0.8264054446439679,"A photo of the same plain white throw pillow on the same green velvet armchair, with the entire pillow surface changed into same-color white chunky cable-knit fabric with thick braided knitted columns, while preserving the pillow shape, seams, shadows, chair, tiled wall, floor, and the rest of the scene.",pillow_same_color_cable_knit_armchair
1.0,0.9312394013007482,1.0000000149011612,0.9312393839160601,0.0,0.0,117.20106410980225,0.2366071492433548,0.0,0.0,31,0.7824506163597107,0.08241885900497437,0.33656030893325806,33.656030893325806,0.9388718377976191,16.01493419522591,0.7034721970558167,0.7034721970558167,0.10488501191139221,0.9038894176483154,0.29333123564720154,0.30467870831489563,0.011347472667694092,0.30467870831489563,True,0.06112816220238095,0.7758133411407471,0.011347472667694092,0.028517950148809524,,,1.3901277651443378,0.2366071492433548,0.028517950148809524,0.0,0.24158094823360443,0.24158094823360443,9.964252682104345,0.31753190280174065,26.8385009765625,a cable-knit pillow on an armchair,0.20886486768722534,0.23689565062522888,0.2330232709646225,0.024158403277397156,0.2330232709646225,"208,82,384,207",0.36066731810569763,0.3514871895313263,/cluster/users/grad/2025/25t8103/project/experiments/support_v3_2026-06-02/normalized_512/eval_masks/pillow_same_color_cable_knit_armchair_eval_mask.png,fixed_eval_mask,1.0,374.3484191894531,0.0,0.0,direct_target,Direct target guidance,,0.0919094830751419,0.0919094830751419,14.98117727533719,0.1782137202282711,12.222283840179443,/cluster/users/grad/2025/25t8103/project/outputs/pretty_matrix/pillow_same_color_cable_knit_armchair/direct_target/seed_10/result.png,19.306499481201172,pillow_same_color_cable_knit_armchair/direct_target/seed_10,30.118759375996888,10,/cluster/users/grad/2025/25t8103/project/data/phase2_candidates/pexels_green_chair_white_pillow_6312055.jpg,0.0961778461933136,A photo of a plain white throw pillow centered on a green velvet armchair against a tiled wall.,14.719865334290825,0.18365668171910915,0.6605780081688722,0.6605780081688722,"A photo of the same plain white throw pillow on the same green velvet armchair, with the entire pillow surface changed into same-color white chunky cable-knit fabric with thick braided knitted columns, while preserving the pillow shape, seams, shadows, chair, tiled wall, floor, and the rest of the scene.",pillow_same_color_cable_knit_armchair
1.0,0.9312394013007482,1.0000000149011612,0.9312393839160601,0.0,0.0,117.20106410980225,0.2366071492433548,0.0,0.0,31,0.7824506163597107,0.08241885900497437,0.33656030893325806,33.656030893325806,0.9388718377976191,16.01493419522591,0.7034721970558167,0.7034721970558167,0.10488501191139221,0.9038894176483154,0.29333123564720154,0.30467870831489563,0.011347472667694092,0.30467870831489563,True,0.06112816220238095,0.7758133411407471,0.011347472667694092,0.028517950148809524,,,1.3901277651443378,0.2366071492433548,0.028517950148809524,0.0,0.24158094823360443,0.24158094823360443,9.964252682104345,0.31753190280174065,26.8385009765625,a cable-knit pillow on an armchair,0.20886486768722534,0.23689565062522888,0.2330232709646225,0.024158403277397156,0.2330232709646225,"208,82,384,207",0.36066731810569763,0.3514871895313263,/cluster/users/grad/2025/25t8103/project/experiments/support_v3_2026-06-02/normalized_512/eval_masks/pillow_same_color_cable_knit_armchair_eval_mask.png,fixed_eval_mask,1.0,374.3484191894531,0.0,0.0,direct_target,Direct target guidance,,0.0919094830751419,0.0919094830751419,14.98117727533719,0.1782137202282711,12.222283840179443,/cluster/users/grad/2025/25t8103/project/outputs/pretty_matrix/pillow_same_color_cable_knit_armchair/direct_target/seed_11/result.png,19.306499481201172,pillow_same_color_cable_knit_armchair/direct_target/seed_11,27.333194706006907,11,/cluster/users/grad/2025/25t8103/project/data/phase2_candidates/pexels_green_chair_white_pillow_6312055.jpg,0.0961778461933136,A photo of a plain white throw pillow centered on a green velvet armchair against a tiled wall.,14.719865334290825,0.18365668171910915,0.6605780081688722,0.6605780081688722,"A photo of the same plain white throw pillow on the same green velvet armchair, with the entire pillow surface changed into same-color white chunky cable-knit fabric with thick braided knitted columns, while preserving the pillow shape, seams, shadows, chair, tiled wall, floor, and the rest of the scene.",pillow_same_color_cable_knit_armchair
1.0,0.9312394013007482,1.0000000149011612,0.9312393839160601,0.0,0.0,117.20106410980225,0.2366071492433548,0.0,0.0,31,0.7824506163597107,0.08241885900497437,0.33656030893325806,33.656030893325806,0.9388718377976191,16.01493419522591,0.7034721970558167,0.7034721970558167,0.10488501191139221,0.9038894176483154,0.29333123564720154,0.30467870831489563,0.011347472667694092,0.30467870831489563,True,0.06112816220238095,0.7758133411407471,0.011347472667694092,0.028517950148809524,,,1.3901277651443378,0.2366071492433548,0.028517950148809524,0.0,0.24158094823360443,0.24158094823360443,9.964252682104345,0.31753190280174065,26.8385009765625,a cable-knit pillow on an armchair,0.20886486768722534,0.23689565062522888,0.2330232709646225,0.024158403277397156,0.2330232709646225,"208,82,384,207",0.36066731810569763,0.3514871895313263,/cluster/users/grad/2025/25t8103/project/experiments/support_v3_2026-06-02/normalized_512/eval_masks/pillow_same_color_cable_knit_armchair_eval_mask.png,fixed_eval_mask,1.0,374.3484191894531,0.0,0.0,direct_target,Direct target guidance,,0.0919094830751419,0.0919094830751419,14.98117727533719,0.1782137202282711,12.222283840179443,/cluster/users/grad/2025/25t8103/project/outputs/pretty_matrix/pillow_same_color_cable_knit_armchair/direct_target/seed_12/result.png,19.306499481201172,pillow_same_color_cable_knit_armchair/direct_target/seed_12,31.016738639998948,12,/cluster/users/grad/2025/25t8103/project/data/phase2_candidates/pexels_green_chair_white_pillow_6312055.jpg,0.0961778461933136,A photo of a plain white throw pillow centered on a green velvet armchair against a tiled wall.,14.719865334290825,0.18365668171910915,0.6605780081688722,0.6605780081688722,"A photo of the same plain white throw pillow on the same green velvet armchair, with the entire pillow surface changed into same-color white chunky cable-knit fabric with thick braided knitted columns, while preserving the pillow shape, seams, shadows, chair, tiled wall, floor, and the rest of the scene.",pillow_same_color_cable_knit_armchair
1.0,0.9454739217956861,1.0000000223517418,0.9454739863673846,-0.380697850137949,-0.00046226349066576705,41.885666847229004,0.02678571455180645,0.01424325090192724,25.14895025889079,31,0.9987684488296509,0.001310070394538343,0.003615963039919734,0.3615963039919734,0.9388718377976191,48.75432791575654,0.9964166879653931,0.9964166879653931,-0.00915899034589529,0.993172824382782,0.28433600068092346,0.26337292790412903,-0.020963072776794434,0.26337292790412903,True,0.06112816220238095,0.9914085865020752,-0.020963072776794434,0.028517950148809524,,,1.6448913737940618,0.02678571455180645,0.028517950148809524,0.0020383204239706482,0.017289485782384872,0.017289485782384872,31.541245037396614,0.02648120529201642,8.932303428649902,a cable-knit pillow on an armchair,0.3083431124687195,0.2706344723701477,0.2931440472602844,-0.015199065208435059,0.2931440472602844,"208,82,384,207",0.012665621936321259,0.007275174371898174,/cluster/users/grad/2025/25t8103/project/experiments/support_v3_2026-06-02/normalized_512/eval_masks/pillow_same_color_cable_knit_armchair_eval_mask.png,fixed_eval_mask,1.0,162.4899139404297,0.04995715618133545,52.80045700073242,support_v3_controller_rmsgap,DeCE-RF,,0.0014484786661341786,0.0014484786661341786,47.406950801339065,0.004262382891122981,13.403027057647705,/cluster/users/grad/2025/25t8103/project/outputs/pretty_matrix/pillow_same_color_cable_knit_armchair/support_v3_controller_rmsgap/seed_10/result.png,5.430330276489258,pillow_same_color_cable_knit_armchair/support_v3_controller_rmsgap/seed_10,62.80406416600454,10,/cluster/users/grad/2025/25t8103/project/data/phase2_candidates/pexels_green_chair_white_pillow_6312055.jpg,0.0019002316985279322,A photo of a plain white throw pillow centered on a green velvet armchair against a tiled wall.,44.24256681801538,0.006135806555644104,0.9877694778499532,0.9877694778499532,"A photo of the same plain white throw pillow on the same green velvet armchair, with the entire pillow surface changed into same-color white chunky cable-knit fabric with thick braided knitted columns, while preserving the pillow shape, seams, shadows, chair, tiled wall, floor, and the rest of the scene.",pillow_same_color_cable_knit_armchair
1.0,0.9457664762934049,0.9999999875823656,0.9457664862275124,-0.38095247248808545,-0.0004261380112779989,43.24354314804077,0.02678571455180645,0.014249116371502168,25.155990203221638,31,0.9986869096755981,0.0013146997662261128,0.0037822010926902294,0.37822010926902294,0.9388718377976191,48.614081195051746,0.9963265061378479,0.9963265061378479,-0.011096259579062462,0.9932798147201538,0.28562963008880615,0.26447123289108276,-0.02115839719772339,0.26447123289108276,True,0.06112816220238095,0.9910596609115601,-0.02115839719772339,0.028517950148809524,,,1.6467143868635368,0.02678571455180645,0.028517950148809524,0.0016306563391765185,0.017485588788986206,0.017485588788986206,31.442310923124687,0.026784556138880727,8.967293739318848,a cable-knit pillow on an armchair,0.2969241738319397,0.27345144748687744,0.2947368919849396,-0.002187281847000122,0.2947368919849396,"208,82,384,207",0.012768702581524849,0.0068987333215773106,/cluster/users/grad/2025/25t8103/project/experiments/support_v3_2026-06-02/normalized_512/eval_masks/pillow_same_color_cable_knit_armchair_eval_mask.png,fixed_eval_mask,1.0,162.8416748046875,0.04996218904852867,52.80362319946289,support_v3_controller_rmsgap,DeCE-RF,,0.0014582086587324739,0.0014582086587324739,47.231391641861364,0.0043494106935946025,13.271519184112549,/cluster/users/grad/2025/25t8103/project/outputs/pretty_matrix/pillow_same_color_cable_knit_armchair/support_v3_controller_rmsgap/seed_11/result.png,5.4455671310424805,pillow_same_color_cable_knit_armchair/support_v3_controller_rmsgap/seed_11,63.38096545499866,11,/cluster/users/grad/2025/25t8103/project/data/phase2_candidates/pexels_green_chair_white_pillow_6312055.jpg,0.0019152768654748797,A photo of a plain white throw pillow centered on a green velvet armchair against a tiled wall.,44.10754173285599,0.006231934977392072,0.9874504074978142,0.9874504074978142,"A photo of the same plain white throw pillow on the same green velvet armchair, with the entire pillow surface changed into same-color white chunky cable-knit fabric with thick braided knitted columns, while preserving the pillow shape, seams, shadows, chair, tiled wall, floor, and the rest of the scene.",pillow_same_color_cable_knit_armchair
1.0,0.9466615691781044,0.9999999925494194,0.9466615691781044,-0.3809262091914813,-0.00042454545139965677,43.64345486958822,0.02678571455180645,0.014259857426319892,25.1683243115743,31,0.9986358880996704,0.0013208506861701608,0.0037304183933883905,0.37304183933883905,0.9388718377976191,48.495520547577186,0.9962833523750305,0.9962833523750305,-0.006324728950858116,0.9928619861602783,0.28723853826522827,0.26642802357673645,-0.02081051468849182,0.26642802357673645,True,0.06112816220238095,0.9915243983268738,-0.02081051468849182,0.028517950148809524,,,1.6312665635297314,0.02678571455180645,0.028517950148809524,0.0018344883815735833,0.01735956035554409,0.01735956035554409,31.631100586722432,0.026208669282565742,8.934135437011719,a cable-knit pillow on an armchair,0.3011307716369629,0.26750683784484863,0.2916410565376282,-0.009489715099334717,0.2916410565376282,"208,82,384,207",0.012183116748929024,0.006835166364908218,/cluster/users/grad/2025/25t8103/project/experiments/support_v3_2026-06-02/normalized_512/eval_masks/pillow_same_color_cable_knit_armchair_eval_mask.png,fixed_eval_mask,1.0,162.7071075439453,0.04996218904852867,52.80362319946289,support_v3_controller_rmsgap,DeCE-RF,,0.0014696440193802118,0.0014696440193802118,47.034758760677235,0.004448996478230422,13.271519184112549,/cluster/users/grad/2025/25t8103/project/outputs/pretty_matrix/pillow_same_color_cable_knit_armchair/support_v3_controller_rmsgap/seed_12/result.png,5.476809024810791,pillow_same_color_cable_knit_armchair/support_v3_controller_rmsgap/seed_12,61.78701155399904,12,/cluster/users/grad/2025/25t8103/project/data/phase2_candidates/pexels_green_chair_white_pillow_6312055.jpg,0.0019227918237447739,A photo of a plain white throw pillow centered on a green velvet armchair against a tiled wall.,44.10967804526922,0.006230402408649501,0.9872800275753902,0.9872800275753902,"A photo of the same plain white throw pillow on the same green velvet armchair, with the entire pillow surface changed into same-color white chunky cable-knit fabric with thick braided knitted columns, while preserving the pillow shape, seams, shadows, chair, tiled wall, floor, and the rest of the scene.",pillow_same_color_cable_knit_armchair
1.0,0.9457756653428078,1.0000000099341075,0.9457756703098615,-0.37543476559221745,-0.0006882928637423902,42.29211866855621,0.02678571455180645,0.01384775439510122,15.294421633084616,31,0.9984209537506104,0.0013319951249286532,0.004594673402607441,0.4594673402607441,0.9388718377976191,48.085945029935885,0.9960317611694336,0.9960317611694336,0.0027015749365091324,0.9905248284339905,0.28904643654823303,0.26900622248649597,-0.02004021406173706,0.26900622248649597,True,0.06112816220238095,0.9902282953262329,-0.02004021406173706,0.028517950148809524,,,1.7215874745253663,0.02678571455180645,0.028517950148809524,0.0010191602119853241,0.02168879471719265,0.02168879471719265,29.576602402386698,0.03320243077393855,9.923247337341309,a cable-knit pillow on an armchair,0.29354774951934814,0.26074862480163574,0.2885570228099823,-0.004990726709365845,0.2885570228099823,"208,82,384,207",0.01482326164841652,0.008192222565412521,/cluster/users/grad/2025/25t8103/project/experiments/support_v3_2026-06-02/normalized_512/eval_masks/pillow_same_color_cable_knit_armchair_eval_mask.png,fixed_eval_mask,1.0,161.1103973388672,0.04996218904852867,25.128082275390625,support_v3_fixed,Fixed DeCE displacement,,0.0015283683314919472,0.0015283683314919472,46.091307621212266,0.004959462593201169,13.268893718719482,/cluster/users/grad/2025/25t8103/project/outputs/pretty_matrix/pillow_same_color_cable_knit_armchair/support_v3_fixed/seed_10/result.png,5.764009952545166,pillow_same_color_cable_knit_armchair/support_v3_fixed/seed_10,63.000491781014716,10,/cluster/users/grad/2025/25t8103/project/data/phase2_candidates/pexels_green_chair_white_pillow_6312055.jpg,0.002103302162140608,A photo of a plain white throw pillow centered on a green velvet armchair against a tiled wall.,42.57015332485203,0.007438619320099785,0.9846062986373613,0.9846062986373613,"A photo of the same plain white throw pillow on the same green velvet armchair, with the entire pillow surface changed into same-color white chunky cable-knit fabric with thick braided knitted columns, while preserving the pillow shape, seams, shadows, chair, tiled wall, floor, and the rest of the scene.",pillow_same_color_cable_knit_armchair
1.0,0.9459863056739172,1.0000000099341075,0.9459863156080246,-0.37571041968961555,-0.0006550598051641524,42.320604840914406,0.02678571455180645,0.013826290645132152,15.285590410232544,31,0.9985617399215698,0.001325860503129661,0.004195310641080141,0.4195310641080141,0.9388718377976191,48.189212252865836,0.9960647225379944,0.9960647225379944,0.008170422166585922,0.99097740650177,0.29029616713523865,0.27074986696243286,-0.019546300172805786,0.27074986696243286,True,0.06112816220238095,0.9902947545051575,-0.019546300172805786,0.028517950148809524,,,1.701821061908762,0.02678571455180645,0.028517950148809524,0.00040766408479412964,0.021039463579654694,0.021039463579654694,29.82944200444215,0.03224986490994815,9.813410758972168,a cable-knit pillow on an armchair,0.2965446710586548,0.2640441060066223,0.29076051712036133,-0.005784153938293457,0.29076051712036133,"208,82,384,207",0.014547983184456825,0.00835240725427866,/cluster/users/grad/2025/25t8103/project/experiments/support_v3_2026-06-02/normalized_512/eval_masks/pillow_same_color_cable_knit_armchair_eval_mask.png,fixed_eval_mask,1.0,160.57395935058594,0.04996218904852867,25.128082275390625,support_v3_fixed,Fixed DeCE displacement,,0.0015100971795618534,0.0015100971795618534,46.28620179489528,0.004849421239515677,13.268893718719482,/cluster/users/grad/2025/25t8103/project/outputs/pretty_matrix/pillow_same_color_cable_knit_armchair/support_v3_fixed/seed_11/result.png,5.766417503356934,pillow_same_color_cable_knit_armchair/support_v3_fixed/seed_11,60.43782223298331,11,/cluster/users/grad/2025/25t8103/project/data/phase2_candidates/pexels_green_chair_white_pillow_6312055.jpg,0.002067034365609288,A photo of a plain white throw pillow centered on a green velvet armchair against a tiled wall.,42.79787526554986,0.007246131926192435,0.9849586873528668,0.9849586873528668,"A photo of the same plain white throw pillow on the same green velvet armchair, with the entire pillow surface changed into same-color white chunky cable-knit fabric with thick braided knitted columns, while preserving the pillow shape, seams, shadows, chair, tiled wall, floor, and the rest of the scene.",pillow_same_color_cable_knit_armchair
1.0,0.9463367437322935,1.000000002483527,0.9463367288311323,-0.375447749470671,-0.0007299609014050171,41.57266310850779,0.02678571455180645,0.01380904899269808,15.279448628425598,31,0.9985427260398865,0.0013275762321427464,0.00428545568138361,0.428545568138361,0.9388718377976191,48.213188083051925,0.9960402250289917,0.9960402250289917,0.0024540862068533897,0.9913713932037354,0.29032403230667114,0.27027076482772827,-0.02005326747894287,0.27027076482772827,True,0.06112816220238095,0.9897872805595398,-0.02005326747894287,0.028517950148809524,,,1.697513942622879,0.02678571455180645,0.028517950148809524,0.0012229922543823889,0.020738910883665085,0.020738910883665085,29.991907860575665,0.03165225143576866,9.786026000976562,a cable-knit pillow on an armchair,0.29765164852142334,0.26428812742233276,0.2912059724330902,-0.00644567608833313,0.2912059724330902,"208,82,384,207",0.014568664133548737,0.00821664184331894,/cluster/users/grad/2025/25t8103/project/experiments/support_v3_2026-06-02/normalized_512/eval_masks/pillow_same_color_cable_knit_armchair_eval_mask.png,fixed_eval_mask,1.0,160.8342742919922,0.04996218904852867,25.128082275390625,support_v3_fixed,Fixed DeCE displacement,,0.0015124515630304813,0.0015124515630304813,46.26959685142197,0.00485870081683013,13.268893718719482,/cluster/users/grad/2025/25t8103/project/outputs/pretty_matrix/pillow_same_color_cable_knit_armchair/support_v3_fixed/seed_12/result.png,5.76491641998291,pillow_same_color_cable_knit_armchair/support_v3_fixed/seed_12,61.26104663099977,12,/cluster/users/grad/2025/25t8103/project/data/phase2_candidates/pexels_green_chair_white_pillow_6312055.jpg,0.0020607507321983576,A photo of a plain white throw pillow centered on a green velvet armchair against a tiled wall.,42.881515777598345,0.007176690396710403,0.9849368097168455,0.9849368097168455,"A photo of the same plain white throw pillow on the same green velvet armchair, with the entire pillow surface changed into same-color white chunky cable-knit fabric with thick braided knitted columns, while preserving the pillow shape, seams, shadows, chair, tiled wall, floor, and the rest of the scene.",pillow_same_color_cable_knit_armchair
1.0,0.922818640867869,1.0,0.9228186731537183,-0.4027141444385052,0.0010960990678844003,33.12884811560313,0.0465029776096344,0.014705948235738711,10.605692108472189,31,0.8902266025543213,0.024575667455792427,0.14056450128555298,14.056450128555298,0.9272693452380952,25.869110828544404,0.7164930701255798,0.7164930701255798,0.07313303649425507,0.9581670165061951,0.23205295205116272,0.21572095155715942,-0.016332000494003296,0.21572095155715942,True,0.07273065476190477,0.8984671235084534,-0.016332000494003296,0.037853422619047616,,,0.7096082785054092,0.0465029776096344,0.037853422619047616,0.0,0.02387327142059803,0.02387327142059803,28.351062107449373,0.03823374987082619,4.468435764312744,a grey cable-knit pillow,0.2417811155319214,0.2461901605129242,0.2560715079307556,0.014290392398834229,0.2560715079307556,"124,229,268,379",0.14550259709358215,0.14298564195632935,/cluster/users/grad/2025/25t8103/project/experiments/support_v3_2026-06-02/normalized_512/eval_masks/pillow_same_color_cable_knit_grey_eval_mask.png,fixed_eval_mask,1.0,106.54326629638672,0.04417979344725609,19.737548828125,adaptive_full_generic_support,Generic support control,,0.024881640449166298,0.024881640449166298,25.828938152303813,0.05111555638495552,13.25428819656372,/cluster/users/grad/2025/25t8103/project/outputs/pretty_matrix/pillow_same_color_cable_knit_grey/adaptive_full_generic_support/seed_10/result.png,6.297045707702637,pillow_same_color_cable_knit_grey/adaptive_full_generic_support/seed_10,54.811458156007575,10,/cluster/users/grad/2025/25t8103/project/data/pretty_free_candidates/pexels_plain_pillow_sofa_phase1.jpg,0.024843469262123108,"A cozy living room photo with a plain dark grey pillow on a rattan-backed sofa beside a wooden table, soft natural light, and a simple home interior.",25.901967725299677,0.0506875866215703,0.7084524824993194,0.7084524824993194,"A photo of the same plain dark grey pillow on the same rattan-backed sofa, with the entire pillow surface uniformly changed into same-color dark grey chunky cable-knit fabric, the same thick braided knitted columns covering every part of the pillow including the brightly lit left side, while preserving the pillow shape, outline, lighting, sofa, table, wall, and the rest of the scene.",pillow_same_color_cable_knit_grey
1.0,0.9239317923784256,1.0000000223517418,0.923931767543157,-0.4017749602595965,0.0011371928097408575,32.510481317838035,0.0465029776096344,0.014715338591486216,10.607028226057688,31,0.8830621838569641,0.024873584508895874,0.14230644702911377,14.230644702911377,0.9272693452380952,25.54670956931585,0.7161514163017273,0.7161514163017273,0.06899956613779068,0.9517950415611267,0.23330020904541016,0.21693304181098938,-0.016367167234420776,0.21693304181098938,True,0.07273065476190477,0.8895864486694336,-0.016367167234420776,0.037853422619047616,,,0.7097256697295934,0.0465029776096344,0.037853422619047616,0.0,0.023894349113106728,0.023894349113106728,28.343699107982605,0.03826617423321893,4.467857837677002,a grey cable-knit pillow,0.240768700838089,0.24643172323703766,0.2546427845954895,0.013874083757400513,0.2546427845954895,"124,229,268,379",0.14728271961212158,0.1447676122188568,/cluster/users/grad/2025/25t8103/project/experiments/support_v3_2026-06-02/normalized_512/eval_masks/pillow_same_color_cable_knit_grey_eval_mask.png,fixed_eval_mask,1.0,107.02615356445312,0.04417979344725609,19.737548828125,adaptive_full_generic_support,Generic support control,,0.025167137384414673,0.025167137384414673,25.52114695026733,0.05295935077600279,13.25428819656372,/cluster/users/grad/2025/25t8103/project/outputs/pretty_matrix/pillow_same_color_cable_knit_grey/adaptive_full_generic_support/seed_11/result.png,6.29518985748291,pillow_same_color_cable_knit_grey/adaptive_full_generic_support/seed_11,54.82426711299922,11,/cluster/users/grad/2025/25t8103/project/data/pretty_free_candidates/pexels_plain_pillow_sofa_phase1.jpg,0.025118954479694366,"A cozy living room photo with a plain dark grey pillow on a rattan-backed sofa beside a wooden table, soft natural light, and a simple home interior.",25.60043221389777,0.05247813462368208,0.7081771361401592,0.7081771361401592,"A photo of the same plain dark grey pillow on the same rattan-backed sofa, with the entire pillow surface uniformly changed into same-color dark grey chunky cable-knit fabric, the same thick braided knitted columns covering every part of the pillow including the brightly lit left side, while preserving the pillow shape, outline, lighting, sofa, table, wall, and the rest of the scene.",pillow_same_color_cable_knit_grey
1.0,0.9222258528073629,0.9999999925494194,0.9222258428732554,-0.4023517432312171,0.001053320754484351,32.760588924090065,0.0465029776096344,0.0147071384950929,10.603762368361155,31,0.8850733041763306,0.02467803657054901,0.1401873528957367,14.01873528957367,0.9272693452380952,25.80140572867665,0.7163047790527344,0.7163047790527344,0.06332006305456161,0.9589346647262573,0.23264376819133759,0.21407024562358856,-0.018573522567749023,0.21407024562358856,True,0.07273065476190477,0.8924160599708557,-0.018573522567749023,0.037853422619047616,,,0.7110595332604507,0.0465029776096344,0.037853422619047616,0.0,0.023880498483777046,0.023880498483777046,28.347728256889027,0.03824842770798924,4.4737982749938965,a grey cable-knit pillow,0.2398955076932907,0.2466677725315094,0.2552848756313324,0.015389367938041687,0.2552848756313324,"124,229,268,379",0.1451541781425476,0.14260292053222656,/cluster/users/grad/2025/25t8103/project/experiments/support_v3_2026-06-02/normalized_512/eval_masks/pillow_same_color_cable_knit_grey_eval_mask.png,fixed_eval_mask,1.0,106.54197692871094,0.04417979344725609,19.737548828125,adaptive_full_generic_support,Generic support control,,0.024980004876852036,0.024980004876852036,25.764402170390476,0.05149675832844922,13.25428819656372,/cluster/users/grad/2025/25t8103/project/outputs/pretty_matrix/pillow_same_color_cable_knit_grey/adaptive_full_generic_support/seed_12/result.png,6.2917351722717285,pillow_same_color_cable_knit_grey/adaptive_full_generic_support/seed_12,55.99603342500632,12,/cluster/users/grad/2025/25t8103/project/data/pretty_free_candidates/pexels_plain_pillow_sofa_phase1.jpg,0.02493838220834732,"A cozy living room photo with a plain dark grey pillow on a rattan-backed sofa beside a wooden table, soft natural light, and a simple home interior.",25.838740470816486,0.05105790329869729,0.7082739305093604,0.7082739305093604,"A photo of the same plain dark grey pillow on the same rattan-backed sofa, with the entire pillow surface uniformly changed into same-color dark grey chunky cable-knit fabric, the same thick braided knitted columns covering every part of the pillow including the brightly lit left side, while preserving the pillow shape, outline, lighting, sofa, table, wall, and the rest of the scene.",pillow_same_color_cable_knit_grey
1.0,0.0,0.0,0.0,0.0,0.0,0.0,0.2886904776096344,0.0,0.0,31,0.4919424057006836,0.05182256922125816,0.4433784782886505,44.33784782886505,0.9272693452380952,22.706595494031106,0.585861325263977,0.585861325263977,0.07362496852874756,0.7993955612182617,0.22772011160850525,0.22989505529403687,0.002174943685531616,0.22989505529403687,True,0.07273065476190477,0.45045650005340576,0.002174943685531616,0.037853422619047616,,,1.001253847091724,0.2886904776096344,0.037853422619047616,0.0,0.04432641342282295,0.04432641342282295,25.01440351809152,0.056140958626958455,4.456223011016846,a grey cable-knit pillow,0.21763840317726135,0.21315160393714905,0.2628639340400696,0.04522553086280823,0.2628639340400696,"124,229,268,379",0.496202290058136,0.47211503982543945,/cluster/users/grad/2025/25t8103/project/experiments/support_v3_2026-06-02/normalized_512/eval_masks/pillow_same_color_cable_knit_grey_eval_mask.png,fixed_eval_mask,1.0,0.0,0.0,0.0,base_only,RF reconstruction / base reconstruction,,0.05253065377473831,0.05253065377473831,22.606310876382338,0.07407718257389058,12.222283840179443,/cluster/users/grad/2025/25t8103/project/outputs/pretty_matrix/pillow_same_color_cable_knit_grey/base_only/seed_10/result.png,4.4506425857543945,pillow_same_color_cable_knit_grey/base_only/seed_10,28.229789449018426,10,/cluster/users/grad/2025/25t8103/project/data/pretty_free_candidates/pexels_plain_pillow_sofa_phase1.jpg,0.05222010985016823,"A cozy living room photo with a plain dark grey pillow on a rattan-backed sofa beside a wooden table, soft natural light, and a simple home interior.",22.676853321276734,0.07347800122099213,0.5807734151947673,0.5807734151947673,"A photo of the same plain dark grey pillow on the same rattan-backed sofa, with the entire pillow surface uniformly changed into same-color dark grey chunky cable-knit fabric, the same thick braided knitted columns covering every part of the pillow including the brightly lit left side, while preserving the pillow shape, outline, lighting, sofa, table, wall, and the rest of the scene.",pillow_same_color_cable_knit_grey
1.0,0.0,0.0,0.0,0.0,0.0,0.0,0.2886904776096344,0.0,0.0,31,0.4919424057006836,0.05182256922125816,0.4433784782886505,44.33784782886505,0.9272693452380952,22.706595494031106,0.585861325263977,0.585861325263977,0.07362496852874756,0.7993955612182617,0.22772011160850525,0.22989505529403687,0.002174943685531616,0.22989505529403687,True,0.07273065476190477,0.45045650005340576,0.002174943685531616,0.037853422619047616,,,1.001253847091724,0.2886904776096344,0.037853422619047616,0.0,0.04432641342282295,0.04432641342282295,25.01440351809152,0.056140958626958455,4.456223011016846,a grey cable-knit pillow,0.21763840317726135,0.21315160393714905,0.2628639340400696,0.04522553086280823,0.2628639340400696,"124,229,268,379",0.496202290058136,0.47211503982543945,/cluster/users/grad/2025/25t8103/project/experiments/support_v3_2026-06-02/normalized_512/eval_masks/pillow_same_color_cable_knit_grey_eval_mask.png,fixed_eval_mask,1.0,0.0,0.0,0.0,base_only,RF reconstruction / base reconstruction,,0.05253065377473831,0.05253065377473831,22.606310876382338,0.07407718257389058,12.222283840179443,/cluster/users/grad/2025/25t8103/project/outputs/pretty_matrix/pillow_same_color_cable_knit_grey/base_only/seed_11/result.png,4.4506425857543945,pillow_same_color_cable_knit_grey/base_only/seed_11,25.727659880998544,11,/cluster/users/grad/2025/25t8103/project/data/pretty_free_candidates/pexels_plain_pillow_sofa_phase1.jpg,0.05222010985016823,"A cozy living room photo with a plain dark grey pillow on a rattan-backed sofa beside a wooden table, soft natural light, and a simple home interior.",22.676853321276734,0.07347800122099213,0.5807734151947673,0.5807734151947673,"A photo of the same plain dark grey pillow on the same rattan-backed sofa, with the entire pillow surface uniformly changed into same-color dark grey chunky cable-knit fabric, the same thick braided knitted columns covering every part of the pillow including the brightly lit left side, while preserving the pillow shape, outline, lighting, sofa, table, wall, and the rest of the scene.",pillow_same_color_cable_knit_grey
1.0,0.0,0.0,0.0,0.0,0.0,0.0,0.2886904776096344,0.0,0.0,31,0.4919424057006836,0.05182256922125816,0.4433784782886505,44.33784782886505,0.9272693452380952,22.706595494031106,0.585861325263977,0.585861325263977,0.07362496852874756,0.7993955612182617,0.22772011160850525,0.22989505529403687,0.002174943685531616,0.22989505529403687,True,0.07273065476190477,0.45045650005340576,0.002174943685531616,0.037853422619047616,,,1.001253847091724,0.2886904776096344,0.037853422619047616,0.0,0.04432641342282295,0.04432641342282295,25.01440351809152,0.056140958626958455,4.456223011016846,a grey cable-knit pillow,0.21763840317726135,0.21315160393714905,0.2628639340400696,0.04522553086280823,0.2628639340400696,"124,229,268,379",0.496202290058136,0.47211503982543945,/cluster/users/grad/2025/25t8103/project/experiments/support_v3_2026-06-02/normalized_512/eval_masks/pillow_same_color_cable_knit_grey_eval_mask.png,fixed_eval_mask,1.0,0.0,0.0,0.0,base_only,RF reconstruction / base reconstruction,,0.05253065377473831,0.05253065377473831,22.606310876382338,0.07407718257389058,12.222283840179443,/cluster/users/grad/2025/25t8103/project/outputs/pretty_matrix/pillow_same_color_cable_knit_grey/base_only/seed_12/result.png,4.4506425857543945,pillow_same_color_cable_knit_grey/base_only/seed_12,27.418037294992246,12,/cluster/users/grad/2025/25t8103/project/data/pretty_free_candidates/pexels_plain_pillow_sofa_phase1.jpg,0.05222010985016823,"A cozy living room photo with a plain dark grey pillow on a rattan-backed sofa beside a wooden table, soft natural light, and a simple home interior.",22.676853321276734,0.07347800122099213,0.5807734151947673,0.5807734151947673,"A photo of the same plain dark grey pillow on the same rattan-backed sofa, with the entire pillow surface uniformly changed into same-color dark grey chunky cable-knit fabric, the same thick braided knitted columns covering every part of the pillow including the brightly lit left side, while preserving the pillow shape, outline, lighting, sofa, table, wall, and the rest of the scene.",pillow_same_color_cable_knit_grey
1.0,0.9319366787870725,1.0000000149011612,0.9319366564353307,0.0,0.0,98.62469291687012,0.2886904776096344,0.0,0.0,31,0.24159811437129974,0.09617745131254196,0.5828850269317627,58.28850269317627,0.9272693452380952,17.421579482563295,0.44352662563323975,0.44352662563323975,0.11815318465232849,0.840622067451477,0.24584448337554932,0.262958288192749,0.017113804817199707,0.262958288192749,True,0.07273065476190477,0.2356402575969696,0.017113804817199707,0.037853422619047616,,,1.3317872053205806,0.2886904776096344,0.037853422619047616,0.0433046683046683,0.12054067105054855,0.12054067105054855,16.541412041153066,0.14891189760624085,26.70147132873535,a grey cable-knit pillow,0.2204320877790451,0.2639804482460022,0.2819008231163025,0.061468735337257385,0.2819008231163025,"124,229,268,379",0.6367706656455994,0.6141147613525391,/cluster/users/grad/2025/25t8103/project/experiments/support_v3_2026-06-02/normalized_512/eval_masks/pillow_same_color_cable_knit_grey_eval_mask.png,fixed_eval_mask,1.0,356.0262145996094,0.0,0.0,direct_target,Direct target guidance,,0.0980505645275116,0.0980505645275116,17.279860875929614,0.13677507330265498,12.222283840179443,/cluster/users/grad/2025/25t8103/project/outputs/pretty_matrix/pillow_same_color_cable_knit_grey/direct_target/seed_10/result.png,20.049352645874023,pillow_same_color_cable_knit_grey/direct_target/seed_10,29.414942184987012,10,/cluster/users/grad/2025/25t8103/project/data/pretty_free_candidates/pexels_plain_pillow_sofa_phase1.jpg,0.09890188276767731,"A cozy living room photo with a plain dark grey pillow on a rattan-backed sofa beside a wooden table, soft natural light, and a simple home interior.",17.249498019439663,0.13725402814524934,0.4140646557301616,0.4140646557301616,"A photo of the same plain dark grey pillow on the same rattan-backed sofa, with the entire pillow surface uniformly changed into same-color dark grey chunky cable-knit fabric, the same thick braided knitted columns covering every part of the pillow including the brightly lit left side, while preserving the pillow shape, outline, lighting, sofa, table, wall, and the rest of the scene.",pillow_same_color_cable_knit_grey
1.0,0.9319366787870725,1.0000000149011612,0.9319366564353307,0.0,0.0,98.62469291687012,0.2886904776096344,0.0,0.0,31,0.24159811437129974,0.09617745131254196,0.5828850269317627,58.28850269317627,0.9272693452380952,17.421579482563295,0.44352662563323975,0.44352662563323975,0.11815318465232849,0.840622067451477,0.24584448337554932,0.262958288192749,0.017113804817199707,0.262958288192749,True,0.07273065476190477,0.2356402575969696,0.017113804817199707,0.037853422619047616,,,1.3317872053205806,0.2886904776096344,0.037853422619047616,0.0433046683046683,0.12054067105054855,0.12054067105054855,16.541412041153066,0.14891189760624085,26.70147132873535,a grey cable-knit pillow,0.2204320877790451,0.2639804482460022,0.2819008231163025,0.061468735337257385,0.2819008231163025,"124,229,268,379",0.6367706656455994,0.6141147613525391,/cluster/users/grad/2025/25t8103/project/experiments/support_v3_2026-06-02/normalized_512/eval_masks/pillow_same_color_cable_knit_grey_eval_mask.png,fixed_eval_mask,1.0,356.0262145996094,0.0,0.0,direct_target,Direct target guidance,,0.0980505645275116,0.0980505645275116,17.279860875929614,0.13677507330265498,12.222283840179443,/cluster/users/grad/2025/25t8103/project/outputs/pretty_matrix/pillow_same_color_cable_knit_grey/direct_target/seed_11/result.png,20.049352645874023,pillow_same_color_cable_knit_grey/direct_target/seed_11,26.223056341026677,11,/cluster/users/grad/2025/25t8103/project/data/pretty_free_candidates/pexels_plain_pillow_sofa_phase1.jpg,0.09890188276767731,"A cozy living room photo with a plain dark grey pillow on a rattan-backed sofa beside a wooden table, soft natural light, and a simple home interior.",17.249498019439663,0.13725402814524934,0.4140646557301616,0.4140646557301616,"A photo of the same plain dark grey pillow on the same rattan-backed sofa, with the entire pillow surface uniformly changed into same-color dark grey chunky cable-knit fabric, the same thick braided knitted columns covering every part of the pillow including the brightly lit left side, while preserving the pillow shape, outline, lighting, sofa, table, wall, and the rest of the scene.",pillow_same_color_cable_knit_grey
1.0,0.9319366787870725,1.0000000149011612,0.9319366564353307,0.0,0.0,98.62469291687012,0.2886904776096344,0.0,0.0,31,0.24159811437129974,0.09617745131254196,0.5828850269317627,58.28850269317627,0.9272693452380952,17.421579482563295,0.44352662563323975,0.44352662563323975,0.11815318465232849,0.840622067451477,0.24584448337554932,0.262958288192749,0.017113804817199707,0.262958288192749,True,0.07273065476190477,0.2356402575969696,0.017113804817199707,0.037853422619047616,,,1.3317872053205806,0.2886904776096344,0.037853422619047616,0.0433046683046683,0.12054067105054855,0.12054067105054855,16.541412041153066,0.14891189760624085,26.70147132873535,a grey cable-knit pillow,0.2204320877790451,0.2639804482460022,0.2819008231163025,0.061468735337257385,0.2819008231163025,"124,229,268,379",0.6367706656455994,0.6141147613525391,/cluster/users/grad/2025/25t8103/project/experiments/support_v3_2026-06-02/normalized_512/eval_masks/pillow_same_color_cable_knit_grey_eval_mask.png,fixed_eval_mask,1.0,356.0262145996094,0.0,0.0,direct_target,Direct target guidance,,0.0980505645275116,0.0980505645275116,17.279860875929614,0.13677507330265498,12.222283840179443,/cluster/users/grad/2025/25t8103/project/outputs/pretty_matrix/pillow_same_color_cable_knit_grey/direct_target/seed_12/result.png,20.049352645874023,pillow_same_color_cable_knit_grey/direct_target/seed_12,29.49812020099489,12,/cluster/users/grad/2025/25t8103/project/data/pretty_free_candidates/pexels_plain_pillow_sofa_phase1.jpg,0.09890188276767731,"A cozy living room photo with a plain dark grey pillow on a rattan-backed sofa beside a wooden table, soft natural light, and a simple home interior.",17.249498019439663,0.13725402814524934,0.4140646557301616,0.4140646557301616,"A photo of the same plain dark grey pillow on the same rattan-backed sofa, with the entire pillow surface uniformly changed into same-color dark grey chunky cable-knit fabric, the same thick braided knitted columns covering every part of the pillow including the brightly lit left side, while preserving the pillow shape, outline, lighting, sofa, table, wall, and the rest of the scene.",pillow_same_color_cable_knit_grey
1.0,0.9385117913285891,1.0000000248352687,0.9385118087132772,-0.40133823081851006,-7.370777814230678e-05,47.985990126927696,0.0628720223903656,0.013497347278947322,21.757943749427795,31,0.9981825351715088,0.0021897642873227596,0.0055475374683737755,0.5547537468373775,0.9272693452380952,44.48453905612837,0.991269588470459,0.991269588470459,0.07607144117355347,0.9964553117752075,0.23224350810050964,0.20576325058937073,-0.026480257511138916,0.20576325058937073,True,0.07273065476190477,0.9880422949790955,-0.026480257511138916,0.037853422619047616,,,0.903668811083913,0.0628720223903656,0.037853422619047616,0.0,0.03381931409239769,0.03381931409239769,27.24152806438176,0.04344337897216028,7.896205425262451,a grey cable-knit pillow,0.23816952109336853,0.2633056044578552,0.2625826895236969,0.02441316843032837,0.2625826895236969,"124,229,268,379",0.027196161448955536,0.015270307660102844,/cluster/users/grad/2025/25t8103/project/experiments/support_v3_2026-06-02/normalized_512/eval_masks/pillow_same_color_cable_knit_grey_eval_mask.png,fixed_eval_mask,1.0,155.7730255126953,0.041678667068481445,41.944087982177734,support_v3_controller_rmsgap,DeCE-RF,,0.0029309175442904234,0.0029309175442904234,40.73930861833426,0.00918405697065856,13.403027057647705,/cluster/users/grad/2025/25t8103/project/outputs/pretty_matrix/pillow_same_color_cable_knit_grey/support_v3_controller_rmsgap/seed_10/result.png,8.73794174194336,pillow_same_color_cable_knit_grey/support_v3_controller_rmsgap/seed_10,60.693294797994895,10,/cluster/users/grad/2025/25t8103/project/data/pretty_free_candidates/pexels_plain_pillow_sofa_phase1.jpg,0.004100149497389793,"A cozy living room photo with a plain dark grey pillow on a rattan-backed sofa beside a wooden table, soft natural light, and a simple home interior.",38.16457275815124,0.012352969299833538,0.959781805144926,0.959781805144926,"A photo of the same plain dark grey pillow on the same rattan-backed sofa, with the entire pillow surface uniformly changed into same-color dark grey chunky cable-knit fabric, the same thick braided knitted columns covering every part of the pillow including the brightly lit left side, while preserving the pillow shape, outline, lighting, sofa, table, wall, and the rest of the scene.",pillow_same_color_cable_knit_grey
1.0,0.9385574708382288,1.0000000298023224,0.9385574335853258,-0.4010121424992879,-7.967733725422477e-05,47.715624729792275,0.0628720223903656,0.013508823559580682,21.77746844291687,31,0.9978430271148682,0.0021923452150076628,0.005559723824262619,0.5559723824262619,0.9272693452380952,44.468963985771,0.9913027286529541,0.9913027286529541,0.06595933437347412,0.9965708255767822,0.23222385346889496,0.20505933463573456,-0.0271645188331604,0.20505933463573456,True,0.07273065476190477,0.9893418550491333,-0.0271645188331604,0.037853422619047616,,,0.903466581161988,0.0628720223903656,0.037853422619047616,0.0,0.033761102706193924,0.033761102706193924,27.241347514116914,0.043444282022443985,7.8787078857421875,a grey cable-knit pillow,0.23647411167621613,0.253441721200943,0.259306937456131,0.022832825779914856,0.259306937456131,"124,229,268,379",0.026873882859945297,0.015062354505062103,/cluster/users/grad/2025/25t8103/project/experiments/support_v3_2026-06-02/normalized_512/eval_masks/pillow_same_color_cable_knit_grey_eval_mask.png,fixed_eval_mask,1.0,155.7730255126953,0.041678667068481445,41.944087982177734,support_v3_controller_rmsgap,DeCE-RF,,0.0029441064689308405,0.0029441064689308405,40.68921433068959,0.009237177381637401,13.403027057647705,/cluster/users/grad/2025/25t8103/project/outputs/pretty_matrix/pillow_same_color_cable_knit_grey/support_v3_controller_rmsgap/seed_11/result.png,8.72053050994873,pillow_same_color_cable_knit_grey/support_v3_controller_rmsgap/seed_11,63.410555950016715,11,/cluster/users/grad/2025/25t8103/project/data/pretty_free_candidates/pexels_plain_pillow_sofa_phase1.jpg,0.004110635258257389,"A cozy living room photo with a plain dark grey pillow on a rattan-backed sofa beside a wooden table, soft natural light, and a simple home interior.",38.137774947265235,0.012391139680454218,0.9597897770940097,0.9597897770940097,"A photo of the same plain dark grey pillow on the same rattan-backed sofa, with the entire pillow surface uniformly changed into same-color dark grey chunky cable-knit fabric, the same thick braided knitted columns covering every part of the pillow including the brightly lit left side, while preserving the pillow shape, outline, lighting, sofa, table, wall, and the rest of the scene.",pillow_same_color_cable_knit_grey
1.0,0.9388458554943403,1.0,0.9388458679119746,-0.4011128780742486,-7.210994363049394e-05,47.954463958740234,0.0628720223903656,0.013502016843024952,21.769164840380352,31,0.9982448816299438,0.0021941724698990583,0.005703286733478308,0.5703286733478308,0.9272693452380952,44.450293626234824,0.9912437796592712,0.9912437796592712,0.07718469202518463,0.9964723587036133,0.23243987560272217,0.2060318887233734,-0.026407986879348755,0.2060318887233734,True,0.07273065476190477,0.9874197840690613,-0.026407986879348755,0.037853422619047616,,,0.8991531189134566,0.0628720223903656,0.037853422619047616,0.0,0.03380385413765907,0.03380385413765907,27.254028911107504,0.043380899660475536,7.889088153839111,a grey cable-knit pillow,0.2366601824760437,0.24921230971813202,0.25767987966537476,0.021019697189331055,0.25767987966537476,"124,229,268,379",0.02725614607334137,0.01499667763710022,/cluster/users/grad/2025/25t8103/project/experiments/support_v3_2026-06-02/normalized_512/eval_masks/pillow_same_color_cable_knit_grey_eval_mask.png,fixed_eval_mask,1.0,155.7730255126953,0.041678667068481445,41.944087982177734,support_v3_controller_rmsgap,DeCE-RF,,0.002937519922852516,0.002937519922852516,40.71944353206244,0.009205085429240898,13.403027057647705,/cluster/users/grad/2025/25t8103/project/outputs/pretty_matrix/pillow_same_color_cable_knit_grey/support_v3_controller_rmsgap/seed_12/result.png,8.773909568786621,pillow_same_color_cable_knit_grey/support_v3_controller_rmsgap/seed_12,58.621299691993045,12,/cluster/users/grad/2025/25t8103/project/data/pretty_free_candidates/pexels_plain_pillow_sofa_phase1.jpg,0.0041059167124331,"A cozy living room photo with a plain dark grey pillow on a rattan-backed sofa beside a wooden table, soft natural light, and a simple home interior.",38.159829973559006,0.012359716273738509,0.9596856927808143,0.9596856927808143,"A photo of the same plain dark grey pillow on the same rattan-backed sofa, with the entire pillow surface uniformly changed into same-color dark grey chunky cable-knit fabric, the same thick braided knitted columns covering every part of the pillow including the brightly lit left side, while preserving the pillow shape, outline, lighting, sofa, table, wall, and the rest of the scene.",pillow_same_color_cable_knit_grey
1.0,0.9395907819271088,1.0000000099341075,0.9395907794435819,-0.37919838602344197,-8.858534558460936e-05,47.35218604405721,0.0628720223903656,0.013876925916216956,13.519575119018555,31,0.9985461235046387,0.0022184201516211033,0.007458284962922335,0.7458284962922335,0.9272693452380952,43.935606200544306,0.9910579323768616,0.9910579323768616,0.08593776822090149,0.9956571459770203,0.23288777470588684,0.20755721628665924,-0.0253305584192276,0.20755721628665924,True,0.07273065476190477,0.9878330230712891,-0.0253305584192276,0.037853422619047616,,,0.9603733678178328,0.0628720223903656,0.037853422619047616,0.0,0.037747908383607864,0.037747908383607864,26.21916726721317,0.04886992096212175,8.98624324798584,a grey cable-knit pillow,0.23970411717891693,0.2720524072647095,0.2646329998970032,0.024928882718086243,0.2646329998970032,"124,229,268,379",0.03519013524055481,0.019980330020189285,/cluster/users/grad/2025/25t8103/project/experiments/support_v3_2026-06-02/normalized_512/eval_masks/pillow_same_color_cable_knit_grey_eval_mask.png,fixed_eval_mask,1.0,155.7730255126953,0.041678667068481445,20.024734497070312,support_v3_fixed,Fixed DeCE displacement,,0.0030648033134639263,0.0030648033134639263,39.82306291336102,0.010205795323344313,13.268893718719482,/cluster/users/grad/2025/25t8103/project/outputs/pretty_matrix/pillow_same_color_cable_knit_grey/support_v3_fixed/seed_10/result.png,9.357030868530273,pillow_same_color_cable_knit_grey/support_v3_fixed/seed_10,63.046637994993944,10,/cluster/users/grad/2025/25t8103/project/data/pretty_free_candidates/pexels_plain_pillow_sofa_phase1.jpg,0.004377677105367184,"A cozy living room photo with a plain dark grey pillow on a rattan-backed sofa beside a wooden table, soft natural light, and a simple home interior.",37.1983238536985,0.013806506678539526,0.9568215223381631,0.9568215223381631,"A photo of the same plain dark grey pillow on the same rattan-backed sofa, with the entire pillow surface uniformly changed into same-color dark grey chunky cable-knit fabric, the same thick braided knitted columns covering every part of the pillow including the brightly lit left side, while preserving the pillow shape, outline, lighting, sofa, table, wall, and the rest of the scene.",pillow_same_color_cable_knit_grey
1.0,0.9394970784584681,1.0000000149011612,0.9394970710078875,-0.3787681274116039,-0.00010119518420500147,47.412323236465454,0.0628720223903656,0.01387691374111455,13.520788749059042,31,0.9985034465789795,0.0022153635509312153,0.007212180644273758,0.7212180644273758,0.9272693452380952,43.96970379061231,0.9910632371902466,0.9910632371902466,0.08270234614610672,0.9955191016197205,0.23243913054466248,0.20695801079273224,-0.025481119751930237,0.20695801079273224,True,0.07273065476190477,0.987427830696106,-0.025481119751930237,0.037853422619047616,,,0.9712210006443878,0.0628720223903656,0.037853422619047616,0.0,0.03832702711224556,0.03832702711224556,26.099670267566452,0.04954689993672749,9.120160102844238,a grey cable-knit pillow,0.23733699321746826,0.26491937041282654,0.2604949176311493,0.02315792441368103,0.2604949176311493,"124,229,268,379",0.034686822444200516,0.019699525088071823,/cluster/users/grad/2025/25t8103/project/experiments/support_v3_2026-06-02/normalized_512/eval_masks/pillow_same_color_cable_knit_grey_eval_mask.png,fixed_eval_mask,1.0,155.7730255126953,0.041678667068481445,20.018829345703125,support_v3_fixed,Fixed DeCE displacement,,0.0030646612867712975,0.0030646612867712975,39.83052538515637,0.010197030791937076,13.268893718719482,/cluster/users/grad/2025/25t8103/project/outputs/pretty_matrix/pillow_same_color_cable_knit_grey/support_v3_fixed/seed_11/result.png,9.390406608581543,pillow_same_color_cable_knit_grey/support_v3_fixed/seed_11,61.21189028400113,11,/cluster/users/grad/2025/25t8103/project/data/pretty_free_candidates/pexels_plain_pillow_sofa_phase1.jpg,0.004399462137371302,"A cozy living room photo with a plain dark grey pillow on a rattan-backed sofa beside a wooden table, soft natural light, and a simple home interior.",37.14511035854138,0.01389135090647057,0.9565228820482814,0.9565228820482814,"A photo of the same plain dark grey pillow on the same rattan-backed sofa, with the entire pillow surface uniformly changed into same-color dark grey chunky cable-knit fabric, the same thick braided knitted columns covering every part of the pillow including the brightly lit left side, while preserving the pillow shape, outline, lighting, sofa, table, wall, and the rest of the scene.",pillow_same_color_cable_knit_grey
1.0,0.9394845565160116,1.0000000248352687,0.939484549065431,-0.3789348478118579,-0.00014974651160552335,47.27080305417379,0.0628720223903656,0.013878298001751924,13.522435665130615,31,0.9984962940216064,0.002216731896623969,0.006898880936205387,0.6898880936205387,0.9272693452380952,44.00963174060037,0.9909959435462952,0.9909959435462952,0.08858118951320648,0.9962226152420044,0.2331063449382782,0.20757833123207092,-0.025528013706207275,0.20757833123207092,True,0.07273065476190477,0.9868658781051636,-0.025528013706207275,0.037853422619047616,,,0.9677378976951676,0.0628720223903656,0.037853422619047616,0.0,0.03832341730594635,0.03832341730594635,26.120618439468927,0.049427549308399946,9.076336860656738,a grey cable-knit pillow,0.23714959621429443,0.26501065492630005,0.2608128488063812,0.023663252592086792,0.2608128488063812,"124,229,268,379",0.03472946211695671,0.01899595744907856,/cluster/users/grad/2025/25t8103/project/experiments/support_v3_2026-06-02/normalized_512/eval_masks/pillow_same_color_cable_knit_grey_eval_mask.png,fixed_eval_mask,1.0,155.7730255126953,0.041678667068481445,20.022422790527344,support_v3_fixed,Fixed DeCE displacement,,0.003056313842535019,0.003056313842535019,39.87622223701087,0.010143524631794694,13.268893718719482,/cluster/users/grad/2025/25t8103/project/outputs/pretty_matrix/pillow_same_color_cable_knit_grey/support_v3_fixed/seed_12/result.png,9.378920555114746,pillow_same_color_cable_knit_grey/support_v3_fixed/seed_12,63.66387306698016,12,/cluster/users/grad/2025/25t8103/project/data/pretty_free_candidates/pexels_plain_pillow_sofa_phase1.jpg,0.004391293972730637,"A cozy living room photo with a plain dark grey pillow on a rattan-backed sofa beside a wooden table, soft natural light, and a simple home interior.",37.17887222343121,0.013837460329981618,0.9566720061193799,0.9566720061193799,"A photo of the same plain dark grey pillow on the same rattan-backed sofa, with the entire pillow surface uniformly changed into same-color dark grey chunky cable-knit fabric, the same thick braided knitted columns covering every part of the pillow including the brightly lit left side, while preserving the pillow shape, outline, lighting, sofa, table, wall, and the rest of the scene.",pillow_same_color_cable_knit_grey
1.0,0.9281269758939743,1.000000002483527,0.9281270181139311,-0.4001192543655634,-6.447835101397459e-07,25.159482041994732,0.18004262447357178,0.010615229550846076,23.971819400787354,31,0.979929506778717,0.04943964257836342,0.10936155170202255,10.936155170202255,0.864990234375,19.71810686289918,0.5474749803543091,0.5474749803543091,0.2068345695734024,0.9033256769180298,0.20245236158370972,0.2699253261089325,0.06747296452522278,0.2699253261089325,True,0.135009765625,0.9325398206710815,0.06747296452522278,0.07593883167613637,,,0.8375018156817495,0.18004262447357178,0.07593883167613637,0.9907204442495982,0.44697049260139465,0.44697049260139465,5.838175364979302,0.5106122524486587,5.523394584655762,a blue office chair,0.19132325053215027,0.27984851598739624,0.27242574095726013,0.08110249042510986,0.27242574095726013,"0,7,347,257",0.16523197293281555,0.1352880597114563,/cluster/users/grad/2025/25t8103/project/experiments/support_v3_2026-06-02/normalized_512/eval_masks/red_office_chair_to_blue_office_chair_eval_mask.png,fixed_eval_mask,1.0,105.7725830078125,0.028233474120497704,38.77968215942383,adaptive_full_generic_support,Generic support control,,0.05622589588165283,0.05622589588165283,18.39048142412675,0.12035826781678688,13.570971965789795,/cluster/users/grad/2025/25t8103/project/outputs/pretty_matrix/red_office_chair_to_blue_office_chair/adaptive_full_generic_support/seed_10/result.png,6.595083713531494,red_office_chair_to_blue_office_chair/adaptive_full_generic_support/seed_10,37.269244569994044,10,/cluster/users/grad/2025/25t8103/project/data/pretty_free_candidates/unsplash_red_office_chair_concrete_lvVWRzm_NwY.jpg,0.08589859306812286,A photo of a red office chair on a concrete floor.,14.790556724764858,0.18216803081908528,0.5788132212794684,0.5788132212794684,"A photo of the same office chair on the same concrete floor, with only the red plastic seat and back shell changed to deep blue while the silver metal base, wheels, wall, and floor remain unchanged.",red_office_chair_to_blue_office_chair
1.0,0.9278407767415047,1.000000002483527,0.9278407692909241,-0.3982299572477738,1.413684526478202e-07,25.30967445174853,0.18004262447357178,0.010623252729904683,23.968790610631306,31,0.9827113747596741,0.04924871772527695,0.10696843266487122,10.696843266487122,0.864990234375,19.754406893073046,0.5494993925094604,0.5494993925094604,0.2108984887599945,0.9207138419151306,0.21005883812904358,0.272160142660141,0.06210130453109741,0.272160142660141,True,0.135009765625,0.9412969946861267,0.06210130453109741,0.07593883167613637,,,0.7032714451309158,0.18004262447357178,0.07593883167613637,0.9917433874031857,0.44621527194976807,0.44621527194976807,5.793313790641936,0.5132563255447966,4.649337291717529,a blue office chair,0.19457532465457916,0.2823944687843323,0.27940428256988525,0.08482895791530609,0.27940428256988525,"0,7,347,257",0.16224341094493866,0.13187196850776672,/cluster/users/grad/2025/25t8103/project/experiments/support_v3_2026-06-02/normalized_512/eval_masks/red_office_chair_to_blue_office_chair_eval_mask.png,fixed_eval_mask,1.0,105.7725830078125,0.028233474120497704,38.77968215942383,adaptive_full_generic_support,Generic support control,,0.05601031333208084,0.05601031333208084,18.423320143206357,0.11990408874226213,13.570971965789795,/cluster/users/grad/2025/25t8103/project/outputs/pretty_matrix/red_office_chair_to_blue_office_chair/adaptive_full_generic_support/seed_11/result.png,6.611013889312744,red_office_chair_to_blue_office_chair/adaptive_full_generic_support/seed_11,37.84182726799918,11,/cluster/users/grad/2025/25t8103/project/data/pretty_free_candidates/unsplash_red_office_chair_concrete_lvVWRzm_NwY.jpg,0.0856420248746872,A photo of a red office chair on a concrete floor.,14.776869984834303,0.18245530730870876,0.5807939265924715,0.5807939265924715,"A photo of the same office chair on the same concrete floor, with only the red plastic seat and back shell changed to deep blue while the silver metal base, wheels, wall, and floor remain unchanged.",red_office_chair_to_blue_office_chair
1.0,0.9274497305353483,1.0000000198682149,0.9274497280518214,-0.39998015699287254,9.225755904414731e-07,25.551764369010925,0.18004262447357178,0.010620263584617836,23.968552668889362,31,0.9803035259246826,0.04938109591603279,0.10989060252904892,10.989060252904892,0.864990234375,19.736949638203935,0.548263430595398,0.548263430595398,0.20798951387405396,0.9317805767059326,0.21394763886928558,0.2702381908893585,0.05629055202007294,0.2702381908893585,True,0.135009765625,0.9415300488471985,0.05629055202007294,0.07593883167613637,,,0.7892314306885738,0.18004262447357178,0.07593883167613637,0.9905743095133713,0.4474714994430542,0.4474714994430542,5.831893209041619,0.5109816914150745,5.270205974578857,a blue office chair,0.20352071523666382,0.2850985825061798,0.28561931848526,0.08209860324859619,0.28561931848526,"0,7,347,257",0.16380849480628967,0.13479772210121155,/cluster/users/grad/2025/25t8103/project/experiments/support_v3_2026-06-02/normalized_512/eval_masks/red_office_chair_to_blue_office_chair_eval_mask.png,fixed_eval_mask,1.0,105.7725830078125,0.028233474120497704,38.77968215942383,adaptive_full_generic_support,Generic support control,,0.05614060163497925,0.05614060163497925,18.40813575424113,0.12011388448500275,13.570971965789795,/cluster/users/grad/2025/25t8103/project/outputs/pretty_matrix/red_office_chair_to_blue_office_chair/adaptive_full_generic_support/seed_12/result.png,6.677643299102783,red_office_chair_to_blue_office_chair/adaptive_full_generic_support/seed_12,37.09765539399814,12,/cluster/users/grad/2025/25t8103/project/data/pretty_free_candidates/unsplash_red_office_chair_concrete_lvVWRzm_NwY.jpg,0.0858578011393547,A photo of a red office chair on a concrete floor.,14.793912705439299,0.18209765986953125,0.5816038761689254,0.5816038761689254,"A photo of the same office chair on the same concrete floor, with only the red plastic seat and back shell changed to deep blue while the silver metal base, wheels, wall, and floor remain unchanged.",red_office_chair_to_blue_office_chair
1.0,0.0,0.0,0.0,0.0,0.0,0.0,0.19992898404598236,0.0,0.0,31,0.772388756275177,0.05057046562433243,0.2962396740913391,29.62396740913391,0.864990234375,21.668364852456943,0.5155581831932068,0.5155581831932068,0.020814992487430573,0.8780132532119751,0.27690911293029785,0.28226417303085327,0.00535506010055542,0.28226417303085327,True,0.135009765625,0.8026714324951172,0.00535506010055542,0.07593883167613637,,,1.108192697520533,0.19992898404598236,0.07593883167613637,0.005772322080958644,0.09457018971443176,0.09457018971443176,15.802310848397049,0.16213786782498038,6.06682014465332,a blue office chair,0.23544463515281677,0.2084435075521469,0.2588053047657013,0.02336066961288452,0.2588053047657013,"0,7,347,257",0.34844470024108887,0.32468003034591675,/cluster/users/grad/2025/25t8103/project/experiments/support_v3_2026-06-02/normalized_512/eval_masks/red_office_chair_to_blue_office_chair_eval_mask.png,fixed_eval_mask,1.0,0.0,0.0,0.0,base_only,RF reconstruction / base reconstruction,,0.05281279981136322,0.05281279981136322,20.96082026709082,0.0895280214213556,12.229666233062744,/cluster/users/grad/2025/25t8103/project/outputs/pretty_matrix/red_office_chair_to_blue_office_chair/base_only/seed_10/result.png,5.474517345428467,red_office_chair_to_blue_office_chair/base_only/seed_10,17.257406500008074,10,/cluster/users/grad/2025/25t8103/project/data/pretty_free_candidates/unsplash_red_office_chair_concrete_lvVWRzm_NwY.jpg,0.055983807891607285,A photo of a red office chair on a concrete floor.,20.267368489910197,0.09696870048575777,0.5262008743437268,0.5262008743437268,"A photo of the same office chair on the same concrete floor, with only the red plastic seat and back shell changed to deep blue while the silver metal base, wheels, wall, and floor remain unchanged.",red_office_chair_to_blue_office_chair
1.0,0.0,0.0,0.0,0.0,0.0,0.0,0.19992898404598236,0.0,0.0,31,0.772388756275177,0.05057046562433243,0.2962396740913391,29.62396740913391,0.864990234375,21.668364852456943,0.5155581831932068,0.5155581831932068,0.020814992487430573,0.8780132532119751,0.27690911293029785,0.28226417303085327,0.00535506010055542,0.28226417303085327,True,0.135009765625,0.8026714324951172,0.00535506010055542,0.07593883167613637,,,1.108192697520533,0.19992898404598236,0.07593883167613637,0.005772322080958644,0.09457018971443176,0.09457018971443176,15.802310848397049,0.16213786782498038,6.06682014465332,a blue office chair,0.23544463515281677,0.2084435075521469,0.2588053047657013,0.02336066961288452,0.2588053047657013,"0,7,347,257",0.34844470024108887,0.32468003034591675,/cluster/users/grad/2025/25t8103/project/experiments/support_v3_2026-06-02/normalized_512/eval_masks/red_office_chair_to_blue_office_chair_eval_mask.png,fixed_eval_mask,1.0,0.0,0.0,0.0,base_only,RF reconstruction / base reconstruction,,0.05281279981136322,0.05281279981136322,20.96082026709082,0.0895280214213556,12.229666233062744,/cluster/users/grad/2025/25t8103/project/outputs/pretty_matrix/red_office_chair_to_blue_office_chair/base_only/seed_11/result.png,5.474517345428467,red_office_chair_to_blue_office_chair/base_only/seed_11,25.77899071200227,11,/cluster/users/grad/2025/25t8103/project/data/pretty_free_candidates/unsplash_red_office_chair_concrete_lvVWRzm_NwY.jpg,0.055983807891607285,A photo of a red office chair on a concrete floor.,20.267368489910197,0.09696870048575777,0.5262008743437268,0.5262008743437268,"A photo of the same office chair on the same concrete floor, with only the red plastic seat and back shell changed to deep blue while the silver metal base, wheels, wall, and floor remain unchanged.",red_office_chair_to_blue_office_chair
1.0,0.0,0.0,0.0,0.0,0.0,0.0,0.19992898404598236,0.0,0.0,31,0.772388756275177,0.05057046562433243,0.2962396740913391,29.62396740913391,0.864990234375,21.668364852456943,0.5155581831932068,0.5155581831932068,0.020814992487430573,0.8780132532119751,0.27690911293029785,0.28226417303085327,0.00535506010055542,0.28226417303085327,True,0.135009765625,0.8026714324951172,0.00535506010055542,0.07593883167613637,,,1.108192697520533,0.19992898404598236,0.07593883167613637,0.005772322080958644,0.09457018971443176,0.09457018971443176,15.802310848397049,0.16213786782498038,6.06682014465332,a blue office chair,0.23544463515281677,0.2084435075521469,0.2588053047657013,0.02336066961288452,0.2588053047657013,"0,7,347,257",0.34844470024108887,0.32468003034591675,/cluster/users/grad/2025/25t8103/project/experiments/support_v3_2026-06-02/normalized_512/eval_masks/red_office_chair_to_blue_office_chair_eval_mask.png,fixed_eval_mask,1.0,0.0,0.0,0.0,base_only,RF reconstruction / base reconstruction,,0.05281279981136322,0.05281279981136322,20.96082026709082,0.0895280214213556,12.229666233062744,/cluster/users/grad/2025/25t8103/project/outputs/pretty_matrix/red_office_chair_to_blue_office_chair/base_only/seed_12/result.png,5.474517345428467,red_office_chair_to_blue_office_chair/base_only/seed_12,17.721214310993673,12,/cluster/users/grad/2025/25t8103/project/data/pretty_free_candidates/unsplash_red_office_chair_concrete_lvVWRzm_NwY.jpg,0.055983807891607285,A photo of a red office chair on a concrete floor.,20.267368489910197,0.09696870048575777,0.5262008743437268,0.5262008743437268,"A photo of the same office chair on the same concrete floor, with only the red plastic seat and back shell changed to deep blue while the silver metal base, wheels, wall, and floor remain unchanged.",red_office_chair_to_blue_office_chair
1.0,0.9194664632280668,1.0000000521540642,0.919466458261013,0.0,0.0,117.01112922032674,0.19992898404598236,0.0,0.0,31,0.8931570053100586,0.07471258193254471,0.32859939336776733,32.85993933677673,0.864990234375,17.57409174857425,0.507124662399292,0.507124662399292,0.10221575945615768,0.7992746829986572,0.22976547479629517,0.27711328864097595,0.047347813844680786,0.27711328864097595,True,0.135009765625,0.8598150014877319,0.047347813844680786,0.07593883167613637,,,0.6812197657355286,0.19992898404598236,0.07593883167613637,0.08724243752740027,0.19340120255947113,0.19340120255947113,10.836024771133273,0.2872094738910548,3.601053237915039,a blue office chair,0.2250877320766449,0.24316756427288055,0.28115588426589966,0.05606815218925476,0.28115588426589966,"0,7,347,257",0.3983551859855652,0.3637963533401489,/cluster/users/grad/2025/25t8103/project/experiments/support_v3_2026-06-02/normalized_512/eval_masks/red_office_chair_to_blue_office_chair_eval_mask.png,fixed_eval_mask,1.0,307.87689208984375,0.0,0.0,direct_target,Direct target guidance,,0.08186909556388855,0.08186909556388855,16.504526171057496,0.14954561787320925,12.229666233062744,/cluster/users/grad/2025/25t8103/project/outputs/pretty_matrix/red_office_chair_to_blue_office_chair/direct_target/seed_10/result.png,5.286184310913086,red_office_chair_to_blue_office_chair/direct_target/seed_10,18.61359546300082,10,/cluster/users/grad/2025/25t8103/project/data/pretty_free_candidates/unsplash_red_office_chair_concrete_lvVWRzm_NwY.jpg,0.09033872187137604,A photo of a red office chair on a concrete floor.,15.697677817113842,0.16410284454564075,0.5037529195483403,0.5037529195483403,"A photo of the same office chair on the same concrete floor, with only the red plastic seat and back shell changed to deep blue while the silver metal base, wheels, wall, and floor remain unchanged.",red_office_chair_to_blue_office_chair
1.0,0.9194664632280668,1.0000000521540642,0.919466458261013,0.0,0.0,117.01112922032674,0.19992898404598236,0.0,0.0,31,0.8931570053100586,0.07471258193254471,0.32859939336776733,32.85993933677673,0.864990234375,17.57409174857425,0.507124662399292,0.507124662399292,0.10221575945615768,0.7992746829986572,0.22976547479629517,0.27711328864097595,0.047347813844680786,0.27711328864097595,True,0.135009765625,0.8598150014877319,0.047347813844680786,0.07593883167613637,,,0.6812197657355286,0.19992898404598236,0.07593883167613637,0.08724243752740027,0.19340120255947113,0.19340120255947113,10.836024771133273,0.2872094738910548,3.601053237915039,a blue office chair,0.2250877320766449,0.24316756427288055,0.28115588426589966,0.05606815218925476,0.28115588426589966,"0,7,347,257",0.3983551859855652,0.3637963533401489,/cluster/users/grad/2025/25t8103/project/experiments/support_v3_2026-06-02/normalized_512/eval_masks/red_office_chair_to_blue_office_chair_eval_mask.png,fixed_eval_mask,1.0,307.87689208984375,0.0,0.0,direct_target,Direct target guidance,,0.08186909556388855,0.08186909556388855,16.504526171057496,0.14954561787320925,12.229666233062744,/cluster/users/grad/2025/25t8103/project/outputs/pretty_matrix/red_office_chair_to_blue_office_chair/direct_target/seed_11/result.png,5.286184310913086,red_office_chair_to_blue_office_chair/direct_target/seed_11,18.58756179100601,11,/cluster/users/grad/2025/25t8103/project/data/pretty_free_candidates/unsplash_red_office_chair_concrete_lvVWRzm_NwY.jpg,0.09033872187137604,A photo of a red office chair on a concrete floor.,15.697677817113842,0.16410284454564075,0.5037529195483403,0.5037529195483403,"A photo of the same office chair on the same concrete floor, with only the red plastic seat and back shell changed to deep blue while the silver metal base, wheels, wall, and floor remain unchanged.",red_office_chair_to_blue_office_chair
1.0,0.9194664632280668,1.0000000521540642,0.919466458261013,0.0,0.0,117.01112922032674,0.19992898404598236,0.0,0.0,31,0.8931570053100586,0.07471258193254471,0.32859939336776733,32.85993933677673,0.864990234375,17.57409174857425,0.507124662399292,0.507124662399292,0.10221575945615768,0.7992746829986572,0.22976547479629517,0.27711328864097595,0.047347813844680786,0.27711328864097595,True,0.135009765625,0.8598150014877319,0.047347813844680786,0.07593883167613637,,,0.6812197657355286,0.19992898404598236,0.07593883167613637,0.08724243752740027,0.19340120255947113,0.19340120255947113,10.836024771133273,0.2872094738910548,3.601053237915039,a blue office chair,0.2250877320766449,0.24316756427288055,0.28115588426589966,0.05606815218925476,0.28115588426589966,"0,7,347,257",0.3983551859855652,0.3637963533401489,/cluster/users/grad/2025/25t8103/project/experiments/support_v3_2026-06-02/normalized_512/eval_masks/red_office_chair_to_blue_office_chair_eval_mask.png,fixed_eval_mask,1.0,307.87689208984375,0.0,0.0,direct_target,Direct target guidance,,0.08186909556388855,0.08186909556388855,16.504526171057496,0.14954561787320925,12.229666233062744,/cluster/users/grad/2025/25t8103/project/outputs/pretty_matrix/red_office_chair_to_blue_office_chair/direct_target/seed_12/result.png,5.286184310913086,red_office_chair_to_blue_office_chair/direct_target/seed_12,18.498680406002677,12,/cluster/users/grad/2025/25t8103/project/data/pretty_free_candidates/unsplash_red_office_chair_concrete_lvVWRzm_NwY.jpg,0.09033872187137604,A photo of a red office chair on a concrete floor.,15.697677817113842,0.16410284454564075,0.5037529195483403,0.5037529195483403,"A photo of the same office chair on the same concrete floor, with only the red plastic seat and back shell changed to deep blue while the silver metal base, wheels, wall, and floor remain unchanged.",red_office_chair_to_blue_office_chair
1.0,0.9294547910491625,1.0000000273187954,0.9294548307855924,-0.4154513192673524,-7.6054305946371414e-06,27.168561557928722,0.18004262447357178,0.010549529593845364,31.712945302327473,31,0.9851107597351074,0.049275271594524384,0.10612023621797562,10.612023621797562,0.864990234375,19.751065192693712,0.5494776964187622,0.5494776964187622,0.20953039824962616,0.919873833656311,0.21086525917053223,0.27297723293304443,0.06211197376251221,0.27297723293304443,True,0.135009765625,0.9412346482276917,0.06211197376251221,0.07593883167613637,,,0.6355773364372493,0.18004262447357178,0.07593883167613637,0.9934970042379073,0.44654935598373413,0.44654935598373413,5.794633680828678,0.513178338079281,4.174182415008545,a blue office chair,0.20394332706928253,0.2877337634563446,0.2893528342247009,0.0854095071554184,0.2893528342247009,"0,7,347,257",0.16357876360416412,0.13105931878089905,/cluster/users/grad/2025/25t8103/project/experiments/support_v3_2026-06-02/normalized_512/eval_masks/red_office_chair_to_blue_office_chair_eval_mask.png,fixed_eval_mask,1.0,105.7725830078125,0.028233474120497704,53.683250427246094,support_v3_controller_rmsgap,DeCE-RF,,0.056055232882499695,0.056055232882499695,18.427989922012063,0.11983964225413643,13.572125911712646,/cluster/users/grad/2025/25t8103/project/outputs/phase2_selected_metric_refresh_20260612/red_office_chair_to_blue_office_chair/support_v3_controller_rmsgap/seed_10/result.png,6.567544460296631,red_office_chair_to_blue_office_chair/support_v3_controller_rmsgap/seed_10,37.86577726000178,10,/cluster/users/grad/2025/25t8103/project/data/pretty_free_candidates/unsplash_red_office_chair_concrete_lvVWRzm_NwY.jpg,0.08570889383554459,A photo of a red office chair on a concrete floor.,14.779526271422103,0.18239951803369592,0.5778384616034645,0.5778384616034645,"A photo of the same office chair on the same concrete floor, with only the red plastic seat and back shell changed to deep blue while the silver metal base, wheels, wall, and floor remain unchanged.",red_office_chair_to_blue_office_chair
1.0,0.9298568541804949,0.9999999925494194,0.9298568591475487,-0.4154081741968791,-6.438909229207941e-06,27.04416795571645,0.18004262447357178,0.010525595889096925,31.632119576136272,31,0.9847087860107422,0.04928084835410118,0.10619961470365524,10.619961470365524,0.864990234375,19.740431365055663,0.5495228171348572,0.5495228171348572,0.20408785343170166,0.9284411668777466,0.2152467668056488,0.27209317684173584,0.056846410036087036,0.27209317684173584,True,0.135009765625,0.9437358379364014,0.056846410036087036,0.07593883167613637,,,0.6611366590132053,0.18004262447357178,0.07593883167613637,0.9929855326611136,0.44644424319267273,0.44644424319267273,5.761311842238643,0.5151508347443899,4.334677219390869,a blue office chair,0.2031671553850174,0.28821906447410583,0.2916715741157532,0.08850441873073578,0.2916715741157532,"0,7,347,257",0.16294999420642853,0.131826713681221,/cluster/users/grad/2025/25t8103/project/experiments/support_v3_2026-06-02/normalized_512/eval_masks/red_office_chair_to_blue_office_chair_eval_mask.png,fixed_eval_mask,1.0,105.7725830078125,0.028233474120497704,53.683250427246094,support_v3_controller_rmsgap,DeCE-RF,,0.05609198659658432,0.05609198659658432,18.402830599676182,0.12018726987092655,13.572125911712646,/cluster/users/grad/2025/25t8103/project/outputs/phase2_selected_metric_refresh_20260612/red_office_chair_to_blue_office_chair/support_v3_controller_rmsgap/seed_11/result.png,6.556401252746582,red_office_chair_to_blue_office_chair/support_v3_controller_rmsgap/seed_11,38.59364733300026,11,/cluster/users/grad/2025/25t8103/project/data/pretty_free_candidates/unsplash_red_office_chair_concrete_lvVWRzm_NwY.jpg,0.08573490381240845,A photo of a red office chair on a concrete floor.,14.749458613650075,0.18303201855274565,0.5786758300449121,0.5786758300449121,"A photo of the same office chair on the same concrete floor, with only the red plastic seat and back shell changed to deep blue while the silver metal base, wheels, wall, and floor remain unchanged.",red_office_chair_to_blue_office_chair
1.0,0.9302381401260694,1.0000000099341075,0.9302381401260694,-0.41568277527888614,-9.411446248700864e-06,27.80379472176234,0.18004262447357178,0.010559591481675549,31.72805341084798,31,0.9833782911300659,0.04925685003399849,0.10626617074012756,10.626617074012756,0.864990234375,19.77825500367963,0.5492013692855835,0.5492013692855835,0.2145012766122818,0.9451446533203125,0.2204459011554718,0.27233821153640747,0.05189231038093567,0.27233821153640747,True,0.135009765625,0.9544109106063843,0.05189231038093567,0.07593883167613637,,,0.8368852183578618,0.18004262447357178,0.07593883167613637,0.9914511179307322,0.4366069734096527,0.4366069734096527,6.025065466962992,0.4997430081338764,5.61712121963501,a blue office chair,0.2141183614730835,0.28435108065605164,0.2946266829967499,0.08050832152366638,0.2946266829967499,"0,7,347,257",0.1597113460302353,0.1308838129043579,/cluster/users/grad/2025/25t8103/project/experiments/support_v3_2026-06-02/normalized_512/eval_masks/red_office_chair_to_blue_office_chair_eval_mask.png,fixed_eval_mask,1.0,105.7725830078125,0.028233474120497704,53.683250427246094,support_v3_controller_rmsgap,DeCE-RF,,0.0560726523399353,0.0560726523399353,18.467717975847126,0.1192927639870579,13.572125911712646,/cluster/users/grad/2025/25t8103/project/outputs/phase2_selected_metric_refresh_20260612/red_office_chair_to_blue_office_chair/support_v3_controller_rmsgap/seed_12/result.png,6.711937427520752,red_office_chair_to_blue_office_chair/support_v3_controller_rmsgap/seed_12,38.13284534599734,12,/cluster/users/grad/2025/25t8103/project/data/pretty_free_candidates/unsplash_red_office_chair_concrete_lvVWRzm_NwY.jpg,0.08496997505426407,A photo of a red office chair on a concrete floor.,14.932880268169303,0.17920741964175432,0.5803810970378842,0.5803810970378842,"A photo of the same office chair on the same concrete floor, with only the red plastic seat and back shell changed to deep blue while the silver metal base, wheels, wall, and floor remain unchanged.",red_office_chair_to_blue_office_chair
1.0,0.9284845714767774,1.0000000124176343,0.9284845565756162,-0.4008930381387472,-1.0403787769064365e-05,26.671510487794876,0.18004262447357178,0.010578189166456772,21.251066207885742,31,0.9838824272155762,0.04912718012928963,0.10608211904764175,10.608211904764175,0.864990234375,19.79490784184651,0.5494576096534729,0.5494576096534729,0.21202683448791504,0.9312392473220825,0.21326258778572083,0.2709238827228546,0.05766129493713379,0.2709238827228546,True,0.135009765625,0.940172553062439,0.05766129493713379,0.07593883167613637,,,0.7236517044317321,0.18004262447357178,0.07593883167613637,0.9919625895075259,0.4438338279724121,0.4438338279724121,5.826691912851616,0.5112877697971652,4.775516986846924,a blue office chair,0.2056889832019806,0.283555269241333,0.28592604398727417,0.08023706078529358,0.28592604398727417,"0,7,347,257",0.1611427515745163,0.13048183917999268,/cluster/users/grad/2025/25t8103/project/experiments/support_v3_2026-06-02/normalized_512/eval_masks/red_office_chair_to_blue_office_chair_eval_mask.png,fixed_eval_mask,1.0,105.7725830078125,0.028233474120497704,30.771211624145508,support_v3_fixed,Fixed DeCE displacement,,0.055830515921115875,0.055830515921115875,18.47301595998816,0.11922002319840987,13.570225715637207,/cluster/users/grad/2025/25t8103/project/outputs/pretty_matrix/red_office_chair_to_blue_office_chair/support_v3_fixed/seed_10/result.png,6.5991926193237305,red_office_chair_to_blue_office_chair/support_v3_fixed/seed_10,65.9208668479987,10,/cluster/users/grad/2025/25t8103/project/data/pretty_free_candidates/unsplash_red_office_chair_concrete_lvVWRzm_NwY.jpg,0.08529501408338547,A photo of a red office chair on a concrete floor.,14.816752477403979,0.18161945834963444,0.5803546402215691,0.5803546402215691,"A photo of the same office chair on the same concrete floor, with only the red plastic seat and back shell changed to deep blue while the silver metal base, wheels, wall, and floor remain unchanged.",red_office_chair_to_blue_office_chair
1.0,0.9288677300016085,0.9999999925494194,0.9288677275180817,-0.400275656953454,-1.5125461532742671e-05,27.043411026398342,0.18004262447357178,0.010548714786030663,21.20909110705058,31,0.984542727470398,0.04927079752087593,0.10639151930809021,10.639151930809021,0.864990234375,19.737715668035122,0.5495888590812683,0.5495888590812683,0.2095581591129303,0.9439463019371033,0.22220809757709503,0.2736251652240753,0.051417067646980286,0.2736251652240753,True,0.135009765625,0.9527395963668823,0.051417067646980286,0.07593883167613637,,,0.8277151579070985,0.18004262447357178,0.07593883167613637,0.9921817916118661,0.445505291223526,0.445505291223526,5.861063087845263,0.5092685365875423,5.437877178192139,a blue office chair,0.2090882956981659,0.28916728496551514,0.2909923195838928,0.08190402388572693,0.2909923195838928,"0,7,347,257",0.16153788566589355,0.1319311112165451,/cluster/users/grad/2025/25t8103/project/experiments/support_v3_2026-06-02/normalized_512/eval_masks/red_office_chair_to_blue_office_chair_eval_mask.png,fixed_eval_mask,1.0,105.7725830078125,0.028233474120497704,30.690866470336914,support_v3_fixed,Fixed DeCE displacement,,0.056121863424777985,0.056121863424777985,18.395651859389822,0.1202866436682352,13.570225715637207,/cluster/users/grad/2025/25t8103/project/outputs/pretty_matrix/red_office_chair_to_blue_office_chair/support_v3_fixed/seed_11/result.png,6.56974458694458,red_office_chair_to_blue_office_chair/support_v3_fixed/seed_11,63.775698240002384,11,/cluster/users/grad/2025/25t8103/project/data/pretty_free_candidates/unsplash_red_office_chair_concrete_lvVWRzm_NwY.jpg,0.0856911838054657,A photo of a red office chair on a concrete floor.,14.806289458580126,0.18183836889229169,0.5828242481988857,0.5828242481988857,"A photo of the same office chair on the same concrete floor, with only the red plastic seat and back shell changed to deep blue while the silver metal base, wheels, wall, and floor remain unchanged.",red_office_chair_to_blue_office_chair
1.0,0.929887684683005,1.0000000099341075,0.9298877020676931,-0.4006865465392669,-1.0393973841948956e-05,26.665716608365376,0.18004262447357178,0.010555879608242927,21.215259710947674,31,0.9840699434280396,0.04920872300863266,0.10608339309692383,10.608339309692383,0.864990234375,19.754770409317803,0.549391508102417,0.549391508102417,0.2211511731147766,0.9308555722236633,0.21442782878875732,0.2756659984588623,0.06123816967010498,0.2756659984588623,True,0.135009765625,0.9388603568077087,0.06123816967010498,0.07593883167613637,,,0.8584991785944435,0.18004262447357178,0.07593883167613637,0.9920356568756393,0.44212421774864197,0.44212421774864197,5.939988947986819,0.5046619397000386,5.637816429138184,a blue office chair,0.20783895254135132,0.2908821105957031,0.2890469431877136,0.0812079906463623,0.2890469431877136,"0,7,347,257",0.16253621876239777,0.13141417503356934,/cluster/users/grad/2025/25t8103/project/experiments/support_v3_2026-06-02/normalized_512/eval_masks/red_office_chair_to_blue_office_chair_eval_mask.png,fixed_eval_mask,1.0,105.7725830078125,0.028233474120497704,30.76531219482422,support_v3_fixed,Fixed DeCE displacement,,0.05599299818277359,0.05599299818277359,18.42128294597603,0.11993221446517284,13.570225715637207,/cluster/users/grad/2025/25t8103/project/outputs/pretty_matrix/red_office_chair_to_blue_office_chair/support_v3_fixed/seed_12/result.png,6.567060947418213,red_office_chair_to_blue_office_chair/support_v3_fixed/seed_12,61.06637062699883,12,/cluster/users/grad/2025/25t8103/project/data/pretty_free_candidates/unsplash_red_office_chair_concrete_lvVWRzm_NwY.jpg,0.08531536161899567,A photo of a red office chair on a concrete floor.,14.863585784401856,0.18064282266668963,0.5816385458135034,0.5816385458135034,"A photo of the same office chair on the same concrete floor, with only the red plastic seat and back shell changed to deep blue while the silver metal base, wheels, wall, and floor remain unchanged.",red_office_chair_to_blue_office_chair
1.0,0.9300995692610741,1.0000000322858493,0.9300995816787084,-0.285288389151295,-0.0008622069447786392,24.421657065550487,0.1190476194024086,0.01489263060890759,10.79411385456721,31,0.9717303514480591,0.03790440037846565,0.1024630218744278,10.24630218744278,0.8857945033482143,20.49012478486234,0.8192282915115356,0.8192282915115356,0.03747010603547096,0.9560685157775879,0.31365805864334106,0.2900639474391937,-0.02359411120414734,0.2900639474391937,True,0.11420549665178571,0.9843525290489197,-0.02359411120414734,0.0599365234375,,,0.9565372203371211,0.1190476194024086,0.0599365234375,0.0,0.04592810943722725,0.04592810943722725,17.737905217167636,0.1297492150455685,5.713130950927734,a green leaf decal on a tote bag,0.32212933897972107,0.2442426085472107,0.2933292090892792,-0.028800129890441895,0.2933292090892792,"66,146,275,427",0.10968396067619324,0.10776485502719879,/cluster/users/grad/2025/25t8103/project/experiments/support_v3_2026-06-02/normalized_512/eval_masks/tote_leaf_eval_mask.png,fixed_eval_mask,1.0,71.16111755371094,0.05277033895254135,23.517091751098633,adaptive_full_generic_support,Generic support control,,0.03842119872570038,0.03842119872570038,20.20807312962329,0.0976329346480746,13.550859451293945,/cluster/users/grad/2025/25t8103/project/outputs/pretty_matrix/tote_leaf/adaptive_full_generic_support/seed_10/result.png,5.972722053527832,tote_leaf/adaptive_full_generic_support/seed_10,24.096548186033033,10,/cluster/users/grad/2025/25t8103/project/data/pretty_free_candidates/pexels_white_tote_bag_4068314.jpg,0.03887113928794861,A photo of a plain white canvas tote bag held in front of a green wall.,20.01309749911173,0.09984932310074786,0.8093794561978136,0.8093794561978136,"A photo of the same white canvas tote bag with a green leaf logo printed on the front, in front of the same green wall.",tote_leaf
1.0,0.931535022954146,1.0000000198682149,0.9315349956353506,-0.3067267133543889,-0.0004576626136743774,21.199735065301258,0.1071428582072258,0.013793281163088977,10.397841652234396,31,0.964904248714447,0.0328674241900444,0.10168147087097168,10.168147087097168,0.8857945033482143,20.966499466163345,0.8356202244758606,0.8356202244758606,0.021614588797092438,0.9467859268188477,0.3132750391960144,0.29940301179885864,-0.013872027397155762,0.29940301179885864,True,0.11420549665178571,0.9801685810089111,-0.013872027397155762,0.0599365234375,,,0.9569966345938351,0.1071428582072258,0.0599365234375,0.0,0.04588956758379936,0.04588956758379936,17.7621802074648,0.1293871031734354,5.691049098968506,a green leaf decal on a tote bag,0.3109327554702759,0.24843093752861023,0.2985389232635498,-0.012393832206726074,0.2985389232635498,"66,146,275,427",0.1087590754032135,0.1068248450756073,/cluster/users/grad/2025/25t8103/project/experiments/support_v3_2026-06-02/normalized_512/eval_masks/tote_leaf_eval_mask.png,fixed_eval_mask,1.0,50.13554382324219,0.05107995867729187,23.18766975402832,adaptive_full_generic_support,Generic support control,,0.03368363529443741,0.03368363529443741,20.630828829306576,0.09299477725784218,13.381566524505615,/cluster/users/grad/2025/25t8103/project/outputs/pretty_matrix/tote_leaf/adaptive_full_generic_support/seed_11/result.png,5.946780681610107,tote_leaf/adaptive_full_generic_support/seed_11,31.313872652011923,11,/cluster/users/grad/2025/25t8103/project/data/pretty_free_candidates/pexels_white_tote_bag_4068314.jpg,0.034415215253829956,A photo of a plain beige canvas tote bag held in front of a dark green wall.,20.39381940065018,0.09556723698189279,0.8224041091522529,0.8224041091522529,"A photo of the same beige canvas tote bag with a large centered dark green leaf logo printed clearly on the front panel, while the hand, straps, bag shape, wall, and lighting remain unchanged.",tote_leaf
1.0,0.9321127409736315,1.000000034769376,0.9321127335230509,-0.3069137285153071,-0.00034080697514582425,21.110028326511383,0.1071428582072258,0.01377661216732425,10.397924999396006,31,0.9644764065742493,0.03264794126152992,0.10164017230272293,10.164017230272293,0.8857945033482143,21.051814235609267,0.8362299203872681,0.8362299203872681,0.023032093420624733,0.9532296657562256,0.31103360652923584,0.2971155047416687,-0.013918101787567139,0.2971155047416687,True,0.11420549665178571,0.9795354604721069,-0.013918101787567139,0.0599365234375,,,0.9572221061634429,0.1071428582072258,0.0599365234375,0.0,0.045897044241428375,0.045897044241428375,17.7609994121582,0.129404693780241,5.69167423248291,a green leaf decal on a tote bag,0.3103806972503662,0.24781689047813416,0.2975522577762604,-0.012828439474105835,0.2975522577762604,"66,146,275,427",0.10873764753341675,0.10682998597621918,/cluster/users/grad/2025/25t8103/project/experiments/support_v3_2026-06-02/normalized_512/eval_masks/tote_leaf_eval_mask.png,fixed_eval_mask,1.0,48.55169677734375,0.05107995867729187,23.18766975402832,adaptive_full_generic_support,Generic support control,,0.03347703441977501,0.03347703441977501,20.704979285209063,0.09220427041343503,13.381927490234375,/cluster/users/grad/2025/25t8103/project/outputs/pretty_matrix/tote_leaf/adaptive_full_generic_support/seed_12/result.png,5.946033000946045,tote_leaf/adaptive_full_generic_support/seed_12,31.848552329000086,12,/cluster/users/grad/2025/25t8103/project/data/pretty_free_candidates/pexels_white_tote_bag_4068314.jpg,0.034221455454826355,A photo of a plain beige canvas tote bag held in front of a dark green wall.,20.459630727211476,0.09484587853162674,0.8229683806931821,0.8229683806931821,"A photo of the same beige canvas tote bag with a large centered dark green leaf logo printed clearly on the front panel, while the hand, straps, bag shape, wall, and lighting remain unchanged.",tote_leaf
1.0,0.0,0.0,0.0,0.0,0.0,0.0,0.2306547611951828,0.0,0.0,31,0.7290737628936768,0.04017580673098564,0.3281770944595337,32.81770944595337,0.8857945033482143,19.708785828338943,0.8032712936401367,0.8032712936401367,-0.007253837771713734,0.810283362865448,0.34396892786026,0.31240448355674744,-0.03156444430351257,0.31240448355674744,True,0.11420549665178571,0.8169310092926025,-0.03156444430351257,0.0599365234375,,,0.9443815120023511,0.2306547611951828,0.0599365234375,0.0,0.051056455820798874,0.051056455820798874,17.681759960425016,0.13059062547681663,5.010474681854248,a green leaf decal on a tote bag,0.32873812317848206,0.27976733446121216,0.2929782271385193,-0.03575989603996277,0.2929782271385193,"66,146,275,427",0.3427561819553375,0.3354305326938629,/cluster/users/grad/2025/25t8103/project/experiments/support_v3_2026-06-02/normalized_512/eval_masks/tote_leaf_eval_mask.png,fixed_eval_mask,1.0,0.0,0.0,0.0,base_only,RF reconstruction / base reconstruction,,0.04119200259447098,0.04119200259447098,19.48684013981595,0.10608598008587945,12.404858589172363,/cluster/users/grad/2025/25t8103/project/outputs/pretty_matrix/tote_leaf/base_only/seed_10/result.png,5.3055620193481445,tote_leaf/base_only/seed_10,10.532361504039727,10,/cluster/users/grad/2025/25t8103/project/data/pretty_free_candidates/pexels_white_tote_bag_4068314.jpg,0.04178324341773987,A photo of a plain white canvas tote bag held in front of a green wall.,19.354728786479352,0.10771186872923506,0.7935547352671911,0.7935547352671911,"A photo of the same white canvas tote bag with a green leaf logo printed on the front, in front of the same green wall.",tote_leaf
1.0,0.0,0.0,0.0,0.0,0.0,0.0,0.2016369104385376,0.0,0.0,31,0.7379488945007324,0.04002639278769493,0.32844990491867065,32.844990491867065,0.8857945033482143,19.842935513487447,0.8049291968345642,0.8049291968345642,-0.02695167064666748,0.8079749941825867,0.34297943115234375,0.3145400881767273,-0.028439342975616455,0.3145400881767273,True,0.11420549665178571,0.8164453506469727,-0.028439342975616455,0.0599365234375,,,0.9490553606034662,0.2016369104385376,0.0599365234375,0.0,0.051466066390275955,0.051466066390275955,17.755221817799445,0.12949079855149528,5.028351306915283,a green leaf decal on a tote bag,0.3315611481666565,0.27920079231262207,0.3228433132171631,-0.008717834949493408,0.3228433132171631,"66,146,275,427",0.3427603840827942,0.3359910845756531,/cluster/users/grad/2025/25t8103/project/experiments/support_v3_2026-06-02/normalized_512/eval_masks/tote_leaf_eval_mask.png,fixed_eval_mask,1.0,0.0,0.0,0.0,base_only,RF reconstruction / base reconstruction,,0.04105624184012413,0.04105624184012413,19.61220564359636,0.10456581284877876,12.228387355804443,/cluster/users/grad/2025/25t8103/project/outputs/pretty_matrix/tote_leaf/base_only/seed_11/result.png,5.298269748687744,tote_leaf/base_only/seed_11,18.023952046001796,11,/cluster/users/grad/2025/25t8103/project/data/pretty_free_candidates/pexels_white_tote_bag_4068314.jpg,0.041680142283439636,A photo of a plain beige canvas tote bag held in front of a dark green wall.,19.4754953068262,0.1062246318643659,0.7949669950432457,0.7949669950432457,"A photo of the same beige canvas tote bag with a large centered dark green leaf logo printed clearly on the front panel, while the hand, straps, bag shape, wall, and lighting remain unchanged.",tote_leaf
1.0,0.0,0.0,0.0,0.0,0.0,0.0,0.2016369104385376,0.0,0.0,31,0.7379488945007324,0.04002639278769493,0.32844990491867065,32.844990491867065,0.8857945033482143,19.842935513487447,0.8049291968345642,0.8049291968345642,-0.02695167064666748,0.8079749941825867,0.34297943115234375,0.3145400881767273,-0.028439342975616455,0.3145400881767273,True,0.11420549665178571,0.8164453506469727,-0.028439342975616455,0.0599365234375,,,0.9490553606034662,0.2016369104385376,0.0599365234375,0.0,0.051466066390275955,0.051466066390275955,17.755221817799445,0.12949079855149528,5.028351306915283,a green leaf decal on a tote bag,0.3315611481666565,0.27920079231262207,0.3228433132171631,-0.008717834949493408,0.3228433132171631,"66,146,275,427",0.3427603840827942,0.3359910845756531,/cluster/users/grad/2025/25t8103/project/experiments/support_v3_2026-06-02/normalized_512/eval_masks/tote_leaf_eval_mask.png,fixed_eval_mask,1.0,0.0,0.0,0.0,base_only,RF reconstruction / base reconstruction,,0.04105624184012413,0.04105624184012413,19.61220564359636,0.10456581284877876,12.228387355804443,/cluster/users/grad/2025/25t8103/project/outputs/pretty_matrix/tote_leaf/base_only/seed_12/result.png,5.298269748687744,tote_leaf/base_only/seed_12,17.968775538000045,12,/cluster/users/grad/2025/25t8103/project/data/pretty_free_candidates/pexels_white_tote_bag_4068314.jpg,0.041680142283439636,A photo of a plain beige canvas tote bag held in front of a dark green wall.,19.4754953068262,0.1062246318643659,0.7949669950432457,0.7949669950432457,"A photo of the same beige canvas tote bag with a large centered dark green leaf logo printed clearly on the front panel, while the hand, straps, bag shape, wall, and lighting remain unchanged.",tote_leaf
1.0,0.9185290311773618,0.9999999850988388,0.9185290162762006,0.0,0.0,103.58287334442139,0.2306547611951828,0.0,0.0,31,0.727211058139801,0.06768949329853058,0.4257625341415405,42.57625341415405,0.8857945033482143,16.30164515658107,0.7617562413215637,0.7617562413215637,0.10709524899721146,0.6957105398178101,0.26910173892974854,0.28710249066352844,0.018000751733779907,0.28710249066352844,True,0.11420549665178571,0.665308952331543,0.018000751733779907,0.0599365234375,,,0.5957966202247735,0.2306547611951828,0.0599365234375,9.69838037047813e-05,0.22091123461723328,0.22091123461723328,10.339215819582957,0.30411595755766,8.6350679397583,a green leaf decal on a tote bag,0.28311270475387573,0.31016451120376587,0.30273929238319397,0.019626587629318237,0.30273929238319397,"66,146,275,427",0.4599800109863281,0.44711148738861084,/cluster/users/grad/2025/25t8103/project/experiments/support_v3_2026-06-02/normalized_512/eval_masks/tote_leaf_eval_mask.png,fixed_eval_mask,1.0,480.03704833984375,0.0,0.0,direct_target,Direct target guidance,,0.07764153927564621,0.07764153927564621,15.442181255752383,0.16900164706828436,12.404858589172363,/cluster/users/grad/2025/25t8103/project/outputs/pretty_matrix/tote_leaf/direct_target/seed_10/result.png,14.493314743041992,tote_leaf/direct_target/seed_10,11.414470058050938,10,/cluster/users/grad/2025/25t8103/project/data/pretty_free_candidates/pexels_white_tote_bag_4068314.jpg,0.0862286388874054,A photo of a plain white canvas tote bag held in front of a green wall.,14.89548915201149,0.17998053664042143,0.7223841025396178,0.7223841025396178,"A photo of the same white canvas tote bag with a green leaf logo printed on the front, in front of the same green wall.",tote_leaf
1.0,0.9178333307305971,1.0,0.9178333406647047,0.0,0.0,87.66540773709615,0.2016369104385376,0.0,0.0,31,0.7021626234054565,0.05019353702664375,0.3706129491329193,37.06129491329193,0.8857945033482143,18.320783044648014,0.7688319683074951,0.7688319683074951,0.11566461622714996,0.7645730972290039,0.31486424803733826,0.34747862815856934,0.03261438012123108,0.34747862815856934,True,0.11420549665178571,0.632192075252533,0.03261438012123108,0.0599365234375,,,0.8203294186548535,0.2016369104385376,0.0599365234375,0.0,0.18923771381378174,0.18923771381378174,10.353237082888686,0.30362543208757786,11.35962963104248,a green leaf decal on a tote bag,0.3071877658367157,0.3184926211833954,0.34070879220962524,0.033521026372909546,0.34070879220962524,"66,146,275,427",0.41201409697532654,0.3943520188331604,/cluster/users/grad/2025/25t8103/project/experiments/support_v3_2026-06-02/normalized_512/eval_masks/tote_leaf_eval_mask.png,fixed_eval_mask,1.0,240.62261962890625,0.0,0.0,direct_target,Direct target guidance,,0.05752172693610191,0.05752172693610191,17.32075209083306,0.13613268032642226,12.228387355804443,/cluster/users/grad/2025/25t8103/project/outputs/pretty_matrix/tote_leaf/direct_target/seed_11/result.png,13.847643852233887,tote_leaf/direct_target/seed_11,18.678285740010324,11,/cluster/users/grad/2025/25t8103/project/data/pretty_free_candidates/pexels_white_tote_bag_4068314.jpg,0.06541632115840912,A photo of a plain beige canvas tote bag held in front of a dark green wall.,16.392777089411872,0.15148204014726266,0.7260184588149453,0.7260184588149453,"A photo of the same beige canvas tote bag with a large centered dark green leaf logo printed clearly on the front panel, while the hand, straps, bag shape, wall, and lighting remain unchanged.",tote_leaf
1.0,0.9178333307305971,1.0,0.9178333406647047,0.0,0.0,87.66540773709615,0.2016369104385376,0.0,0.0,31,0.7021626234054565,0.05019353702664375,0.3706129491329193,37.06129491329193,0.8857945033482143,18.320783044648014,0.7688319683074951,0.7688319683074951,0.11566461622714996,0.7645730972290039,0.31486424803733826,0.34747862815856934,0.03261438012123108,0.34747862815856934,True,0.11420549665178571,0.632192075252533,0.03261438012123108,0.0599365234375,,,0.8203294186548535,0.2016369104385376,0.0599365234375,0.0,0.18923771381378174,0.18923771381378174,10.353237082888686,0.30362543208757786,11.35962963104248,a green leaf decal on a tote bag,0.3071877658367157,0.3184926211833954,0.34070879220962524,0.033521026372909546,0.34070879220962524,"66,146,275,427",0.41201409697532654,0.3943520188331604,/cluster/users/grad/2025/25t8103/project/experiments/support_v3_2026-06-02/normalized_512/eval_masks/tote_leaf_eval_mask.png,fixed_eval_mask,1.0,240.62261962890625,0.0,0.0,direct_target,Direct target guidance,,0.05752172693610191,0.05752172693610191,17.32075209083306,0.13613268032642226,12.228387355804443,/cluster/users/grad/2025/25t8103/project/outputs/pretty_matrix/tote_leaf/direct_target/seed_12/result.png,13.847643852233887,tote_leaf/direct_target/seed_12,19.124268971994752,12,/cluster/users/grad/2025/25t8103/project/data/pretty_free_candidates/pexels_white_tote_bag_4068314.jpg,0.06541632115840912,A photo of a plain beige canvas tote bag held in front of a dark green wall.,16.392777089411872,0.15148204014726266,0.7260184588149453,0.7260184588149453,"A photo of the same beige canvas tote bag with a large centered dark green leaf logo printed clearly on the front panel, while the hand, straps, bag shape, wall, and lighting remain unchanged.",tote_leaf
1.0,0.9468197996417681,1.0000000074505806,0.9468198095758756,-0.35265008235971135,5.31336746393644e-06,32.724530736605324,0.01897321455180645,0.014235306647606194,24.48326011498769,31,0.9664250612258911,0.020504847168922424,0.04821247234940529,4.821247234940529,0.8857945033482143,23.40186047351169,0.8674913644790649,0.8674913644790649,0.14651301503181458,0.7845777869224548,0.23585447669029236,0.2794784605503082,0.04362398386001587,0.2794784605503082,True,0.11420549665178571,0.91629958152771,0.04362398386001587,0.0599365234375,,,1.0180777353928723,0.01897321455180645,0.0599365234375,0.0,0.09812542051076889,0.09812542051076889,15.409676457248544,0.16963527889283203,6.182621955871582,a green leaf decal on a tote bag,0.25415560603141785,0.3324596583843231,0.3046644330024719,0.05050882697105408,0.3046644330024719,"66,146,275,427",0.09278751909732819,0.0742068812251091,/cluster/users/grad/2025/25t8103/project/experiments/support_v3_2026-06-02/normalized_512/eval_masks/tote_leaf_eval_mask.png,fixed_eval_mask,1.0,88.57091522216797,0.057465098798274994,59.47224807739258,support_v3_controller_rmsgap,DeCE-RF,,0.02250913344323635,0.02250913344323635,22.595392955231706,0.0741703540721604,13.402976989746094,/cluster/users/grad/2025/25t8103/project/outputs/phase2_selected_metric_refresh_20260612/tote_leaf/support_v3_controller_rmsgap/seed_10/result.png,6.07283878326416,tote_leaf/support_v3_controller_rmsgap/seed_10,35.39153789800184,10,/cluster/users/grad/2025/25t8103/project/data/pretty_free_candidates/pexels_white_tote_bag_4068314.jpg,0.02704130858182907,A photo of a plain beige canvas tote bag held in front of a dark green wall.,21.613865956342032,0.08304370216452371,0.8475398798532648,0.8475398798532648,"A photo of the same beige canvas tote bag with a large centered dark green leaf logo printed clearly on the front panel, while the hand, straps, bag shape, wall, and lighting remain unchanged.",tote_leaf
1.0,0.9513896082838377,1.000000002483527,0.9513896033167839,-0.35185441623131436,5.647634084245586e-06,32.60909587144852,0.01897321455180645,0.014231886302392619,24.47564919789632,31,0.9664126634597778,0.020536765456199646,0.048056501895189285,4.8056501895189285,0.8857945033482143,23.40379475309673,0.8674628734588623,0.8674628734588623,0.14516675472259521,0.7836143970489502,0.2425505816936493,0.2857571840286255,0.043206602334976196,0.2857571840286255,True,0.11420549665178571,0.9096100330352783,0.043206602334976196,0.0599365234375,,,0.9902175723341408,0.01897321455180645,0.0599365234375,0.0,0.08278169482946396,0.08278169482946396,16.539491425510807,0.14894482850387056,6.027345657348633,a green leaf decal on a tote bag,0.2402859330177307,0.3225250244140625,0.2912786602973938,0.050992727279663086,0.2912786602973938,"66,146,275,427",0.08732116967439651,0.07011739164590836,/cluster/users/grad/2025/25t8103/project/experiments/support_v3_2026-06-02/normalized_512/eval_masks/tote_leaf_eval_mask.png,fixed_eval_mask,1.0,67.73162078857422,0.057465098798274994,59.47224807739258,support_v3_controller_rmsgap,DeCE-RF,,0.022429384291172028,0.022429384291172028,22.628923972218928,0.07388457872224469,13.402976989746094,/cluster/users/grad/2025/25t8103/project/outputs/phase2_selected_metric_refresh_20260612/tote_leaf/support_v3_controller_rmsgap/seed_11/result.png,6.08689022064209,tote_leaf/support_v3_controller_rmsgap/seed_11,36.28806246900058,11,/cluster/users/grad/2025/25t8103/project/data/pretty_free_candidates/pexels_white_tote_bag_4068314.jpg,0.026046687737107277,A photo of a plain beige canvas tote bag held in front of a dark green wall.,21.896727730699737,0.08038288947646824,0.8486162293041074,0.8486162293041074,"A photo of the same beige canvas tote bag with a large centered dark green leaf logo printed clearly on the front panel, while the hand, straps, bag shape, wall, and lighting remain unchanged.",tote_leaf
1.0,0.9466219842433929,0.9999999925494194,0.9466219941775004,-0.35222731344401836,5.2102920200525205e-06,33.488983591397606,0.01897321455180645,0.014237148820636017,24.481564323107403,31,0.968442440032959,0.020540423691272736,0.048091523349285126,4.809152334928513,0.8857945033482143,23.402510745134173,0.8674359917640686,0.8674359917640686,0.15376847982406616,0.7929872274398804,0.2409716248512268,0.28644973039627075,0.045478105545043945,0.28644973039627075,True,0.11420549665178571,0.9067796468734741,0.045478105545043945,0.0599365234375,,,1.0084566833602617,0.01897321455180645,0.0599365234375,0.0,0.08432354778051376,0.08432354778051376,16.488627529515597,0.1498195966540464,6.123598098754883,a green leaf decal on a tote bag,0.2434527426958084,0.33048003911972046,0.2959253191947937,0.05247257649898529,0.2959253191947937,"66,146,275,427",0.08782942593097687,0.07016211003065109,/cluster/users/grad/2025/25t8103/project/experiments/support_v3_2026-06-02/normalized_512/eval_masks/tote_leaf_eval_mask.png,fixed_eval_mask,1.0,87.48995971679688,0.057465098798274994,59.47224807739258,support_v3_controller_rmsgap,DeCE-RF,,0.022445647045969963,0.022445647045969963,22.62618598987753,0.07390787242818343,13.40255355834961,/cluster/users/grad/2025/25t8103/project/outputs/phase2_selected_metric_refresh_20260612/tote_leaf/support_v3_controller_rmsgap/seed_12/result.png,6.07224702835083,tote_leaf/support_v3_controller_rmsgap/seed_12,35.443516118000844,12,/cluster/users/grad/2025/25t8103/project/data/pretty_free_candidates/pexels_white_tote_bag_4068314.jpg,0.02615439146757126,A photo of a plain beige canvas tote bag held in front of a dark green wall.,21.8840430429334,0.08050036469019298,0.8483140273582035,0.8483140273582035,"A photo of the same beige canvas tote bag with a large centered dark green leaf logo printed clearly on the front panel, while the hand, straps, bag shape, wall, and lighting remain unchanged.",tote_leaf
1.0,0.9463261018196741,1.0000000273187954,0.9463261192043623,-0.34162373716632527,3.8693885220375535e-06,33.93370278676351,0.01897321455180645,0.015037496229827715,16.568475206693012,31,0.9648603200912476,0.02052939124405384,0.04830535873770714,4.830535873770714,0.8857945033482143,23.402451866975813,0.8674587607383728,0.8674587607383728,0.1317974030971527,0.7984545826911926,0.23627278208732605,0.2713766396045685,0.03510385751724243,0.2713766396045685,True,0.11420549665178571,0.8929600715637207,0.03510385751724243,0.0599365234375,,,0.9858156267733704,0.01897321455180645,0.0599365234375,0.0,0.09651675075292587,0.09651675075292587,15.581384196642553,0.16631475875099067,5.989004611968994,a green leaf decal on a tote bag,0.26748397946357727,0.3297829031944275,0.30551794171333313,0.03803396224975586,0.30551794171333313,"66,146,275,427",0.09210103750228882,0.07382079213857651,/cluster/users/grad/2025/25t8103/project/experiments/support_v3_2026-06-02/normalized_512/eval_masks/tote_leaf_eval_mask.png,fixed_eval_mask,1.0,84.58341979980469,0.057465098798274994,28.496299743652344,support_v3_fixed,Fixed DeCE displacement,,0.022547073662281036,0.022547073662281036,22.59826277408922,0.07414585222723852,13.400401592254639,/cluster/users/grad/2025/25t8103/project/outputs/pretty_matrix/tote_leaf/support_v3_fixed/seed_10/result.png,6.075177192687988,tote_leaf/support_v3_fixed/seed_10,57.37604909601214,10,/cluster/users/grad/2025/25t8103/project/data/pretty_free_candidates/pexels_white_tote_bag_4068314.jpg,0.026980554684996605,A photo of a plain beige canvas tote bag held in front of a dark green wall.,21.65834912435596,0.08261949646430965,0.8490152180559618,0.8490152180559618,"A photo of the same beige canvas tote bag with a large centered dark green leaf logo printed clearly on the front panel, while the hand, straps, bag shape, wall, and lighting remain unchanged.",tote_leaf
1.0,0.9450861538449923,0.9999999652306238,0.945086178680261,-0.3420878015458584,4.0968695282176766e-06,37.004440089066826,0.01897321455180645,0.01505373638307598,16.574941277503967,31,0.9660210609436035,0.020564967766404152,0.04850192368030548,4.850192368030548,0.8857945033482143,23.402636915304317,0.8673760890960693,0.8673760890960693,0.17711393535137177,0.8371057510375977,0.25803491473197937,0.30480247735977173,0.04676756262779236,0.30480247735977173,True,0.11420549665178571,0.9052870273590088,0.04676756262779236,0.0599365234375,,,0.9752124736915689,0.01897321455180645,0.0599365234375,0.0,0.0895865336060524,0.0895865336060524,16.167396472089987,0.15546412125602677,5.933701992034912,a green leaf decal on a tote bag,0.2676132321357727,0.35153728723526,0.3199864625930786,0.05237323045730591,0.3199864625930786,"66,146,275,427",0.08866570889949799,0.07126230001449585,/cluster/users/grad/2025/25t8103/project/experiments/support_v3_2026-06-02/normalized_512/eval_masks/tote_leaf_eval_mask.png,fixed_eval_mask,1.0,129.04457092285156,0.057465098798274994,28.496299743652344,support_v3_fixed,Fixed DeCE displacement,,0.022534972056746483,0.022534972056746483,22.617932497899822,0.07397813442379865,13.399978160858154,/cluster/users/grad/2025/25t8103/project/outputs/pretty_matrix/tote_leaf/support_v3_fixed/seed_11/result.png,6.084522247314453,tote_leaf/support_v3_fixed/seed_11,52.19713873999717,11,/cluster/users/grad/2025/25t8103/project/data/pretty_free_candidates/pexels_white_tote_bag_4068314.jpg,0.026553811505436897,A photo of a plain beige canvas tote bag held in front of a dark green wall.,21.808932963968267,0.08119949940090536,0.8492340172181274,0.8492340172181274,"A photo of the same beige canvas tote bag with a large centered dark green leaf logo printed clearly on the front panel, while the hand, straps, bag shape, wall, and lighting remain unchanged.",tote_leaf
1.0,0.9457300926248232,1.0,0.94573013484478,-0.342377291371425,4.50858710721036e-06,35.81162313620249,0.01897321455180645,0.015045840045786463,16.566372791926067,31,0.9619585275650024,0.020556651055812836,0.048443570733070374,4.844357073307037,0.8857945033482143,23.40271925991843,0.8674347400665283,0.8674347400665283,0.15973423421382904,0.8099973797798157,0.24934449791908264,0.2944468557834625,0.04510235786437988,0.2944468557834625,True,0.11420549665178571,0.8807381987571716,0.04510235786437988,0.0599365234375,,,0.988733995593643,0.01897321455180645,0.0599365234375,0.0,0.08687745034694672,0.08687745034694672,16.36517716799241,0.15196414873200403,6.01320743560791,a green leaf decal on a tote bag,0.2557965815067291,0.33905720710754395,0.3067263960838318,0.05092981457710266,0.3067263960838318,"66,146,275,427",0.08727628737688065,0.0703173354268074,/cluster/users/grad/2025/25t8103/project/experiments/support_v3_2026-06-02/normalized_512/eval_masks/tote_leaf_eval_mask.png,fixed_eval_mask,1.0,114.15375518798828,0.057465098798274994,28.496299743652344,support_v3_fixed,Fixed DeCE displacement,,0.022498277947306633,0.022498277947306633,22.62349302257843,0.07393079032708286,13.400401592254639,/cluster/users/grad/2025/25t8103/project/outputs/pretty_matrix/tote_leaf/support_v3_fixed/seed_12/result.png,6.081724166870117,tote_leaf/support_v3_fixed/seed_12,56.32861058299022,12,/cluster/users/grad/2025/25t8103/project/data/pretty_free_candidates/pexels_white_tote_bag_4068314.jpg,0.02635694295167923,A photo of a plain beige canvas tote bag held in front of a dark green wall.,21.856003950087,0.08076064940532247,0.848679505905712,0.848679505905712,"A photo of the same beige canvas tote bag with a large centered dark green leaf logo printed clearly on the front panel, while the hand, straps, bag shape, wall, and lighting remain unchanged.",tote_leaf
1.0,0.9228339269757271,1.0000000223517418,0.9228339294592539,-0.3787454521904389,-0.0008032351036793747,38.0669823884964,0.0394345261156559,0.010918731481069699,8.97452143828074,31,0.9249352812767029,0.02927951142191887,0.0675187036395073,6.751870363950729,0.9150739397321429,21.4444817660237,0.8561519980430603,0.8561519980430603,0.053102437406778336,0.8666943311691284,0.2418735921382904,0.23673692345619202,-0.005136668682098389,0.23673692345619202,True,0.08492606026785714,0.9288383722305298,-0.005136668682098389,0.045712425595238096,,,0.7435976912102696,0.0394345261156559,0.045712425595238096,0.4993641912512716,0.0069430312141776085,0.0069430312141776085,40.8291432500324,0.009089559513187111,1.256913185119629,a red star on a white t-shirt,0.2120337337255478,0.21839767694473267,0.2126789391040802,0.0006452053785324097,0.2126789391040802,"197,75,363,234",0.0694979578256607,0.0688740611076355,/cluster/users/grad/2025/25t8103/project/experiments/support_v3_2026-06-02/normalized_512/eval_masks/tshirt_star_eval_mask.png,fixed_eval_mask,1.0,164.88331604003906,0.030661504715681076,15.633641242980957,adaptive_full_generic_support,Generic support control,,0.028435559943318367,0.028435559943318367,21.621866491920972,0.08296724618475639,12.228387355804443,/cluster/users/grad/2025/25t8103/project/outputs/pretty_matrix/tshirt_star/adaptive_full_generic_support/seed_10/result.png,1.690313458442688,tshirt_star/adaptive_full_generic_support/seed_10,116.26098998798989,10,/cluster/users/grad/2025/25t8103/project/data/pretty_free_candidates/pexels_person_white_tshirt_blue_jeans_8217483.jpg,0.027453085407614708,"A close-up fashion photo of a person wearing a plain white t-shirt and blue jeans, with natural fabric folds and soft studio lighting.",21.822577829219597,0.08107204136581593,0.8647475184259444,0.8647475184259444,"The same person wearing the same white t-shirt and blue jeans, with a clearly visible medium-sized bright red star printed on the center chest, while preserving the fabric folds, shadows, jeans, pose, and background.",tshirt_star
1.0,0.9229265749454498,1.0000000198682149,0.9229265650113424,-0.3779050447046757,-0.0007722924011991003,38.0172430674235,0.0394345261156559,0.010911551721316451,8.968741774559021,31,0.9269689321517944,0.0293092280626297,0.0675840750336647,6.75840750336647,0.9150739397321429,21.432900516644835,0.8560327887535095,0.8560327887535095,0.049312300980091095,0.8613085746765137,0.24337226152420044,0.2370012104511261,-0.006371051073074341,0.2370012104511261,True,0.08492606026785714,0.9303426146507263,-0.006371051073074341,0.045712425595238096,,,0.7452112547747027,0.0394345261156559,0.045712425595238096,0.4968209562563581,0.006941036321222782,0.006941036321222782,40.83023990831102,0.009088411961024348,1.2589231729507446,a red star on a white t-shirt,0.21038024127483368,0.21774505078792572,0.21082168817520142,0.0004414469003677368,0.21082168817520142,"197,75,363,234",0.0695653185248375,0.0689421221613884,/cluster/users/grad/2025/25t8103/project/experiments/support_v3_2026-06-02/normalized_512/eval_masks/tshirt_star_eval_mask.png,fixed_eval_mask,1.0,164.88331604003906,0.030661504715681076,15.622917175292969,adaptive_full_generic_support,Generic support control,,0.028463980183005333,0.028463980183005333,21.610300009661977,0.08307780232258326,12.222283840179443,/cluster/users/grad/2025/25t8103/project/outputs/pretty_matrix/tshirt_star/adaptive_full_generic_support/seed_11/result.png,1.6893507242202759,tshirt_star/adaptive_full_generic_support/seed_11,92.04857583600096,11,/cluster/users/grad/2025/25t8103/project/data/pretty_free_candidates/pexels_person_white_tshirt_blue_jeans_8217483.jpg,0.02748010866343975,"A close-up fashion photo of a person wearing a plain white t-shirt and blue jeans, with natural fabric folds and soft studio lighting.",21.811018574343827,0.08118000454253814,0.8646525960849477,0.8646525960849477,"The same person wearing the same white t-shirt and blue jeans, with a clearly visible medium-sized bright red star printed on the center chest, while preserving the fabric folds, shadows, jeans, pose, and background.",tshirt_star
1.0,0.9228050957123438,1.0000000124176343,0.922805113097032,-0.378543504824241,-0.000817343531783384,38.2121022939682,0.0394345261156559,0.010921178147934066,8.97427131732305,31,0.9269014596939087,0.029243770986795425,0.06731110066175461,6.731110066175461,0.9150739397321429,21.441537757233103,0.8564442992210388,0.8564442992210388,0.05127469450235367,0.8667340278625488,0.24181582033634186,0.2358887940645218,-0.005927026271820068,0.2358887940645218,True,0.08492606026785714,0.930686891078949,-0.005927026271820068,0.045712425595238096,,,0.7439022565708557,0.0394345261156559,0.045712425595238096,0.4991098677517803,0.00694469315931201,0.00694469315931201,40.82647142450493,0.009092355939775908,1.2565960884094238,a red star on a white t-shirt,0.21188277006149292,0.21893887221813202,0.2134619653224945,0.001579195261001587,0.2134619653224945,"197,75,363,234",0.06928926706314087,0.06864343583583832,/cluster/users/grad/2025/25t8103/project/experiments/support_v3_2026-06-02/normalized_512/eval_masks/tshirt_star_eval_mask.png,fixed_eval_mask,1.0,164.88331604003906,0.030661504715681076,15.625783920288086,adaptive_full_generic_support,Generic support control,,0.028401387855410576,0.028401387855410576,21.618923098496484,0.0829953661170512,12.222283840179443,/cluster/users/grad/2025/25t8103/project/outputs/pretty_matrix/tshirt_star/adaptive_full_generic_support/seed_12/result.png,1.689195156097412,tshirt_star/adaptive_full_generic_support/seed_12,68.23780745500699,12,/cluster/users/grad/2025/25t8103/project/data/pretty_free_candidates/pexels_person_white_tshirt_blue_jeans_8217483.jpg,0.027420544996857643,"A close-up fashion photo of a person wearing a plain white t-shirt and blue jeans, with natural fabric folds and soft studio lighting.",21.81963516396729,0.08109951216102501,0.864986061820947,0.864986061820947,"The same person wearing the same white t-shirt and blue jeans, with a clearly visible medium-sized bright red star printed on the center chest, while preserving the fabric folds, shadows, jeans, pose, and background.",tshirt_star
1.0,0.0,0.0,0.0,0.0,0.0,0.0,0.0212053582072258,0.0,0.0,31,0.9242504835128784,0.022216293960809708,0.0513433963060379,5.13433963060379,0.9150739397321429,25.29988971321624,0.8837599754333496,0.8837599754333496,0.0005191359668970108,0.9824309349060059,0.2305385172367096,0.20088475942611694,-0.02965375781059265,0.20088475942611694,True,0.08492606026785714,0.9291645288467407,-0.02965375781059265,0.045712425595238096,,,0.7473034211721059,0.0212053582072258,0.045712425595238096,0.771998982706002,0.009167447686195374,0.009167447686195374,38.759915516375884,0.01153464476981069,1.1194498538970947,a red star on a white t-shirt,0.22103729844093323,0.23134088516235352,0.22416166961193085,0.0031243711709976196,0.22416166961193085,"197,75,363,234",0.05461389198899269,0.05349132418632507,/cluster/users/grad/2025/25t8103/project/experiments/support_v3_2026-06-02/normalized_512/eval_masks/tshirt_star_eval_mask.png,fixed_eval_mask,1.0,0.0,0.0,0.0,base_only,RF reconstruction / base reconstruction,,0.02175995334982872,0.02175995334982872,25.466643251541058,0.053292713952610545,12.228387355804443,/cluster/users/grad/2025/25t8103/project/outputs/pretty_matrix/tshirt_star/base_only/seed_10/result.png,1.4979857206344604,tshirt_star/base_only/seed_10,33.98218749393709,10,/cluster/users/grad/2025/25t8103/project/data/pretty_free_candidates/pexels_person_white_tshirt_blue_jeans_8217483.jpg,0.021184315904974937,"A close-up fashion photo of a person wearing a plain white t-shirt and blue jeans, with natural fabric folds and soft studio lighting.",25.66011458525991,0.05211878354895706,0.8889383437951851,0.8889383437951851,"The same person wearing the same white t-shirt and blue jeans, with a clearly visible medium-sized bright red star printed on the center chest, while preserving the fabric folds, shadows, jeans, pose, and background.",tshirt_star
1.0,0.0,0.0,0.0,0.0,0.0,0.0,0.0212053582072258,0.0,0.0,31,0.9242504835128784,0.022216293960809708,0.0513433963060379,5.13433963060379,0.9150739397321429,25.29988971321624,0.8837599754333496,0.8837599754333496,0.0005191359668970108,0.9824309349060059,0.2305385172367096,0.20088475942611694,-0.02965375781059265,0.20088475942611694,True,0.08492606026785714,0.9291645288467407,-0.02965375781059265,0.045712425595238096,,,0.7473034211721059,0.0212053582072258,0.045712425595238096,0.771998982706002,0.009167447686195374,0.009167447686195374,38.759915516375884,0.01153464476981069,1.1194498538970947,a red star on a white t-shirt,0.22103729844093323,0.23134088516235352,0.22416166961193085,0.0031243711709976196,0.22416166961193085,"197,75,363,234",0.05461389198899269,0.05349132418632507,/cluster/users/grad/2025/25t8103/project/experiments/support_v3_2026-06-02/normalized_512/eval_masks/tshirt_star_eval_mask.png,fixed_eval_mask,1.0,0.0,0.0,0.0,base_only,RF reconstruction / base reconstruction,,0.02175995334982872,0.02175995334982872,25.466643251541058,0.053292713952610545,12.228387355804443,/cluster/users/grad/2025/25t8103/project/outputs/pretty_matrix/tshirt_star/base_only/seed_11/result.png,1.4979857206344604,tshirt_star/base_only/seed_11,69.43624809104949,11,/cluster/users/grad/2025/25t8103/project/data/pretty_free_candidates/pexels_person_white_tshirt_blue_jeans_8217483.jpg,0.021184315904974937,"A close-up fashion photo of a person wearing a plain white t-shirt and blue jeans, with natural fabric folds and soft studio lighting.",25.66011458525991,0.05211878354895706,0.8889383437951851,0.8889383437951851,"The same person wearing the same white t-shirt and blue jeans, with a clearly visible medium-sized bright red star printed on the center chest, while preserving the fabric folds, shadows, jeans, pose, and background.",tshirt_star
1.0,0.0,0.0,0.0,0.0,0.0,0.0,0.0212053582072258,0.0,0.0,31,0.9242504835128784,0.022216293960809708,0.0513433963060379,5.13433963060379,0.9150739397321429,25.29988971321624,0.8837599754333496,0.8837599754333496,0.0005191359668970108,0.9824309349060059,0.2305385172367096,0.20088475942611694,-0.02965375781059265,0.20088475942611694,True,0.08492606026785714,0.9291645288467407,-0.02965375781059265,0.045712425595238096,,,0.7473034211721059,0.0212053582072258,0.045712425595238096,0.771998982706002,0.009167447686195374,0.009167447686195374,38.759915516375884,0.01153464476981069,1.1194498538970947,a red star on a white t-shirt,0.22103729844093323,0.23134088516235352,0.22416166961193085,0.0031243711709976196,0.22416166961193085,"197,75,363,234",0.05461389198899269,0.05349132418632507,/cluster/users/grad/2025/25t8103/project/experiments/support_v3_2026-06-02/normalized_512/eval_masks/tshirt_star_eval_mask.png,fixed_eval_mask,1.0,0.0,0.0,0.0,base_only,RF reconstruction / base reconstruction,,0.02175995334982872,0.02175995334982872,25.466643251541058,0.053292713952610545,12.228387355804443,/cluster/users/grad/2025/25t8103/project/outputs/pretty_matrix/tshirt_star/base_only/seed_12/result.png,1.4979857206344604,tshirt_star/base_only/seed_12,87.42548695695587,12,/cluster/users/grad/2025/25t8103/project/data/pretty_free_candidates/pexels_person_white_tshirt_blue_jeans_8217483.jpg,0.021184315904974937,"A close-up fashion photo of a person wearing a plain white t-shirt and blue jeans, with natural fabric folds and soft studio lighting.",25.66011458525991,0.05211878354895706,0.8889383437951851,0.8889383437951851,"The same person wearing the same white t-shirt and blue jeans, with a clearly visible medium-sized bright red star printed on the center chest, while preserving the fabric folds, shadows, jeans, pose, and background.",tshirt_star
1.0,0.9156996558109919,1.0000000124176343,0.9156996260086695,0.0,0.0,22.60719374815623,0.0212053582072258,0.0,0.0,31,0.8227729797363281,0.04188991338014603,0.14862141013145447,14.862141013145447,0.9150739397321429,20.612478624770922,0.8354366421699524,0.8354366421699524,0.08586076647043228,0.8572114706039429,0.19400955736637115,0.20265865325927734,0.008649095892906189,0.20265865325927734,True,0.08492606026785714,0.8462378978729248,0.008649095892906189,0.045712425595238096,,,0.8181957836327579,0.0212053582072258,0.045712425595238096,0.828585961342828,0.008423925377428532,0.008423925377428532,39.0542160321965,0.01115036793779326,1.1980959177017212,a red star on a white t-shirt,0.2065473347902298,0.2314714789390564,0.22352120280265808,0.016973868012428284,0.22352120280265808,"197,75,363,234",0.15348342061042786,0.1527123749256134,/cluster/users/grad/2025/25t8103/project/experiments/support_v3_2026-06-02/normalized_512/eval_masks/tshirt_star_eval_mask.png,fixed_eval_mask,1.0,74.63060760498047,0.0,0.0,direct_target,Direct target guidance,,0.04080517217516899,0.04080517217516899,20.785648631024234,0.09135189661538916,12.228387355804443,/cluster/users/grad/2025/25t8103/project/outputs/pretty_matrix/tshirt_star/direct_target/seed_10/result.png,1.4643144607543945,tshirt_star/direct_target/seed_10,86.46482465788722,10,/cluster/users/grad/2025/25t8103/project/data/pretty_free_candidates/pexels_person_white_tshirt_blue_jeans_8217483.jpg,0.03932495415210724,"A close-up fashion photo of a person wearing a plain white t-shirt and blue jeans, with natural fabric folds and soft studio lighting.",20.985755972700954,0.0892713703401246,0.844578934799854,0.844578934799854,"The same person wearing the same white t-shirt and blue jeans, with a clearly visible medium-sized bright red star printed on the center chest, while preserving the fabric folds, shadows, jeans, pose, and background.",tshirt_star
1.0,0.9156996558109919,1.0000000124176343,0.9156996260086695,0.0,0.0,22.60719374815623,0.0212053582072258,0.0,0.0,31,0.8227729797363281,0.04188991338014603,0.14862141013145447,14.862141013145447,0.9150739397321429,20.612478624770922,0.8354366421699524,0.8354366421699524,0.08586076647043228,0.8572114706039429,0.19400955736637115,0.20265865325927734,0.008649095892906189,0.20265865325927734,True,0.08492606026785714,0.8462378978729248,0.008649095892906189,0.045712425595238096,,,0.8181957836327579,0.0212053582072258,0.045712425595238096,0.828585961342828,0.008423925377428532,0.008423925377428532,39.0542160321965,0.01115036793779326,1.1980959177017212,a red star on a white t-shirt,0.2065473347902298,0.2314714789390564,0.22352120280265808,0.016973868012428284,0.22352120280265808,"197,75,363,234",0.15348342061042786,0.1527123749256134,/cluster/users/grad/2025/25t8103/project/experiments/support_v3_2026-06-02/normalized_512/eval_masks/tshirt_star_eval_mask.png,fixed_eval_mask,1.0,74.63060760498047,0.0,0.0,direct_target,Direct target guidance,,0.04080517217516899,0.04080517217516899,20.785648631024234,0.09135189661538916,12.228387355804443,/cluster/users/grad/2025/25t8103/project/outputs/pretty_matrix/tshirt_star/direct_target/seed_11/result.png,1.4643144607543945,tshirt_star/direct_target/seed_11,87.09680461790413,11,/cluster/users/grad/2025/25t8103/project/data/pretty_free_candidates/pexels_person_white_tshirt_blue_jeans_8217483.jpg,0.03932495415210724,"A close-up fashion photo of a person wearing a plain white t-shirt and blue jeans, with natural fabric folds and soft studio lighting.",20.985755972700954,0.0892713703401246,0.844578934799854,0.844578934799854,"The same person wearing the same white t-shirt and blue jeans, with a clearly visible medium-sized bright red star printed on the center chest, while preserving the fabric folds, shadows, jeans, pose, and background.",tshirt_star
1.0,0.9156996558109919,1.0000000124176343,0.9156996260086695,0.0,0.0,22.60719374815623,0.0212053582072258,0.0,0.0,31,0.8227729797363281,0.04188991338014603,0.14862141013145447,14.862141013145447,0.9150739397321429,20.612478624770922,0.8354366421699524,0.8354366421699524,0.08586076647043228,0.8572114706039429,0.19400955736637115,0.20265865325927734,0.008649095892906189,0.20265865325927734,True,0.08492606026785714,0.8462378978729248,0.008649095892906189,0.045712425595238096,,,0.8181957836327579,0.0212053582072258,0.045712425595238096,0.828585961342828,0.008423925377428532,0.008423925377428532,39.0542160321965,0.01115036793779326,1.1980959177017212,a red star on a white t-shirt,0.2065473347902298,0.2314714789390564,0.22352120280265808,0.016973868012428284,0.22352120280265808,"197,75,363,234",0.15348342061042786,0.1527123749256134,/cluster/users/grad/2025/25t8103/project/experiments/support_v3_2026-06-02/normalized_512/eval_masks/tshirt_star_eval_mask.png,fixed_eval_mask,1.0,74.63060760498047,0.0,0.0,direct_target,Direct target guidance,,0.04080517217516899,0.04080517217516899,20.785648631024234,0.09135189661538916,12.228387355804443,/cluster/users/grad/2025/25t8103/project/outputs/pretty_matrix/tshirt_star/direct_target/seed_12/result.png,1.4643144607543945,tshirt_star/direct_target/seed_12,93.9282608279027,12,/cluster/users/grad/2025/25t8103/project/data/pretty_free_candidates/pexels_person_white_tshirt_blue_jeans_8217483.jpg,0.03932495415210724,"A close-up fashion photo of a person wearing a plain white t-shirt and blue jeans, with natural fabric folds and soft studio lighting.",20.985755972700954,0.0892713703401246,0.844578934799854,0.844578934799854,"The same person wearing the same white t-shirt and blue jeans, with a clearly visible medium-sized bright red star printed on the center chest, while preserving the fabric folds, shadows, jeans, pose, and background.",tshirt_star
1.0,0.9074170415600141,1.000000037252903,0.9074170738458633,-0.4141656070326765,-0.0010362421047223809,55.64751021067301,0.0494791679084301,0.009659655455228252,22.297789653142292,31,0.8904902935028076,0.01804991252720356,0.053245365619659424,5.324536561965942,0.9150739397321429,24.664119088366043,0.8857203722000122,0.8857203722000122,0.2595628499984741,0.8748975992202759,0.15919741988182068,0.2423812747001648,0.08318385481834412,0.2423812747001648,True,0.08492606026785714,0.6409341096878052,0.08318385481834412,0.045712425595238096,,,1.149291726193308,0.0494791679084301,0.045712425595238096,0.7619532044760936,0.09072218090295792,0.09072218090295792,13.319041908525847,0.2157982430890124,3.392359972000122,a red star on a white t-shirt,0.16158464550971985,0.3104110360145569,0.25822913646698,0.09664449095726013,0.25822913646698,"197,75,363,234",0.08682458102703094,0.0719732716679573,/cluster/users/grad/2025/25t8103/project/experiments/support_v3_2026-06-02/normalized_512/eval_masks/tshirt_star_eval_mask.png,fixed_eval_mask,1.0,194.242919921875,0.032776281237602234,44.28038024902344,support_v3_controller_rmsgap,DeCE-RF,,0.020141562446951866,0.020141562446951866,23.368335303052937,0.06785521561666155,13.382572650909424,/cluster/users/grad/2025/25t8103/project/outputs/pretty_matrix/tshirt_star/support_v3_controller_rmsgap/seed_10/result.png,2.9516961574554443,tshirt_star/support_v3_controller_rmsgap/seed_10,46.171721753897145,10,/cluster/users/grad/2025/25t8103/project/data/pretty_free_candidates/pexels_person_white_tshirt_blue_jeans_8217483.jpg,0.023367974907159805,"A close-up fashion photo of a person wearing a plain white t-shirt and blue jeans, with natural fabric folds and soft studio lighting.",21.85577109639139,0.08076281448783333,0.8779900407696082,0.8779900407696082,"The same person wearing the same white t-shirt and blue jeans, with a clearly visible medium-sized bright red star printed on the center chest, while preserving the fabric folds, shadows, jeans, pose, and background.",tshirt_star
1.0,0.912219780186812,0.9999999875823656,0.912219800055027,-0.4075006181374192,-0.005609245963569265,46.65300405025482,0.0714285746216774,0.009687640364669884,22.378587007522583,31,0.8675354719161987,0.01785997301340103,0.05100852996110916,5.100852996110916,0.9150739397321429,24.85942618942754,0.8857036232948303,0.8857036232948303,0.2560541331768036,0.8642202615737915,0.15162460505962372,0.23816242814064026,0.08653782308101654,0.23816242814064026,True,0.08492606026785714,0.6176259517669678,0.08653782308101654,0.045712425595238096,,,1.2792643814705944,0.0714285746216774,0.045712425595238096,0.6703967446592065,0.07573288679122925,0.07573288679122925,14.311939999520975,0.19248770744225355,3.4363009929656982,a red star on a white t-shirt,0.15434205532073975,0.2972051501274109,0.258223295211792,0.10388123989105225,0.258223295211792,"197,75,363,234",0.0837850272655487,0.06430909037590027,/cluster/users/grad/2025/25t8103/project/experiments/support_v3_2026-06-02/normalized_512/eval_masks/tshirt_star_eval_mask.png,fixed_eval_mask,1.0,161.4639434814453,0.032511621713638306,44.07246017456055,support_v3_controller_rmsgap,DeCE-RF,,0.019240746274590492,0.019240746274590492,24.012880549318567,0.06300223735590646,13.255289554595947,/cluster/users/grad/2025/25t8103/project/outputs/pretty_matrix/tshirt_star/support_v3_controller_rmsgap/seed_11/result.png,2.6861538887023926,tshirt_star/support_v3_controller_rmsgap/seed_11,83.04711607284844,11,/cluster/users/grad/2025/25t8103/project/data/pretty_free_candidates/pexels_person_white_tshirt_blue_jeans_8217483.jpg,0.021823137998580933,"A close-up fashion photo of a person wearing a plain white t-shirt and blue jeans, with natural fabric folds and soft studio lighting.",22.61096545986419,0.07403749682192012,0.8780117558445986,0.8780117558445986,"The same person wearing the same white t-shirt and blue jeans, with a clearly visible medium-sized bright red star printed on the center chest, while preserving the fabric folds, shadows, jeans, pose, and background.",tshirt_star
1.0,0.9126095573107401,1.0,0.9126095647613207,-0.4067974112307032,-0.006134413534406728,46.53408241271973,0.0714285746216774,0.00969912126311101,22.3954119682312,31,0.8778599500656128,0.01785939186811447,0.05105026438832283,5.105026438832283,0.9150739397321429,24.851939363065636,0.8856963515281677,0.8856963515281677,0.25721004605293274,0.8675247430801392,0.15254226326942444,0.23802365362644196,0.08548139035701752,0.23802365362644196,True,0.08492606026785714,0.6186686158180237,0.08548139035701752,0.045712425595238096,,,1.3023477866427564,0.0714285746216774,0.045712425595238096,0.6792980671414038,0.07581765204668045,0.07581765204668045,14.261167216786465,0.1936161763499951,3.521854877471924,a red star on a white t-shirt,0.16703543066978455,0.2972796559333801,0.26621463894844055,0.099179208278656,0.26621463894844055,"197,75,363,234",0.08389313519001007,0.06417230516672134,/cluster/users/grad/2025/25t8103/project/experiments/support_v3_2026-06-02/normalized_512/eval_masks/tshirt_star_eval_mask.png,fixed_eval_mask,1.0,161.33323669433594,0.032511621713638306,44.07246017456055,support_v3_controller_rmsgap,DeCE-RF,,0.019267002120614052,0.019267002120614052,23.97103847568189,0.06330646686508336,13.255289554595947,/cluster/users/grad/2025/25t8103/project/outputs/pretty_matrix/tshirt_star/support_v3_controller_rmsgap/seed_12/result.png,2.704235315322876,tshirt_star/support_v3_controller_rmsgap/seed_12,83.04146327194758,12,/cluster/users/grad/2025/25t8103/project/data/pretty_free_candidates/pexels_person_white_tshirt_blue_jeans_8217483.jpg,0.02185206674039364,"A close-up fashion photo of a person wearing a plain white t-shirt and blue jeans, with natural fabric folds and soft studio lighting.",22.566362556967356,0.07441866452462165,0.8779925561761139,0.8779925561761139,"The same person wearing the same white t-shirt and blue jeans, with a clearly visible medium-sized bright red star printed on the center chest, while preserving the fabric folds, shadows, jeans, pose, and background.",tshirt_star
1.0,0.9060263161857923,1.0000000322858493,0.9060262988011042,-0.40326293868323165,-0.000845575721541536,43.101268808046974,0.0494791679084301,0.009722558427408027,15.262055516242981,31,0.9264965653419495,0.017810234799981117,0.04993075132369995,4.993075132369995,0.9150739397321429,24.963021286846935,0.8867937326431274,0.8867937326431274,0.26360762119293213,0.8674353957176208,0.15514501929283142,0.2433825433254242,0.08823752403259277,0.2433825433254242,True,0.08492606026785714,0.6808179020881653,0.08823752403259277,0.045712425595238096,,,0.79124580534724,0.0494791679084301,0.045712425595238096,0.503560528992879,0.094619981944561,0.094619981944561,13.679600125895938,0.2070236654511771,2.7476484775543213,a red star on a white t-shirt,0.16561901569366455,0.30499696731567383,0.2657868564128876,0.10016784071922302,0.2657868564128876,"197,75,363,234",0.08043380826711655,0.07372532784938812,/cluster/users/grad/2025/25t8103/project/experiments/support_v3_2026-06-02/normalized_512/eval_masks/tshirt_star_eval_mask.png,fixed_eval_mask,1.0,140.81019592285156,0.032776281237602234,26.70172882080078,support_v3_fixed,Fixed DeCE displacement,,0.01959676668047905,0.01959676668047905,23.9860838029266,0.06319690502219606,13.37995719909668,/cluster/users/grad/2025/25t8103/project/outputs/pretty_matrix/tshirt_star/support_v3_fixed/seed_10/result.png,3.472559928894043,tshirt_star/support_v3_fixed/seed_10,196.82185981597286,10,/cluster/users/grad/2025/25t8103/project/data/pretty_free_candidates/pexels_person_white_tshirt_blue_jeans_8217483.jpg,0.023026255890727043,"A close-up fashion photo of a person wearing a plain white t-shirt and blue jeans, with natural fabric folds and soft studio lighting.",22.387895472707584,0.07596354544659957,0.8792571609659335,0.8792571609659335,"The same person wearing the same white t-shirt and blue jeans, with a clearly visible medium-sized bright red star printed on the center chest, while preserving the fabric folds, shadows, jeans, pose, and background.",tshirt_star
1.0,0.9057863280177116,1.0000000173846881,0.9057862982153893,-0.4039508526523908,-0.000765037343929483,43.09317270914713,0.0494791679084301,0.009713784005725756,15.257737080256144,31,0.9282001256942749,0.017800113186240196,0.049821458756923676,4.9821458756923676,0.9150739397321429,24.9631982038702,0.8868076205253601,0.8868076205253601,0.26197341084480286,0.8678430318832397,0.1557404100894928,0.24304597079753876,0.08730556070804596,0.24304597079753876,True,0.08492606026785714,0.6766916513442993,0.08730556070804596,0.045712425595238096,,,0.7912830209134745,0.0494791679084301,0.045712425595238096,0.512970498474059,0.09348117560148239,0.09348117560148239,13.748425107650933,0.20538973975326352,2.742471933364868,a red star on a white t-shirt,0.16663211584091187,0.30229175090789795,0.2658851742744446,0.09925305843353271,0.2658851742744446,"197,75,363,234",0.08033956587314606,0.07342322915792465,/cluster/users/grad/2025/25t8103/project/experiments/support_v3_2026-06-02/normalized_512/eval_masks/tshirt_star_eval_mask.png,fixed_eval_mask,1.0,142.54364013671875,0.032776281237602234,26.714929580688477,support_v3_fixed,Fixed DeCE displacement,,0.019568871706724167,0.019568871706724167,23.99608942632039,0.06312414789568947,13.38031816482544,/cluster/users/grad/2025/25t8103/project/outputs/pretty_matrix/tshirt_star/support_v3_fixed/seed_11/result.png,3.4658546447753906,tshirt_star/support_v3_fixed/seed_11,48.5655101579614,11,/cluster/users/grad/2025/25t8103/project/data/pretty_free_candidates/pexels_person_white_tshirt_blue_jeans_8217483.jpg,0.022947587072849274,"A close-up fashion photo of a person wearing a plain white t-shirt and blue jeans, with natural fabric folds and soft studio lighting.",22.417781943125263,0.07570261869960007,0.879244363601899,0.879244363601899,"The same person wearing the same white t-shirt and blue jeans, with a clearly visible medium-sized bright red star printed on the center chest, while preserving the fabric folds, shadows, jeans, pose, and background.",tshirt_star
1.0,0.9061492010951042,1.0000000173846881,0.9061491986115774,-0.4064747045437495,-0.0014805629067874786,56.07982079188029,0.0494791679084301,0.009757850750853928,15.323923508326212,31,0.8824594020843506,0.01815190725028515,0.05444380268454552,5.444380268454552,0.9150739397321429,24.629100041111567,0.8856626152992249,0.8856626152992249,0.2550307512283325,0.8663092851638794,0.15943732857704163,0.24460333585739136,0.08516600728034973,0.24460333585739136,True,0.08492606026785714,0.6580158472061157,0.08516600728034973,0.045712425595238096,,,1.1543171489233923,0.0494791679084301,0.045712425595238096,0.7470752797558494,0.09676343947649002,0.09676343947649002,13.056224111740855,0.22242766073652173,3.447023630142212,a red star on a white t-shirt,0.15882638096809387,0.3076365292072296,0.25611811876296997,0.0972917377948761,0.25611811876296997,"197,75,363,234",0.08896736055612564,0.07417101413011551,/cluster/users/grad/2025/25t8103/project/experiments/support_v3_2026-06-02/normalized_512/eval_masks/tshirt_star_eval_mask.png,fixed_eval_mask,1.0,195.21466064453125,0.032776281237602234,26.818355560302734,support_v3_fixed,Fixed DeCE displacement,,0.02042551338672638,0.02042551338672638,23.232970803820535,0.06892098248781003,13.37995719909668,/cluster/users/grad/2025/25t8103/project/outputs/pretty_matrix/tshirt_star/support_v3_fixed/seed_12/result.png,2.986201524734497,tshirt_star/support_v3_fixed/seed_12,58.64014723699074,12,/cluster/users/grad/2025/25t8103/project/data/pretty_free_candidates/pexels_person_white_tshirt_blue_jeans_8217483.jpg,0.023915106430649757,"A close-up fashion photo of a person wearing a plain white t-shirt and blue jeans, with natural fabric folds and soft studio lighting.",21.67839837473922,0.08242900950843825,0.8779021812789719,0.8779021812789719,"The same person wearing the same white t-shirt and blue jeans, with a clearly visible medium-sized bright red star printed on the center chest, while preserving the fabric folds, shadows, jeans, pose, and background.",tshirt_star
1.0,0.9402880445122719,0.9999999900658926,0.9402880469957987,-0.2986162744346075,-0.0062408292499943245,32.05799029270808,0.0453869067132473,0.006140666562714614,6.393691877524058,31,0.8169326782226562,0.02069089002907276,0.07365375757217407,7.365375757217407,0.9340239025297619,24.73914525789727,0.9022302031517029,0.9022302031517029,0.28372886776924133,0.930885910987854,0.23368322849273682,0.2691285312175751,0.03544530272483826,0.2691285312175751,True,0.0659760974702381,0.7498694658279419,0.03544530272483826,0.026913597470238096,,,2.5013566294188827,0.0453869067132473,0.026913597470238096,0.0,0.04072728380560875,0.04072728380560875,23.27232194653628,0.06860944444009547,2.493227958679199,an orange beside a white bowl,0.2021246999502182,0.26034730672836304,0.24854356050491333,0.04641886055469513,0.24854356050491333,"57,180,335,324",0.07490604370832443,0.07491681724786758,/cluster/users/grad/2025/25t8103/project/experiments/support_v3_2026-06-02/normalized_512/eval_masks/white_bowl_orange_tabletop_phase2_eval_mask.png,fixed_eval_mask,1.0,77.80665588378906,0.0283121969550848,14.430890083312988,adaptive_full_generic_support,Generic support control,,0.020495271310210228,0.020495271310210228,24.855905263081333,0.05717481089349288,13.381566524505615,/cluster/users/grad/2025/25t8103/project/outputs/pretty_matrix/white_bowl_orange_tabletop_phase2/adaptive_full_generic_support/seed_10/result.png,0.9967502951622009,white_bowl_orange_tabletop_phase2/adaptive_full_generic_support/seed_10,44.69343594100792,10,/cluster/users/grad/2025/25t8103/project/data/phase2_candidates/pexels_sideview_bowl_wood_table_26161017.jpg,0.02103978767991066,"A side-view photo of a white bowl sitting on a wooden tabletop, with empty wooden table space to the left of the bowl.",24.804779931026864,0.05751233541622731,0.9011929888876858,0.9011929888876858,"A side-view photo of the same white bowl sitting on the same wooden tabletop, with one medium bright orange fruit resting on the empty wooden table space to the left of the bowl, while the bowl, tabletop, wall, lighting, and background remain unchanged.",white_bowl_orange_tabletop_phase2
1.0,0.9411587963501612,1.0000000149011612,0.9411587913831075,-0.2986847488112592,-0.005006855635050063,31.557157824436825,0.0453869067132473,0.0061368515162030235,6.392312288284302,31,0.832335352897644,0.020531171932816505,0.07302152365446091,7.302152365446091,0.9340239025297619,24.814588842845833,0.9026756882667542,0.9026756882667542,0.2870383858680725,0.9287244081497192,0.2391672432422638,0.27634620666503906,0.03717896342277527,0.27634620666503906,True,0.0659760974702381,0.7884559631347656,0.03717896342277527,0.026913597470238096,,,2.4259415303491574,0.0453869067132473,0.026913597470238096,0.0,0.04078233614563942,0.04078233614563942,23.26949080048481,0.0686318111780862,2.4816887378692627,an orange beside a white bowl,0.20967233180999756,0.26862576603889465,0.2568185329437256,0.04714620113372803,0.2568185329437256,"57,180,335,324",0.07451941817998886,0.07456230372190475,/cluster/users/grad/2025/25t8103/project/experiments/support_v3_2026-06-02/normalized_512/eval_masks/white_bowl_orange_tabletop_phase2_eval_mask.png,fixed_eval_mask,1.0,75.31090545654297,0.0283121969550848,14.430890083312988,adaptive_full_generic_support,Generic support control,,0.020383110269904137,0.020383110269904137,24.92515301492368,0.05672080021822944,13.381927490234375,/cluster/users/grad/2025/25t8103/project/outputs/pretty_matrix/white_bowl_orange_tabletop_phase2/adaptive_full_generic_support/seed_11/result.png,1.0229796171188354,white_bowl_orange_tabletop_phase2/adaptive_full_generic_support/seed_11,44.219007545965724,11,/cluster/users/grad/2025/25t8103/project/data/phase2_candidates/pexels_sideview_bowl_wood_table_26161017.jpg,0.02093212865293026,"A side-view photo of a white bowl sitting on a wooden tabletop, with empty wooden table space to the left of the bowl.",24.87124421445447,0.057073931448737285,0.9014076571176305,0.9014076571176305,"A side-view photo of the same white bowl sitting on the same wooden tabletop, with one medium bright orange fruit resting on the empty wooden table space to the left of the bowl, while the bowl, tabletop, wall, lighting, and background remain unchanged.",white_bowl_orange_tabletop_phase2
1.0,0.9415666436155637,1.0000000173846881,0.9415666783849398,-0.29747152167450014,-0.005399629206901106,31.78823794921239,0.0453869067132473,0.006147523439722136,6.397747834523519,31,0.8324065804481506,0.020607521757483482,0.07324236631393433,7.324236631393433,0.9340239025297619,24.783312670811366,0.9025589823722839,0.9025589823722839,0.28267011046409607,0.9281480312347412,0.24103116989135742,0.27764177322387695,0.03661060333251953,0.27764177322387695,True,0.0659760974702381,0.786573052406311,0.03661060333251953,0.026913597470238096,,,2.4794343418197284,0.0453869067132473,0.026913597470238096,0.0,0.040629032999277115,0.040629032999277115,23.291203581287547,0.06846046126257807,2.4851796627044678,an orange beside a white bowl,0.20953384041786194,0.2685861587524414,0.256407767534256,0.04687392711639404,0.256407767534256,"57,180,335,324",0.07465983927249908,0.07464666664600372,/cluster/users/grad/2025/25t8103/project/experiments/support_v3_2026-06-02/normalized_512/eval_masks/white_bowl_orange_tabletop_phase2_eval_mask.png,fixed_eval_mask,1.0,79.10922241210938,0.0283121969550848,14.430890083312988,adaptive_full_generic_support,Generic support control,,0.02044537290930748,0.02044537290930748,24.89566827151019,0.05691366934853243,13.381927490234375,/cluster/users/grad/2025/25t8103/project/outputs/pretty_matrix/white_bowl_orange_tabletop_phase2/adaptive_full_generic_support/seed_12/result.png,1.002317190170288,white_bowl_orange_tabletop_phase2/adaptive_full_generic_support/seed_12,44.69929756002966,12,/cluster/users/grad/2025/25t8103/project/data/phase2_candidates/pexels_sideview_bowl_wood_table_26161017.jpg,0.0209885835647583,"A side-view photo of a white bowl sitting on a wooden tabletop, with empty wooden table space to the left of the bowl.",24.84374109708891,0.057254937529035536,0.9014725833474477,0.9014725833474477,"A side-view photo of the same white bowl sitting on the same wooden tabletop, with one medium bright orange fruit resting on the empty wooden table space to the left of the bowl, while the bowl, tabletop, wall, lighting, and background remain unchanged.",white_bowl_orange_tabletop_phase2
1.0,0.0,0.0,0.0,0.0,0.0,0.0,0.176711305975914,0.0,0.0,31,0.8410409092903137,0.022123942151665688,0.0830702930688858,8.30702930688858,0.9340239025297619,25.876734273357673,0.9044098854064941,0.9044098854064941,0.03042975813150406,0.9192603826522827,0.2650752067565918,0.25273483991622925,-0.012340366840362549,0.25273483991622925,True,0.0659760974702381,0.8525795936584473,-0.012340366840362549,0.026913597470238096,,,2.602286447868893,0.176711305975914,0.026913597470238096,0.0,0.039804909378290176,0.039804909378290176,24.050596397495497,0.06272926228379351,2.340090036392212,an orange beside a white bowl,0.21923549473285675,0.19295042753219604,0.22392961382865906,0.004694119095802307,0.22392961382865906,"57,180,335,324",0.08386380970478058,0.08333449810743332,/cluster/users/grad/2025/25t8103/project/experiments/support_v3_2026-06-02/normalized_512/eval_masks/white_bowl_orange_tabletop_phase2_eval_mask.png,fixed_eval_mask,1.0,0.0,0.0,0.0,base_only,RF reconstruction / base reconstruction,,0.021970946341753006,0.021970946341753006,25.99983216813804,0.0501196917839572,12.228387355804443,/cluster/users/grad/2025/25t8103/project/outputs/pretty_matrix/white_bowl_orange_tabletop_phase2/base_only/seed_10/result.png,0.8992438316345215,white_bowl_orange_tabletop_phase2/base_only/seed_10,23.397640033974312,10,/cluster/users/grad/2025/25t8103/project/data/phase2_candidates/pexels_sideview_bowl_wood_table_26161017.jpg,0.022450925782322884,"A side-view photo of a white bowl sitting on a wooden tabletop, with empty wooden table space to the left of the bowl.",25.93412103054474,0.05050029888306589,0.9038561301463373,0.9038561301463373,"A side-view photo of the same white bowl sitting on the same wooden tabletop, with one medium bright orange fruit resting on the empty wooden table space to the left of the bowl, while the bowl, tabletop, wall, lighting, and background remain unchanged.",white_bowl_orange_tabletop_phase2
1.0,0.0,0.0,0.0,0.0,0.0,0.0,0.176711305975914,0.0,0.0,31,0.8410409092903137,0.022123942151665688,0.0830702930688858,8.30702930688858,0.9340239025297619,25.876734273357673,0.9044098854064941,0.9044098854064941,0.03042975813150406,0.9192603826522827,0.2650752067565918,0.25273483991622925,-0.012340366840362549,0.25273483991622925,True,0.0659760974702381,0.8525795936584473,-0.012340366840362549,0.026913597470238096,,,2.602286447868893,0.176711305975914,0.026913597470238096,0.0,0.039804909378290176,0.039804909378290176,24.050596397495497,0.06272926228379351,2.340090036392212,an orange beside a white bowl,0.21923549473285675,0.19295042753219604,0.22392961382865906,0.004694119095802307,0.22392961382865906,"57,180,335,324",0.08386380970478058,0.08333449810743332,/cluster/users/grad/2025/25t8103/project/experiments/support_v3_2026-06-02/normalized_512/eval_masks/white_bowl_orange_tabletop_phase2_eval_mask.png,fixed_eval_mask,1.0,0.0,0.0,0.0,base_only,RF reconstruction / base reconstruction,,0.021970946341753006,0.021970946341753006,25.99983216813804,0.0501196917839572,12.228387355804443,/cluster/users/grad/2025/25t8103/project/outputs/pretty_matrix/white_bowl_orange_tabletop_phase2/base_only/seed_11/result.png,0.8992438316345215,white_bowl_orange_tabletop_phase2/base_only/seed_11,23.88532570900861,11,/cluster/users/grad/2025/25t8103/project/data/phase2_candidates/pexels_sideview_bowl_wood_table_26161017.jpg,0.022450925782322884,"A side-view photo of a white bowl sitting on a wooden tabletop, with empty wooden table space to the left of the bowl.",25.93412103054474,0.05050029888306589,0.9038561301463373,0.9038561301463373,"A side-view photo of the same white bowl sitting on the same wooden tabletop, with one medium bright orange fruit resting on the empty wooden table space to the left of the bowl, while the bowl, tabletop, wall, lighting, and background remain unchanged.",white_bowl_orange_tabletop_phase2
1.0,0.0,0.0,0.0,0.0,0.0,0.0,0.176711305975914,0.0,0.0,31,0.8410409092903137,0.022123942151665688,0.0830702930688858,8.30702930688858,0.9340239025297619,25.876734273357673,0.9044098854064941,0.9044098854064941,0.03042975813150406,0.9192603826522827,0.2650752067565918,0.25273483991622925,-0.012340366840362549,0.25273483991622925,True,0.0659760974702381,0.8525795936584473,-0.012340366840362549,0.026913597470238096,,,2.602286447868893,0.176711305975914,0.026913597470238096,0.0,0.039804909378290176,0.039804909378290176,24.050596397495497,0.06272926228379351,2.340090036392212,an orange beside a white bowl,0.21923549473285675,0.19295042753219604,0.22392961382865906,0.004694119095802307,0.22392961382865906,"57,180,335,324",0.08386380970478058,0.08333449810743332,/cluster/users/grad/2025/25t8103/project/experiments/support_v3_2026-06-02/normalized_512/eval_masks/white_bowl_orange_tabletop_phase2_eval_mask.png,fixed_eval_mask,1.0,0.0,0.0,0.0,base_only,RF reconstruction / base reconstruction,,0.021970946341753006,0.021970946341753006,25.99983216813804,0.0501196917839572,12.228387355804443,/cluster/users/grad/2025/25t8103/project/outputs/pretty_matrix/white_bowl_orange_tabletop_phase2/base_only/seed_12/result.png,0.8992438316345215,white_bowl_orange_tabletop_phase2/base_only/seed_12,24.400899396976456,12,/cluster/users/grad/2025/25t8103/project/data/phase2_candidates/pexels_sideview_bowl_wood_table_26161017.jpg,0.022450925782322884,"A side-view photo of a white bowl sitting on a wooden tabletop, with empty wooden table space to the left of the bowl.",25.93412103054474,0.05050029888306589,0.9038561301463373,0.9038561301463373,"A side-view photo of the same white bowl sitting on the same wooden tabletop, with one medium bright orange fruit resting on the empty wooden table space to the left of the bowl, while the bowl, tabletop, wall, lighting, and background remain unchanged.",white_bowl_orange_tabletop_phase2
1.0,0.9235033417741457,0.9999999875823656,0.9235033392906189,0.0,0.0,101.84066621462505,0.176711305975914,0.0,0.0,31,0.3652133643627167,0.05071438476443291,0.20314612984657288,20.314612984657288,0.9340239025297619,18.693131581509682,0.8532140254974365,0.8532140254974365,0.2310040146112442,0.851270854473114,0.21516606211662292,0.26074856519699097,0.04558250308036804,0.26074856519699097,True,0.0659760974702381,0.4155202805995941,0.04558250308036804,0.026913597470238096,,,1.9437013999529755,0.176711305975914,0.026913597470238096,0.00021598272138228941,0.05403859540820122,0.05403859540820122,22.037971687341976,0.07908632873499433,3.821676254272461,an orange beside a white bowl,0.16819918155670166,0.15761183202266693,0.17195290327072144,0.0037537217140197754,0.17195290327072144,"57,180,335,324",0.20823881030082703,0.20789548754692078,/cluster/users/grad/2025/25t8103/project/experiments/support_v3_2026-06-02/normalized_512/eval_masks/white_bowl_orange_tabletop_phase2_eval_mask.png,fixed_eval_mask,1.0,313.625732421875,0.0,0.0,direct_target,Direct target guidance,,0.05056660994887352,0.05056660994887352,18.783617251433956,0.11503212362194486,12.228387355804443,/cluster/users/grad/2025/25t8103/project/outputs/pretty_matrix/white_bowl_orange_tabletop_phase2/direct_target/seed_10/result.png,1.9661848545074463,white_bowl_orange_tabletop_phase2/direct_target/seed_10,25.67459185491316,10,/cluster/users/grad/2025/25t8103/project/data/phase2_candidates/pexels_sideview_bowl_wood_table_26161017.jpg,0.050660066306591034,"A side-view photo of a white bowl sitting on a wooden tabletop, with empty wooden table space to the left of the bowl.",18.845694381396466,0.11421293208625125,0.8493250940239762,0.8493250940239762,"A side-view photo of the same white bowl sitting on the same wooden tabletop, with one medium bright orange fruit resting on the empty wooden table space to the left of the bowl, while the bowl, tabletop, wall, lighting, and background remain unchanged.",white_bowl_orange_tabletop_phase2
1.0,0.9235033417741457,0.9999999875823656,0.9235033392906189,0.0,0.0,101.84066621462505,0.176711305975914,0.0,0.0,31,0.3652133643627167,0.05071438476443291,0.20314612984657288,20.314612984657288,0.9340239025297619,18.693131581509682,0.8532140254974365,0.8532140254974365,0.2310040146112442,0.851270854473114,0.21516606211662292,0.26074856519699097,0.04558250308036804,0.26074856519699097,True,0.0659760974702381,0.4155202805995941,0.04558250308036804,0.026913597470238096,,,1.9437013999529755,0.176711305975914,0.026913597470238096,0.00021598272138228941,0.05403859540820122,0.05403859540820122,22.037971687341976,0.07908632873499433,3.821676254272461,an orange beside a white bowl,0.16819918155670166,0.15761183202266693,0.17195290327072144,0.0037537217140197754,0.17195290327072144,"57,180,335,324",0.20823881030082703,0.20789548754692078,/cluster/users/grad/2025/25t8103/project/experiments/support_v3_2026-06-02/normalized_512/eval_masks/white_bowl_orange_tabletop_phase2_eval_mask.png,fixed_eval_mask,1.0,313.625732421875,0.0,0.0,direct_target,Direct target guidance,,0.05056660994887352,0.05056660994887352,18.783617251433956,0.11503212362194486,12.228387355804443,/cluster/users/grad/2025/25t8103/project/outputs/pretty_matrix/white_bowl_orange_tabletop_phase2/direct_target/seed_11/result.png,1.9661848545074463,white_bowl_orange_tabletop_phase2/direct_target/seed_11,25.869357965071686,11,/cluster/users/grad/2025/25t8103/project/data/phase2_candidates/pexels_sideview_bowl_wood_table_26161017.jpg,0.050660066306591034,"A side-view photo of a white bowl sitting on a wooden tabletop, with empty wooden table space to the left of the bowl.",18.845694381396466,0.11421293208625125,0.8493250940239762,0.8493250940239762,"A side-view photo of the same white bowl sitting on the same wooden tabletop, with one medium bright orange fruit resting on the empty wooden table space to the left of the bowl, while the bowl, tabletop, wall, lighting, and background remain unchanged.",white_bowl_orange_tabletop_phase2
1.0,0.9235033417741457,0.9999999875823656,0.9235033392906189,0.0,0.0,101.84066621462505,0.176711305975914,0.0,0.0,31,0.3652133643627167,0.05071438476443291,0.20314612984657288,20.314612984657288,0.9340239025297619,18.693131581509682,0.8532140254974365,0.8532140254974365,0.2310040146112442,0.851270854473114,0.21516606211662292,0.26074856519699097,0.04558250308036804,0.26074856519699097,True,0.0659760974702381,0.4155202805995941,0.04558250308036804,0.026913597470238096,,,1.9437013999529755,0.176711305975914,0.026913597470238096,0.00021598272138228941,0.05403859540820122,0.05403859540820122,22.037971687341976,0.07908632873499433,3.821676254272461,an orange beside a white bowl,0.16819918155670166,0.15761183202266693,0.17195290327072144,0.0037537217140197754,0.17195290327072144,"57,180,335,324",0.20823881030082703,0.20789548754692078,/cluster/users/grad/2025/25t8103/project/experiments/support_v3_2026-06-02/normalized_512/eval_masks/white_bowl_orange_tabletop_phase2_eval_mask.png,fixed_eval_mask,1.0,313.625732421875,0.0,0.0,direct_target,Direct target guidance,,0.05056660994887352,0.05056660994887352,18.783617251433956,0.11503212362194486,12.228387355804443,/cluster/users/grad/2025/25t8103/project/outputs/pretty_matrix/white_bowl_orange_tabletop_phase2/direct_target/seed_12/result.png,1.9661848545074463,white_bowl_orange_tabletop_phase2/direct_target/seed_12,25.634599285083823,12,/cluster/users/grad/2025/25t8103/project/data/phase2_candidates/pexels_sideview_bowl_wood_table_26161017.jpg,0.050660066306591034,"A side-view photo of a white bowl sitting on a wooden tabletop, with empty wooden table space to the left of the bowl.",18.845694381396466,0.11421293208625125,0.8493250940239762,0.8493250940239762,"A side-view photo of the same white bowl sitting on the same wooden tabletop, with one medium bright orange fruit resting on the empty wooden table space to the left of the bowl, while the bowl, tabletop, wall, lighting, and background remain unchanged.",white_bowl_orange_tabletop_phase2
1.0,0.9391775379578272,1.000000002483527,0.9391775677601496,-0.31274131798030186,0.0009368104359358161,40.21844999988874,0.0212053582072258,0.007123160445189569,16.96425187587738,31,0.6116797924041748,0.021037135273218155,0.0927475094795227,9.27475094795227,0.9340239025297619,23.635292072850863,0.8987553715705872,0.8987553715705872,0.2830130159854889,0.8707492351531982,0.23055143654346466,0.2954184114933014,0.06486697494983673,0.2954184114933014,True,0.0659760974702381,0.5291545391082764,0.06486697494983673,0.026913597470238096,,,1.6061891106747914,0.0212053582072258,0.026913597470238096,0.0,0.06414997577667236,0.06414997577667236,17.497034113815864,0.13339768544958316,2.863159656524658,an orange beside a white bowl,0.2071099430322647,0.2566310465335846,0.27173084020614624,0.06462089717388153,0.27173084020614624,"57,180,335,324",0.10248469561338425,0.10119255632162094,/cluster/users/grad/2025/25t8103/project/experiments/support_v3_2026-06-02/normalized_512/eval_masks/white_bowl_orange_tabletop_phase2_eval_mask.png,fixed_eval_mask,1.0,113.12301635742188,0.030687186866998672,45.1731071472168,support_v3_controller_rmsgap,DeCE-RF,,0.02317228727042675,0.02317228727042675,22.735059290856707,0.07298725584257662,13.40260362625122,/cluster/users/grad/2025/25t8103/project/outputs/phase2_selected_metric_refresh_20260612/white_bowl_orange_tabletop_phase2/support_v3_controller_rmsgap/seed_10/result.png,1.7825794219970703,white_bowl_orange_tabletop_phase2/support_v3_controller_rmsgap/seed_10,34.590844787002425,10,/cluster/users/grad/2025/25t8103/project/data/phase2_candidates/pexels_sideview_bowl_wood_table_26161017.jpg,0.024275148287415504,"A side-view photo of a white bowl sitting on a wooden tabletop, with empty wooden table space to the left of the bowl.",22.469770049712785,0.07525086518278215,0.8930858262172171,0.8930858262172171,"A side-view photo of the same white bowl sitting on the same wooden tabletop, with one clearly visible small round bright orange fruit resting on the empty wooden table space to the left of the bowl, while the bowl, tabletop, wall, lighting, and background remain unchanged.",white_bowl_orange_tabletop_phase2
1.0,0.938299722969532,1.0,0.9382997527718544,-0.31242037964208674,0.001015504868670784,40.84416822592417,0.0212053582072258,0.007103683941143875,16.930728912353516,31,0.5953916311264038,0.02105625346302986,0.09275747835636139,9.275747835636139,0.9340239025297619,23.62872440690783,0.8986866474151611,0.8986866474151611,0.28807908296585083,0.8791426420211792,0.23202729225158691,0.2955505847930908,0.0635232925415039,0.2955505847930908,True,0.0659760974702381,0.5271192789077759,0.0635232925415039,0.026913597470238096,,,1.6075153913002664,0.0212053582072258,0.026913597470238096,0.0,0.06414292007684708,0.06414292007684708,17.49426655565908,0.13344019631379725,2.8661880493164062,an orange beside a white bowl,0.20372632145881653,0.25378507375717163,0.2682146430015564,0.06448832154273987,0.2682146430015564,"57,180,335,324",0.1025070995092392,0.10118365287780762,/cluster/users/grad/2025/25t8103/project/experiments/support_v3_2026-06-02/normalized_512/eval_masks/white_bowl_orange_tabletop_phase2_eval_mask.png,fixed_eval_mask,1.0,112.96026611328125,0.030687186866998672,45.1731071472168,support_v3_controller_rmsgap,DeCE-RF,,0.023192021995782852,0.023192021995782852,22.72839355285121,0.07304328932605861,13.403027057647705,/cluster/users/grad/2025/25t8103/project/outputs/phase2_selected_metric_refresh_20260612/white_bowl_orange_tabletop_phase2/support_v3_controller_rmsgap/seed_11/result.png,1.7829926013946533,white_bowl_orange_tabletop_phase2/support_v3_controller_rmsgap/seed_11,35.38936037301028,11,/cluster/users/grad/2025/25t8103/project/data/phase2_candidates/pexels_sideview_bowl_wood_table_26161017.jpg,0.024294156581163406,"A side-view photo of a white bowl sitting on a wooden tabletop, with empty wooden table space to the left of the bowl.",22.463433043155383,0.07530578635294886,0.8930082672697333,0.8930082672697333,"A side-view photo of the same white bowl sitting on the same wooden tabletop, with one clearly visible small round bright orange fruit resting on the empty wooden table space to the left of the bowl, while the bowl, tabletop, wall, lighting, and background remain unchanged.",white_bowl_orange_tabletop_phase2
1.0,0.9379058058063189,1.0000000322858493,0.9379058082898458,-0.3120388373499736,0.0009876696156728333,39.94510853290558,0.0212053582072258,0.007136620988603681,16.980377912521362,31,0.5981216430664062,0.02104169875383377,0.09274046123027802,9.274046123027802,0.9340239025297619,23.617834434463436,0.8987724781036377,0.8987724781036377,0.2846614420413971,0.8730684518814087,0.2317279577255249,0.2963360846042633,0.0646081268787384,0.2963360846042633,True,0.0659760974702381,0.5258028507232666,0.0646081268787384,0.026913597470238096,,,1.6025203767765666,0.0212053582072258,0.026913597470238096,0.0,0.06429311633110046,0.06429311633110046,17.468592512803998,0.13383520681034683,2.853701591491699,an orange beside a white bowl,0.20653045177459717,0.25390973687171936,0.27029749751091003,0.06376704573631287,0.27029749751091003,"57,180,335,324",0.10247093439102173,0.10115184634923935,/cluster/users/grad/2025/25t8103/project/experiments/support_v3_2026-06-02/normalized_512/eval_masks/white_bowl_orange_tabletop_phase2_eval_mask.png,fixed_eval_mask,1.0,115.15250396728516,0.030687186866998672,45.1731071472168,support_v3_controller_rmsgap,DeCE-RF,,0.02318486012518406,0.02318486012518406,22.715509144261794,0.07315172012408756,13.403017044067383,/cluster/users/grad/2025/25t8103/project/outputs/phase2_selected_metric_refresh_20260612/white_bowl_orange_tabletop_phase2/support_v3_controller_rmsgap/seed_12/result.png,1.7807583808898926,white_bowl_orange_tabletop_phase2/support_v3_controller_rmsgap/seed_12,52.33184218300448,12,/cluster/users/grad/2025/25t8103/project/data/phase2_candidates/pexels_sideview_bowl_wood_table_26161017.jpg,0.024291234090924263,"A side-view photo of a white bowl sitting on a wooden tabletop, with empty wooden table space to the left of the bowl.",22.449466647579914,0.07542697099548144,0.8930690871666896,0.8930690871666896,"A side-view photo of the same white bowl sitting on the same wooden tabletop, with one clearly visible small round bright orange fruit resting on the empty wooden table space to the left of the bowl, while the bowl, tabletop, wall, lighting, and background remain unchanged.",white_bowl_orange_tabletop_phase2
1.0,0.9396043618520101,1.0000000248352687,0.9396043370167414,-0.3047305537378027,0.0009681252880303267,39.60885159174601,0.0212053582072258,0.007356422621038898,13.608022371927897,31,0.6025463342666626,0.021022746339440346,0.0927472710609436,9.27472710609436,0.9340239025297619,23.629877883206838,0.8987969160079956,0.8987969160079956,0.28803110122680664,0.8792116641998291,0.23364414274692535,0.29717954993247986,0.0635354071855545,0.29717954993247986,True,0.0659760974702381,0.5309683680534363,0.0635354071855545,0.026913597470238096,,,1.6060286217837438,0.0212053582072258,0.026913597470238096,0.0,0.06413472443819046,0.06413472443819046,17.488345635445743,0.1335311896535825,2.8657777309417725,an orange beside a white bowl,0.2074560821056366,0.25646835565567017,0.27156928181648254,0.06411319971084595,0.27156928181648254,"57,180,335,324",0.10255821794271469,0.10122966021299362,/cluster/users/grad/2025/25t8103/project/experiments/support_v3_2026-06-02/normalized_512/eval_masks/white_bowl_orange_tabletop_phase2_eval_mask.png,fixed_eval_mask,1.0,118.95832824707031,0.030687186866998672,24.157644271850586,support_v3_fixed,Fixed DeCE displacement,,0.023160984739661217,0.023160984739661217,22.72915512633736,0.07303688521592433,13.400401592254639,/cluster/users/grad/2025/25t8103/project/outputs/pretty_matrix/white_bowl_orange_tabletop_phase2/support_v3_fixed/seed_10/result.png,1.7843877077102661,white_bowl_orange_tabletop_phase2/support_v3_fixed/seed_10,68.43819243500184,10,/cluster/users/grad/2025/25t8103/project/data/phase2_candidates/pexels_sideview_bowl_wood_table_26161017.jpg,0.024263735860586166,"A side-view photo of a white bowl sitting on a wooden tabletop, with empty wooden table space to the left of the bowl.",22.463628828366495,0.07530408893406285,0.8930924172669414,0.8930924172669414,"A side-view photo of the same white bowl sitting on the same wooden tabletop, with one clearly visible small round bright orange fruit resting on the empty wooden table space to the left of the bowl, while the bowl, tabletop, wall, lighting, and background remain unchanged.",white_bowl_orange_tabletop_phase2
1.0,0.9386025220155716,1.0000000322858493,0.9386025294661522,-0.30398781506422284,0.0009439868593593322,39.27414606014887,0.0212053582072258,0.007381002489031137,13.631604631741842,31,0.6139040589332581,0.021021654829382896,0.09274217486381531,9.27421748638153,0.9340239025297619,23.626668685800233,0.8988426327705383,0.8988426327705383,0.2837813198566437,0.8718535900115967,0.23175247013568878,0.296535849571228,0.06478337943553925,0.296535849571228,True,0.0659760974702381,0.527988076210022,0.06478337943553925,0.026913597470238096,,,1.60294722557427,0.0212053582072258,0.026913597470238096,0.0,0.06404833495616913,0.06404833495616913,17.502251369284952,0.13331758302431174,2.857891321182251,an orange beside a white bowl,0.208851158618927,0.2587180435657501,0.27273881435394287,0.06388765573501587,0.27273881435394287,"57,180,335,324",0.10253985226154327,0.10118859261274338,/cluster/users/grad/2025/25t8103/project/experiments/support_v3_2026-06-02/normalized_512/eval_masks/white_bowl_orange_tabletop_phase2_eval_mask.png,fixed_eval_mask,1.0,120.72928619384766,0.030687186866998672,24.157644271850586,support_v3_fixed,Fixed DeCE displacement,,0.023160094395279884,0.023160094395279884,22.726077810211134,0.07306276597349053,13.400401592254639,/cluster/users/grad/2025/25t8103/project/outputs/pretty_matrix/white_bowl_orange_tabletop_phase2/support_v3_fixed/seed_11/result.png,1.78289794921875,white_bowl_orange_tabletop_phase2/support_v3_fixed/seed_11,50.81051836100232,11,/cluster/users/grad/2025/25t8103/project/data/phase2_candidates/pexels_sideview_bowl_wood_table_26161017.jpg,0.024260541424155235,"A side-view photo of a white bowl sitting on a wooden tabletop, with empty wooden table space to the left of the bowl.",22.461987572701652,0.07531831947869472,0.8931668792092011,0.8931668792092011,"A side-view photo of the same white bowl sitting on the same wooden tabletop, with one clearly visible small round bright orange fruit resting on the empty wooden table space to the left of the bowl, while the bowl, tabletop, wall, lighting, and background remain unchanged.",white_bowl_orange_tabletop_phase2
1.0,0.9387626498937607,0.9999999975164732,0.9387626796960831,-0.3058240238557725,0.0009551686059694475,39.54701519012451,0.0212053582072258,0.007334423751065818,13.59075117111206,31,0.6105502843856812,0.02103682979941368,0.09276367723941803,9.276367723941803,0.9340239025297619,23.622026961540705,0.8988249897956848,0.8988249897956848,0.28338128328323364,0.8721222877502441,0.2310541570186615,0.29556944966316223,0.06451529264450073,0.29556944966316223,True,0.0659760974702381,0.5287765264511108,0.06451529264450073,0.026913597470238096,,,1.6036749935439465,0.0212053582072258,0.026913597470238096,0.0,0.0642208382487297,0.0642208382487297,17.47345240991885,0.1337603447714917,2.8597235679626465,an orange beside a white bowl,0.20524334907531738,0.25246918201446533,0.26857006549835205,0.06332671642303467,0.26857006549835205,"57,180,335,324",0.10253524780273438,0.10119269788265228,/cluster/users/grad/2025/25t8103/project/experiments/support_v3_2026-06-02/normalized_512/eval_masks/white_bowl_orange_tabletop_phase2_eval_mask.png,fixed_eval_mask,1.0,114.65677642822266,0.030687186866998672,24.157644271850586,support_v3_fixed,Fixed DeCE displacement,,0.023179098963737488,0.023179098963737488,22.720477538721422,0.07310988875288281,13.400401592254639,/cluster/users/grad/2025/25t8103/project/outputs/pretty_matrix/white_bowl_orange_tabletop_phase2/support_v3_fixed/seed_12/result.png,1.7832313776016235,white_bowl_orange_tabletop_phase2/support_v3_fixed/seed_12,46.99033111099561,12,/cluster/users/grad/2025/25t8103/project/data/phase2_candidates/pexels_sideview_bowl_wood_table_26161017.jpg,0.024283677339553833,"A side-view photo of a white bowl sitting on a wooden tabletop, with empty wooden table space to the left of the bowl.",22.454426842662848,0.07538390969723185,0.8931277784696231,0.8931277784696231,"A side-view photo of the same white bowl sitting on the same wooden tabletop, with one clearly visible small round bright orange fruit resting on the empty wooden table space to the left of the bowl, while the bowl, tabletop, wall, lighting, and background remain unchanged.",white_bowl_orange_tabletop_phase2
1.0,0.9443218037486076,0.9999999776482582,0.9443217938145002,-0.36234343765924376,-0.006376020806783345,14.901329020659128,0.1447172611951828,0.010866245133608269,23.704405705134075,31,0.8830007314682007,0.015725094825029373,0.0526307076215744,5.26307076215744,0.8955426897321429,27.627517252538595,0.9182747602462769,0.9182747602462769,0.15383750200271606,0.8957764506340027,0.24833175539970398,0.26604488492012024,0.01771312952041626,0.26604488492012024,True,0.10445731026785714,0.9140390157699585,0.01771312952041626,0.05458286830357143,,,0.550100523903332,0.1447172611951828,0.05458286830357143,0.9908413205537806,0.33360549807548523,0.33360549807548523,7.708494812961121,0.41169468413055865,3.0434887409210205,a blue vase,0.2313217669725418,0.25667327642440796,0.257741242647171,0.02641947567462921,0.257741242647171,"61,263,275,497",0.10282400995492935,0.09315367043018341,/cluster/users/grad/2025/25t8103/project/experiments/support_v3_2026-06-02/normalized_512/eval_masks/yellow_vase_blue_phase2_eval_mask.png,fixed_eval_mask,1.0,26.403581619262695,0.037683650851249695,47.22050857543945,adaptive_full_generic_support,Generic support control,,0.02233736775815487,0.02233736775815487,23.331710705864456,0.06814193544065884,13.414507865905762,/cluster/users/grad/2025/25t8103/project/outputs/pretty_matrix/yellow_vase_blue_phase2/adaptive_full_generic_support/seed_10/result.png,5.532604694366455,yellow_vase_blue_phase2/adaptive_full_generic_support/seed_10,38.652669029994286,10,/cluster/users/grad/2025/25t8103/project/data/pretty_free_candidates/pexels_yellow_ceramic_vase_8356822.jpg,0.03932728245854378,A still-life photo of a small yellow ceramic vase resting on white fabric.,18.651453472022702,0.11679582706989199,0.9239238691243749,0.9239238691243749,"A still-life photo of the same small ceramic vase resting on the same white fabric, with only the vase color changed from yellow to natural matte cobalt blue while the fabric, lighting, shadows, rim shading, and ceramic highlights remain unchanged.",yellow_vase_blue_phase2
1.0,0.9446537544329962,0.9999999776482582,0.9446537668506304,-0.3622200954705477,-0.0064284110606725635,15.065397004286448,0.1447172611951828,0.010863784996521039,23.70433847109477,31,0.8835256099700928,0.015723297372460365,0.052678417414426804,5.26784174144268,0.8955426897321429,27.62636705959856,0.9182485938072205,0.9182485938072205,0.1523023247718811,0.8967162370681763,0.25006067752838135,0.26714372634887695,0.017083048820495605,0.26714372634887695,True,0.10445731026785714,0.9172569513320923,0.017083048820495605,0.05458286830357143,,,0.5501386695477538,0.1447172611951828,0.05458286830357143,0.991160809371672,0.3334342837333679,0.3334342837333679,7.711525578677316,0.41155105664703046,3.0447535514831543,a blue vase,0.2286207675933838,0.2530008554458618,0.2557433247566223,0.027122557163238525,0.2557433247566223,"61,263,275,497",0.10288582742214203,0.0931861475110054,/cluster/users/grad/2025/25t8103/project/experiments/support_v3_2026-06-02/normalized_512/eval_masks/yellow_vase_blue_phase2_eval_mask.png,fixed_eval_mask,1.0,27.070722579956055,0.037683650851249695,47.22050857543945,adaptive_full_generic_support,Generic support control,,0.022335078567266464,0.022335078567266464,23.330419529244107,0.06815206564232507,13.414507865905762,/cluster/users/grad/2025/25t8103/project/outputs/pretty_matrix/yellow_vase_blue_phase2/adaptive_full_generic_support/seed_11/result.png,5.534520149230957,yellow_vase_blue_phase2/adaptive_full_generic_support/seed_11,37.62772408800083,11,/cluster/users/grad/2025/25t8103/project/data/pretty_free_candidates/pexels_yellow_ceramic_vase_8356822.jpg,0.03931577131152153,A still-life photo of a small yellow ceramic vase resting on white fabric.,18.65309255599954,0.11677378901564432,0.923902224045528,0.923902224045528,"A still-life photo of the same small ceramic vase resting on the same white fabric, with only the vase color changed from yellow to natural matte cobalt blue while the fabric, lighting, shadows, rim shading, and ceramic highlights remain unchanged.",yellow_vase_blue_phase2
1.0,0.9435655325651169,0.9999999726812044,0.9435655251145363,-0.3619673900927107,-0.006289856952207629,14.569323559602102,0.1447172611951828,0.010877087081704909,23.721415201822918,31,0.8825579285621643,0.015727898105978966,0.05262545868754387,5.262545868754387,0.8955426897321429,27.627366471798865,0.9182552099227905,0.9182552099227905,0.1493639051914215,0.8945478200912476,0.24921095371246338,0.26589542627334595,0.01668447256088257,0.26589542627334595,True,0.10445731026785714,0.9147194623947144,0.01668447256088257,0.05458286830357143,,,0.5490972009546811,0.1447172611951828,0.05458286830357143,0.9909478168264111,0.33318644762039185,0.33318644762039185,7.716995856687337,0.41129194790674634,3.039339065551758,a blue vase,0.23046815395355225,0.25459063053131104,0.25731360912323,0.026845455169677734,0.25731360912323,"61,263,275,497",0.10281211137771606,0.09313365072011948,/cluster/users/grad/2025/25t8103/project/experiments/support_v3_2026-06-02/normalized_512/eval_masks/yellow_vase_blue_phase2_eval_mask.png,fixed_eval_mask,1.0,25.688879013061523,0.037683650851249695,47.22050857543945,adaptive_full_generic_support,Generic support control,,0.0223371721804142,0.0223371721804142,23.332611490747386,0.06813486903235938,13.414507865905762,/cluster/users/grad/2025/25t8103/project/outputs/pretty_matrix/yellow_vase_blue_phase2/adaptive_full_generic_support/seed_12/result.png,5.535156726837158,yellow_vase_blue_phase2/adaptive_full_generic_support/seed_12,38.19402064300084,12,/cluster/users/grad/2025/25t8103/project/data/pretty_free_candidates/pexels_yellow_ceramic_vase_8356822.jpg,0.0393042154610157,A still-life photo of a small yellow ceramic vase resting on white fabric.,18.657507843593606,0.11671444462364153,0.9239116635489145,0.9239116635489145,"A still-life photo of the same small ceramic vase resting on the same white fabric, with only the vase color changed from yellow to natural matte cobalt blue while the fabric, lighting, shadows, rim shading, and ceramic highlights remain unchanged.",yellow_vase_blue_phase2
1.0,0.0,0.0,0.0,0.0,0.0,0.0,0.09375,0.0,0.0,31,0.6256781816482544,0.051595624536275864,0.35420799255371094,35.420799255371094,0.8955426897321429,23.196848655894705,0.8435514569282532,0.8435514569282532,-0.04709608852863312,0.7695096731185913,0.25755301117897034,0.21167416870594025,-0.04587884247303009,0.21167416870594025,True,0.10445731026785714,0.6297813057899475,-0.04587884247303009,0.05458286830357143,,,0.7503111334300971,0.09375,0.05458286830357143,0.0,0.05732380971312523,0.05732380971312523,22.076146260454742,0.07873950622006172,2.0333328247070312,a blue vase,0.20313894748687744,0.15049001574516296,0.16588030755519867,-0.03725863993167877,0.16588030755519867,"61,263,275,497",0.4083877503871918,0.3800772726535797,/cluster/users/grad/2025/25t8103/project/experiments/support_v3_2026-06-02/normalized_512/eval_masks/yellow_vase_blue_phase2_eval_mask.png,fixed_eval_mask,1.0,0.0,0.0,0.0,base_only,RF reconstruction / base reconstruction,,0.053685981780290604,0.053685981780290604,22.766816126504867,0.07272089138697695,12.228387355804443,/cluster/users/grad/2025/25t8103/project/outputs/pretty_matrix/yellow_vase_blue_phase2/base_only/seed_10/result.png,2.7099862098693848,yellow_vase_blue_phase2/base_only/seed_10,17.876163469001767,10,/cluster/users/grad/2025/25t8103/project/data/pretty_free_candidates/pexels_yellow_ceramic_vase_8356822.jpg,0.05388454347848892,A still-life photo of a small yellow ceramic vase resting on white fabric.,22.72614562409972,0.0730621955482219,0.8377911317866717,0.8377911317866717,"A still-life photo of the same small ceramic vase resting on the same white fabric, with only the vase color changed from yellow to natural matte cobalt blue while the fabric, lighting, shadows, rim shading, and ceramic highlights remain unchanged.",yellow_vase_blue_phase2
1.0,0.0,0.0,0.0,0.0,0.0,0.0,0.09375,0.0,0.0,31,0.6256781816482544,0.051595624536275864,0.35420799255371094,35.420799255371094,0.8955426897321429,23.196848655894705,0.8435514569282532,0.8435514569282532,-0.04709608852863312,0.7695096731185913,0.25755301117897034,0.21167416870594025,-0.04587884247303009,0.21167416870594025,True,0.10445731026785714,0.6297813057899475,-0.04587884247303009,0.05458286830357143,,,0.7503111334300971,0.09375,0.05458286830357143,0.0,0.05732380971312523,0.05732380971312523,22.076146260454742,0.07873950622006172,2.0333328247070312,a blue vase,0.20313894748687744,0.15049001574516296,0.16588030755519867,-0.03725863993167877,0.16588030755519867,"61,263,275,497",0.4083877503871918,0.3800772726535797,/cluster/users/grad/2025/25t8103/project/experiments/support_v3_2026-06-02/normalized_512/eval_masks/yellow_vase_blue_phase2_eval_mask.png,fixed_eval_mask,1.0,0.0,0.0,0.0,base_only,RF reconstruction / base reconstruction,,0.053685981780290604,0.053685981780290604,22.766816126504867,0.07272089138697695,12.228387355804443,/cluster/users/grad/2025/25t8103/project/outputs/pretty_matrix/yellow_vase_blue_phase2/base_only/seed_11/result.png,2.7099862098693848,yellow_vase_blue_phase2/base_only/seed_11,17.795228187998873,11,/cluster/users/grad/2025/25t8103/project/data/pretty_free_candidates/pexels_yellow_ceramic_vase_8356822.jpg,0.05388454347848892,A still-life photo of a small yellow ceramic vase resting on white fabric.,22.72614562409972,0.0730621955482219,0.8377911317866717,0.8377911317866717,"A still-life photo of the same small ceramic vase resting on the same white fabric, with only the vase color changed from yellow to natural matte cobalt blue while the fabric, lighting, shadows, rim shading, and ceramic highlights remain unchanged.",yellow_vase_blue_phase2
1.0,0.0,0.0,0.0,0.0,0.0,0.0,0.09375,0.0,0.0,31,0.6256781816482544,0.051595624536275864,0.35420799255371094,35.420799255371094,0.8955426897321429,23.196848655894705,0.8435514569282532,0.8435514569282532,-0.04709608852863312,0.7695096731185913,0.25755301117897034,0.21167416870594025,-0.04587884247303009,0.21167416870594025,True,0.10445731026785714,0.6297813057899475,-0.04587884247303009,0.05458286830357143,,,0.7503111334300971,0.09375,0.05458286830357143,0.0,0.05732380971312523,0.05732380971312523,22.076146260454742,0.07873950622006172,2.0333328247070312,a blue vase,0.20313894748687744,0.15049001574516296,0.16588030755519867,-0.03725863993167877,0.16588030755519867,"61,263,275,497",0.4083877503871918,0.3800772726535797,/cluster/users/grad/2025/25t8103/project/experiments/support_v3_2026-06-02/normalized_512/eval_masks/yellow_vase_blue_phase2_eval_mask.png,fixed_eval_mask,1.0,0.0,0.0,0.0,base_only,RF reconstruction / base reconstruction,,0.053685981780290604,0.053685981780290604,22.766816126504867,0.07272089138697695,12.228387355804443,/cluster/users/grad/2025/25t8103/project/outputs/pretty_matrix/yellow_vase_blue_phase2/base_only/seed_12/result.png,2.7099862098693848,yellow_vase_blue_phase2/base_only/seed_12,17.82601357299427,12,/cluster/users/grad/2025/25t8103/project/data/pretty_free_candidates/pexels_yellow_ceramic_vase_8356822.jpg,0.05388454347848892,A still-life photo of a small yellow ceramic vase resting on white fabric.,22.72614562409972,0.0730621955482219,0.8377911317866717,0.8377911317866717,"A still-life photo of the same small ceramic vase resting on the same white fabric, with only the vase color changed from yellow to natural matte cobalt blue while the fabric, lighting, shadows, rim shading, and ceramic highlights remain unchanged.",yellow_vase_blue_phase2
1.0,0.9207768539587656,1.0000000099341075,0.9207768365740776,0.0,0.0,49.25233860810598,0.09375,0.0,0.0,31,0.6314120888710022,0.045456476509571075,0.2993365228176117,29.93365228176117,0.8955426897321429,23.386287503446745,0.8410663604736328,0.8410663604736328,0.08150523155927658,0.8487699031829834,0.2701311409473419,0.2721293866634369,0.0019982457160949707,0.2721293866634369,True,0.10445731026785714,0.5691574811935425,0.0019982457160949707,0.05458286830357143,,,0.6271447268284076,0.09375,0.05458286830357143,0.0,0.08883557468652725,0.08883557468652725,19.220528154863036,0.10938898491007955,1.419507384300232,a blue vase,0.22410848736763,0.16292551159858704,0.18521983921527863,-0.03888864815235138,0.18521983921527863,"61,263,275,497",0.36738961935043335,0.3292420208454132,/cluster/users/grad/2025/25t8103/project/experiments/support_v3_2026-06-02/normalized_512/eval_masks/yellow_vase_blue_phase2_eval_mask.png,fixed_eval_mask,1.0,189.12930297851562,0.0,0.0,direct_target,Direct target guidance,,0.049036215990781784,0.049036215990781784,22.763536618158973,0.07274835360542746,12.228387355804443,/cluster/users/grad/2025/25t8103/project/outputs/pretty_matrix/yellow_vase_blue_phase2/direct_target/seed_10/result.png,2.263444662094116,yellow_vase_blue_phase2/direct_target/seed_10,19.191069872002117,10,/cluster/users/grad/2025/25t8103/project/data/pretty_free_candidates/pexels_yellow_ceramic_vase_8356822.jpg,0.051208578050136566,A still-life photo of a small yellow ceramic vase resting on white fabric.,22.47445353222774,0.07521030041333775,0.8270404408794062,0.8270404408794062,"A still-life photo of the same small ceramic vase resting on the same white fabric, with only the vase color changed from yellow to natural matte cobalt blue while the fabric, lighting, shadows, rim shading, and ceramic highlights remain unchanged.",yellow_vase_blue_phase2
1.0,0.9207768539587656,1.0000000099341075,0.9207768365740776,0.0,0.0,49.25233860810598,0.09375,0.0,0.0,31,0.6314120888710022,0.045456476509571075,0.2993365228176117,29.93365228176117,0.8955426897321429,23.386287503446745,0.8410663604736328,0.8410663604736328,0.08150523155927658,0.8487699031829834,0.2701311409473419,0.2721293866634369,0.0019982457160949707,0.2721293866634369,True,0.10445731026785714,0.5691574811935425,0.0019982457160949707,0.05458286830357143,,,0.6271447268284076,0.09375,0.05458286830357143,0.0,0.08883557468652725,0.08883557468652725,19.220528154863036,0.10938898491007955,1.419507384300232,a blue vase,0.22410848736763,0.16292551159858704,0.18521983921527863,-0.03888864815235138,0.18521983921527863,"61,263,275,497",0.36738961935043335,0.3292420208454132,/cluster/users/grad/2025/25t8103/project/experiments/support_v3_2026-06-02/normalized_512/eval_masks/yellow_vase_blue_phase2_eval_mask.png,fixed_eval_mask,1.0,189.12930297851562,0.0,0.0,direct_target,Direct target guidance,,0.049036215990781784,0.049036215990781784,22.763536618158973,0.07274835360542746,12.228387355804443,/cluster/users/grad/2025/25t8103/project/outputs/pretty_matrix/yellow_vase_blue_phase2/direct_target/seed_11/result.png,2.263444662094116,yellow_vase_blue_phase2/direct_target/seed_11,18.99416451000434,11,/cluster/users/grad/2025/25t8103/project/data/pretty_free_candidates/pexels_yellow_ceramic_vase_8356822.jpg,0.051208578050136566,A still-life photo of a small yellow ceramic vase resting on white fabric.,22.47445353222774,0.07521030041333775,0.8270404408794062,0.8270404408794062,"A still-life photo of the same small ceramic vase resting on the same white fabric, with only the vase color changed from yellow to natural matte cobalt blue while the fabric, lighting, shadows, rim shading, and ceramic highlights remain unchanged.",yellow_vase_blue_phase2
1.0,0.9207768539587656,1.0000000099341075,0.9207768365740776,0.0,0.0,49.25233860810598,0.09375,0.0,0.0,31,0.6314120888710022,0.045456476509571075,0.2993365228176117,29.93365228176117,0.8955426897321429,23.386287503446745,0.8410663604736328,0.8410663604736328,0.08150523155927658,0.8487699031829834,0.2701311409473419,0.2721293866634369,0.0019982457160949707,0.2721293866634369,True,0.10445731026785714,0.5691574811935425,0.0019982457160949707,0.05458286830357143,,,0.6271447268284076,0.09375,0.05458286830357143,0.0,0.08883557468652725,0.08883557468652725,19.220528154863036,0.10938898491007955,1.419507384300232,a blue vase,0.22410848736763,0.16292551159858704,0.18521983921527863,-0.03888864815235138,0.18521983921527863,"61,263,275,497",0.36738961935043335,0.3292420208454132,/cluster/users/grad/2025/25t8103/project/experiments/support_v3_2026-06-02/normalized_512/eval_masks/yellow_vase_blue_phase2_eval_mask.png,fixed_eval_mask,1.0,189.12930297851562,0.0,0.0,direct_target,Direct target guidance,,0.049036215990781784,0.049036215990781784,22.763536618158973,0.07274835360542746,12.228387355804443,/cluster/users/grad/2025/25t8103/project/outputs/pretty_matrix/yellow_vase_blue_phase2/direct_target/seed_12/result.png,2.263444662094116,yellow_vase_blue_phase2/direct_target/seed_12,18.743061150002177,12,/cluster/users/grad/2025/25t8103/project/data/pretty_free_candidates/pexels_yellow_ceramic_vase_8356822.jpg,0.051208578050136566,A still-life photo of a small yellow ceramic vase resting on white fabric.,22.47445353222774,0.07521030041333775,0.8270404408794062,0.8270404408794062,"A still-life photo of the same small ceramic vase resting on the same white fabric, with only the vase color changed from yellow to natural matte cobalt blue while the fabric, lighting, shadows, rim shading, and ceramic highlights remain unchanged.",yellow_vase_blue_phase2
1.0,0.9395779718955358,1.0,0.9395779892802238,-0.37868691856662434,-0.004715246226624004,14.32070110241572,0.1476934552192688,0.01052088016391887,30.089732726414997,31,0.8714410066604614,0.015431517735123634,0.047914326190948486,4.791432619094849,0.8955426897321429,28.23102908130831,0.9173630475997925,0.9173630475997925,0.14972034096717834,0.8432683944702148,0.23071381449699402,0.2632138431072235,0.03250002861022949,0.2632138431072235,True,0.10445731026785714,0.9206333160400391,0.03250002861022949,0.05458286830357143,,,0.5936178139447317,0.1476934552192688,0.05458286830357143,0.9732694355697551,0.35911253094673157,0.35911253094673157,6.891998559252199,0.4522723858134086,3.1963937282562256,a blue vase,0.22656482458114624,0.24070137739181519,0.26430976390838623,0.03774493932723999,0.26430976390838623,"61,263,275,497",0.11269605904817581,0.09577347338199615,/cluster/users/grad/2025/25t8103/project/experiments/support_v3_2026-06-02/normalized_512/eval_masks/yellow_vase_blue_phase2_eval_mask.png,fixed_eval_mask,1.0,22.747955322265625,0.037201281636953354,62.5562629699707,support_v3_controller_rmsgap,DeCE-RF,,0.021950626745820045,0.021950626745820045,23.453109223944004,0.067196172886354,13.41562032699585,/cluster/users/grad/2025/25t8103/project/outputs/phase2_selected_metric_refresh_20260612/yellow_vase_blue_phase2/support_v3_controller_rmsgap/seed_10/result.png,5.384598731994629,yellow_vase_blue_phase2/support_v3_controller_rmsgap/seed_10,38.343413479000446,10,/cluster/users/grad/2025/25t8103/project/data/pretty_free_candidates/pexels_yellow_ceramic_vase_8356822.jpg,0.04035390168428421,A still-life photo of a small yellow ceramic vase resting on white fabric.,18.115268583734963,0.12423288501833869,0.9180380375537345,0.9180380375537345,"A still-life photo of the same small ceramic vase resting on the same white fabric, with only the vase color changed from yellow to deep blue while the fabric, lighting, and shadows remain unchanged.",yellow_vase_blue_phase2
1.0,0.9415800174077352,1.0000000149011612,0.9415800347924232,-0.37654975180824596,-0.005058796491236232,13.979520857334137,0.1476934552192688,0.010557754154433496,30.186871846516926,31,0.8638273477554321,0.015432223677635193,0.0479159913957119,4.79159913957119,0.8955426897321429,28.250701013223033,0.9173376560211182,0.9173376560211182,0.14287953078746796,0.8344528675079346,0.2358197569847107,0.267450213432312,0.03163045644760132,0.267450213432312,True,0.10445731026785714,0.8996923565864563,0.03163045644760132,0.05458286830357143,,,0.5897334048028275,0.1476934552192688,0.05458286830357143,0.9753993610223642,0.3542075753211975,0.3542075753211975,6.942260916532625,0.4496627934967501,3.1907315254211426,a blue vase,0.23013797402381897,0.2519848048686981,0.2652289569377899,0.03509098291397095,0.2652289569377899,"61,263,275,497",0.11243893206119537,0.0952553004026413,/cluster/users/grad/2025/25t8103/project/experiments/support_v3_2026-06-02/normalized_512/eval_masks/yellow_vase_blue_phase2_eval_mask.png,fixed_eval_mask,1.0,21.511066436767578,0.037201281636953354,62.5562629699707,support_v3_controller_rmsgap,DeCE-RF,,0.021853001788258553,0.021853001788258553,23.53214961037385,0.06658747082079096,13.415894985198975,/cluster/users/grad/2025/25t8103/project/outputs/phase2_selected_metric_refresh_20260612/yellow_vase_blue_phase2/support_v3_controller_rmsgap/seed_11/result.png,5.410464286804199,yellow_vase_blue_phase2/support_v3_controller_rmsgap/seed_11,38.512061279998306,11,/cluster/users/grad/2025/25t8103/project/data/pretty_free_candidates/pexels_yellow_ceramic_vase_8356822.jpg,0.03999386355280876,A still-life photo of a small yellow ceramic vase resting on white fabric.,18.173471582724684,0.1234031997780903,0.9172278477135922,0.9172278477135922,"A still-life photo of the same small ceramic vase resting on the same white fabric, with only the vase color changed from yellow to deep blue while the fabric, lighting, and shadows remain unchanged.",yellow_vase_blue_phase2
1.0,0.9401474023858706,1.0000000298023224,0.9401474098364512,-0.37632793684800464,-0.005457209448953411,13.74345514178276,0.1476934552192688,0.010563486318763656,30.209987719853718,31,0.8639742136001587,0.015440626069903374,0.04732218757271767,4.732218757271767,0.8955426897321429,28.269096521245707,0.9171838164329529,0.9171838164329529,0.15243223309516907,0.841187596321106,0.23871271312236786,0.27276280522346497,0.03405009210109711,0.27276280522346497,True,0.10445731026785714,0.9005539417266846,0.03405009210109711,0.05458286830357143,,,0.6089886188871975,0.1476934552192688,0.05458286830357143,0.9756123535676251,0.35274598002433777,0.35274598002433777,6.992237868467436,0.4470829486519378,3.3131914138793945,a blue vase,0.23717300593852997,0.2552148699760437,0.27144208550453186,0.03426907956600189,0.27144208550453186,"61,263,275,497",0.11133095622062683,0.09481151401996613,/cluster/users/grad/2025/25t8103/project/experiments/support_v3_2026-06-02/normalized_512/eval_masks/yellow_vase_blue_phase2_eval_mask.png,fixed_eval_mask,1.0,19.59885025024414,0.037201281636953354,62.5562629699707,support_v3_controller_rmsgap,DeCE-RF,,0.021749012172222137,0.021749012172222137,23.61355904349329,0.06596628819967652,13.41562032699585,/cluster/users/grad/2025/25t8103/project/outputs/phase2_selected_metric_refresh_20260612/yellow_vase_blue_phase2/support_v3_controller_rmsgap/seed_12/result.png,5.440481662750244,yellow_vase_blue_phase2/support_v3_controller_rmsgap/seed_12,39.283119866999186,12,/cluster/users/grad/2025/25t8103/project/data/pretty_free_candidates/pexels_yellow_ceramic_vase_8356822.jpg,0.03981577605009079,A still-life photo of a small yellow ceramic vase resting on white fabric.,18.232078606965292,0.12257335391584878,0.916294059429928,0.916294059429928,"A still-life photo of the same small ceramic vase resting on the same white fabric, with only the vase color changed from yellow to deep blue while the fabric, lighting, and shadows remain unchanged.",yellow_vase_blue_phase2
1.0,0.9435592542092005,1.0000000173846881,0.9435592467586199,-0.3559017575656374,-0.005276941804671272,14.847502926985422,0.1447172611951828,0.01075168972602114,21.06827688217163,31,0.8834129571914673,0.015698688104748726,0.05232953280210495,5.232953280210495,0.8955426897321429,27.638209672093495,0.9183648228645325,0.9183648228645325,0.15252335369586945,0.8991937637329102,0.2507995069026947,0.2674912214279175,0.01669171452522278,0.2674912214279175,True,0.10445731026785714,0.9089317917823792,0.01669171452522278,0.05458286830357143,,,0.556879321678353,0.1447172611951828,0.05458286830357143,0.9913738019169329,0.3279435336589813,0.3279435336589813,7.881152650530437,0.40359183124554293,3.08463716506958,a blue vase,0.22984501719474792,0.25217336416244507,0.2578641474246979,0.02801913022994995,0.2578641474246979,"61,263,275,497",0.10230202972888947,0.09242811053991318,/cluster/users/grad/2025/25t8103/project/experiments/support_v3_2026-06-02/normalized_512/eval_masks/yellow_vase_blue_phase2_eval_mask.png,fixed_eval_mask,1.0,27.603612899780273,0.037683650851249695,34.33102035522461,support_v3_fixed,Fixed DeCE displacement,,0.022228840738534927,0.022228840738534927,23.41081879253028,0.06752413980316731,13.413004875183105,/cluster/users/grad/2025/25t8103/project/outputs/pretty_matrix/yellow_vase_blue_phase2/support_v3_fixed/seed_10/result.png,5.539148330688477,yellow_vase_blue_phase2/support_v3_fixed/seed_10,61.76611022799625,10,/cluster/users/grad/2025/25t8103/project/data/pretty_free_candidates/pexels_yellow_ceramic_vase_8356822.jpg,0.03891562670469284,A still-life photo of a small yellow ceramic vase resting on white fabric.,18.79378579365531,0.11489753469272124,0.9240517617749306,0.9240517617749306,"A still-life photo of the same small ceramic vase resting on the same white fabric, with only the vase color changed from yellow to natural matte cobalt blue while the fabric, lighting, shadows, rim shading, and ceramic highlights remain unchanged.",yellow_vase_blue_phase2
1.0,0.9438744361201922,1.0,0.9438744311531385,-0.35614804333696765,-0.005220220632812318,14.91440799832344,0.1447172611951828,0.010744848264342485,21.057780981063843,31,0.8834673166275024,0.015698347240686417,0.052328914403915405,5.2328914403915405,0.8955426897321429,27.63762299533798,0.9183494448661804,0.9183494448661804,0.15148131549358368,0.8982057571411133,0.24952653050422668,0.26607847213745117,0.016551941633224487,0.26607847213745117,True,0.10445731026785714,0.9085022211074829,0.016551941633224487,0.05458286830357143,,,0.5566949750112349,0.1447172611951828,0.05458286830357143,0.9913738019169329,0.3277228772640228,0.3277228772640228,7.889027140066968,0.4032261071088654,3.082815170288086,a blue vase,0.23148684203624725,0.2528842091560364,0.25857532024383545,0.027088478207588196,0.25857532024383545,"61,263,275,497",0.1022610068321228,0.09237730503082275,/cluster/users/grad/2025/25t8103/project/experiments/support_v3_2026-06-02/normalized_512/eval_masks/yellow_vase_blue_phase2_eval_mask.png,fixed_eval_mask,1.0,27.64680290222168,0.037683650851249695,34.32326889038086,support_v3_fixed,Fixed DeCE displacement,,0.022226320579648018,0.022226320579648018,23.411954856288062,0.06751530861664552,13.413004875183105,/cluster/users/grad/2025/25t8103/project/outputs/pretty_matrix/yellow_vase_blue_phase2/support_v3_fixed/seed_11/result.png,5.537709712982178,yellow_vase_blue_phase2/support_v3_fixed/seed_11,52.79628933899221,11,/cluster/users/grad/2025/25t8103/project/data/pretty_free_candidates/pexels_yellow_ceramic_vase_8356822.jpg,0.0389011986553669,A still-life photo of a small yellow ceramic vase resting on white fabric.,18.79945909358927,0.11482251240162715,0.9240505278960779,0.9240505278960779,"A still-life photo of the same small ceramic vase resting on the same white fabric, with only the vase color changed from yellow to natural matte cobalt blue while the fabric, lighting, shadows, rim shading, and ceramic highlights remain unchanged.",yellow_vase_blue_phase2
1.0,0.9442720636725426,0.9999999925494194,0.9442720835407575,-0.3559562774995963,-0.005325658559551509,14.87618519862493,0.1447172611951828,0.010761785403398486,21.09216507275899,31,0.8835428953170776,0.015694674104452133,0.05226761847734451,5.226761847734451,0.8955426897321429,27.63946135753342,0.9183551073074341,0.9183551073074341,0.1489502191543579,0.8986356258392334,0.25071093440055847,0.26647353172302246,0.01576259732246399,0.26647353172302246,True,0.10445731026785714,0.9070018529891968,0.01576259732246399,0.05458286830357143,,,0.5569179879828126,0.1447172611951828,0.05458286830357143,0.9915867944621938,0.32798540592193604,0.32798540592193604,7.876922660632485,0.4037884265517867,3.086378574371338,a blue vase,0.23044440150260925,0.2523203194141388,0.25787585973739624,0.027431458234786987,0.25787585973739624,"61,263,275,497",0.10224117338657379,0.09235811978578568,/cluster/users/grad/2025/25t8103/project/experiments/support_v3_2026-06-02/normalized_512/eval_masks/yellow_vase_blue_phase2_eval_mask.png,fixed_eval_mask,1.0,27.00161361694336,0.037683650851249695,34.35518264770508,support_v3_fixed,Fixed DeCE displacement,,0.02222277969121933,0.02222277969121933,23.411601273941663,0.06751805706362464,13.413004875183105,/cluster/users/grad/2025/25t8103/project/outputs/pretty_matrix/yellow_vase_blue_phase2/support_v3_fixed/seed_12/result.png,5.541890621185303,yellow_vase_blue_phase2/support_v3_fixed/seed_12,55.45382781799708,12,/cluster/users/grad/2025/25t8103/project/data/pretty_free_candidates/pexels_yellow_ceramic_vase_8356822.jpg,0.03891218826174736,A still-life photo of a small yellow ceramic vase resting on white fabric.,18.791191514473166,0.11493185711834675,0.9240528564349645,0.9240528564349645,"A still-life photo of the same small ceramic vase resting on the same white fabric, with only the vase color changed from yellow to natural matte cobalt blue while the fabric, lighting, shadows, rim shading, and ceramic highlights remain unchanged.",yellow_vase_blue_phase2
