avg_beta_t,avg_cos_anchor_region,avg_cos_base_anchor,avg_cos_base_region,avg_cos_rec_base,avg_cos_rec_edit_total,avg_edit_norm,avg_mask_area,avg_rec_energy,avg_rec_norm,bg_dilate_px,bg_dino_source,bg_l1,bg_lpips,bg_lpips_x100,bg_mask_area,bg_psnr,bg_ssim,bg_ssim_luma,clip_direction_similarity,clip_image_source_similarity,clip_source_score,clip_t,clip_target_minus_source,clip_target_score,complete,dilated_edit_mask_area,dino_source_similarity,edit_score,eval_mask_area,failure_flag,failure_note,fill_texture_ratio,final_mask_area,fixed_eval_mask_area,inside_blue_ratio,inside_l1,inside_mask_l1,inside_mask_psnr,inside_mask_rmse,inside_texture_energy,local_clip_prompt,local_clip_source_score,local_clip_t,local_clip_t_full_prompt,local_clip_target_minus_source,local_clip_target_score,local_crop_box,lpips_full,lpips_outside,mask_path,mask_source,max_beta_t,max_edit_norm,max_rec_energy,max_rec_norm,method,method_display,missing,outside_l1,outside_mask_l1,outside_mask_psnr,outside_mask_rmse,peak_gpu_memory_gb,result_image,ring_texture_energy,run,runtime_seconds,seed,source_image,source_l1,source_prompt,source_psnr,source_rmse,source_ssim,source_ssim_luma,target_prompt,task
0.0,0.0,0.0,0.0,0.0,0.0,0.0,0.0,0.0,0.0,31,0.7577817440032959,0.04368056729435921,0.3491832911968231,34.91832911968231,0.8874337332589286,22.906877882778968,0.7393932938575745,0.7393932938575745,-0.029661163687705994,0.910251259803772,0.26281726360321045,0.26929596066474915,0.006478697061538696,0.26929596066474915,True,0.11256626674107142,0.761383056640625,0.006478697061538696,0.061930338541666664,,,0.9102192668553457,0.0,0.061930338541666664,0.0560352919091421,0.042714450508356094,0.042714450508356094,21.2917505958478,0.08618118675047579,5.830292701721191,a cable-knit pillow,0.24910950660705566,0.24028444290161133,0.2498798668384552,0.0007703602313995361,0.2498798668384552,"51,81,334,281",0.3779943883419037,0.36300379037857056,/cluster/users/grad/2025/25t8103/project/experiments/support_v3_2026-06-02/normalized_512/eval_masks/pillow_same_color_cable_knit_eval_mask.png,fixed_eval_mask,0.0,0.0,0.0,0.0,fireflow,fireflow,,0.04453876614570618,0.04453876614570618,22.49209716120541,0.07505768095181603,,/cluster/users/grad/2025/25t8103/project/outputs/e2_t5_baseline_matrix/pillow_same_color_cable_knit/fireflow/seed_10/result.png,6.40537166595459,pillow_same_color_cable_knit/fireflow/seed_10,,10,data/phase2_candidates/pexels_white_pillow_brown_sofa_6312089.jpg,0.04442577809095383,A cozy living room photo with a plain white pillow on a brown sofa.,22.407304041131386,0.0757939948592639,0.7312976296052742,0.7312976296052742,"A photo of the same white pillow on the same brown sofa, with the entire pillow surface changed into same-color white chunky cable-knit fabric with thick braided knitted columns, while preserving the pillow shape, outline, lighting, sofa, background, and the rest of the scene.",pillow_same_color_cable_knit
0.0,0.0,0.0,0.0,0.0,0.0,0.0,0.0,0.0,0.0,31,0.7577817440032959,0.04368056729435921,0.3491832911968231,34.91832911968231,0.8874337332589286,22.906877882778968,0.7393932938575745,0.7393932938575745,-0.029661163687705994,0.910251259803772,0.26281726360321045,0.26929596066474915,0.006478697061538696,0.26929596066474915,True,0.11256626674107142,0.761383056640625,0.006478697061538696,0.061930338541666664,,,0.9102192668553457,0.0,0.061930338541666664,0.0560352919091421,0.042714450508356094,0.042714450508356094,21.2917505958478,0.08618118675047579,5.830292701721191,a cable-knit pillow,0.24910950660705566,0.24028444290161133,0.2498798668384552,0.0007703602313995361,0.2498798668384552,"51,81,334,281",0.3779943883419037,0.36300379037857056,/cluster/users/grad/2025/25t8103/project/experiments/support_v3_2026-06-02/normalized_512/eval_masks/pillow_same_color_cable_knit_eval_mask.png,fixed_eval_mask,0.0,0.0,0.0,0.0,fireflow,fireflow,,0.04453876614570618,0.04453876614570618,22.49209716120541,0.07505768095181603,,/cluster/users/grad/2025/25t8103/project/outputs/e2_t5_baseline_matrix/pillow_same_color_cable_knit/fireflow/seed_11/result.png,6.40537166595459,pillow_same_color_cable_knit/fireflow/seed_11,,11,data/phase2_candidates/pexels_white_pillow_brown_sofa_6312089.jpg,0.04442577809095383,A cozy living room photo with a plain white pillow on a brown sofa.,22.407304041131386,0.0757939948592639,0.7312976296052742,0.7312976296052742,"A photo of the same white pillow on the same brown sofa, with the entire pillow surface changed into same-color white chunky cable-knit fabric with thick braided knitted columns, while preserving the pillow shape, outline, lighting, sofa, background, and the rest of the scene.",pillow_same_color_cable_knit
0.0,0.0,0.0,0.0,0.0,0.0,0.0,0.0,0.0,0.0,31,0.7577817440032959,0.04368056729435921,0.3491832911968231,34.91832911968231,0.8874337332589286,22.906877882778968,0.7393932938575745,0.7393932938575745,-0.029661163687705994,0.910251259803772,0.26281726360321045,0.26929596066474915,0.006478697061538696,0.26929596066474915,True,0.11256626674107142,0.761383056640625,0.006478697061538696,0.061930338541666664,,,0.9102192668553457,0.0,0.061930338541666664,0.0560352919091421,0.042714450508356094,0.042714450508356094,21.2917505958478,0.08618118675047579,5.830292701721191,a cable-knit pillow,0.24910950660705566,0.24028444290161133,0.2498798668384552,0.0007703602313995361,0.2498798668384552,"51,81,334,281",0.3779943883419037,0.36300379037857056,/cluster/users/grad/2025/25t8103/project/experiments/support_v3_2026-06-02/normalized_512/eval_masks/pillow_same_color_cable_knit_eval_mask.png,fixed_eval_mask,0.0,0.0,0.0,0.0,fireflow,fireflow,,0.04453876614570618,0.04453876614570618,22.49209716120541,0.07505768095181603,,/cluster/users/grad/2025/25t8103/project/outputs/e2_t5_baseline_matrix/pillow_same_color_cable_knit/fireflow/seed_12/result.png,6.40537166595459,pillow_same_color_cable_knit/fireflow/seed_12,,12,data/phase2_candidates/pexels_white_pillow_brown_sofa_6312089.jpg,0.04442577809095383,A cozy living room photo with a plain white pillow on a brown sofa.,22.407304041131386,0.0757939948592639,0.7312976296052742,0.7312976296052742,"A photo of the same white pillow on the same brown sofa, with the entire pillow surface changed into same-color white chunky cable-knit fabric with thick braided knitted columns, while preserving the pillow shape, outline, lighting, sofa, background, and the rest of the scene.",pillow_same_color_cable_knit
0.0,0.0,0.0,0.0,0.0,0.0,0.0,0.0,0.0,0.0,31,0.732217013835907,0.08494995534420013,0.2497987449169159,24.97987449169159,0.8998756408691406,18.310237979623793,0.7166118621826172,0.7166118621826172,0.03921571746468544,0.8588865995407104,0.2171604335308075,0.2479780912399292,0.030817657709121704,0.2479780912399292,True,0.10012435913085938,0.5706701278686523,0.030817657709121704,0.0615234375,,,0.9486745274125463,0.0,0.0615234375,0.0,0.08874437212944031,0.08874437212944031,18.15787821934591,0.12362493863576748,5.93345308303833,a cable-knit pillow,0.1849227398633957,0.21754944324493408,0.21929895877838135,0.03437621891498566,0.21929895877838135,"51,155,334,398",0.29112347960472107,0.2622791528701782,/cluster/users/grad/2025/25t8103/project/experiments/support_v3_2026-06-02/normalized_512/eval_masks/pillow_same_color_cable_knit_eval_mask.png,fixed_eval_mask,0.0,0.0,0.0,0.0,flowalign,flowalign,,0.08682385087013245,0.08682385087013245,18.105061832923322,0.12437895634363454,,/cluster/users/grad/2025/25t8103/project/outputs/e2_t5_baseline_matrix/pillow_same_color_cable_knit/flowalign/seed_10/result.png,6.254466533660889,pillow_same_color_cable_knit/flowalign/seed_10,,10,/cluster/users/grad/2025/25t8103/project/data/phase2_candidates/pexels_white_pillow_brown_sofa_6312089.jpg,0.08694202452898026,A cozy living room photo with a plain white pillow on a brown sofa.,18.108293264287866,0.12433269196282357,0.6958759108336332,0.6958759108336332,"A photo of the same white pillow on the same brown sofa, with the entire pillow surface changed into same-color white chunky cable-knit fabric with thick braided knitted columns, while preserving the pillow shape, outline, lighting, sofa, background, and the rest of the scene.",pillow_same_color_cable_knit
0.0,0.0,0.0,0.0,0.0,0.0,0.0,0.0,0.0,0.0,31,0.5496262907981873,0.07452747225761414,0.24858404695987701,24.8584046959877,0.8998756408691406,18.81032694604189,0.7264746427536011,0.7264746427536011,0.07305016368627548,0.8879026174545288,0.23278889060020447,0.2781861126422882,0.04539722204208374,0.2781861126422882,True,0.10012435913085938,0.5051968693733215,0.04539722204208374,0.0615234375,,,0.9762507874578706,0.0,0.0615234375,0.0,0.07181452959775925,0.07181452959775925,19.817448245150924,0.10212394610389956,6.485012054443359,a cable-knit pillow,0.18416450917720795,0.24647392332553864,0.24116556346416473,0.05700105428695679,0.24116556346416473,"51,155,334,398",0.2882629930973053,0.26014071702957153,/cluster/users/grad/2025/25t8103/project/experiments/support_v3_2026-06-02/normalized_512/eval_masks/pillow_same_color_cable_knit_eval_mask.png,fixed_eval_mask,0.0,0.0,0.0,0.0,flowalign,flowalign,,0.07546274363994598,0.07546274363994598,18.75768150766377,0.11537611859204,,/cluster/users/grad/2025/25t8103/project/outputs/e2_t5_baseline_matrix/pillow_same_color_cable_knit/flowalign/seed_11/result.png,6.642772674560547,pillow_same_color_cable_knit/flowalign/seed_11,,11,/cluster/users/grad/2025/25t8103/project/data/phase2_candidates/pexels_white_pillow_brown_sofa_6312089.jpg,0.07523830235004425,A cozy living room photo with a plain white pillow on a brown sofa.,18.815925520803237,0.1146050418172427,0.706212859183737,0.706212859183737,"A photo of the same white pillow on the same brown sofa, with the entire pillow surface changed into same-color white chunky cable-knit fabric with thick braided knitted columns, while preserving the pillow shape, outline, lighting, sofa, background, and the rest of the scene.",pillow_same_color_cable_knit
0.0,0.0,0.0,0.0,0.0,0.0,0.0,0.0,0.0,0.0,31,0.7110803723335266,0.0794229507446289,0.21251389384269714,21.251389384269714,0.8998756408691406,19.21154588644008,0.7343164682388306,0.7343164682388306,0.08191397786140442,0.8944219350814819,0.22016063332557678,0.26677975058555603,0.04661911725997925,0.26677975058555603,True,0.10012435913085938,0.49406659603118896,0.04661911725997925,0.0615234375,,,1.0191058672369586,0.0,0.0615234375,0.0,0.08151625096797943,0.08151625096797943,19.26983896638295,0.10876973030043349,5.54003381729126,a cable-knit pillow,0.19356513023376465,0.2610173225402832,0.23991644382476807,0.04635131359100342,0.23991644382476807,"51,155,334,398",0.24849532544612885,0.2227562814950943,/cluster/users/grad/2025/25t8103/project/experiments/support_v3_2026-06-02/normalized_512/eval_masks/pillow_same_color_cable_knit_eval_mask.png,fixed_eval_mask,0.0,0.0,0.0,0.0,flowalign,flowalign,,0.08059631288051605,0.08059631288051605,19.12426778778253,0.1106080181010576,,/cluster/users/grad/2025/25t8103/project/outputs/e2_t5_baseline_matrix/pillow_same_color_cable_knit/flowalign/seed_12/result.png,5.436171054840088,pillow_same_color_cable_knit/flowalign/seed_12,,12,/cluster/users/grad/2025/25t8103/project/data/phase2_candidates/pexels_white_pillow_brown_sofa_6312089.jpg,0.08065294474363327,A cozy living room photo with a plain white pillow on a brown sofa.,19.133086071818887,0.11049578112724794,0.7190491946261103,0.7190491946261103,"A photo of the same white pillow on the same brown sofa, with the entire pillow surface changed into same-color white chunky cable-knit fabric with thick braided knitted columns, while preserving the pillow shape, outline, lighting, sofa, background, and the rest of the scene.",pillow_same_color_cable_knit
0.0,0.0,0.0,0.0,0.0,0.0,0.0,0.0,0.0,0.0,31,0.659864604473114,0.17108774185180664,0.5389370322227478,53.89370322227478,0.8874337332589286,12.569262068754771,0.46775826811790466,0.46775826811790466,0.014526747167110443,0.8701114058494568,0.263875812292099,0.2887621819972992,0.024886369705200195,0.2887621819972992,True,0.11256626674107142,0.5638419985771179,0.024886369705200195,0.061930338541666664,,,1.0697703000764915,0.0,0.061930338541666664,0.0,0.24884548783302307,0.24884548783302307,9.895929466480442,0.32003945831941094,14.84207534790039,a cable-knit pillow,0.25250306725502014,0.273125559091568,0.286432683467865,0.03392961621284485,0.286432683467865,"51,81,334,281",0.6150026321411133,0.5876481533050537,/cluster/users/grad/2025/25t8103/project/experiments/support_v3_2026-06-02/normalized_512/eval_masks/pillow_same_color_cable_knit_eval_mask.png,fixed_eval_mask,0.0,0.0,0.0,0.0,flowedit,flowedit,,0.17828281223773956,0.17828281223773956,12.205545844572336,0.24531421114087879,,/cluster/users/grad/2025/25t8103/project/outputs/e2_t5_baseline_matrix/pillow_same_color_cable_knit/flowedit/seed_10/result.png,13.874076843261719,pillow_same_color_cable_knit/flowedit/seed_10,,10,data/phase2_candidates/pexels_white_pillow_brown_sofa_6312089.jpg,0.1826527863740921,A cozy living room photo with a plain white pillow on a brown sofa.,12.020722160510463,0.2505900899256119,0.4266682641882498,0.4266682641882498,"A photo of the same white pillow on the same brown sofa, with the entire pillow surface changed into same-color white chunky cable-knit fabric with thick braided knitted columns, while preserving the pillow shape, outline, lighting, sofa, background, and the rest of the scene.",pillow_same_color_cable_knit
0.0,0.0,0.0,0.0,0.0,0.0,0.0,0.0,0.0,0.0,31,0.8432028293609619,0.12065920978784561,0.4045989513397217,40.45989513397217,0.8874337332589286,15.144753775600535,0.5731815099716187,0.5731815099716187,0.02475014328956604,0.8725246787071228,0.25578930974006653,0.2841905653476715,0.02840125560760498,0.2841905653476715,True,0.11256626674107142,0.7575008869171143,0.02840125560760498,0.061930338541666664,,,1.0376017765532497,0.0,0.061930338541666664,0.0,0.20096474885940552,0.20096474885940552,11.273541997266744,0.2731007546022984,19.23910903930664,a cable-knit pillow,0.2473863959312439,0.2898658215999603,0.28152137994766235,0.03413498401641846,0.28152137994766235,"51,81,334,281",0.47578197717666626,0.44712743163108826,/cluster/users/grad/2025/25t8103/project/experiments/support_v3_2026-06-02/normalized_512/eval_masks/pillow_same_color_cable_knit_eval_mask.png,fixed_eval_mask,0.0,0.0,0.0,0.0,flowedit,flowedit,,0.12797574698925018,0.12797574698925018,14.60334608808762,0.1861369938095554,,/cluster/users/grad/2025/25t8103/project/outputs/e2_t5_baseline_matrix/pillow_same_color_cable_knit/flowedit/seed_11/result.png,18.541900634765625,pillow_same_color_cable_knit/flowedit/seed_11,,11,data/phase2_candidates/pexels_white_pillow_brown_sofa_6312089.jpg,0.13249599933624268,A cozy living room photo with a plain white pillow on a brown sofa.,14.303885511949101,0.19266628545533102,0.5152339403948538,0.5152339403948538,"A photo of the same white pillow on the same brown sofa, with the entire pillow surface changed into same-color white chunky cable-knit fabric with thick braided knitted columns, while preserving the pillow shape, outline, lighting, sofa, background, and the rest of the scene.",pillow_same_color_cable_knit
0.0,0.0,0.0,0.0,0.0,0.0,0.0,0.0,0.0,0.0,31,0.6819970011711121,0.13333608210086823,0.4420927166938782,44.20927166938782,0.8874337332589286,13.998798867835989,0.5811910629272461,0.5811910629272461,0.05666970834136009,0.8767389059066772,0.2561185956001282,0.29856806993484497,0.0424494743347168,0.29856806993484497,True,0.11256626674107142,0.35929346084594727,0.0424494743347168,0.061930338541666664,,,1.0463146058842203,0.0,0.061930338541666664,0.0,0.1812179982662201,0.1812179982662201,12.235987744510549,0.24445595023697853,19.406478881835938,a cable-knit pillow,0.17422457039356232,0.255736768245697,0.2801882028579712,0.10596363246440887,0.2801882028579712,"51,81,334,281",0.5259232521057129,0.4875883460044861,/cluster/users/grad/2025/25t8103/project/experiments/support_v3_2026-06-02/normalized_512/eval_masks/pillow_same_color_cable_knit_eval_mask.png,fixed_eval_mask,0.0,0.0,0.0,0.0,flowedit,flowedit,,0.14106117188930511,0.14106117188930511,13.540104970409061,0.21037530154106301,,/cluster/users/grad/2025/25t8103/project/outputs/e2_t5_baseline_matrix/pillow_same_color_cable_knit/flowedit/seed_12/result.png,18.547460556030273,pillow_same_color_cable_knit/flowedit/seed_12,,12,data/phase2_candidates/pexels_white_pillow_brown_sofa_6312089.jpg,0.14354808628559113,A cozy living room photo with a plain white pillow on a brown sofa.,13.446910995721124,0.2126446449033797,0.5225814692587702,0.5225814692587702,"A photo of the same white pillow on the same brown sofa, with the entire pillow surface changed into same-color white chunky cable-knit fabric with thick braided knitted columns, while preserving the pillow shape, outline, lighting, sofa, background, and the rest of the scene.",pillow_same_color_cable_knit
0.0,0.0,0.0,0.0,0.0,0.0,0.0,0.0,0.0,0.0,31,0.8392515182495117,0.2352747917175293,0.5496670007705688,54.966700077056885,0.9188461303710938,10.803500026628976,0.6036927103996277,0.6036927103996277,0.10555996000766754,0.8812450170516968,0.20740841329097748,0.26581117510795593,0.058402761816978455,0.26581117510795593,True,0.08115386962890625,0.8199364542961121,0.058402761816978455,0.06229209899902344,,,0.3521374640467682,0.0,0.06229209899902344,0.2085642548761444,0.1403219848871231,0.1403219848871231,13.960904461859613,0.20042633125202797,1.6161558628082275,a cable-knit pillow,0.2205975502729416,0.24781954288482666,0.25509339570999146,0.034495845437049866,0.25509339570999146,"99,307,671,799",0.5585821270942688,0.5560262203216553,/cluster/users/grad/2025/25t8103/project/experiments/support_v3_2026-06-02/normalized_512/eval_masks/pillow_same_color_cable_knit_eval_mask.png,fixed_eval_mask,0.0,0.0,0.0,0.0,reflex,reflex,,0.2346608191728592,0.2346608191728592,10.81555774043667,0.2878870390587176,,/cluster/users/grad/2025/25t8103/project/outputs/e2_t5_baseline_matrix/pillow_same_color_cable_knit/reflex/seed_10/result.png,4.589559555053711,pillow_same_color_cable_knit/reflex/seed_10,,10,data/phase2_candidates/pexels_white_pillow_brown_sofa_6312089.jpg,0.2287842184305191,A cozy living room photo with a plain white pillow on a brown sofa.,10.957251329067688,0.28322881384787,0.6150270904465688,0.6150270904465688,"A photo of the same white pillow on the same brown sofa, with the entire pillow surface changed into same-color white chunky cable-knit fabric with thick braided knitted columns, while preserving the pillow shape, outline, lighting, sofa, background, and the rest of the scene.",pillow_same_color_cable_knit
0.0,0.0,0.0,0.0,0.0,0.0,0.0,0.0,0.0,0.0,31,0.568130612373352,0.23359821736812592,0.5396214723587036,53.96214723587036,0.9188461303710938,10.713766113322762,0.540291965007782,0.540291965007782,0.11594915390014648,0.798503577709198,0.20186668634414673,0.2799450159072876,0.07807832956314087,0.2799450159072876,True,0.08115386962890625,0.5291872024536133,0.07807832956314087,0.06229209899902344,,,0.42440346373483007,0.0,0.06229209899902344,0.1299335558345326,0.12441619485616684,0.12441619485616684,15.16779317135512,0.17442564653499856,2.1914567947387695,a cable-knit pillow,0.21535742282867432,0.31924518942832947,0.30673637986183167,0.09137895703315735,0.30673637986183167,"99,307,671,799",0.5490893125534058,0.5459743738174438,/cluster/users/grad/2025/25t8103/project/experiments/support_v3_2026-06-02/normalized_512/eval_masks/pillow_same_color_cable_knit_eval_mask.png,fixed_eval_mask,0.0,0.0,0.0,0.0,reflex,reflex,,0.23277418315410614,0.23277418315410614,10.73478751698774,0.29057659084396914,,/cluster/users/grad/2025/25t8103/project/outputs/e2_t5_baseline_matrix/pillow_same_color_cable_knit/reflex/seed_11/result.png,5.16361665725708,pillow_same_color_cable_knit/reflex/seed_11,,11,data/phase2_candidates/pexels_white_pillow_brown_sofa_6312089.jpg,0.22602425515651703,A cozy living room photo with a plain white pillow on a brown sofa.,10.911383186319688,0.28472843476756826,0.5566380623496747,0.5566380623496747,"A photo of the same white pillow on the same brown sofa, with the entire pillow surface changed into same-color white chunky cable-knit fabric with thick braided knitted columns, while preserving the pillow shape, outline, lighting, sofa, background, and the rest of the scene.",pillow_same_color_cable_knit
0.0,0.0,0.0,0.0,0.0,0.0,0.0,0.0,0.0,0.0,31,0.5297179222106934,0.2392333447933197,0.5776524543762207,57.76524543762207,0.9188461303710938,10.61745992593522,0.5831559300422668,0.5831559300422668,0.14980068802833557,0.8041171431541443,0.20877525210380554,0.307259202003479,0.09848394989967346,0.307259202003479,True,0.08115386962890625,0.5292314291000366,0.09848394989967346,0.06229209899902344,,,0.48659322694475166,0.0,0.06229209899902344,0.20222603264031355,0.12378811836242676,0.12378811836242676,15.793437789684159,0.16230358417195648,2.753420352935791,a cable-knit pillow,0.20122264325618744,0.26383447647094727,0.2774040997028351,0.07618145644664764,0.2774040997028351,"99,307,671,799",0.5870046019554138,0.5858172178268433,/cluster/users/grad/2025/25t8103/project/experiments/support_v3_2026-06-02/normalized_512/eval_masks/pillow_same_color_cable_knit_eval_mask.png,fixed_eval_mask,0.0,0.0,0.0,0.0,reflex,reflex,,0.2387268841266632,0.2387268841266632,10.62437506477825,0.2942938908121108,,/cluster/users/grad/2025/25t8103/project/outputs/e2_t5_baseline_matrix/pillow_same_color_cable_knit/reflex/seed_12/result.png,5.658566951751709,pillow_same_color_cable_knit/reflex/seed_12,,12,data/phase2_candidates/pexels_white_pillow_brown_sofa_6312089.jpg,0.23156695067882538,A cozy living room photo with a plain white pillow on a brown sofa.,10.816822489557968,0.28784512298707127,0.598316547829857,0.598316547829857,"A photo of the same white pillow on the same brown sofa, with the entire pillow surface changed into same-color white chunky cable-knit fabric with thick braided knitted columns, while preserving the pillow shape, outline, lighting, sofa, background, and the rest of the scene.",pillow_same_color_cable_knit
0.0,0.0,0.0,0.0,0.0,0.0,0.0,0.0,0.0,0.0,31,0.7497832775115967,0.04251844435930252,0.32962360978126526,32.962360978126526,0.8874337332589286,22.989925912215977,0.7435396313667297,0.7435396313667297,-0.003238297998905182,0.90892493724823,0.25386667251586914,0.26958030462265015,0.015713632106781006,0.26958030462265015,True,0.11256626674107142,0.7516292333602905,0.015713632106781006,0.061930338541666664,,,0.9388324177657652,0.0,0.061930338541666664,0.013985357612164444,0.047440651804208755,0.047440651804208755,21.34316806561801,0.0856725308789561,5.969962120056152,a cable-knit pillow,0.2419099658727646,0.22916832566261292,0.24058814346790314,-0.0013218224048614502,0.24058814346790314,"51,81,334,281",0.3569198250770569,0.3439505398273468,/cluster/users/grad/2025/25t8103/project/experiments/support_v3_2026-06-02/normalized_512/eval_masks/pillow_same_color_cable_knit_eval_mask.png,fixed_eval_mask,0.0,0.0,0.0,0.0,rf_solver_edit,rf_solver_edit,,0.04333034157752991,0.04333034157752991,22.643531112007516,0.073760430772273,,/cluster/users/grad/2025/25t8103/project/outputs/e2_t5_baseline_matrix/pillow_same_color_cable_knit/rf_solver_edit/seed_10/result.png,6.358922004699707,pillow_same_color_cable_knit/rf_solver_edit/seed_10,,10,data/phase2_candidates/pexels_white_pillow_brown_sofa_6312089.jpg,0.04358488321304321,A cozy living room photo with a plain white pillow on a brown sofa.,22.550643606182994,0.07455346274306808,0.7353075798462507,0.7353075798462507,"A photo of the same white pillow on the same brown sofa, with the entire pillow surface changed into same-color white chunky cable-knit fabric with thick braided knitted columns, while preserving the pillow shape, outline, lighting, sofa, background, and the rest of the scene.",pillow_same_color_cable_knit
0.0,0.0,0.0,0.0,0.0,0.0,0.0,0.0,0.0,0.0,31,0.7497832775115967,0.04251844435930252,0.32962360978126526,32.962360978126526,0.8874337332589286,22.989925912215977,0.7435396313667297,0.7435396313667297,-0.003238297998905182,0.90892493724823,0.25386667251586914,0.26958030462265015,0.015713632106781006,0.26958030462265015,True,0.11256626674107142,0.7516292333602905,0.015713632106781006,0.061930338541666664,,,0.9388324177657652,0.0,0.061930338541666664,0.013985357612164444,0.047440651804208755,0.047440651804208755,21.34316806561801,0.0856725308789561,5.969962120056152,a cable-knit pillow,0.2419099658727646,0.22916832566261292,0.24058814346790314,-0.0013218224048614502,0.24058814346790314,"51,81,334,281",0.3569198250770569,0.3439505398273468,/cluster/users/grad/2025/25t8103/project/experiments/support_v3_2026-06-02/normalized_512/eval_masks/pillow_same_color_cable_knit_eval_mask.png,fixed_eval_mask,0.0,0.0,0.0,0.0,rf_solver_edit,rf_solver_edit,,0.04333034157752991,0.04333034157752991,22.643531112007516,0.073760430772273,,/cluster/users/grad/2025/25t8103/project/outputs/e2_t5_baseline_matrix/pillow_same_color_cable_knit/rf_solver_edit/seed_11/result.png,6.358922004699707,pillow_same_color_cable_knit/rf_solver_edit/seed_11,,11,data/phase2_candidates/pexels_white_pillow_brown_sofa_6312089.jpg,0.04358488321304321,A cozy living room photo with a plain white pillow on a brown sofa.,22.550643606182994,0.07455346274306808,0.7353075798462507,0.7353075798462507,"A photo of the same white pillow on the same brown sofa, with the entire pillow surface changed into same-color white chunky cable-knit fabric with thick braided knitted columns, while preserving the pillow shape, outline, lighting, sofa, background, and the rest of the scene.",pillow_same_color_cable_knit
0.0,0.0,0.0,0.0,0.0,0.0,0.0,0.0,0.0,0.0,31,0.7497832775115967,0.04251844435930252,0.32962360978126526,32.962360978126526,0.8874337332589286,22.989925912215977,0.7435396313667297,0.7435396313667297,-0.003238297998905182,0.90892493724823,0.25386667251586914,0.26958030462265015,0.015713632106781006,0.26958030462265015,True,0.11256626674107142,0.7516292333602905,0.015713632106781006,0.061930338541666664,,,0.9388324177657652,0.0,0.061930338541666664,0.013985357612164444,0.047440651804208755,0.047440651804208755,21.34316806561801,0.0856725308789561,5.969962120056152,a cable-knit pillow,0.2419099658727646,0.22916832566261292,0.24058814346790314,-0.0013218224048614502,0.24058814346790314,"51,81,334,281",0.3569198250770569,0.3439505398273468,/cluster/users/grad/2025/25t8103/project/experiments/support_v3_2026-06-02/normalized_512/eval_masks/pillow_same_color_cable_knit_eval_mask.png,fixed_eval_mask,0.0,0.0,0.0,0.0,rf_solver_edit,rf_solver_edit,,0.04333034157752991,0.04333034157752991,22.643531112007516,0.073760430772273,,/cluster/users/grad/2025/25t8103/project/outputs/e2_t5_baseline_matrix/pillow_same_color_cable_knit/rf_solver_edit/seed_12/result.png,6.358922004699707,pillow_same_color_cable_knit/rf_solver_edit/seed_12,,12,data/phase2_candidates/pexels_white_pillow_brown_sofa_6312089.jpg,0.04358488321304321,A cozy living room photo with a plain white pillow on a brown sofa.,22.550643606182994,0.07455346274306808,0.7353075798462507,0.7353075798462507,"A photo of the same white pillow on the same brown sofa, with the entire pillow surface changed into same-color white chunky cable-knit fabric with thick braided knitted columns, while preserving the pillow shape, outline, lighting, sofa, background, and the rest of the scene.",pillow_same_color_cable_knit
0.0,0.0,0.0,0.0,0.0,0.0,0.0,0.0,0.0,0.0,31,0.9564584493637085,0.028246553614735603,0.10754493623971939,10.754493623971939,0.8874337332589286,23.02956873043791,0.7844197750091553,0.7844197750091553,0.03367965295910835,0.9615660905838013,0.23675808310508728,0.2599039673805237,0.0231458842754364,0.2599039673805237,True,0.11256626674107142,0.9530630707740784,0.0231458842754364,0.061930338541666664,,,0.9632592862362589,0.0,0.061930338541666664,0.06063450347287404,0.06291183829307556,0.06291183829307556,17.562857891565855,0.13239058628484654,7.708488464355469,a cable-knit pillow,0.23244409263134003,0.26556241512298584,0.2724000811576843,0.0399559885263443,0.2724000811576843,"51,81,334,281",0.15785926580429077,0.13360819220542908,/cluster/users/grad/2025/25t8103/project/experiments/support_v3_2026-06-02/normalized_512/eval_masks/pillow_same_color_cable_knit_eval_mask.png,fixed_eval_mask,0.0,0.0,0.0,0.0,sam_flow_flux,sam_flow_flux,,0.032546866685152054,0.032546866685152054,21.6920607774218,0.08229945535509266,,/cluster/users/grad/2025/25t8103/project/outputs/e2_t5_baseline_matrix/pillow_same_color_cable_knit/sam_flow_flux/seed_10/result.png,8.002506256103516,pillow_same_color_cable_knit/sam_flow_flux/seed_10,,10,data/phase2_candidates/pexels_white_pillow_brown_sofa_6312089.jpg,0.034427378326654434,A cozy living room photo with a plain white pillow on a brown sofa.,21.284735302609953,0.0862508204367565,0.7510550407496016,0.7510550407496016,"A photo of the same white pillow on the same brown sofa, with the entire pillow surface changed into same-color white chunky cable-knit fabric with thick braided knitted columns, while preserving the pillow shape, outline, lighting, sofa, background, and the rest of the scene.",pillow_same_color_cable_knit
0.0,0.0,0.0,0.0,0.0,0.0,0.0,0.0,0.0,0.0,31,0.9823124408721924,0.02325539104640484,0.06989608705043793,6.989608705043793,0.8874337332589286,25.612546625032348,0.7990071177482605,0.7990071177482605,-0.024753347039222717,0.9707408547401428,0.24178504943847656,0.2520425021648407,0.010257452726364136,0.2520425021648407,True,0.11256626674107142,0.9664555191993713,0.010257452726364136,0.061930338541666664,,,1.0325423498736936,0.0,0.061930338541666664,0.014266941993617421,0.055411502718925476,0.055411502718925476,21.589996440538552,0.08327222672332102,7.297623157501221,a cable-knit pillow,0.2483857274055481,0.24833182990550995,0.26147305965423584,0.013087332248687744,0.26147305965423584,"51,81,334,281",0.10143668204545975,0.08440262824296951,/cluster/users/grad/2025/25t8103/project/experiments/support_v3_2026-06-02/normalized_512/eval_masks/pillow_same_color_cable_knit_eval_mask.png,fixed_eval_mask,0.0,0.0,0.0,0.0,sam_flow_flux,sam_flow_flux,,0.025673434138298035,0.025673434138298035,24.689028131289554,0.058283898530537004,,/cluster/users/grad/2025/25t8103/project/outputs/e2_t5_baseline_matrix/pillow_same_color_cable_knit/sam_flow_flux/seed_11/result.png,7.067625999450684,pillow_same_color_cable_knit/sam_flow_flux/seed_11,,11,data/phase2_candidates/pexels_white_pillow_brown_sofa_6312089.jpg,0.027515126392245293,A cozy living room photo with a plain white pillow on a brown sofa.,24.41762426928579,0.060133819067248254,0.7803292049904244,0.7803292049904244,"A photo of the same white pillow on the same brown sofa, with the entire pillow surface changed into same-color white chunky cable-knit fabric with thick braided knitted columns, while preserving the pillow shape, outline, lighting, sofa, background, and the rest of the scene.",pillow_same_color_cable_knit
0.0,0.0,0.0,0.0,0.0,0.0,0.0,0.0,0.0,0.0,31,0.935300350189209,0.03622719645500183,0.14773324131965637,14.773324131965637,0.8874337332589286,21.036288002076354,0.7671014666557312,0.7671014666557312,0.0491555817425251,0.8973571062088013,0.225429967045784,0.2586152255535126,0.03318525850772858,0.2586152255535126,True,0.11256626674107142,0.866511344909668,0.03318525850772858,0.061930338541666664,,,1.0908167973134781,0.0,0.061930338541666664,0.01445466491458607,0.07958948612213135,0.07958948612213135,17.150416582473326,0.13882867249491965,8.446425437927246,a cable-knit pillow,0.2265411615371704,0.22537362575531006,0.2530136704444885,0.026472508907318115,0.2530136704444885,"51,81,334,281",0.20764340460300446,0.1765502393245697,/cluster/users/grad/2025/25t8103/project/experiments/support_v3_2026-06-02/normalized_512/eval_masks/pillow_same_color_cable_knit_eval_mask.png,fixed_eval_mask,0.0,0.0,0.0,0.0,sam_flow_flux,sam_flow_flux,,0.04235637187957764,0.04235637187957764,19.742453815011483,0.10300950714036657,,/cluster/users/grad/2025/25t8103/project/outputs/e2_t5_baseline_matrix/pillow_same_color_cable_knit/sam_flow_flux/seed_12/result.png,7.74321174621582,pillow_same_color_cable_knit/sam_flow_flux/seed_12,,12,data/phase2_candidates/pexels_white_pillow_brown_sofa_6312089.jpg,0.0446622371673584,A cozy living room photo with a plain white pillow on a brown sofa.,19.528253121872346,0.10558138237377357,0.7263461741785829,0.7263461741785829,"A photo of the same white pillow on the same brown sofa, with the entire pillow surface changed into same-color white chunky cable-knit fabric with thick braided knitted columns, while preserving the pillow shape, outline, lighting, sofa, background, and the rest of the scene.",pillow_same_color_cable_knit
0.0,0.0,0.0,0.0,0.0,0.0,0.0,0.0,0.0,0.0,31,0.9175317287445068,0.03229360282421112,0.110197514295578,11.0197514295578,0.8874337332589286,23.370770615085313,0.7677742838859558,0.7677742838859558,0.098747618496418,0.9531211853027344,0.24577662348747253,0.2888423204421997,0.04306569695472717,0.2888423204421997,True,0.11256626674107142,0.849755048751831,0.04306569695472717,0.061930338541666664,,,1.2553557058569462,0.0,0.061930338541666664,0.0,0.06033844128251076,0.06033844128251076,20.326910713143032,0.09630624818933706,8.901789665222168,a cable-knit pillow,0.23224392533302307,0.2977372109889984,0.2896929979324341,0.05744907259941101,0.2896929979324341,"51,81,334,281",0.15236935019493103,0.13272076845169067,/cluster/users/grad/2025/25t8103/project/experiments/support_v3_2026-06-02/normalized_512/eval_masks/pillow_same_color_cable_knit_eval_mask.png,fixed_eval_mask,0.0,0.0,0.0,0.0,sam_flow_sd3,sam_flow_sd3,,0.03418395668268204,0.03418395668268204,23.010315423533427,0.07071055220483272,,/cluster/users/grad/2025/25t8103/project/outputs/e2_t5_baseline_matrix/pillow_same_color_cable_knit/sam_flow_sd3/seed_10/result.png,7.091049671173096,pillow_same_color_cable_knit/sam_flow_sd3/seed_10,,10,data/phase2_candidates/pexels_white_pillow_brown_sofa_6312089.jpg,0.03580370545387268,A cozy living room photo with a plain white pillow on a brown sofa.,22.786238806636725,0.07255846051785339,0.7386927466934909,0.7386927466934909,"A photo of the same white pillow on the same brown sofa, with the entire pillow surface changed into same-color white chunky cable-knit fabric with thick braided knitted columns, while preserving the pillow shape, outline, lighting, sofa, background, and the rest of the scene.",pillow_same_color_cable_knit
0.0,0.0,0.0,0.0,0.0,0.0,0.0,0.0,0.0,0.0,31,0.9201152324676514,0.03383158892393112,0.11546500772237778,11.546500772237778,0.8874337332589286,22.755091413728366,0.7678905725479126,0.7678905725479126,0.10626513510942459,0.9468644857406616,0.24348248541355133,0.29036441445350647,0.04688192903995514,0.29036441445350647,True,0.11256626674107142,0.8479087352752686,0.04688192903995514,0.061930338541666664,,,1.2614406855951872,0.0,0.061930338541666664,0.0,0.05674520507454872,0.05674520507454872,20.97692280827015,0.08936220154124802,8.919976234436035,a cable-knit pillow,0.23307135701179504,0.2996385097503662,0.28600597381591797,0.052934616804122925,0.28600597381591797,"51,81,334,281",0.15725310146808624,0.13815456628799438,/cluster/users/grad/2025/25t8103/project/experiments/support_v3_2026-06-02/normalized_512/eval_masks/pillow_same_color_cable_knit_eval_mask.png,fixed_eval_mask,0.0,0.0,0.0,0.0,sam_flow_sd3,sam_flow_sd3,,0.03564026579260826,0.03564026579260826,22.448020842446294,0.0754395271967552,,/cluster/users/grad/2025/25t8103/project/outputs/e2_t5_baseline_matrix/pillow_same_color_cable_knit/sam_flow_sd3/seed_11/result.png,7.071260929107666,pillow_same_color_cable_knit/sam_flow_sd3/seed_11,,11,data/phase2_candidates/pexels_white_pillow_brown_sofa_6312089.jpg,0.036947302520275116,A cozy living room photo with a plain white pillow on a brown sofa.,22.340916287619855,0.07637552096369482,0.7392131724960198,0.7392131724960198,"A photo of the same white pillow on the same brown sofa, with the entire pillow surface changed into same-color white chunky cable-knit fabric with thick braided knitted columns, while preserving the pillow shape, outline, lighting, sofa, background, and the rest of the scene.",pillow_same_color_cable_knit
0.0,0.0,0.0,0.0,0.0,0.0,0.0,0.0,0.0,0.0,31,0.9213343262672424,0.03274872899055481,0.11470509320497513,11.470509320497513,0.8874337332589286,23.222132051025657,0.771176278591156,0.771176278591156,0.14320090413093567,0.9498021602630615,0.24581953883171082,0.3028267025947571,0.057007163763046265,0.3028267025947571,True,0.11256626674107142,0.868122398853302,0.057007163763046265,0.061930338541666664,,,1.231062360291386,0.0,0.061930338541666664,0.0,0.057680752128362656,0.057680752128362656,20.683493713107936,0.09243263086916015,8.470927238464355,a cable-knit pillow,0.23727625608444214,0.3068716526031494,0.3017817437648773,0.06450548768043518,0.3017817437648773,"51,81,334,281",0.15864381194114685,0.13859862089157104,/cluster/users/grad/2025/25t8103/project/experiments/support_v3_2026-06-02/normalized_512/eval_masks/pillow_same_color_cable_knit_eval_mask.png,fixed_eval_mask,0.0,0.0,0.0,0.0,sam_flow_sd3,sam_flow_sd3,,0.03485265001654625,0.03485265001654625,22.75498233899338,0.0728200349521085,,/cluster/users/grad/2025/25t8103/project/outputs/e2_t5_baseline_matrix/pillow_same_color_cable_knit/sam_flow_sd3/seed_12/result.png,6.8809895515441895,pillow_same_color_cable_knit/sam_flow_sd3/seed_12,,12,data/phase2_candidates/pexels_white_pillow_brown_sofa_6312089.jpg,0.036266401410102844,A cozy living room photo with a plain white pillow on a brown sofa.,22.593630229369538,0.07418540782878778,0.7437172556786142,0.7437172556786142,"A photo of the same white pillow on the same brown sofa, with the entire pillow surface changed into same-color white chunky cable-knit fabric with thick braided knitted columns, while preserving the pillow shape, outline, lighting, sofa, background, and the rest of the scene.",pillow_same_color_cable_knit
0.0,0.0,0.0,0.0,0.0,0.0,0.0,0.0,0.0,0.0,31,0.8341048955917358,0.05177926644682884,0.22178322076797485,22.178322076797485,0.8874337332589286,21.34962332860981,0.7142561078071594,0.7142561078071594,0.05575732886791229,0.911109983921051,0.2670161724090576,0.30657872557640076,0.03956255316734314,0.30657872557640076,True,0.11256626674107142,0.77715665102005,0.03956255316734314,0.061930338541666664,,,1.2455225578348852,0.0,0.061930338541666664,0.0,0.06775692850351334,0.06775692850351334,19.11251675794712,0.11075775955353918,9.103211402893066,a cable-knit pillow,0.2506682276725769,0.2877253293991089,0.2984490692615509,0.047780841588974,0.2984490692615509,"51,81,334,281",0.2666065990924835,0.243768110871315,/cluster/users/grad/2025/25t8103/project/experiments/support_v3_2026-06-02/normalized_512/eval_masks/pillow_same_color_cable_knit_eval_mask.png,fixed_eval_mask,0.0,0.0,0.0,0.0,splitflow,splitflow,,0.05253637954592705,0.05253637954592705,21.158877218553958,0.08750968873078398,,/cluster/users/grad/2025/25t8103/project/outputs/e2_t5_baseline_matrix/pillow_same_color_cable_knit/splitflow/seed_10/result.png,7.308748722076416,pillow_same_color_cable_knit/splitflow/seed_10,,10,data/phase2_candidates/pexels_white_pillow_brown_sofa_6312089.jpg,0.05347898602485657,A cozy living room photo with a plain white pillow on a brown sofa.,20.99993506589422,0.0891257600985961,0.6886357438583094,0.6886357438583094,"A photo of the same white pillow on the same brown sofa, with the entire pillow surface changed into same-color white chunky cable-knit fabric with thick braided knitted columns, while preserving the pillow shape, outline, lighting, sofa, background, and the rest of the scene.",pillow_same_color_cable_knit
0.0,0.0,0.0,0.0,0.0,0.0,0.0,0.0,0.0,0.0,31,0.7277502417564392,0.05540675297379494,0.25449150800704956,25.449150800704956,0.8874337332589286,20.533075328308552,0.7005022764205933,0.7005022764205933,0.11270283162593842,0.9115815162658691,0.255784809589386,0.31605735421180725,0.060272544622421265,0.31605735421180725,True,0.11256626674107142,0.6810362935066223,0.060272544622421265,0.061930338541666664,,,1.2988315155318113,0.0,0.061930338541666664,0.0,0.04744334891438484,0.04744334891438484,22.450604295743112,0.07541709247533887,7.832827568054199,a cable-knit pillow,0.23770548403263092,0.30099013447761536,0.30036816000938416,0.06266267597675323,0.30036816000938416,"51,81,334,281",0.298922061920166,0.2791302502155304,/cluster/users/grad/2025/25t8103/project/experiments/support_v3_2026-06-02/normalized_512/eval_masks/pillow_same_color_cable_knit_eval_mask.png,fixed_eval_mask,0.0,0.0,0.0,0.0,splitflow,splitflow,,0.05605970323085785,0.05605970323085785,20.386747816629782,0.09564507436568903,,/cluster/users/grad/2025/25t8103/project/outputs/e2_t5_baseline_matrix/pillow_same_color_cable_knit/splitflow/seed_11/result.png,6.030672550201416,pillow_same_color_cable_knit/splitflow/seed_11,,11,data/phase2_candidates/pexels_white_pillow_brown_sofa_6312089.jpg,0.055526088923215866,A cozy living room photo with a plain white pillow on a brown sofa.,20.489691486355404,0.09451819637116013,0.6844104401322565,0.6844104401322565,"A photo of the same white pillow on the same brown sofa, with the entire pillow surface changed into same-color white chunky cable-knit fabric with thick braided knitted columns, while preserving the pillow shape, outline, lighting, sofa, background, and the rest of the scene.",pillow_same_color_cable_knit
0.0,0.0,0.0,0.0,0.0,0.0,0.0,0.0,0.0,0.0,31,0.7444232702255249,0.057624783366918564,0.2706608772277832,27.06608772277832,0.8874337332589286,20.310057203830784,0.6947905421257019,0.6947905421257019,0.07215682417154312,0.9060728549957275,0.2655382454395294,0.31204336881637573,0.046505123376846313,0.31204336881637573,True,0.11256626674107142,0.71578049659729,0.046505123376846313,0.061930338541666664,,,1.2583723318141884,0.0,0.061930338541666664,0.0,0.05578180029988289,0.05578180029988289,20.304313452729556,0.09655712527838214,9.099915504455566,a cable-knit pillow,0.23642991483211517,0.2933990955352783,0.2745761573314667,0.0381462424993515,0.2745761573314667,"51,81,334,281",0.3110911250114441,0.29323750734329224,/cluster/users/grad/2025/25t8103/project/experiments/support_v3_2026-06-02/normalized_512/eval_masks/pillow_same_color_cable_knit_eval_mask.png,fixed_eval_mask,0.0,0.0,0.0,0.0,splitflow,splitflow,,0.05813969299197197,0.05813969299197197,20.2016647133879,0.09770499443420455,,/cluster/users/grad/2025/25t8103/project/outputs/e2_t5_baseline_matrix/pillow_same_color_cable_knit/splitflow/seed_12/result.png,7.231496810913086,pillow_same_color_cable_knit/splitflow/seed_12,,12,data/phase2_candidates/pexels_white_pillow_brown_sofa_6312089.jpg,0.057993657886981964,A cozy living room photo with a plain white pillow on a brown sofa.,20.207952200593688,0.09763429394904728,0.6679573996806841,0.6679573996806841,"A photo of the same white pillow on the same brown sofa, with the entire pillow surface changed into same-color white chunky cable-knit fabric with thick braided knitted columns, while preserving the pillow shape, outline, lighting, sofa, background, and the rest of the scene.",pillow_same_color_cable_knit
0.0,0.0,0.0,0.0,0.0,0.0,0.0,0.0,0.0,0.0,31,0.5887079238891602,0.06567034870386124,0.39255115389823914,39.255115389823914,0.9388718377976191,20.39927531765917,0.5801283121109009,0.5801283121109009,-0.05783988535404205,0.8660325407981873,0.2936210632324219,0.2543126940727234,-0.039308369159698486,0.2543126940727234,True,0.06112816220238095,0.5690627098083496,-0.039308369159698486,0.028517950148809524,,,1.502785384367279,0.0,0.028517950148809524,0.021402364451691806,0.12876670062541962,0.12876670062541962,15.277676350906209,0.17223292708668614,11.54621410369873,a cable-knit pillow on an armchair,0.29348814487457275,0.33556726574897766,0.3127021789550781,0.01921403408050537,0.3127021789550781,"208,82,384,207",0.41179710626602173,0.4026169776916504,/cluster/users/grad/2025/25t8103/project/experiments/support_v3_2026-06-02/normalized_512/eval_masks/pillow_same_color_cable_knit_armchair_eval_mask.png,fixed_eval_mask,0.0,0.0,0.0,0.0,fireflow,fireflow,,0.06584932655096054,0.06584932655096054,20.330916296407192,0.09626184585674971,,/cluster/users/grad/2025/25t8103/project/outputs/e2_t5_baseline_matrix/pillow_same_color_cable_knit_armchair/fireflow/seed_10/result.png,7.68320894241333,pillow_same_color_cable_knit_armchair/fireflow/seed_10,,10,data/phase2_candidates/pexels_green_chair_white_pillow_6312055.jpg,0.06764359772205353,A photo of a plain white throw pillow centered on a green velvet armchair against a tiled wall.,20.0664980314062,0.09923733627268831,0.5764442393310537,0.5764442393310537,"A photo of the same plain white throw pillow on the same green velvet armchair, with the entire pillow surface changed into same-color white chunky cable-knit fabric with thick braided knitted columns, while preserving the pillow shape, seams, shadows, chair, tiled wall, floor, and the rest of the scene.",pillow_same_color_cable_knit_armchair
0.0,0.0,0.0,0.0,0.0,0.0,0.0,0.0,0.0,0.0,31,0.5887079238891602,0.06567034870386124,0.39255115389823914,39.255115389823914,0.9388718377976191,20.39927531765917,0.5801283121109009,0.5801283121109009,-0.05783988535404205,0.8660325407981873,0.2936210632324219,0.2543126940727234,-0.039308369159698486,0.2543126940727234,True,0.06112816220238095,0.5690627098083496,-0.039308369159698486,0.028517950148809524,,,1.502785384367279,0.0,0.028517950148809524,0.021402364451691806,0.12876670062541962,0.12876670062541962,15.277676350906209,0.17223292708668614,11.54621410369873,a cable-knit pillow on an armchair,0.29348814487457275,0.33556726574897766,0.3127021789550781,0.01921403408050537,0.3127021789550781,"208,82,384,207",0.41179710626602173,0.4026169776916504,/cluster/users/grad/2025/25t8103/project/experiments/support_v3_2026-06-02/normalized_512/eval_masks/pillow_same_color_cable_knit_armchair_eval_mask.png,fixed_eval_mask,0.0,0.0,0.0,0.0,fireflow,fireflow,,0.06584932655096054,0.06584932655096054,20.330916296407192,0.09626184585674971,,/cluster/users/grad/2025/25t8103/project/outputs/e2_t5_baseline_matrix/pillow_same_color_cable_knit_armchair/fireflow/seed_11/result.png,7.68320894241333,pillow_same_color_cable_knit_armchair/fireflow/seed_11,,11,data/phase2_candidates/pexels_green_chair_white_pillow_6312055.jpg,0.06764359772205353,A photo of a plain white throw pillow centered on a green velvet armchair against a tiled wall.,20.0664980314062,0.09923733627268831,0.5764442393310537,0.5764442393310537,"A photo of the same plain white throw pillow on the same green velvet armchair, with the entire pillow surface changed into same-color white chunky cable-knit fabric with thick braided knitted columns, while preserving the pillow shape, seams, shadows, chair, tiled wall, floor, and the rest of the scene.",pillow_same_color_cable_knit_armchair
0.0,0.0,0.0,0.0,0.0,0.0,0.0,0.0,0.0,0.0,31,0.5887079238891602,0.06567034870386124,0.39255115389823914,39.255115389823914,0.9388718377976191,20.39927531765917,0.5801283121109009,0.5801283121109009,-0.05783988535404205,0.8660325407981873,0.2936210632324219,0.2543126940727234,-0.039308369159698486,0.2543126940727234,True,0.06112816220238095,0.5690627098083496,-0.039308369159698486,0.028517950148809524,,,1.502785384367279,0.0,0.028517950148809524,0.021402364451691806,0.12876670062541962,0.12876670062541962,15.277676350906209,0.17223292708668614,11.54621410369873,a cable-knit pillow on an armchair,0.29348814487457275,0.33556726574897766,0.3127021789550781,0.01921403408050537,0.3127021789550781,"208,82,384,207",0.41179710626602173,0.4026169776916504,/cluster/users/grad/2025/25t8103/project/experiments/support_v3_2026-06-02/normalized_512/eval_masks/pillow_same_color_cable_knit_armchair_eval_mask.png,fixed_eval_mask,0.0,0.0,0.0,0.0,fireflow,fireflow,,0.06584932655096054,0.06584932655096054,20.330916296407192,0.09626184585674971,,/cluster/users/grad/2025/25t8103/project/outputs/e2_t5_baseline_matrix/pillow_same_color_cable_knit_armchair/fireflow/seed_12/result.png,7.68320894241333,pillow_same_color_cable_knit_armchair/fireflow/seed_12,,12,data/phase2_candidates/pexels_green_chair_white_pillow_6312055.jpg,0.06764359772205353,A photo of a plain white throw pillow centered on a green velvet armchair against a tiled wall.,20.0664980314062,0.09923733627268831,0.5764442393310537,0.5764442393310537,"A photo of the same plain white throw pillow on the same green velvet armchair, with the entire pillow surface changed into same-color white chunky cable-knit fabric with thick braided knitted columns, while preserving the pillow shape, seams, shadows, chair, tiled wall, floor, and the rest of the scene.",pillow_same_color_cable_knit_armchair
0.0,0.0,0.0,0.0,0.0,0.0,0.0,0.0,0.0,0.0,31,0.8252317905426025,0.05644556134939194,0.2643216550350189,26.432165503501892,0.9473686218261719,21.672103939706734,0.7569046020507812,0.7569046020507812,0.0011238213628530502,0.8347353935241699,0.2888457775115967,0.2702445089817047,-0.018601268529891968,0.2702445089817047,True,0.052631378173828125,0.6785116195678711,-0.018601268529891968,0.028141021728515625,,,1.4349526647714392,0.0,0.028141021728515625,0.0,0.08917170017957687,0.08917170017957687,18.353376875227312,0.12087351629974855,9.331968307495117,a cable-knit pillow on an armchair,0.24348682165145874,0.25179481506347656,0.2771770656108856,0.03369024395942688,0.2771770656108856,"208,144,384,296",0.28843605518341064,0.2744651436805725,/cluster/users/grad/2025/25t8103/project/experiments/support_v3_2026-06-02/normalized_512/eval_masks/pillow_same_color_cable_knit_armchair_eval_mask.png,fixed_eval_mask,0.0,0.0,0.0,0.0,flowalign,flowalign,,0.058055564761161804,0.058055564761161804,21.41848393106622,0.08493287072327695,,/cluster/users/grad/2025/25t8103/project/outputs/e2_t5_baseline_matrix/pillow_same_color_cable_knit_armchair/flowalign/seed_10/result.png,6.503328323364258,pillow_same_color_cable_knit_armchair/flowalign/seed_10,,10,/cluster/users/grad/2025/25t8103/project/data/phase2_candidates/pexels_green_chair_white_pillow_6312055.jpg,0.05893121287226677,A photo of a plain white throw pillow centered on a green velvet armchair against a tiled wall.,21.294939449266394,0.08614955283128213,0.7364219954678989,0.7364219954678989,"A photo of the same plain white throw pillow on the same green velvet armchair, with the entire pillow surface changed into same-color white chunky cable-knit fabric with thick braided knitted columns, while preserving the pillow shape, seams, shadows, chair, tiled wall, floor, and the rest of the scene.",pillow_same_color_cable_knit_armchair
0.0,0.0,0.0,0.0,0.0,0.0,0.0,0.0,0.0,0.0,31,0.8343838453292847,0.06383713334798813,0.23979195952415466,23.979195952415466,0.9473686218261719,20.76469785777148,0.7624746561050415,0.7624746561050415,0.020706282928586006,0.8103355765342712,0.28639650344848633,0.2759607434272766,-0.010435760021209717,0.2759607434272766,True,0.052631378173828125,0.695527195930481,-0.010435760021209717,0.028141021728515625,,,1.436409264635914,0.0,0.028141021728515625,0.0,0.1471724957227707,0.1471724957227707,15.215522126090251,0.17346980636005652,13.958195686340332,a cable-knit pillow on an armchair,0.23382695019245148,0.25760263204574585,0.28501981496810913,0.051192864775657654,0.28501981496810913,"208,144,384,296",0.26078447699546814,0.2507815659046173,/cluster/users/grad/2025/25t8103/project/experiments/support_v3_2026-06-02/normalized_512/eval_masks/pillow_same_color_cable_knit_armchair_eval_mask.png,fixed_eval_mask,0.0,0.0,0.0,0.0,flowalign,flowalign,,0.06620775163173676,0.06620775163173676,20.41102577720153,0.09537810975375831,,/cluster/users/grad/2025/25t8103/project/outputs/e2_t5_baseline_matrix/pillow_same_color_cable_knit_armchair/flowalign/seed_11/result.png,9.717422485351562,pillow_same_color_cable_knit_armchair/flowalign/seed_11,,11,/cluster/users/grad/2025/25t8103/project/data/phase2_candidates/pexels_green_chair_white_pillow_6312055.jpg,0.06848617643117905,A photo of a plain white throw pillow centered on a green velvet armchair against a tiled wall.,20.13774879101062,0.09842661748252989,0.7376010332573532,0.7376010332573532,"A photo of the same plain white throw pillow on the same green velvet armchair, with the entire pillow surface changed into same-color white chunky cable-knit fabric with thick braided knitted columns, while preserving the pillow shape, seams, shadows, chair, tiled wall, floor, and the rest of the scene.",pillow_same_color_cable_knit_armchair
0.0,0.0,0.0,0.0,0.0,0.0,0.0,0.0,0.0,0.0,31,0.40354427695274353,0.07893376052379608,0.3915802240371704,39.15802240371704,0.9473686218261719,18.862864686122816,0.6950786113739014,0.6950786113739014,0.03223177418112755,0.7614867091178894,0.2752671241760254,0.2710379958152771,-0.004229128360748291,0.2710379958152771,True,0.052631378173828125,0.26896315813064575,-0.004229128360748291,0.028141021728515625,,,1.3674247078619326,0.0,0.028141021728515625,0.0,0.09480198472738266,0.09480198472738266,18.050342205581728,0.1251649959713456,10.140718460083008,a cable-knit pillow on an armchair,0.23251117765903473,0.24420112371444702,0.2567368149757385,0.024225637316703796,0.2567368149757385,"208,144,384,296",0.4149099290370941,0.403262197971344,/cluster/users/grad/2025/25t8103/project/experiments/support_v3_2026-06-02/normalized_512/eval_masks/pillow_same_color_cable_knit_armchair_eval_mask.png,fixed_eval_mask,0.0,0.0,0.0,0.0,flowalign,flowalign,,0.0807390809059143,0.0807390809059143,18.635102474055735,0.11701589974523811,,/cluster/users/grad/2025/25t8103/project/outputs/e2_t5_baseline_matrix/pillow_same_color_cable_knit_armchair/flowalign/seed_12/result.png,7.415924549102783,pillow_same_color_cable_knit_armchair/flowalign/seed_12,,12,/cluster/users/grad/2025/25t8103/project/data/phase2_candidates/pexels_green_chair_white_pillow_6312055.jpg,0.08113483339548111,A photo of a plain white throw pillow centered on a green velvet armchair against a tiled wall.,18.617524330323114,0.11725295146387303,0.6787256856907978,0.6787256856907978,"A photo of the same plain white throw pillow on the same green velvet armchair, with the entire pillow surface changed into same-color white chunky cable-knit fabric with thick braided knitted columns, while preserving the pillow shape, seams, shadows, chair, tiled wall, floor, and the rest of the scene.",pillow_same_color_cable_knit_armchair
0.0,0.0,0.0,0.0,0.0,0.0,0.0,0.0,0.0,0.0,31,0.13551583886146545,0.2009565383195877,0.689273476600647,68.9273476600647,0.9388718377976191,11.67596904511469,0.39147818088531494,0.39147818088531494,0.0027435170486569405,0.8155077695846558,0.2878577709197998,0.27098894119262695,-0.01686882972717285,0.27098894119262695,True,0.06112816220238095,0.13686025142669678,-0.01686882972717285,0.028517950148809524,,,1.041685141125861,0.0,0.028517950148809524,0.0,0.18630169332027435,0.18630169332027435,11.555818117534633,0.264368126985026,12.195283889770508,a cable-knit pillow on an armchair,0.20274624228477478,0.20692020654678345,0.22314122319221497,0.020394980907440186,0.22314122319221497,"208,82,384,207",0.7260328531265259,0.7140693664550781,/cluster/users/grad/2025/25t8103/project/experiments/support_v3_2026-06-02/normalized_512/eval_masks/pillow_same_color_cable_knit_armchair_eval_mask.png,fixed_eval_mask,0.0,0.0,0.0,0.0,flowedit,flowedit,,0.2060977667570114,0.2060977667570114,11.406931335605911,0.26893878172547525,,/cluster/users/grad/2025/25t8103/project/outputs/e2_t5_baseline_matrix/pillow_same_color_cable_knit_armchair/flowedit/seed_10/result.png,11.70726490020752,pillow_same_color_cable_knit_armchair/flowedit/seed_10,,10,data/phase2_candidates/pexels_green_chair_white_pillow_6312055.jpg,0.2055332511663437,A photo of a plain white throw pillow centered on a green velvet armchair against a tiled wall.,11.411106863744296,0.26880952708115485,0.3733697853363482,0.3733697853363482,"A photo of the same plain white throw pillow on the same green velvet armchair, with the entire pillow surface changed into same-color white chunky cable-knit fabric with thick braided knitted columns, while preserving the pillow shape, seams, shadows, chair, tiled wall, floor, and the rest of the scene.",pillow_same_color_cable_knit_armchair
0.0,0.0,0.0,0.0,0.0,0.0,0.0,0.0,0.0,0.0,31,0.14935258030891418,0.2639065086841583,0.7046221494674683,70.46221494674683,0.9388718377976191,9.568210984684617,0.3232472836971283,0.3232472836971283,0.018407773226499557,0.7832577228546143,0.2775384187698364,0.26808279752731323,-0.009455621242523193,0.26808279752731323,True,0.06112816220238095,0.13095121085643768,-0.009455621242523193,0.028517950148809524,,,0.9959651673979013,0.0,0.028517950148809524,0.0,0.19030503928661346,0.19030503928661346,11.891056718199764,0.2543590323195547,19.833009719848633,a cable-knit pillow on an armchair,0.19262555241584778,0.19440646469593048,0.20778241753578186,0.015156865119934082,0.20778241753578186,"208,82,384,207",0.7416200637817383,0.7237967848777771,/cluster/users/grad/2025/25t8103/project/experiments/support_v3_2026-06-02/normalized_512/eval_masks/pillow_same_color_cable_knit_armchair_eval_mask.png,fixed_eval_mask,0.0,0.0,0.0,0.0,flowedit,flowedit,,0.26695945858955383,0.26695945858955383,9.449171135475254,0.336931366407,,/cluster/users/grad/2025/25t8103/project/outputs/e2_t5_baseline_matrix/pillow_same_color_cable_knit_armchair/flowedit/seed_11/result.png,19.91335678100586,pillow_same_color_cable_knit_armchair/flowedit/seed_11,,11,data/phase2_candidates/pexels_green_chair_white_pillow_6312055.jpg,0.264773428440094,A photo of a plain white throw pillow centered on a green velvet armchair against a tiled wall.,9.502766438255831,0.33485877033175665,0.3092293585529287,0.3092293585529287,"A photo of the same plain white throw pillow on the same green velvet armchair, with the entire pillow surface changed into same-color white chunky cable-knit fabric with thick braided knitted columns, while preserving the pillow shape, seams, shadows, chair, tiled wall, floor, and the rest of the scene.",pillow_same_color_cable_knit_armchair
0.0,0.0,0.0,0.0,0.0,0.0,0.0,0.0,0.0,0.0,31,0.1952797770500183,0.2674277722835541,0.7330572605133057,73.30572605133057,0.9388718377976191,9.679441396887228,0.3297724425792694,0.3297724425792694,0.07583431154489517,0.8038362264633179,0.29945504665374756,0.3119376301765442,0.01248258352279663,0.3119376301765442,True,0.06112816220238095,0.16082529723644257,0.01248258352279663,0.028517950148809524,,,1.081273544497349,0.0,0.028517950148809524,0.0,0.231580913066864,0.231580913066864,10.81608835136386,0.2878694529104545,20.169700622558594,a cable-knit pillow on an armchair,0.14427286386489868,0.19339323043823242,0.17567598819732666,0.03140312433242798,0.17567598819732666,"208,82,384,207",0.7660924792289734,0.753070592880249,/cluster/users/grad/2025/25t8103/project/experiments/support_v3_2026-06-02/normalized_512/eval_masks/pillow_same_color_cable_knit_armchair_eval_mask.png,fixed_eval_mask,0.0,0.0,0.0,0.0,flowedit,flowedit,,0.26846224069595337,0.26846224069595337,9.61741180196576,0.33046799833243806,,/cluster/users/grad/2025/25t8103/project/outputs/e2_t5_baseline_matrix/pillow_same_color_cable_knit_armchair/flowedit/seed_12/result.png,18.65365219116211,pillow_same_color_cable_knit_armchair/flowedit/seed_12,,12,data/phase2_candidates/pexels_green_chair_white_pillow_6312055.jpg,0.2674104869365692,A photo of a plain white throw pillow centered on a green velvet armchair against a tiled wall.,9.647387169418195,0.32932950510922315,0.3174901256469703,0.3174901256469703,"A photo of the same plain white throw pillow on the same green velvet armchair, with the entire pillow surface changed into same-color white chunky cable-knit fabric with thick braided knitted columns, while preserving the pillow shape, seams, shadows, chair, tiled wall, floor, and the rest of the scene.",pillow_same_color_cable_knit_armchair
0.0,0.0,0.0,0.0,0.0,0.0,0.0,0.0,0.0,0.0,31,0.8655110597610474,0.11423509567975998,0.4390406012535095,43.90406012535095,0.9598608016967773,15.628177764696666,0.7577456831932068,0.7577456831932068,0.11912119388580322,0.8768919110298157,0.235172301530838,0.2536676526069641,0.0184953510761261,0.2536676526069641,True,0.040139198303222656,0.786493718624115,0.0184953510761261,0.02863788604736328,,,1.6344590462070379,0.0,0.02863788604736328,0.0,0.18974892795085907,0.18974892795085907,12.403154062863644,0.23979620011753494,15.864864349365234,a cable-knit pillow on an armchair,0.24811717867851257,0.3229174315929413,0.31347543001174927,0.0653582513332367,0.31347543001174927,"413,285,771,595",0.45782291889190674,0.4439932107925415,/cluster/users/grad/2025/25t8103/project/experiments/support_v3_2026-06-02/normalized_512/eval_masks/pillow_same_color_cable_knit_armchair_eval_mask.png,fixed_eval_mask,0.0,0.0,0.0,0.0,reflex,reflex,,0.11484798789024353,0.11484798789024353,15.569656973786133,0.1665394596836511,,/cluster/users/grad/2025/25t8103/project/outputs/e2_t5_baseline_matrix/pillow_same_color_cable_knit_armchair/reflex/seed_10/result.png,9.70649242401123,pillow_same_color_cable_knit_armchair/reflex/seed_10,,10,data/phase2_candidates/pexels_green_chair_white_pillow_6312055.jpg,0.11699303984642029,A photo of a plain white throw pillow centered on a green velvet armchair against a tiled wall.,15.438185647697207,0.1690794076327132,0.7362669849518051,0.7362669849518051,"A photo of the same plain white throw pillow on the same green velvet armchair, with the entire pillow surface changed into same-color white chunky cable-knit fabric with thick braided knitted columns, while preserving the pillow shape, seams, shadows, chair, tiled wall, floor, and the rest of the scene.",pillow_same_color_cable_knit_armchair
0.0,0.0,0.0,0.0,0.0,0.0,0.0,0.0,0.0,0.0,31,0.69052654504776,0.10129095613956451,0.418859601020813,41.8859601020813,0.9598608016967773,16.352398012601242,0.782486617565155,0.782486617565155,0.058938272297382355,0.8955737948417664,0.24740155041217804,0.2446756362915039,-0.0027259141206741333,0.2446756362915039,True,0.040139198303222656,0.6470411419868469,-0.0027259141206741333,0.02863788604736328,,,1.5406979825062432,0.0,0.02863788604736328,0.0,0.1797863245010376,0.1797863245010376,12.99662614549409,0.2239590892483278,14.03024959564209,a cable-knit pillow on an armchair,0.2615160346031189,0.3029061257839203,0.301695853471756,0.040179818868637085,0.301695853471756,"413,285,771,595",0.4398164749145508,0.4243607819080353,/cluster/users/grad/2025/25t8103/project/experiments/support_v3_2026-06-02/normalized_512/eval_masks/pillow_same_color_cable_knit_armchair_eval_mask.png,fixed_eval_mask,0.0,0.0,0.0,0.0,reflex,reflex,,0.10173294693231583,0.10173294693231583,16.312630390822783,0.1528862683275363,,/cluster/users/grad/2025/25t8103/project/outputs/e2_t5_baseline_matrix/pillow_same_color_cable_knit_armchair/reflex/seed_11/result.png,9.106424331665039,pillow_same_color_cable_knit_armchair/reflex/seed_11,,11,data/phase2_candidates/pexels_green_chair_white_pillow_6312055.jpg,0.10396825522184372,A photo of a plain white throw pillow centered on a green velvet armchair against a tiled wall.,16.17240477851808,0.155374506080315,0.7619899298509616,0.7619899298509616,"A photo of the same plain white throw pillow on the same green velvet armchair, with the entire pillow surface changed into same-color white chunky cable-knit fabric with thick braided knitted columns, while preserving the pillow shape, seams, shadows, chair, tiled wall, floor, and the rest of the scene.",pillow_same_color_cable_knit_armchair
0.0,0.0,0.0,0.0,0.0,0.0,0.0,0.0,0.0,0.0,31,0.738723635673523,0.131789430975914,0.4657939672470093,46.57939672470093,0.9598608016967773,14.665333946641594,0.7289609909057617,0.7289609909057617,0.11740633845329285,0.8905217051506042,0.2423720508813858,0.2581733465194702,0.01580129563808441,0.2581733465194702,True,0.040139198303222656,0.7001180648803711,0.01580129563808441,0.02863788604736328,,,1.6354359534249205,0.0,0.02863788604736328,0.0,0.21884602308273315,0.21884602308273315,11.39100866224447,0.2694322431861624,14.152667045593262,a cable-knit pillow on an armchair,0.27812615036964417,0.3095775544643402,0.3070315420627594,0.028905391693115234,0.3070315420627594,"413,285,771,595",0.48427438735961914,0.4715229272842407,/cluster/users/grad/2025/25t8103/project/experiments/support_v3_2026-06-02/normalized_512/eval_masks/pillow_same_color_cable_knit_armchair_eval_mask.png,fixed_eval_mask,0.0,0.0,0.0,0.0,reflex,reflex,,0.1328679323196411,0.1328679323196411,14.595985112688432,0.18629480499868292,,/cluster/users/grad/2025/25t8103/project/outputs/e2_t5_baseline_matrix/pillow_same_color_cable_knit_armchair/reflex/seed_12/result.png,8.65375804901123,pillow_same_color_cable_knit_armchair/reflex/seed_12,,12,data/phase2_candidates/pexels_green_chair_white_pillow_6312055.jpg,0.1353301703929901,A photo of a plain white throw pillow centered on a green velvet armchair against a tiled wall.,14.462288526038442,0.1891845096632835,0.7080307384079132,0.7080307384079132,"A photo of the same plain white throw pillow on the same green velvet armchair, with the entire pillow surface changed into same-color white chunky cable-knit fabric with thick braided knitted columns, while preserving the pillow shape, seams, shadows, chair, tiled wall, floor, and the rest of the scene.",pillow_same_color_cable_knit_armchair
0.0,0.0,0.0,0.0,0.0,0.0,0.0,0.0,0.0,0.0,31,0.6029969453811646,0.04631984978914261,0.35410061478614807,35.41006147861481,0.9388718377976191,23.014802905603297,0.6645681858062744,0.6645681858062744,-0.027417000383138657,0.8498328924179077,0.3165607154369354,0.28786149621009827,-0.028699219226837158,0.28786149621009827,True,0.06112816220238095,0.5992550253868103,-0.028699219226837158,0.028517950148809524,,,1.5636514850744974,0.0,0.028517950148809524,0.02445984508764778,0.07117761671543121,0.07117761671543121,19.799672912784327,0.10233315274650305,11.170492172241211,a cable-knit pillow on an armchair,0.2654958963394165,0.3099404275417328,0.29188889265060425,0.026392996311187744,0.29188889265060425,"208,82,384,207",0.3724839687347412,0.36422213912010193,/cluster/users/grad/2025/25t8103/project/experiments/support_v3_2026-06-02/normalized_512/eval_masks/pillow_same_color_cable_knit_armchair_eval_mask.png,fixed_eval_mask,0.0,0.0,0.0,0.0,rf_solver_edit,rf_solver_edit,,0.046469926834106445,0.046469926834106445,22.965003675617822,0.07108039232672571,,/cluster/users/grad/2025/25t8103/project/outputs/e2_t5_baseline_matrix/pillow_same_color_cable_knit_armchair/rf_solver_edit/seed_10/result.png,7.143850326538086,pillow_same_color_cable_knit_armchair/rf_solver_edit/seed_10,,10,data/phase2_candidates/pexels_green_chair_white_pillow_6312055.jpg,0.04717453941702843,A photo of a plain white throw pillow centered on a green velvet armchair against a tiled wall.,22.834143392274946,0.07215938620320876,0.659390463172116,0.659390463172116,"A photo of the same plain white throw pillow on the same green velvet armchair, with the entire pillow surface changed into same-color white chunky cable-knit fabric with thick braided knitted columns, while preserving the pillow shape, seams, shadows, chair, tiled wall, floor, and the rest of the scene.",pillow_same_color_cable_knit_armchair
0.0,0.0,0.0,0.0,0.0,0.0,0.0,0.0,0.0,0.0,31,0.6029969453811646,0.04631984978914261,0.35410061478614807,35.41006147861481,0.9388718377976191,23.014802905603297,0.6645681858062744,0.6645681858062744,-0.027417000383138657,0.8498328924179077,0.3165607154369354,0.28786149621009827,-0.028699219226837158,0.28786149621009827,True,0.06112816220238095,0.5992550253868103,-0.028699219226837158,0.028517950148809524,,,1.5636514850744974,0.0,0.028517950148809524,0.02445984508764778,0.07117761671543121,0.07117761671543121,19.799672912784327,0.10233315274650305,11.170492172241211,a cable-knit pillow on an armchair,0.2654958963394165,0.3099404275417328,0.29188889265060425,0.026392996311187744,0.29188889265060425,"208,82,384,207",0.3724839687347412,0.36422213912010193,/cluster/users/grad/2025/25t8103/project/experiments/support_v3_2026-06-02/normalized_512/eval_masks/pillow_same_color_cable_knit_armchair_eval_mask.png,fixed_eval_mask,0.0,0.0,0.0,0.0,rf_solver_edit,rf_solver_edit,,0.046469926834106445,0.046469926834106445,22.965003675617822,0.07108039232672571,,/cluster/users/grad/2025/25t8103/project/outputs/e2_t5_baseline_matrix/pillow_same_color_cable_knit_armchair/rf_solver_edit/seed_11/result.png,7.143850326538086,pillow_same_color_cable_knit_armchair/rf_solver_edit/seed_11,,11,data/phase2_candidates/pexels_green_chair_white_pillow_6312055.jpg,0.04717453941702843,A photo of a plain white throw pillow centered on a green velvet armchair against a tiled wall.,22.834143392274946,0.07215938620320876,0.659390463172116,0.659390463172116,"A photo of the same plain white throw pillow on the same green velvet armchair, with the entire pillow surface changed into same-color white chunky cable-knit fabric with thick braided knitted columns, while preserving the pillow shape, seams, shadows, chair, tiled wall, floor, and the rest of the scene.",pillow_same_color_cable_knit_armchair
0.0,0.0,0.0,0.0,0.0,0.0,0.0,0.0,0.0,0.0,31,0.6029969453811646,0.04631984978914261,0.35410061478614807,35.41006147861481,0.9388718377976191,23.014802905603297,0.6645681858062744,0.6645681858062744,-0.027417000383138657,0.8498328924179077,0.3165607154369354,0.28786149621009827,-0.028699219226837158,0.28786149621009827,True,0.06112816220238095,0.5992550253868103,-0.028699219226837158,0.028517950148809524,,,1.5636514850744974,0.0,0.028517950148809524,0.02445984508764778,0.07117761671543121,0.07117761671543121,19.799672912784327,0.10233315274650305,11.170492172241211,a cable-knit pillow on an armchair,0.2654958963394165,0.3099404275417328,0.29188889265060425,0.026392996311187744,0.29188889265060425,"208,82,384,207",0.3724839687347412,0.36422213912010193,/cluster/users/grad/2025/25t8103/project/experiments/support_v3_2026-06-02/normalized_512/eval_masks/pillow_same_color_cable_knit_armchair_eval_mask.png,fixed_eval_mask,0.0,0.0,0.0,0.0,rf_solver_edit,rf_solver_edit,,0.046469926834106445,0.046469926834106445,22.965003675617822,0.07108039232672571,,/cluster/users/grad/2025/25t8103/project/outputs/e2_t5_baseline_matrix/pillow_same_color_cable_knit_armchair/rf_solver_edit/seed_12/result.png,7.143850326538086,pillow_same_color_cable_knit_armchair/rf_solver_edit/seed_12,,12,data/phase2_candidates/pexels_green_chair_white_pillow_6312055.jpg,0.04717453941702843,A photo of a plain white throw pillow centered on a green velvet armchair against a tiled wall.,22.834143392274946,0.07215938620320876,0.659390463172116,0.659390463172116,"A photo of the same plain white throw pillow on the same green velvet armchair, with the entire pillow surface changed into same-color white chunky cable-knit fabric with thick braided knitted columns, while preserving the pillow shape, seams, shadows, chair, tiled wall, floor, and the rest of the scene.",pillow_same_color_cable_knit_armchair
0.0,0.0,0.0,0.0,0.0,0.0,0.0,0.0,0.0,0.0,31,0.9753265976905823,0.024409033358097076,0.07255715131759644,7.2557151317596436,0.9388718377976191,22.939469905329837,0.8219254612922668,0.8219254612922668,0.01574293151497841,0.9558300971984863,0.28449946641921997,0.26795876026153564,-0.016540706157684326,0.26795876026153564,True,0.06112816220238095,0.9546705484390259,-0.016540706157684326,0.028517950148809524,,,1.24691604906499,0.0,0.028517950148809524,0.00040766408479412964,0.15805085003376007,0.15805085003376007,13.40233588376574,0.21373872077473244,12.993155479431152,a cable-knit pillow on an armchair,0.29452842473983765,0.25947296619415283,0.2866635024547577,-0.007864922285079956,0.2866635024547577,"208,82,384,207",0.10850941389799118,0.09389626979827881,/cluster/users/grad/2025/25t8103/project/experiments/support_v3_2026-06-02/normalized_512/eval_masks/pillow_same_color_cable_knit_armchair_eval_mask.png,fixed_eval_mask,0.0,0.0,0.0,0.0,sam_flow_flux,sam_flow_flux,,0.028475940227508545,0.028475940227508545,21.883849248784543,0.08050216078412732,,/cluster/users/grad/2025/25t8103/project/outputs/e2_t5_baseline_matrix/pillow_same_color_cable_knit_armchair/sam_flow_flux/seed_10/result.png,10.420232772827148,pillow_same_color_cable_knit_armchair/sam_flow_flux/seed_10,,10,data/phase2_candidates/pexels_green_chair_white_pillow_6312055.jpg,0.03217114508152008,A photo of a plain white throw pillow centered on a green velvet armchair against a tiled wall.,21.19266130534904,0.08716997766968403,0.7916211819777088,0.7916211819777088,"A photo of the same plain white throw pillow on the same green velvet armchair, with the entire pillow surface changed into same-color white chunky cable-knit fabric with thick braided knitted columns, while preserving the pillow shape, seams, shadows, chair, tiled wall, floor, and the rest of the scene.",pillow_same_color_cable_knit_armchair
0.0,0.0,0.0,0.0,0.0,0.0,0.0,0.0,0.0,0.0,31,0.9832406044006348,0.020842419937253,0.057337962090969086,5.733796209096909,0.9388718377976191,25.563104623933963,0.8304647207260132,0.8304647207260132,-0.0003720046952366829,0.9691051244735718,0.28250211477279663,0.2624034881591797,-0.020098626613616943,0.2624034881591797,True,0.06112816220238095,0.9759732484817505,-0.020098626613616943,0.028517950148809524,,,1.1282987895895848,0.0,0.028517950148809524,0.00040766408479412964,0.16685236990451813,0.16685236990451813,13.746446216737937,0.20543653866618683,12.370766639709473,a cable-knit pillow on an armchair,0.26528167724609375,0.27964937686920166,0.2723173499107361,0.007035672664642334,0.2723173499107361,"208,82,384,207",0.08946871012449265,0.07639583200216293,/cluster/users/grad/2025/25t8103/project/experiments/support_v3_2026-06-02/normalized_512/eval_masks/pillow_same_color_cable_knit_armchair_eval_mask.png,fixed_eval_mask,0.0,0.0,0.0,0.0,sam_flow_flux,sam_flow_flux,,0.02520933747291565,0.02520933747291565,23.681066352394396,0.06545558103933294,,/cluster/users/grad/2025/25t8103/project/outputs/e2_t5_baseline_matrix/pillow_same_color_cable_knit_armchair/sam_flow_flux/seed_11/result.png,10.96408748626709,pillow_same_color_cable_knit_armchair/sam_flow_flux/seed_11,,11,data/phase2_candidates/pexels_green_chair_white_pillow_6312055.jpg,0.029248712584376335,A photo of a plain white throw pillow centered on a green velvet armchair against a tiled wall.,22.703633991549083,0.0732517999063366,0.8006538552156366,0.8006538552156366,"A photo of the same plain white throw pillow on the same green velvet armchair, with the entire pillow surface changed into same-color white chunky cable-knit fabric with thick braided knitted columns, while preserving the pillow shape, seams, shadows, chair, tiled wall, floor, and the rest of the scene.",pillow_same_color_cable_knit_armchair
0.0,0.0,0.0,0.0,0.0,0.0,0.0,0.0,0.0,0.0,31,0.9821423292160034,0.022412773221731186,0.061519406735897064,6.151940673589706,0.9388718377976191,23.80854946003919,0.8286802172660828,0.8286802172660828,0.006767952814698219,0.9620514512062073,0.28243282437324524,0.26392674446105957,-0.01850607991218567,0.26392674446105957,True,0.06112816220238095,0.9713488221168518,-0.01850607991218567,0.028517950148809524,,,1.228181120696295,0.0,0.028517950148809524,0.0010191602119853241,0.15879130363464355,0.15879130363464355,13.69525333121684,0.20665091541245822,12.971799850463867,a cable-knit pillow on an armchair,0.28713345527648926,0.25525712966918945,0.2757485508918762,-0.011384904384613037,0.2757485508918762,"208,82,384,207",0.09433452039957047,0.08246225118637085,/cluster/users/grad/2025/25t8103/project/experiments/support_v3_2026-06-02/normalized_512/eval_masks/pillow_same_color_cable_knit_armchair_eval_mask.png,fixed_eval_mask,0.0,0.0,0.0,0.0,sam_flow_flux,sam_flow_flux,,0.02625828981399536,0.02625828981399536,22.6735272379501,0.07350614350275272,,/cluster/users/grad/2025/25t8103/project/outputs/e2_t5_baseline_matrix/pillow_same_color_cable_knit_armchair/sam_flow_flux/seed_12/result.png,10.561797142028809,pillow_same_color_cable_knit_armchair/sam_flow_flux/seed_12,,12,data/phase2_candidates/pexels_green_chair_white_pillow_6312055.jpg,0.030037863180041313,A photo of a plain white throw pillow centered on a green velvet armchair against a tiled wall.,21.893030416781784,0.08041711326377932,0.7981570096813606,0.7981570096813606,"A photo of the same plain white throw pillow on the same green velvet armchair, with the entire pillow surface changed into same-color white chunky cable-knit fabric with thick braided knitted columns, while preserving the pillow shape, seams, shadows, chair, tiled wall, floor, and the rest of the scene.",pillow_same_color_cable_knit_armchair
0.0,0.0,0.0,0.0,0.0,0.0,0.0,0.0,0.0,0.0,31,0.9564123749732971,0.03440576791763306,0.13403987884521484,13.403987884521484,0.9388718377976191,23.101848598133937,0.7792493104934692,0.7792493104934692,0.020535828545689583,0.88956618309021,0.29708150029182434,0.2846205234527588,-0.012460976839065552,0.2846205234527588,True,0.06112816220238095,0.9316558241844177,-0.012460976839065552,0.028517950148809524,,,1.2936669867019635,0.0,0.028517950148809524,0.0,0.14757919311523438,0.14757919311523438,13.872957695043064,0.20246600578039256,18.611953735351562,a cable-knit pillow on an armchair,0.27412551641464233,0.2978706657886505,0.2884395122528076,0.014313995838165283,0.2884395122528076,"208,82,384,207",0.16282528638839722,0.15091408789157867,/cluster/users/grad/2025/25t8103/project/experiments/support_v3_2026-06-02/normalized_512/eval_masks/pillow_same_color_cable_knit_armchair_eval_mask.png,fixed_eval_mask,0.0,0.0,0.0,0.0,sam_flow_sd3,sam_flow_sd3,,0.039090923964977264,0.039090923964977264,21.658464967919247,0.08261839457682978,,/cluster/users/grad/2025/25t8103/project/outputs/e2_t5_baseline_matrix/pillow_same_color_cable_knit_armchair/sam_flow_sd3/seed_10/result.png,14.386974334716797,pillow_same_color_cable_knit_armchair/sam_flow_sd3/seed_10,,10,data/phase2_candidates/pexels_green_chair_white_pillow_6312055.jpg,0.04218479245901108,A photo of a plain white throw pillow centered on a green velvet armchair against a tiled wall.,21.078962827234086,0.08831853543382977,0.7380966654926628,0.7380966654926628,"A photo of the same plain white throw pillow on the same green velvet armchair, with the entire pillow surface changed into same-color white chunky cable-knit fabric with thick braided knitted columns, while preserving the pillow shape, seams, shadows, chair, tiled wall, floor, and the rest of the scene.",pillow_same_color_cable_knit_armchair
0.0,0.0,0.0,0.0,0.0,0.0,0.0,0.0,0.0,0.0,31,0.9477974772453308,0.03247559070587158,0.1413497030735016,14.134970307350159,0.9388718377976191,23.82745880494795,0.782451331615448,0.782451331615448,0.04844503849744797,0.85148024559021,0.27903464436531067,0.27739542722702026,-0.0016392171382904053,0.27739542722702026,True,0.06112816220238095,0.924137532711029,-0.0016392171382904053,0.028517950148809524,,,1.2074088911819787,0.0,0.028517950148809524,0.0,0.1496734619140625,0.1496734619140625,13.724791885261698,0.205949340575432,19.050451278686523,a cable-knit pillow on an armchair,0.22979207336902618,0.3161717355251312,0.27829718589782715,0.048505112528800964,0.27829718589782715,"208,82,384,207",0.16874253749847412,0.15671753883361816,/cluster/users/grad/2025/25t8103/project/experiments/support_v3_2026-06-02/normalized_512/eval_masks/pillow_same_color_cable_knit_armchair_eval_mask.png,fixed_eval_mask,0.0,0.0,0.0,0.0,sam_flow_sd3,sam_flow_sd3,,0.03700239956378937,0.03700239956378937,22.374539852340956,0.07608043855795175,,/cluster/users/grad/2025/25t8103/project/outputs/e2_t5_baseline_matrix/pillow_same_color_cable_knit_armchair/sam_flow_sd3/seed_11/result.png,15.777961730957031,pillow_same_color_cable_knit_armchair/sam_flow_sd3/seed_11,,11,data/phase2_candidates/pexels_green_chair_white_pillow_6312055.jpg,0.04021554812788963,A photo of a plain white throw pillow centered on a green velvet armchair against a tiled wall.,21.654039629219458,0.08266049821244886,0.7446571995177401,0.7446571995177401,"A photo of the same plain white throw pillow on the same green velvet armchair, with the entire pillow surface changed into same-color white chunky cable-knit fabric with thick braided knitted columns, while preserving the pillow shape, seams, shadows, chair, tiled wall, floor, and the rest of the scene.",pillow_same_color_cable_knit_armchair
0.0,0.0,0.0,0.0,0.0,0.0,0.0,0.0,0.0,0.0,31,0.930820107460022,0.03525375947356224,0.147162064909935,14.7162064909935,0.9388718377976191,23.285920993337466,0.7741677761077881,0.7741677761077881,0.016782183200120926,0.8775938749313354,0.29596632719039917,0.282728910446167,-0.013237416744232178,0.282728910446167,True,0.06112816220238095,0.9049906730651855,-0.013237416744232178,0.028517950148809524,,,1.2818276212503015,0.0,0.028517950148809524,0.0,0.14579986035823822,0.14579986035823822,14.00018531288872,0.19952197466316682,19.26786994934082,a cable-knit pillow on an armchair,0.26215964555740356,0.3080855906009674,0.2808825373649597,0.018722891807556152,0.2808825373649597,"208,82,384,207",0.1729002594947815,0.16154977679252625,/cluster/users/grad/2025/25t8103/project/experiments/support_v3_2026-06-02/normalized_512/eval_masks/pillow_same_color_cable_knit_armchair_eval_mask.png,fixed_eval_mask,0.0,0.0,0.0,0.0,sam_flow_sd3,sam_flow_sd3,,0.039590734988451004,0.039590734988451004,21.9092270223727,0.08026729894403356,,/cluster/users/grad/2025/25t8103/project/outputs/e2_t5_baseline_matrix/pillow_same_color_cable_knit_armchair/sam_flow_sd3/seed_12/result.png,15.031560897827148,pillow_same_color_cable_knit_armchair/sam_flow_sd3/seed_12,,12,data/phase2_candidates/pexels_green_chair_white_pillow_6312055.jpg,0.04261960834264755,A photo of a plain white throw pillow centered on a green velvet armchair against a tiled wall.,21.310985392273242,0.08599055072439353,0.7329714355481084,0.7329714355481084,"A photo of the same plain white throw pillow on the same green velvet armchair, with the entire pillow surface changed into same-color white chunky cable-knit fabric with thick braided knitted columns, while preserving the pillow shape, seams, shadows, chair, tiled wall, floor, and the rest of the scene.",pillow_same_color_cable_knit_armchair
0.0,0.0,0.0,0.0,0.0,0.0,0.0,0.0,0.0,0.0,31,0.8013253211975098,0.064347043633461,0.3031335473060608,30.31335473060608,0.9388718377976191,19.787170728471928,0.681705117225647,0.681705117225647,-0.02695458196103573,0.8851510882377625,0.3208434283733368,0.2938900589942932,-0.02695336937904358,0.2938900589942932,True,0.06112816220238095,0.7780572175979614,-0.02695336937904358,0.028517950148809524,,,1.5054639038685493,0.0,0.028517950148809524,0.0,0.14974087476730347,0.14974087476730347,14.024312822388898,0.19896851512726715,20.721641540527344,a cable-knit pillow on an armchair,0.3080879747867584,0.3017900884151459,0.3179153800010681,0.009827405214309692,0.3179153800010681,"208,82,384,207",0.332416296005249,0.32266679406166077,/cluster/users/grad/2025/25t8103/project/experiments/support_v3_2026-06-02/normalized_512/eval_masks/pillow_same_color_cable_knit_armchair_eval_mask.png,fixed_eval_mask,0.0,0.0,0.0,0.0,splitflow,splitflow,,0.06698256731033325,0.06698256731033325,19.34165903455487,0.10787406594047746,,/cluster/users/grad/2025/25t8103/project/outputs/e2_t5_baseline_matrix/pillow_same_color_cable_knit_armchair/splitflow/seed_10/result.png,13.764289855957031,pillow_same_color_cable_knit_armchair/splitflow/seed_10,,10,data/phase2_candidates/pexels_green_chair_white_pillow_6312055.jpg,0.06934266537427902,A photo of a plain white throw pillow centered on a green velvet armchair against a tiled wall.,19.053912786841455,0.11150757230824872,0.6482011664753069,0.6482011664753069,"A photo of the same plain white throw pillow on the same green velvet armchair, with the entire pillow surface changed into same-color white chunky cable-knit fabric with thick braided knitted columns, while preserving the pillow shape, seams, shadows, chair, tiled wall, floor, and the rest of the scene.",pillow_same_color_cable_knit_armchair
0.0,0.0,0.0,0.0,0.0,0.0,0.0,0.0,0.0,0.0,31,0.5146195888519287,0.07404246181249619,0.37218716740608215,37.218716740608215,0.9388718377976191,18.700845519359635,0.6465772986412048,0.6465772986412048,-0.06776848435401917,0.8597378134727478,0.3218003511428833,0.2813405394554138,-0.04045981168746948,0.2813405394554138,True,0.06112816220238095,0.5026766657829285,-0.04045981168746948,0.028517950148809524,,,1.1248841053314798,0.0,0.028517950148809524,0.0,0.17896747589111328,0.17896747589111328,12.805732842580879,0.22893561379938945,15.676953315734863,a cable-knit pillow on an armchair,0.2750738859176636,0.2780788540840149,0.2808964252471924,0.005822539329528809,0.2808964252471924,"208,82,384,207",0.40227240324020386,0.3890855312347412,/cluster/users/grad/2025/25t8103/project/experiments/support_v3_2026-06-02/normalized_512/eval_masks/pillow_same_color_cable_knit_armchair_eval_mask.png,fixed_eval_mask,0.0,0.0,0.0,0.0,splitflow,splitflow,,0.07835498452186584,0.07835498452186584,18.092355087621335,0.12456104573053098,,/cluster/users/grad/2025/25t8103/project/outputs/e2_t5_baseline_matrix/pillow_same_color_cable_knit_armchair/splitflow/seed_11/result.png,13.936505317687988,pillow_same_color_cable_knit_armchair/splitflow/seed_11,,11,data/phase2_candidates/pexels_green_chair_white_pillow_6312055.jpg,0.08122425526380539,A photo of a plain white throw pillow centered on a green velvet armchair against a tiled wall.,17.807389600610676,0.12871540276013357,0.6172399724490748,0.6172399724490748,"A photo of the same plain white throw pillow on the same green velvet armchair, with the entire pillow surface changed into same-color white chunky cable-knit fabric with thick braided knitted columns, while preserving the pillow shape, seams, shadows, chair, tiled wall, floor, and the rest of the scene.",pillow_same_color_cable_knit_armchair
0.0,0.0,0.0,0.0,0.0,0.0,0.0,0.0,0.0,0.0,31,0.8383082151412964,0.056978899985551834,0.2741656005382538,27.41656005382538,0.9388718377976191,20.823740413676106,0.6816601157188416,0.6816601157188416,-0.03413805365562439,0.8683261275291443,0.29756590723991394,0.2668724060058594,-0.030693501234054565,0.2668724060058594,True,0.06112816220238095,0.8445427417755127,-0.030693501234054565,0.028517950148809524,,,1.459734883063416,0.0,0.028517950148809524,0.0,0.1760202944278717,0.1760202944278717,12.058130888023193,0.2495131595219112,23.890281677246094,a cable-knit pillow on an armchair,0.29040804505348206,0.31567755341529846,0.306053102016449,0.01564505696296692,0.306053102016449,"208,82,384,207",0.3024040460586548,0.2922039330005646,/cluster/users/grad/2025/25t8103/project/experiments/support_v3_2026-06-02/normalized_512/eval_masks/pillow_same_color_cable_knit_armchair_eval_mask.png,fixed_eval_mask,0.0,0.0,0.0,0.0,splitflow,splitflow,,0.0609370581805706,0.0609370581805706,19.862211026667545,0.10159900357735632,,/cluster/users/grad/2025/25t8103/project/outputs/e2_t5_baseline_matrix/pillow_same_color_cable_knit_armchair/splitflow/seed_12/result.png,16.366178512573242,pillow_same_color_cable_knit_armchair/splitflow/seed_12,,12,data/phase2_candidates/pexels_green_chair_white_pillow_6312055.jpg,0.06421899050474167,A photo of a plain white throw pillow centered on a green velvet armchair against a tiled wall.,19.27992163821003,0.10864354251047789,0.6475172055845821,0.6475172055845821,"A photo of the same plain white throw pillow on the same green velvet armchair, with the entire pillow surface changed into same-color white chunky cable-knit fabric with thick braided knitted columns, while preserving the pillow shape, seams, shadows, chair, tiled wall, floor, and the rest of the scene.",pillow_same_color_cable_knit_armchair
0.0,0.0,0.0,0.0,0.0,0.0,0.0,0.0,0.0,0.0,31,0.5355199575424194,0.07434191554784775,0.3978658616542816,39.78658616542816,0.9272693452380952,19.867855579978016,0.5484448075294495,0.5484448075294495,0.03852081298828125,0.8495577573776245,0.2427070587873459,0.22774887084960938,-0.014958187937736511,0.22774887084960938,True,0.07273065476190477,0.459855854511261,-0.014958187937736511,0.037853422619047616,,,0.9071510141340804,0.0,0.037853422619047616,0.03854422604422605,0.08588428050279617,0.08588428050279617,19.380318777690505,0.1073949996967996,8.266582489013672,a grey cable-knit pillow,0.22948434948921204,0.3032304346561432,0.3021569848060608,0.07267263531684875,0.3021569848060608,"124,229,268,379",0.4434252679347992,0.42219457030296326,/cluster/users/grad/2025/25t8103/project/experiments/support_v3_2026-06-02/normalized_512/eval_masks/pillow_same_color_cable_knit_grey_eval_mask.png,fixed_eval_mask,0.0,0.0,0.0,0.0,fireflow,fireflow,,0.07596679031848907,0.07596679031848907,19.71611238710413,0.10332237504800547,,/cluster/users/grad/2025/25t8103/project/outputs/e2_t5_baseline_matrix/pillow_same_color_cable_knit_grey/fireflow/seed_10/result.png,9.112686157226562,pillow_same_color_cable_knit_grey/fireflow/seed_10,,10,data/pretty_free_candidates/pexels_plain_pillow_sofa_phase1.jpg,0.07634219527244568,"A cozy living room photo with a plain dark grey pillow on a rattan-backed sofa beside a wooden table, soft natural light, and a simple home interior.",19.70291616762793,0.10347946903096776,0.525932696027622,0.525932696027622,"A photo of the same plain dark grey pillow on the same rattan-backed sofa, with the entire pillow surface uniformly changed into same-color dark grey chunky cable-knit fabric, the same thick braided knitted columns covering every part of the pillow including the brightly lit left side, while preserving the pillow shape, outline, lighting, sofa, table, wall, and the rest of the scene.",pillow_same_color_cable_knit_grey
0.0,0.0,0.0,0.0,0.0,0.0,0.0,0.0,0.0,0.0,31,0.5355199575424194,0.07434191554784775,0.3978658616542816,39.78658616542816,0.9272693452380952,19.867855579978016,0.5484448075294495,0.5484448075294495,0.03852081298828125,0.8495577573776245,0.2427070587873459,0.22774887084960938,-0.014958187937736511,0.22774887084960938,True,0.07273065476190477,0.459855854511261,-0.014958187937736511,0.037853422619047616,,,0.9071510141340804,0.0,0.037853422619047616,0.03854422604422605,0.08588428050279617,0.08588428050279617,19.380318777690505,0.1073949996967996,8.266582489013672,a grey cable-knit pillow,0.22948434948921204,0.3032304346561432,0.3021569848060608,0.07267263531684875,0.3021569848060608,"124,229,268,379",0.4434252679347992,0.42219457030296326,/cluster/users/grad/2025/25t8103/project/experiments/support_v3_2026-06-02/normalized_512/eval_masks/pillow_same_color_cable_knit_grey_eval_mask.png,fixed_eval_mask,0.0,0.0,0.0,0.0,fireflow,fireflow,,0.07596679031848907,0.07596679031848907,19.71611238710413,0.10332237504800547,,/cluster/users/grad/2025/25t8103/project/outputs/e2_t5_baseline_matrix/pillow_same_color_cable_knit_grey/fireflow/seed_11/result.png,9.112686157226562,pillow_same_color_cable_knit_grey/fireflow/seed_11,,11,data/pretty_free_candidates/pexels_plain_pillow_sofa_phase1.jpg,0.07634219527244568,"A cozy living room photo with a plain dark grey pillow on a rattan-backed sofa beside a wooden table, soft natural light, and a simple home interior.",19.70291616762793,0.10347946903096776,0.525932696027622,0.525932696027622,"A photo of the same plain dark grey pillow on the same rattan-backed sofa, with the entire pillow surface uniformly changed into same-color dark grey chunky cable-knit fabric, the same thick braided knitted columns covering every part of the pillow including the brightly lit left side, while preserving the pillow shape, outline, lighting, sofa, table, wall, and the rest of the scene.",pillow_same_color_cable_knit_grey
0.0,0.0,0.0,0.0,0.0,0.0,0.0,0.0,0.0,0.0,31,0.5355199575424194,0.07434191554784775,0.3978658616542816,39.78658616542816,0.9272693452380952,19.867855579978016,0.5484448075294495,0.5484448075294495,0.03852081298828125,0.8495577573776245,0.2427070587873459,0.22774887084960938,-0.014958187937736511,0.22774887084960938,True,0.07273065476190477,0.459855854511261,-0.014958187937736511,0.037853422619047616,,,0.9071510141340804,0.0,0.037853422619047616,0.03854422604422605,0.08588428050279617,0.08588428050279617,19.380318777690505,0.1073949996967996,8.266582489013672,a grey cable-knit pillow,0.22948434948921204,0.3032304346561432,0.3021569848060608,0.07267263531684875,0.3021569848060608,"124,229,268,379",0.4434252679347992,0.42219457030296326,/cluster/users/grad/2025/25t8103/project/experiments/support_v3_2026-06-02/normalized_512/eval_masks/pillow_same_color_cable_knit_grey_eval_mask.png,fixed_eval_mask,0.0,0.0,0.0,0.0,fireflow,fireflow,,0.07596679031848907,0.07596679031848907,19.71611238710413,0.10332237504800547,,/cluster/users/grad/2025/25t8103/project/outputs/e2_t5_baseline_matrix/pillow_same_color_cable_knit_grey/fireflow/seed_12/result.png,9.112686157226562,pillow_same_color_cable_knit_grey/fireflow/seed_12,,12,data/pretty_free_candidates/pexels_plain_pillow_sofa_phase1.jpg,0.07634219527244568,"A cozy living room photo with a plain dark grey pillow on a rattan-backed sofa beside a wooden table, soft natural light, and a simple home interior.",19.70291616762793,0.10347946903096776,0.525932696027622,0.525932696027622,"A photo of the same plain dark grey pillow on the same rattan-backed sofa, with the entire pillow surface uniformly changed into same-color dark grey chunky cable-knit fabric, the same thick braided knitted columns covering every part of the pillow including the brightly lit left side, while preserving the pillow shape, outline, lighting, sofa, table, wall, and the rest of the scene.",pillow_same_color_cable_knit_grey
0.0,0.0,0.0,0.0,0.0,0.0,0.0,0.0,0.0,0.0,31,0.2506905794143677,0.14149227738380432,0.3875908851623535,38.75908851623535,0.9346389770507812,15.657177029327237,0.4842647612094879,0.4842647612094879,0.16510464251041412,0.7814626693725586,0.2382906973361969,0.2870432138442993,0.04875251650810242,0.2870432138442993,True,0.06536102294921875,0.2170933187007904,0.04875251650810242,0.0375518798828125,,,1.0177327162614753,0.0,0.0375518798828125,0.0,0.2284270077943802,0.2284270077943802,12.121376569028481,0.247702945855707,11.403864860534668,a grey cable-knit pillow,0.1315840184688568,0.2684548795223236,0.21597199141979218,0.08438797295093536,0.21597199141979218,"192,216,405,392",0.41944143176078796,0.4074455499649048,/cluster/users/grad/2025/25t8103/project/experiments/support_v3_2026-06-02/normalized_512/eval_masks/pillow_same_color_cable_knit_grey_eval_mask.png,fixed_eval_mask,0.0,0.0,0.0,0.0,flowalign,flowalign,,0.14432528614997864,0.14432528614997864,15.46774609320978,0.16850496246001914,,/cluster/users/grad/2025/25t8103/project/outputs/e2_t5_baseline_matrix/pillow_same_color_cable_knit_grey/flowalign/seed_10/result.png,11.205166816711426,pillow_same_color_cable_knit_grey/flowalign/seed_10,,10,/cluster/users/grad/2025/25t8103/project/data/pretty_free_candidates/pexels_plain_pillow_sofa_phase1.jpg,0.1474834531545639,"A cozy living room photo with a plain dark grey pillow on a rattan-backed sofa beside a wooden table, soft natural light, and a simple home interior.",15.282428259322998,0.17213872703412425,0.461117419382524,0.461117419382524,"A photo of the same plain dark grey pillow on the same rattan-backed sofa, with the entire pillow surface uniformly changed into same-color dark grey chunky cable-knit fabric, the same thick braided knitted columns covering every part of the pillow including the brightly lit left side, while preserving the pillow shape, outline, lighting, sofa, table, wall, and the rest of the scene.",pillow_same_color_cable_knit_grey
0.0,0.0,0.0,0.0,0.0,0.0,0.0,0.0,0.0,0.0,31,0.2489446997642517,0.1524774730205536,0.449275940656662,44.9275940656662,0.9346389770507812,15.029181912680844,0.45898839831352234,0.45898839831352234,0.21915875375270844,0.6960355043411255,0.12604904174804688,0.2191324234008789,0.09308338165283203,0.2191324234008789,True,0.06536102294921875,0.18034088611602783,0.09308338165283203,0.0375518798828125,,,1.1107050392077824,0.0,0.0375518798828125,0.0,0.20954616367816925,0.20954616367816925,12.923618866703375,0.22584946007937454,11.546514511108398,a grey cable-knit pillow,0.11780991405248642,0.24926097691059113,0.20497767627239227,0.08716776221990585,0.20497767627239227,"192,216,405,392",0.4793857932090759,0.46671199798583984,/cluster/users/grad/2025/25t8103/project/experiments/support_v3_2026-06-02/normalized_512/eval_masks/pillow_same_color_cable_knit_grey_eval_mask.png,fixed_eval_mask,0.0,0.0,0.0,0.0,flowalign,flowalign,,0.1539028435945511,0.1539028435945511,14.94986125944772,0.1788574097946042,,/cluster/users/grad/2025/25t8103/project/outputs/e2_t5_baseline_matrix/pillow_same_color_cable_knit_grey/flowalign/seed_11/result.png,10.395662307739258,pillow_same_color_cable_knit_grey/flowalign/seed_11,,11,/cluster/users/grad/2025/25t8103/project/data/pretty_free_candidates/pexels_plain_pillow_sofa_phase1.jpg,0.15599234402179718,"A cozy living room photo with a plain dark grey pillow on a rattan-backed sofa beside a wooden table, soft natural light, and a simple home interior.",14.853972535884274,0.18084286270398542,0.4376149274019393,0.4376149274019393,"A photo of the same plain dark grey pillow on the same rattan-backed sofa, with the entire pillow surface uniformly changed into same-color dark grey chunky cable-knit fabric, the same thick braided knitted columns covering every part of the pillow including the brightly lit left side, while preserving the pillow shape, outline, lighting, sofa, table, wall, and the rest of the scene.",pillow_same_color_cable_knit_grey
0.0,0.0,0.0,0.0,0.0,0.0,0.0,0.0,0.0,0.0,31,0.4198177456855774,0.05809229984879494,0.31627970933914185,31.627970933914185,0.9346389770507812,21.99164242353017,0.5816903114318848,0.5816903114318848,0.10137464851140976,0.8615578413009644,0.23095911741256714,0.23806096613407135,0.007101848721504211,0.23806096613407135,True,0.06536102294921875,0.30901750922203064,0.007101848721504211,0.0375518798828125,,,1.1482230106540745,0.0,0.0375518798828125,0.0,0.08071218430995941,0.08071218430995941,19.97904306577841,0.10024156692553013,9.833829879760742,a grey cable-knit pillow,0.15363629162311554,0.25877970457077026,0.22470688819885254,0.071070596575737,0.22470688819885254,"192,216,405,392",0.34950703382492065,0.33246684074401855,/cluster/users/grad/2025/25t8103/project/experiments/support_v3_2026-06-02/normalized_512/eval_masks/pillow_same_color_cable_knit_grey_eval_mask.png,fixed_eval_mask,0.0,0.0,0.0,0.0,flowalign,flowalign,,0.05913095921278,0.05913095921278,21.850893961009213,0.08080817561977945,,/cluster/users/grad/2025/25t8103/project/outputs/e2_t5_baseline_matrix/pillow_same_color_cable_knit_grey/flowalign/seed_12/result.png,8.564390182495117,pillow_same_color_cable_knit_grey/flowalign/seed_12,,12,/cluster/users/grad/2025/25t8103/project/data/pretty_free_candidates/pexels_plain_pillow_sofa_phase1.jpg,0.059941381216049194,"A cozy living room photo with a plain dark grey pillow on a rattan-backed sofa beside a wooden table, soft natural light, and a simple home interior.",21.76389909444569,0.08162158899277953,0.5568822712357829,0.5568822712357829,"A photo of the same plain dark grey pillow on the same rattan-backed sofa, with the entire pillow surface uniformly changed into same-color dark grey chunky cable-knit fabric, the same thick braided knitted columns covering every part of the pillow including the brightly lit left side, while preserving the pillow shape, outline, lighting, sofa, table, wall, and the rest of the scene.",pillow_same_color_cable_knit_grey
0.0,0.0,0.0,0.0,0.0,0.0,0.0,0.0,0.0,0.0,31,0.23572242259979248,0.17843250930309296,0.7780932784080505,77.80932784080505,0.9272693452380952,12.940608518553878,0.20972774922847748,0.20972774922847748,0.17886656522750854,0.75968998670578,0.2314610332250595,0.2899603843688965,0.058499351143836975,0.2899603843688965,True,0.07273065476190477,0.2205115109682083,0.058499351143836975,0.037853422619047616,,,1.0710985774086794,0.0,0.037853422619047616,0.0,0.21861642599105835,0.21861642599105835,11.662029600780578,0.26115510513001766,34.41341781616211,a grey cable-knit pillow,0.1383255422115326,0.2117641568183899,0.21557703614234924,0.07725149393081665,0.21557703614234924,"124,229,268,379",0.8227046728134155,0.8053930997848511,/cluster/users/grad/2025/25t8103/project/experiments/support_v3_2026-06-02/normalized_512/eval_masks/pillow_same_color_cable_knit_grey_eval_mask.png,fixed_eval_mask,0.0,0.0,0.0,0.0,flowedit,flowedit,,0.17883968353271484,0.17883968353271484,12.91311862672111,0.2261226511543846,,/cluster/users/grad/2025/25t8103/project/outputs/e2_t5_baseline_matrix/pillow_same_color_cable_knit_grey/flowedit/seed_10/result.png,32.129085540771484,pillow_same_color_cable_knit_grey/flowedit/seed_10,,10,data/pretty_free_candidates/pexels_plain_pillow_sofa_phase1.jpg,0.180345356464386,"A cozy living room photo with a plain dark grey pillow on a rattan-backed sofa beside a wooden table, soft natural light, and a simple home interior.",12.858578235010988,0.22754698645419988,0.19104006217705985,0.19104006217705985,"A photo of the same plain dark grey pillow on the same rattan-backed sofa, with the entire pillow surface uniformly changed into same-color dark grey chunky cable-knit fabric, the same thick braided knitted columns covering every part of the pillow including the brightly lit left side, while preserving the pillow shape, outline, lighting, sofa, table, wall, and the rest of the scene.",pillow_same_color_cable_knit_grey
0.0,0.0,0.0,0.0,0.0,0.0,0.0,0.0,0.0,0.0,31,0.20184186100959778,0.19559933245182037,0.8136270046234131,81.36270046234131,0.9272693452380952,12.391836831701431,0.2263694852590561,0.2263694852590561,0.1466524600982666,0.8232262134552002,0.23661673069000244,0.26849788427352905,0.03188115358352661,0.26849788427352905,True,0.07273065476190477,0.18972554802894592,0.03188115358352661,0.037853422619047616,,,1.4450064520587194,0.0,0.037853422619047616,0.0496007371007371,0.17365247011184692,0.17365247011184692,13.345104166436048,0.21515170481084184,37.33259201049805,a grey cable-knit pillow,0.14471600949764252,0.22431346774101257,0.20624738931655884,0.06153137981891632,0.20624738931655884,"124,229,268,379",0.8560954928398132,0.837430477142334,/cluster/users/grad/2025/25t8103/project/experiments/support_v3_2026-06-02/normalized_512/eval_masks/pillow_same_color_cable_knit_grey_eval_mask.png,fixed_eval_mask,0.0,0.0,0.0,0.0,flowedit,flowedit,,0.19482490420341492,0.19482490420341492,12.409953343092447,0.23960856204645925,,/cluster/users/grad/2025/25t8103/project/outputs/e2_t5_baseline_matrix/pillow_same_color_cable_knit_grey/flowedit/seed_11/result.png,25.835588455200195,pillow_same_color_cable_knit_grey/flowedit/seed_11,,11,data/pretty_free_candidates/pexels_plain_pillow_sofa_phase1.jpg,0.19402341544628143,"A cozy living room photo with a plain dark grey pillow on a rattan-backed sofa beside a wooden table, soft natural light, and a simple home interior.",12.44191652288949,0.23872844756047198,0.20890418231019342,0.20890418231019342,"A photo of the same plain dark grey pillow on the same rattan-backed sofa, with the entire pillow surface uniformly changed into same-color dark grey chunky cable-knit fabric, the same thick braided knitted columns covering every part of the pillow including the brightly lit left side, while preserving the pillow shape, outline, lighting, sofa, table, wall, and the rest of the scene.",pillow_same_color_cable_knit_grey
0.0,0.0,0.0,0.0,0.0,0.0,0.0,0.0,0.0,0.0,31,0.27070707082748413,0.14478984475135803,0.7307001948356628,73.07001948356628,0.9272693452380952,14.333470594091263,0.34982508420944214,0.34982508420944214,0.12432856857776642,0.7756248712539673,0.2693280279636383,0.29900527000427246,0.029677242040634155,0.29900527000427246,True,0.07273065476190477,0.21266046166419983,0.029677242040634155,0.037853422619047616,,,1.1353180944224752,0.0,0.037853422619047616,0.0,0.15660299360752106,0.15660299360752106,14.081241772805646,0.19766870240803044,35.0860710144043,a grey cable-knit pillow,0.15137065947055817,0.2342061698436737,0.22674691677093506,0.07537625730037689,0.22674691677093506,"124,229,268,379",0.7845630645751953,0.762813150882721,/cluster/users/grad/2025/25t8103/project/experiments/support_v3_2026-06-02/normalized_512/eval_masks/pillow_same_color_cable_knit_grey_eval_mask.png,fixed_eval_mask,0.0,0.0,0.0,0.0,flowedit,flowedit,,0.14549849927425385,0.14549849927425385,14.294032632226866,0.19288496136606886,,/cluster/users/grad/2025/25t8103/project/outputs/e2_t5_baseline_matrix/pillow_same_color_cable_knit_grey/flowedit/seed_12/result.png,30.904176712036133,pillow_same_color_cable_knit_grey/flowedit/seed_12,,12,data/pretty_free_candidates/pexels_plain_pillow_sofa_phase1.jpg,0.1459188312292099,"A cozy living room photo with a plain dark grey pillow on a rattan-backed sofa beside a wooden table, soft natural light, and a simple home interior.",14.285785987834752,0.19306817910167196,0.32434633312313293,0.32434633312313293,"A photo of the same plain dark grey pillow on the same rattan-backed sofa, with the entire pillow surface uniformly changed into same-color dark grey chunky cable-knit fabric, the same thick braided knitted columns covering every part of the pillow including the brightly lit left side, while preserving the pillow shape, outline, lighting, sofa, table, wall, and the rest of the scene.",pillow_same_color_cable_knit_grey
0.0,0.0,0.0,0.0,0.0,0.0,0.0,0.0,0.0,0.0,31,0.7995930910110474,0.08463094383478165,0.5349652767181396,53.496527671813965,0.9486856460571289,18.112161064437757,0.5665081143379211,0.5665081143379211,0.04633466526865959,0.8503694534301758,0.26021283864974976,0.24678170680999756,-0.013431131839752197,0.24678170680999756,True,0.051314353942871094,0.7880862951278687,-0.013431131839752197,0.038153648376464844,,,0.5343437076759243,0.0,0.038153648376464844,0.0,0.0339716337621212,0.0339716337621212,26.882272455973247,0.04527791055464909,1.9462777376174927,a grey cable-knit pillow,0.24043124914169312,0.25994613766670227,0.2760525345802307,0.0356212854385376,0.2760525345802307,"383,431,811,785",0.5599920749664307,0.5413318276405334,/cluster/users/grad/2025/25t8103/project/experiments/support_v3_2026-06-02/normalized_512/eval_masks/pillow_same_color_cable_knit_grey_eval_mask.png,fixed_eval_mask,0.0,0.0,0.0,0.0,reflex,reflex,,0.08407492190599442,0.08407492190599442,18.157695614531427,0.12362753764948067,,/cluster/users/grad/2025/25t8103/project/outputs/e2_t5_baseline_matrix/pillow_same_color_cable_knit_grey/reflex/seed_10/result.png,3.6423704624176025,pillow_same_color_cable_knit_grey/reflex/seed_10,,10,data/pretty_free_candidates/pexels_plain_pillow_sofa_phase1.jpg,0.0821632519364357,"A cozy living room photo with a plain dark grey pillow on a rattan-backed sofa beside a wooden table, soft natural light, and a simple home interior.",18.303592864036688,0.12156830369289749,0.5616613146747905,0.5616613146747905,"A photo of the same plain dark grey pillow on the same rattan-backed sofa, with the entire pillow surface uniformly changed into same-color dark grey chunky cable-knit fabric, the same thick braided knitted columns covering every part of the pillow including the brightly lit left side, while preserving the pillow shape, outline, lighting, sofa, table, wall, and the rest of the scene.",pillow_same_color_cable_knit_grey
0.0,0.0,0.0,0.0,0.0,0.0,0.0,0.0,0.0,0.0,31,0.7891510128974915,0.07282677292823792,0.5187011957168579,51.87011957168579,0.9486856460571289,18.972122730785657,0.5787608623504639,0.5787608623504639,0.07825887203216553,0.9018315076828003,0.2636665403842926,0.25751838088035583,-0.006148159503936768,0.25751838088035583,True,0.051314353942871094,0.743750810623169,-0.006148159503936768,0.038153648376464844,,,0.5371269324342953,0.0,0.038153648376464844,0.0,0.032754600048065186,0.032754600048065186,27.553110932854302,0.041912585594201905,1.8848724365234375,a grey cable-knit pillow,0.22944940626621246,0.2639652490615845,0.2658020257949829,0.03635261952877045,0.2658020257949829,"383,431,811,785",0.5452778339385986,0.5258431434631348,/cluster/users/grad/2025/25t8103/project/experiments/support_v3_2026-06-02/normalized_512/eval_masks/pillow_same_color_cable_knit_grey_eval_mask.png,fixed_eval_mask,0.0,0.0,0.0,0.0,reflex,reflex,,0.07252784073352814,0.07252784073352814,19.004559011185144,0.11214296887656218,,/cluster/users/grad/2025/25t8103/project/outputs/e2_t5_baseline_matrix/pillow_same_color_cable_knit_grey/reflex/seed_11/result.png,3.5091750621795654,pillow_same_color_cable_knit_grey/reflex/seed_11,,11,data/pretty_free_candidates/pexels_plain_pillow_sofa_phase1.jpg,0.07101035863161087,"A cozy living room photo with a plain dark grey pillow on a rattan-backed sofa beside a wooden table, soft natural light, and a simple home interior.",19.14950707339643,0.11028708202931828,0.5737422285069348,0.5737422285069348,"A photo of the same plain dark grey pillow on the same rattan-backed sofa, with the entire pillow surface uniformly changed into same-color dark grey chunky cable-knit fabric, the same thick braided knitted columns covering every part of the pillow including the brightly lit left side, while preserving the pillow shape, outline, lighting, sofa, table, wall, and the rest of the scene.",pillow_same_color_cable_knit_grey
0.0,0.0,0.0,0.0,0.0,0.0,0.0,0.0,0.0,0.0,31,0.7134317755699158,0.08754193037748337,0.5656771659851074,56.56771659851074,0.9486856460571289,17.66682307194007,0.5648244023323059,0.5648244023323059,0.0233885757625103,0.8586078882217407,0.24792608618736267,0.22390884160995483,-0.024017244577407837,0.22390884160995483,True,0.051314353942871094,0.7170769572257996,-0.024017244577407837,0.038153648376464844,,,0.6044465022584964,0.0,0.038153648376464844,0.0,0.03891906887292862,0.03891906887292862,25.415763952860036,0.05360580254942634,2.2185897827148438,a grey cable-knit pillow,0.24069496989250183,0.27570727467536926,0.2796050012111664,0.03891003131866455,0.2796050012111664,"383,431,811,785",0.5911788940429688,0.5723053812980652,/cluster/users/grad/2025/25t8103/project/experiments/support_v3_2026-06-02/normalized_512/eval_masks/pillow_same_color_cable_knit_grey_eval_mask.png,fixed_eval_mask,0.0,0.0,0.0,0.0,reflex,reflex,,0.086982861161232,0.086982861161232,17.71176868537978,0.13014022873941697,,/cluster/users/grad/2025/25t8103/project/outputs/e2_t5_baseline_matrix/pillow_same_color_cable_knit_grey/reflex/seed_12/result.png,3.6704485416412354,pillow_same_color_cable_knit_grey/reflex/seed_12,,12,data/pretty_free_candidates/pexels_plain_pillow_sofa_phase1.jpg,0.08514904975891113,"A cozy living room photo with a plain dark grey pillow on a rattan-backed sofa beside a wooden table, soft natural light, and a simple home interior.",17.85157974864958,0.12806221598346543,0.5598822842038652,0.5598822842038652,"A photo of the same plain dark grey pillow on the same rattan-backed sofa, with the entire pillow surface uniformly changed into same-color dark grey chunky cable-knit fabric, the same thick braided knitted columns covering every part of the pillow including the brightly lit left side, while preserving the pillow shape, outline, lighting, sofa, table, wall, and the rest of the scene.",pillow_same_color_cable_knit_grey
0.0,0.0,0.0,0.0,0.0,0.0,0.0,0.0,0.0,0.0,31,0.5387715101242065,0.0578254833817482,0.3697323203086853,36.97323203086853,0.9272693452380952,21.483013146846936,0.5676094889640808,0.5676094889640808,0.07911907881498337,0.8472571969032288,0.2704496383666992,0.2715875804424286,0.0011379420757293701,0.2715875804424286,True,0.07273065476190477,0.46828871965408325,0.0011379420757293701,0.037853422619047616,,,0.9165543145619084,0.0,0.037853422619047616,0.025184275184275184,0.07253878563642502,0.07253878563642502,20.877280290165928,0.09039324670911447,5.891695022583008,a grey cable-knit pillow,0.18208447098731995,0.29963383078575134,0.2796369791030884,0.09755250811576843,0.2796369791030884,"124,229,268,379",0.40738821029663086,0.3917490541934967,/cluster/users/grad/2025/25t8103/project/experiments/support_v3_2026-06-02/normalized_512/eval_masks/pillow_same_color_cable_knit_grey_eval_mask.png,fixed_eval_mask,0.0,0.0,0.0,0.0,rf_solver_edit,rf_solver_edit,,0.05912484973669052,0.05912484973669052,21.350496770796653,0.08560027530816823,,/cluster/users/grad/2025/25t8103/project/outputs/e2_t5_baseline_matrix/pillow_same_color_cable_knit_grey/rf_solver_edit/seed_10/result.png,6.428091526031494,pillow_same_color_cable_knit_grey/rf_solver_edit/seed_10,,10,data/pretty_free_candidates/pexels_plain_pillow_sofa_phase1.jpg,0.059632617980241776,"A cozy living room photo with a plain dark grey pillow on a rattan-backed sofa beside a wooden table, soft natural light, and a simple home interior.",21.33161195775005,0.08578658941984318,0.5497492174104838,0.5497492174104838,"A photo of the same plain dark grey pillow on the same rattan-backed sofa, with the entire pillow surface uniformly changed into same-color dark grey chunky cable-knit fabric, the same thick braided knitted columns covering every part of the pillow including the brightly lit left side, while preserving the pillow shape, outline, lighting, sofa, table, wall, and the rest of the scene.",pillow_same_color_cable_knit_grey
0.0,0.0,0.0,0.0,0.0,0.0,0.0,0.0,0.0,0.0,31,0.5387715101242065,0.0578254833817482,0.3697323203086853,36.97323203086853,0.9272693452380952,21.483013146846936,0.5676094889640808,0.5676094889640808,0.07911907881498337,0.8472571969032288,0.2704496383666992,0.2715875804424286,0.0011379420757293701,0.2715875804424286,True,0.07273065476190477,0.46828871965408325,0.0011379420757293701,0.037853422619047616,,,0.9165543145619084,0.0,0.037853422619047616,0.025184275184275184,0.07253878563642502,0.07253878563642502,20.877280290165928,0.09039324670911447,5.891695022583008,a grey cable-knit pillow,0.18208447098731995,0.29963383078575134,0.2796369791030884,0.09755250811576843,0.2796369791030884,"124,229,268,379",0.40738821029663086,0.3917490541934967,/cluster/users/grad/2025/25t8103/project/experiments/support_v3_2026-06-02/normalized_512/eval_masks/pillow_same_color_cable_knit_grey_eval_mask.png,fixed_eval_mask,0.0,0.0,0.0,0.0,rf_solver_edit,rf_solver_edit,,0.05912484973669052,0.05912484973669052,21.350496770796653,0.08560027530816823,,/cluster/users/grad/2025/25t8103/project/outputs/e2_t5_baseline_matrix/pillow_same_color_cable_knit_grey/rf_solver_edit/seed_11/result.png,6.428091526031494,pillow_same_color_cable_knit_grey/rf_solver_edit/seed_11,,11,data/pretty_free_candidates/pexels_plain_pillow_sofa_phase1.jpg,0.059632617980241776,"A cozy living room photo with a plain dark grey pillow on a rattan-backed sofa beside a wooden table, soft natural light, and a simple home interior.",21.33161195775005,0.08578658941984318,0.5497492174104838,0.5497492174104838,"A photo of the same plain dark grey pillow on the same rattan-backed sofa, with the entire pillow surface uniformly changed into same-color dark grey chunky cable-knit fabric, the same thick braided knitted columns covering every part of the pillow including the brightly lit left side, while preserving the pillow shape, outline, lighting, sofa, table, wall, and the rest of the scene.",pillow_same_color_cable_knit_grey
0.0,0.0,0.0,0.0,0.0,0.0,0.0,0.0,0.0,0.0,31,0.5387715101242065,0.0578254833817482,0.3697323203086853,36.97323203086853,0.9272693452380952,21.483013146846936,0.5676094889640808,0.5676094889640808,0.07911907881498337,0.8472571969032288,0.2704496383666992,0.2715875804424286,0.0011379420757293701,0.2715875804424286,True,0.07273065476190477,0.46828871965408325,0.0011379420757293701,0.037853422619047616,,,0.9165543145619084,0.0,0.037853422619047616,0.025184275184275184,0.07253878563642502,0.07253878563642502,20.877280290165928,0.09039324670911447,5.891695022583008,a grey cable-knit pillow,0.18208447098731995,0.29963383078575134,0.2796369791030884,0.09755250811576843,0.2796369791030884,"124,229,268,379",0.40738821029663086,0.3917490541934967,/cluster/users/grad/2025/25t8103/project/experiments/support_v3_2026-06-02/normalized_512/eval_masks/pillow_same_color_cable_knit_grey_eval_mask.png,fixed_eval_mask,0.0,0.0,0.0,0.0,rf_solver_edit,rf_solver_edit,,0.05912484973669052,0.05912484973669052,21.350496770796653,0.08560027530816823,,/cluster/users/grad/2025/25t8103/project/outputs/e2_t5_baseline_matrix/pillow_same_color_cable_knit_grey/rf_solver_edit/seed_12/result.png,6.428091526031494,pillow_same_color_cable_knit_grey/rf_solver_edit/seed_12,,12,data/pretty_free_candidates/pexels_plain_pillow_sofa_phase1.jpg,0.059632617980241776,"A cozy living room photo with a plain dark grey pillow on a rattan-backed sofa beside a wooden table, soft natural light, and a simple home interior.",21.33161195775005,0.08578658941984318,0.5497492174104838,0.5497492174104838,"A photo of the same plain dark grey pillow on the same rattan-backed sofa, with the entire pillow surface uniformly changed into same-color dark grey chunky cable-knit fabric, the same thick braided knitted columns covering every part of the pillow including the brightly lit left side, while preserving the pillow shape, outline, lighting, sofa, table, wall, and the rest of the scene.",pillow_same_color_cable_knit_grey
0.0,0.0,0.0,0.0,0.0,0.0,0.0,0.0,0.0,0.0,31,0.8614382147789001,0.039984092116355896,0.18310502171516418,18.31050217151642,0.9272693452380952,22.83018050894045,0.6867979168891907,0.6867979168891907,0.14539796113967896,0.9607221484184265,0.23269419372081757,0.2303992658853531,-0.0022949278354644775,0.2303992658853531,True,0.07273065476190477,0.8723865747451782,-0.0022949278354644775,0.037853422619047616,,,1.0932276951570068,0.0,0.037853422619047616,0.0,0.10103500634431839,0.10103500634431839,18.444541729104674,0.11961149361451447,11.217009544372559,a grey cable-knit pillow,0.22157353162765503,0.23196278512477875,0.24132700264453888,0.01975347101688385,0.24132700264453888,"124,229,268,379",0.2338254451751709,0.21184056997299194,/cluster/users/grad/2025/25t8103/project/experiments/support_v3_2026-06-02/normalized_512/eval_masks/pillow_same_color_cable_knit_grey_eval_mask.png,fixed_eval_mask,0.0,0.0,0.0,0.0,sam_flow_flux,sam_flow_flux,,0.042597271502017975,0.042597271502017975,22.36732364409606,0.07614367219697386,,/cluster/users/grad/2025/25t8103/project/outputs/e2_t5_baseline_matrix/pillow_same_color_cable_knit_grey/sam_flow_flux/seed_10/result.png,10.260451316833496,pillow_same_color_cable_knit_grey/sam_flow_flux/seed_10,,10,data/pretty_free_candidates/pexels_plain_pillow_sofa_phase1.jpg,0.04480935260653496,"A cozy living room photo with a plain dark grey pillow on a rattan-backed sofa beside a wooden table, soft natural light, and a simple home interior.",22.13251615532688,0.07823015527104789,0.6491451167461422,0.6491451167461422,"A photo of the same plain dark grey pillow on the same rattan-backed sofa, with the entire pillow surface uniformly changed into same-color dark grey chunky cable-knit fabric, the same thick braided knitted columns covering every part of the pillow including the brightly lit left side, while preserving the pillow shape, outline, lighting, sofa, table, wall, and the rest of the scene.",pillow_same_color_cable_knit_grey
0.0,0.0,0.0,0.0,0.0,0.0,0.0,0.0,0.0,0.0,31,0.9076749682426453,0.03583568334579468,0.1576249748468399,15.76249748468399,0.9272693452380952,23.868079187824776,0.6976861357688904,0.6976861357688904,0.13430088758468628,0.9532068371772766,0.23173066973686218,0.22960369288921356,-0.0021269768476486206,0.22960369288921356,True,0.07273065476190477,0.8914629220962524,-0.0021269768476486206,0.037853422619047616,,,1.0798007739692739,0.0,0.037853422619047616,0.0,0.09875784814357758,0.09875784814357758,18.60459220982265,0.117427655348694,11.31843090057373,a grey cable-knit pillow,0.2294316589832306,0.23404699563980103,0.2541126608848572,0.024681001901626587,0.2541126608848572,"124,229,268,379",0.20801348984241486,0.1832529753446579,/cluster/users/grad/2025/25t8103/project/experiments/support_v3_2026-06-02/normalized_512/eval_masks/pillow_same_color_cable_knit_grey_eval_mask.png,fixed_eval_mask,0.0,0.0,0.0,0.0,sam_flow_flux,sam_flow_flux,,0.03822843357920647,0.03822843357920647,23.379652196857293,0.0677668642489722,,/cluster/users/grad/2025/25t8103/project/outputs/e2_t5_baseline_matrix/pillow_same_color_cable_knit_grey/sam_flow_flux/seed_11/result.png,10.481962203979492,pillow_same_color_cable_knit_grey/sam_flow_flux/seed_11,,11,data/pretty_free_candidates/pexels_plain_pillow_sofa_phase1.jpg,0.04051969200372696,"A cozy living room photo with a plain dark grey pillow on a rattan-backed sofa beside a wooden table, soft natural light, and a simple home interior.",23.06230650345006,0.07028856466116395,0.6594487619253703,0.6594487619253703,"A photo of the same plain dark grey pillow on the same rattan-backed sofa, with the entire pillow surface uniformly changed into same-color dark grey chunky cable-knit fabric, the same thick braided knitted columns covering every part of the pillow including the brightly lit left side, while preserving the pillow shape, outline, lighting, sofa, table, wall, and the rest of the scene.",pillow_same_color_cable_knit_grey
0.0,0.0,0.0,0.0,0.0,0.0,0.0,0.0,0.0,0.0,31,0.9025623798370361,0.03554890677332878,0.15434220433235168,15.434220433235168,0.9272693452380952,24.041847131399273,0.7045882940292358,0.7045882940292358,0.10398214310407639,0.9602195024490356,0.2350974828004837,0.2244061529636383,-0.010691329836845398,0.2244061529636383,True,0.07273065476190477,0.9212896823883057,-0.010691329836845398,0.037853422619047616,,,1.0395317299783913,0.0,0.037853422619047616,0.0,0.11115166544914246,0.11115166544914246,17.655593200040993,0.13098463070596597,11.481036186218262,a grey cable-knit pillow,0.23976051807403564,0.2463870346546173,0.265564501285553,0.025803983211517334,0.265564501285553,"124,229,268,379",0.20547747611999512,0.18164880573749542,/cluster/users/grad/2025/25t8103/project/experiments/support_v3_2026-06-02/normalized_512/eval_masks/pillow_same_color_cable_knit_grey_eval_mask.png,fixed_eval_mask,0.0,0.0,0.0,0.0,sam_flow_flux,sam_flow_flux,,0.038070015609264374,0.038070015609264374,23.493050527083064,0.06688788652483912,,/cluster/users/grad/2025/25t8103/project/outputs/e2_t5_baseline_matrix/pillow_same_color_cable_knit_grey/sam_flow_flux/seed_12/result.png,11.04443073272705,pillow_same_color_cable_knit_grey/sam_flow_flux/seed_12,,12,data/pretty_free_candidates/pexels_plain_pillow_sofa_phase1.jpg,0.040836401283741,"A cozy living room photo with a plain dark grey pillow on a rattan-backed sofa beside a wooden table, soft natural light, and a simple home interior.",23.050366902848396,0.0703852495698233,0.6650987204636568,0.6650987204636568,"A photo of the same plain dark grey pillow on the same rattan-backed sofa, with the entire pillow surface uniformly changed into same-color dark grey chunky cable-knit fabric, the same thick braided knitted columns covering every part of the pillow including the brightly lit left side, while preserving the pillow shape, outline, lighting, sofa, table, wall, and the rest of the scene.",pillow_same_color_cable_knit_grey
0.0,0.0,0.0,0.0,0.0,0.0,0.0,0.0,0.0,0.0,31,0.5388599038124084,0.05397168546915054,0.31013867259025574,31.013867259025574,0.9272693452380952,20.862413441120587,0.588349461555481,0.588349461555481,0.1336645781993866,0.8791924118995667,0.23855692148208618,0.25469136238098145,0.016134440898895264,0.25469136238098145,True,0.07273065476190477,0.5390257835388184,0.016134440898895264,0.037853422619047616,,,1.2693719490620237,0.0,0.037853422619047616,0.0,0.08191835135221481,0.08191835135221481,19.758979244837786,0.1028137116447755,17.144350051879883,a grey cable-knit pillow,0.22291038930416107,0.27252197265625,0.2715454399585724,0.048635050654411316,0.2715454399585724,"124,229,268,379",0.35857081413269043,0.3400003910064697,/cluster/users/grad/2025/25t8103/project/experiments/support_v3_2026-06-02/normalized_512/eval_masks/pillow_same_color_cable_knit_grey_eval_mask.png,fixed_eval_mask,0.0,0.0,0.0,0.0,sam_flow_sd3,sam_flow_sd3,,0.05571867153048515,0.05571867153048515,20.687461721244468,0.09239041416112544,,/cluster/users/grad/2025/25t8103/project/outputs/e2_t5_baseline_matrix/pillow_same_color_cable_knit_grey/sam_flow_sd3/seed_10/result.png,13.5061674118042,pillow_same_color_cable_knit_grey/sam_flow_sd3/seed_10,,10,data/pretty_free_candidates/pexels_plain_pillow_sofa_phase1.jpg,0.05671042203903198,"A cozy living room photo with a plain dark grey pillow on a rattan-backed sofa beside a wooden table, soft natural light, and a simple home interior.",20.648451456442952,0.09280629329125484,0.5533971582520624,0.5533971582520624,"A photo of the same plain dark grey pillow on the same rattan-backed sofa, with the entire pillow surface uniformly changed into same-color dark grey chunky cable-knit fabric, the same thick braided knitted columns covering every part of the pillow including the brightly lit left side, while preserving the pillow shape, outline, lighting, sofa, table, wall, and the rest of the scene.",pillow_same_color_cable_knit_grey
0.0,0.0,0.0,0.0,0.0,0.0,0.0,0.0,0.0,0.0,31,0.5262575149536133,0.04827091097831726,0.2838050127029419,28.38050127029419,0.9272693452380952,21.374298709185805,0.5990322232246399,0.5990322232246399,0.16667576134204865,0.8877614736557007,0.24436697363853455,0.2703709304332733,0.02600395679473877,0.2703709304332733,True,0.07273065476190477,0.4821869134902954,0.02600395679473877,0.037853422619047616,,,1.1143085318732888,0.0,0.037853422619047616,0.0,0.09385509043931961,0.09385509043931961,18.76639693534286,0.11526040817639366,17.720426559448242,a grey cable-knit pillow,0.21221846342086792,0.29436710476875305,0.2725117802619934,0.06029331684112549,0.2725117802619934,"124,229,268,379",0.3305412232875824,0.3115769624710083,/cluster/users/grad/2025/25t8103/project/experiments/support_v3_2026-06-02/normalized_512/eval_masks/pillow_same_color_cable_knit_grey_eval_mask.png,fixed_eval_mask,0.0,0.0,0.0,0.0,sam_flow_sd3,sam_flow_sd3,,0.050434358417987823,0.050434358417987823,21.139525799436377,0.08770487017469365,,/cluster/users/grad/2025/25t8103/project/outputs/e2_t5_baseline_matrix/pillow_same_color_cable_knit_grey/sam_flow_sd3/seed_11/result.png,15.902621269226074,pillow_same_color_cable_knit_grey/sam_flow_sd3/seed_11,,11,data/pretty_free_candidates/pexels_plain_pillow_sofa_phase1.jpg,0.05207797512412071,"A cozy living room photo with a plain dark grey pillow on a rattan-backed sofa beside a wooden table, soft natural light, and a simple home interior.",21.021611730540926,0.08890361353747922,0.5589430958960231,0.5589430958960231,"A photo of the same plain dark grey pillow on the same rattan-backed sofa, with the entire pillow surface uniformly changed into same-color dark grey chunky cable-knit fabric, the same thick braided knitted columns covering every part of the pillow including the brightly lit left side, while preserving the pillow shape, outline, lighting, sofa, table, wall, and the rest of the scene.",pillow_same_color_cable_knit_grey
0.0,0.0,0.0,0.0,0.0,0.0,0.0,0.0,0.0,0.0,31,0.5155365467071533,0.047445978969335556,0.2639808654785156,26.398086547851562,0.9272693452380952,22.0780960024411,0.6128853559494019,0.6128853559494019,0.14326557517051697,0.8978403806686401,0.247022807598114,0.26278990507125854,0.01576709747314453,0.26278990507125854,True,0.07273065476190477,0.46837514638900757,0.01576709747314453,0.037853422619047616,,,1.105151076445767,0.0,0.037853422619047616,0.0,0.10174740850925446,0.10174740850925446,18.306625480619985,0.12152586639316561,15.779512405395508,a grey cable-knit pillow,0.21047401428222656,0.26189154386520386,0.2495017647743225,0.03902775049209595,0.2495017647743225,"124,229,268,379",0.31480151414871216,0.29585516452789307,/cluster/users/grad/2025/25t8103/project/experiments/support_v3_2026-06-02/normalized_512/eval_masks/pillow_same_color_cable_knit_grey_eval_mask.png,fixed_eval_mask,0.0,0.0,0.0,0.0,sam_flow_sd3,sam_flow_sd3,,0.049919117242097855,0.049919117242097855,21.70446536038311,0.08218200488902447,,/cluster/users/grad/2025/25t8103/project/outputs/e2_t5_baseline_matrix/pillow_same_color_cable_knit_grey/sam_flow_sd3/seed_12/result.png,14.278149604797363,pillow_same_color_cable_knit_grey/sam_flow_sd3/seed_12,,12,data/pretty_free_candidates/pexels_plain_pillow_sofa_phase1.jpg,0.05188099667429924,"A cozy living room photo with a plain dark grey pillow on a rattan-backed sofa beside a wooden table, soft natural light, and a simple home interior.",21.51363637194367,0.08400752336279729,0.5759677543187921,0.5759677543187921,"A photo of the same plain dark grey pillow on the same rattan-backed sofa, with the entire pillow surface uniformly changed into same-color dark grey chunky cable-knit fabric, the same thick braided knitted columns covering every part of the pillow including the brightly lit left side, while preserving the pillow shape, outline, lighting, sofa, table, wall, and the rest of the scene.",pillow_same_color_cable_knit_grey
0.0,0.0,0.0,0.0,0.0,0.0,0.0,0.0,0.0,0.0,31,0.5687692165374756,0.0677047148346901,0.3571813106536865,35.71813106536865,0.9272693452380952,19.693524369945766,0.5486413836479187,0.5486413836479187,0.10820206254720688,0.9030648469924927,0.23434950411319733,0.2375398427248001,0.003190338611602783,0.2375398427248001,True,0.07273065476190477,0.5661299824714661,0.003190338611602783,0.037853422619047616,,,1.204200272485935,0.0,0.037853422619047616,0.00015356265356265356,0.10871152579784393,0.10871152579784393,17.385370107030322,0.13512368940075986,22.593542098999023,a grey cable-knit pillow,0.24860744178295135,0.31086474657058716,0.2947036027908325,0.046096161007881165,0.2947036027908325,"124,229,268,379",0.3982146978378296,0.37892624735832214,/cluster/users/grad/2025/25t8103/project/experiments/support_v3_2026-06-02/normalized_512/eval_masks/pillow_same_color_cable_knit_grey_eval_mask.png,fixed_eval_mask,0.0,0.0,0.0,0.0,splitflow,splitflow,,0.06942266970872879,0.06942266970872879,19.521014783968877,0.10566940470392439,,/cluster/users/grad/2025/25t8103/project/outputs/e2_t5_baseline_matrix/pillow_same_color_cable_knit_grey/splitflow/seed_10/result.png,18.762279510498047,pillow_same_color_cable_knit_grey/splitflow/seed_10,,10,data/pretty_free_candidates/pexels_plain_pillow_sofa_phase1.jpg,0.07090989500284195,"A cozy living room photo with a plain dark grey pillow on a rattan-backed sofa beside a wooden table, soft natural light, and a simple home interior.",19.417829586509974,0.10693220459893613,0.5130859566177262,0.5130859566177262,"A photo of the same plain dark grey pillow on the same rattan-backed sofa, with the entire pillow surface uniformly changed into same-color dark grey chunky cable-knit fabric, the same thick braided knitted columns covering every part of the pillow including the brightly lit left side, while preserving the pillow shape, outline, lighting, sofa, table, wall, and the rest of the scene.",pillow_same_color_cable_knit_grey
0.0,0.0,0.0,0.0,0.0,0.0,0.0,0.0,0.0,0.0,31,0.3318023085594177,0.10255216807126999,0.5582802891731262,55.82802891731262,0.9272693452380952,17.304522191194604,0.42641156911849976,0.42641156911849976,0.14411920309066772,0.7345521450042725,0.22876481711864471,0.27386295795440674,0.045098140835762024,0.27386295795440674,True,0.07273065476190477,0.2844626009464264,0.045098140835762024,0.037853422619047616,,,1.142564747045399,0.0,0.037853422619047616,0.0,0.07689835131168365,0.07689835131168365,20.04243320850626,0.09951266100196862,12.873716354370117,a grey cable-knit pillow,0.19802060723304749,0.25109976530075073,0.25533896684646606,0.05731835961341858,0.25533896684646606,"124,229,268,379",0.5985236167907715,0.5830897688865662,/cluster/users/grad/2025/25t8103/project/experiments/support_v3_2026-06-02/normalized_512/eval_masks/pillow_same_color_cable_knit_grey_eval_mask.png,fixed_eval_mask,0.0,0.0,0.0,0.0,splitflow,splitflow,,0.10242925584316254,0.10242925584316254,17.324880338080813,0.13606799428322663,,/cluster/users/grad/2025/25t8103/project/outputs/e2_t5_baseline_matrix/pillow_same_color_cable_knit_grey/splitflow/seed_11/result.png,11.26738452911377,pillow_same_color_cable_knit_grey/splitflow/seed_11,,11,data/pretty_free_candidates/pexels_plain_pillow_sofa_phase1.jpg,0.10146280378103256,"A cozy living room photo with a plain dark grey pillow on a rattan-backed sofa beside a wooden table, soft natural light, and a simple home interior.",17.40202874666246,0.13486478446990038,0.40770530174936526,0.40770530174936526,"A photo of the same plain dark grey pillow on the same rattan-backed sofa, with the entire pillow surface uniformly changed into same-color dark grey chunky cable-knit fabric, the same thick braided knitted columns covering every part of the pillow including the brightly lit left side, while preserving the pillow shape, outline, lighting, sofa, table, wall, and the rest of the scene.",pillow_same_color_cable_knit_grey
0.0,0.0,0.0,0.0,0.0,0.0,0.0,0.0,0.0,0.0,31,0.4413272440433502,0.0777030885219574,0.436283677816391,43.6283677816391,0.9272693452380952,19.025996859325957,0.4974032938480377,0.4974032938480377,0.15941369533538818,0.8629987835884094,0.25466597080230713,0.2842250466346741,0.029559075832366943,0.2842250466346741,True,0.07273065476190477,0.374051034450531,0.029559075832366943,0.037853422619047616,,,1.129012566684462,0.0,0.037853422619047616,0.0,0.09739504754543304,0.09739504754543304,18.282962648851356,0.12185738876451645,16.901185989379883,a grey cable-knit pillow,0.1646905243396759,0.27650144696235657,0.25147709250450134,0.08678656816482544,0.25147709250450134,"124,229,268,379",0.4848712086677551,0.4641621708869934,/cluster/users/grad/2025/25t8103/project/experiments/support_v3_2026-06-02/normalized_512/eval_masks/pillow_same_color_cable_knit_grey_eval_mask.png,fixed_eval_mask,0.0,0.0,0.0,0.0,splitflow,splitflow,,0.07881073653697968,0.07881073653697968,18.950715049912507,0.11284030399960897,,/cluster/users/grad/2025/25t8103/project/outputs/e2_t5_baseline_matrix/pillow_same_color_cable_knit_grey/splitflow/seed_12/result.png,14.96988296508789,pillow_same_color_cable_knit_grey/splitflow/seed_12,,12,data/pretty_free_candidates/pexels_plain_pillow_sofa_phase1.jpg,0.07951421290636063,"A cozy living room photo with a plain dark grey pillow on a rattan-backed sofa beside a wooden table, soft natural light, and a simple home interior.",18.92347784619879,0.11319470388077855,0.4670887277235292,0.4670887277235292,"A photo of the same plain dark grey pillow on the same rattan-backed sofa, with the entire pillow surface uniformly changed into same-color dark grey chunky cable-knit fabric, the same thick braided knitted columns covering every part of the pillow including the brightly lit left side, while preserving the pillow shape, outline, lighting, sofa, table, wall, and the rest of the scene.",pillow_same_color_cable_knit_grey
