avg_beta_t,avg_cos_anchor_region,avg_cos_base_anchor,avg_cos_base_region,avg_cos_rec_base,avg_cos_rec_edit_total,avg_edit_norm,avg_mask_area,avg_rec_energy,avg_rec_norm,clip_direction_similarity,clip_image_source_similarity,clip_source_score,clip_target_minus_source,clip_target_score,complete,dino_source_similarity,edit_score,eval_mask_area,failure_flag,failure_note,fill_texture_ratio,final_mask_area,fixed_eval_mask_area,inside_blue_ratio,inside_mask_l1,inside_mask_psnr,inside_mask_rmse,inside_texture_energy,local_clip_source_score,local_clip_target_minus_source,local_clip_target_score,local_crop_box,mask_path,mask_source,max_beta_t,max_edit_norm,max_rec_energy,max_rec_norm,method,method_display,missing,outside_mask_l1,outside_mask_psnr,outside_mask_rmse,peak_gpu_memory_gb,result_image,ring_texture_energy,run,runtime_seconds,seed,source_image,source_l1,source_prompt,source_psnr,source_rmse,source_ssim,source_ssim_luma,target_prompt,task
1.0,0.9303441842397054,1.000000002483527,0.9303441767891248,-0.47867168486118317,-0.0014410709530541983,55.16568720340729,0.0498511902987957,0.019112178745369118,16.410365144411724,0.11266428232192993,0.9388043284416199,0.2571425139904022,0.018658220767974854,0.2758007347583771,True,0.8400046825408936,0.018658220767974854,0.03788829985119048,,,0.7209837834730196,0.0498511902987957,0.03788829985119048,0.7270635164160786,0.1598108410835266,13.380521049580341,0.21427620571475092,8.15656566619873,0.30490243434906006,0.03020453453063965,0.3351069688796997,"160,119,336,259",/cluster/users/grad/2025/25t8103/project/experiments/support_v3_2026-06-02/normalized_512/eval_masks/bowl_apple_inside_eval_mask.png,fixed_eval_mask,1.0,111.25521850585938,0.04978067800402641,31.730886459350586,support_v3_controller_rmsgap,DeCE-RF,,0.053861748427152634,20.549019175573772,0.09387480356034604,13.382913589477539,/cluster/users/grad/2025/25t8103/project/outputs/pretty_matrix/bowl_apple_inside/support_v3_controller_rmsgap/seed_10/result.png,11.313105583190918,bowl_apple_inside/support_v3_controller_rmsgap/seed_10,45.281528966035694,10,/cluster/users/grad/2025/25t8103/project/data/pretty_free_candidates/pexels_empty_ceramic_bowl_phase1.jpg,0.05787597969174385,"A top-down photo of an empty blue ceramic bowl on a wooden board in a tidy table setting, with no fruit inside the bowl.",19.9062551035609,0.101085123220269,0.8584698599107752,0.8584698599107752,"A top-down photo of the same blue ceramic bowl on the same wooden board, with one small red apple centered inside the bowl, while the bowl, board, tableware, leaves, and background remain unchanged.",bowl_apple_inside
1.0,0.927708255747954,1.0000000273187954,0.9277082706491152,-0.48090923950076103,-0.0006750710696602861,51.92300456762314,0.0498511902987957,0.019154126445452373,16.46789050102234,0.0897105485200882,0.9315102696418762,0.26189982891082764,0.015724092721939087,0.2776239216327667,True,0.8328248858451843,0.015724092721939087,0.03788829985119048,,,0.6614266164492772,0.0498511902987957,0.03788829985119048,0.7517643448910709,0.10531138628721237,15.964461330585706,0.1591391131404624,7.435835361480713,0.308477520942688,0.012058138847351074,0.32053565979003906,"160,119,336,259",/cluster/users/grad/2025/25t8103/project/experiments/support_v3_2026-06-02/normalized_512/eval_masks/bowl_apple_inside_eval_mask.png,fixed_eval_mask,1.0,96.04899597167969,0.050993435084819794,32.436363220214844,support_v3_controller_rmsgap,DeCE-RF,,0.05493916943669319,20.326658660794475,0.09630904290228573,13.382582664489746,/cluster/users/grad/2025/25t8103/project/outputs/pretty_matrix/bowl_apple_inside/support_v3_controller_rmsgap/seed_11/result.png,11.242116928100586,bowl_apple_inside/support_v3_controller_rmsgap/seed_11,45.81530342402402,11,/cluster/users/grad/2025/25t8103/project/data/pretty_free_candidates/pexels_empty_ceramic_bowl_phase1.jpg,0.05684768408536911,"A top-down photo of an empty blue ceramic bowl on a wooden board in a tidy table setting, with no fruit inside the bowl.",20.050878140670193,0.09941595596578785,0.8634692746380978,0.8634692746380978,"A top-down photo of the same blue ceramic bowl on the same wooden board, with one small red apple centered inside the bowl, while the bowl, board, tableware, leaves, and background remain unchanged.",bowl_apple_inside
1.0,0.9272106736898422,0.9999999900658926,0.9272106736898422,-0.4808750165005525,-0.0006794828847584237,52.143897434075676,0.0498511902987957,0.01918607627643117,16.493574539820354,0.08871893584728241,0.9288783073425293,0.26113560795783997,0.01583579182624817,0.27697139978408813,True,0.8282482624053955,0.01583579182624817,0.03788829985119048,,,0.6520221702112509,0.0498511902987957,0.03788829985119048,0.7519177661859466,0.10517601668834686,15.966787322731102,0.1590965030239398,7.300289630889893,0.30561062693595886,0.011987686157226562,0.3175983130931854,"160,119,336,259",/cluster/users/grad/2025/25t8103/project/experiments/support_v3_2026-06-02/normalized_512/eval_masks/bowl_apple_inside_eval_mask.png,fixed_eval_mask,1.0,100.87434387207031,0.050993435084819794,32.436363220214844,support_v3_controller_rmsgap,DeCE-RF,,0.05498287454247475,20.319264950804907,0.09639105917482979,13.382582664489746,/cluster/users/grad/2025/25t8103/project/outputs/pretty_matrix/bowl_apple_inside/support_v3_controller_rmsgap/seed_12/result.png,11.196382522583008,bowl_apple_inside/support_v3_controller_rmsgap/seed_12,45.3062344690552,12,/cluster/users/grad/2025/25t8103/project/data/pretty_free_candidates/pexels_empty_ceramic_bowl_phase1.jpg,0.056884605437517166,"A top-down photo of an empty blue ceramic bowl on a wooden board in a tidy table setting, with no fruit inside the bowl.",20.04442644228408,0.09948982750437944,0.8635596358906327,0.8635596358906327,"A top-down photo of the same blue ceramic bowl on the same wooden board, with one small red apple centered inside the bowl, while the bowl, board, tableware, leaves, and background remain unchanged.",bowl_apple_inside
1.0,0.9279953315854073,1.0,0.9279953564206759,-0.4206923407812913,-0.0009326671368701985,53.595706482728325,0.0498511902987957,0.021423337302015472,10.69605847199758,0.09384377300739288,0.9291083812713623,0.26858651638031006,0.016841232776641846,0.2854277491569519,True,0.8308134078979492,0.016841232776641846,0.03788829985119048,,,0.6365161742146924,0.0498511902987957,0.03788829985119048,0.7470082847499233,0.1102108508348465,15.816881461480099,0.1618661089336998,6.873554706573486,0.3099602460861206,0.011009573936462402,0.320969820022583,"160,119,336,259",/cluster/users/grad/2025/25t8103/project/experiments/support_v3_2026-06-02/normalized_512/eval_masks/bowl_apple_inside_eval_mask.png,fixed_eval_mask,1.0,118.42251586914062,0.050993435084819794,14.954216003417969,support_v3_fixed,Fixed DeCE displacement,,0.05513707920908928,20.37676473815835,0.09575506669214622,13.37995719909668,/cluster/users/grad/2025/25t8103/project/outputs/pretty_matrix/bowl_apple_inside/support_v3_fixed/seed_10/result.png,10.798711776733398,bowl_apple_inside/support_v3_fixed/seed_10,47.86918764199072,10,/cluster/users/grad/2025/25t8103/project/data/pretty_free_candidates/pexels_empty_ceramic_bowl_phase1.jpg,0.05722372978925705,"A top-down photo of an empty blue ceramic bowl on a wooden board in a tidy table setting, with no fruit inside the bowl.",20.08139244167891,0.09906731165894134,0.8636961103183038,0.8636961103183038,"A top-down photo of the same blue ceramic bowl on the same wooden board, with one small red apple centered inside the bowl, while the bowl, board, tableware, leaves, and background remain unchanged.",bowl_apple_inside
1.0,0.926959735651811,1.0000000099341075,0.9269597629706064,-0.4215042019883792,-0.0010624796336742293,53.20935503641764,0.0498511902987957,0.021415182830727037,10.694196820259094,0.0932655930519104,0.9317646026611328,0.26972001791000366,0.016385555267333984,0.28610557317733765,True,0.8285748958587646,0.016385555267333984,0.03788829985119048,,,0.6380940183224022,0.0498511902987957,0.03788829985119048,0.7500767106474379,0.10768831521272659,15.944059173671318,0.15951335198509906,6.884697914123535,0.312359482049942,0.010343223810195923,0.32270270586013794,"160,119,336,259",/cluster/users/grad/2025/25t8103/project/experiments/support_v3_2026-06-02/normalized_512/eval_masks/bowl_apple_inside_eval_mask.png,fixed_eval_mask,1.0,124.70762634277344,0.050993435084819794,14.945463180541992,support_v3_fixed,Fixed DeCE displacement,,0.05509141832590103,20.38690433679983,0.0956433508521464,13.37995719909668,/cluster/users/grad/2025/25t8103/project/outputs/pretty_matrix/bowl_apple_inside/support_v3_fixed/seed_11/result.png,10.789472579956055,bowl_apple_inside/support_v3_fixed/seed_11,161.77690495899878,11,/cluster/users/grad/2025/25t8103/project/data/pretty_free_candidates/pexels_empty_ceramic_bowl_phase1.jpg,0.05708422139286995,"A top-down photo of an empty blue ceramic bowl on a wooden board in a tidy table setting, with no fruit inside the bowl.",20.103228197288278,0.09881857573320318,0.8642197891996596,0.8642197891996596,"A top-down photo of the same blue ceramic bowl on the same wooden board, with one small red apple centered inside the bowl, while the bowl, board, tableware, leaves, and background remain unchanged.",bowl_apple_inside
1.0,0.9273683478434881,1.000000002483527,0.9273683056235313,-0.42053892587622005,-0.0009979178160695785,53.50910270214081,0.0498511902987957,0.021461556617092963,10.70980155467987,0.09281237423419952,0.9294618368148804,0.26832082867622375,0.016576290130615234,0.284897118806839,True,0.8293470144271851,0.016576290130615234,0.03788829985119048,,,0.6393904545282822,0.0498511902987957,0.03788829985119048,0.7490027615833078,0.10854286700487137,15.887647569626715,0.160552702981277,6.891960620880127,0.30982705950737,0.011566609144210815,0.3213936686515808,"160,119,336,259",/cluster/users/grad/2025/25t8103/project/experiments/support_v3_2026-06-02/normalized_512/eval_masks/bowl_apple_inside_eval_mask.png,fixed_eval_mask,1.0,124.83917236328125,0.050993435084819794,14.957131385803223,support_v3_fixed,Fixed DeCE displacement,,0.05510150268673897,20.387568504904596,0.09563603774581891,13.37995719909668,/cluster/users/grad/2025/25t8103/project/outputs/pretty_matrix/bowl_apple_inside/support_v3_fixed/seed_12/result.png,10.77895450592041,bowl_apple_inside/support_v3_fixed/seed_12,43.63044597300177,12,/cluster/users/grad/2025/25t8103/project/data/pretty_free_candidates/pexels_empty_ceramic_bowl_phase1.jpg,0.05712630972266197,"A top-down photo of an empty blue ceramic bowl on a wooden board in a tidy table setting, with no fruit inside the bowl.",20.09822467794323,0.09887551671621336,0.8641030026783427,0.8641030026783427,"A top-down photo of the same blue ceramic bowl on the same wooden board, with one small red apple centered inside the bowl, while the bowl, board, tableware, leaves, and background remain unchanged.",bowl_apple_inside
1.0,0.9361144701639811,0.9999999975164732,0.9361144602298737,-0.4680258712420861,0.0010855897066903708,38.772874553998314,0.0334821417927742,0.012318084695531676,11.067475120226542,0.1898336112499237,0.9399635791778564,0.3013794720172882,0.0014129281044006348,0.30279240012168884,True,0.7594617009162903,0.0014129281044006348,0.026402064732142856,,,1.2879859108808533,0.0334821417927742,0.026402064732142856,0.0,0.12325312942266464,14.901881339510547,0.1798481326890748,7.9297356605529785,0.24542927742004395,0.03569731116294861,0.28112658858299255,"50,53,176,203",/cluster/users/grad/2025/25t8103/project/experiments/support_v3_2026-06-02/normalized_512/eval_masks/brown_bowl_lemon_phase2_eval_mask.png,fixed_eval_mask,1.0,167.4945831298828,0.03556782752275467,22.233440399169922,support_v3_controller_rmsgap,DeCE-RF,,0.027667922899127007,25.024291607338082,0.0560770836559671,13.382582664489746,/cluster/users/grad/2025/25t8103/project/outputs/pretty_matrix/brown_bowl_lemon_phase2/support_v3_controller_rmsgap/seed_10/result.png,6.156694412231445,brown_bowl_lemon_phase2/support_v3_controller_rmsgap/seed_10,45.81176231207792,10,/cluster/users/grad/2025/25t8103/project/data/phase2_candidates/pexels_wooden_bowls_topdown_6962757.jpg,0.030191570520401,A top-down photo of a small empty wooden bowl on a pale wooden table beside a larger wooden bowl and folded cloth.,24.07201833668928,0.06257474423442728,0.9638532358604902,0.9638532358604902,"A top-down photo of the same small wooden bowl on the same pale wooden table, with one small yellow lemon wedge centered inside the small bowl, while the bowls, table, folded cloth, lighting, and background remain unchanged.",brown_bowl_lemon_phase2
1.0,0.9354940404494604,1.0000000124176343,0.9354940305153528,-0.45897156931459904,-0.0017508924756839406,41.143212040265404,0.0334821417927742,0.013093671780855706,11.841805656750997,0.15357719361782074,0.9468564987182617,0.3066504895687103,-0.007462620735168457,0.29918786883354187,True,0.7600873112678528,-0.007462620735168457,0.026402064732142856,,,1.1949662932708667,0.0334821417927742,0.026402064732142856,0.0,0.10099953413009644,17.70663338259762,0.13021719346101418,8.295675277709961,0.24478137493133545,0.025561988353729248,0.2703433632850647,"50,53,176,203",/cluster/users/grad/2025/25t8103/project/experiments/support_v3_2026-06-02/normalized_512/eval_masks/brown_bowl_lemon_phase2_eval_mask.png,fixed_eval_mask,1.0,125.67084503173828,0.0386340357363224,24.084535598754883,support_v3_controller_rmsgap,DeCE-RF,,0.029247906059026718,24.925316766565256,0.056719730893499076,13.382582664489746,/cluster/users/grad/2025/25t8103/project/outputs/pretty_matrix/brown_bowl_lemon_phase2/support_v3_controller_rmsgap/seed_11/result.png,6.942183494567871,brown_bowl_lemon_phase2/support_v3_controller_rmsgap/seed_11,69.11640704900492,11,/cluster/users/grad/2025/25t8103/project/data/phase2_candidates/pexels_wooden_bowls_topdown_6962757.jpg,0.031142299994826317,A top-down photo of a small empty wooden bowl on a pale wooden table beside a larger wooden bowl and folded cloth.,24.46131997681981,0.05983206625880919,0.96165674871967,0.96165674871967,"A top-down photo of the same small wooden bowl on the same pale wooden table, with one small yellow lemon wedge centered inside the small bowl, while the bowls, table, folded cloth, lighting, and background remain unchanged.",brown_bowl_lemon_phase2
1.0,0.9354943732420603,1.000000002483527,0.9354943856596947,-0.4588577002286911,-0.0016919947423351307,41.17461917797724,0.0334821417927742,0.013088626922884336,11.836794257164001,0.15268048644065857,0.9467548727989197,0.3071724772453308,-0.007628321647644043,0.29954415559768677,True,0.7600858211517334,-0.007628321647644043,0.026402064732142856,,,1.1993265672046158,0.0334821417927742,0.026402064732142856,0.0,0.10067834705114365,17.75905305694345,0.12943369434698734,8.308296203613281,0.24542848765850067,0.02581198513507843,0.2712404727935791,"50,53,176,203",/cluster/users/grad/2025/25t8103/project/experiments/support_v3_2026-06-02/normalized_512/eval_masks/brown_bowl_lemon_phase2_eval_mask.png,fixed_eval_mask,1.0,122.80868530273438,0.0386340357363224,24.084535598754883,support_v3_controller_rmsgap,DeCE-RF,,0.029226569458842278,24.93540804084384,0.05665387212468021,13.382582664489746,/cluster/users/grad/2025/25t8103/project/outputs/pretty_matrix/brown_bowl_lemon_phase2/support_v3_controller_rmsgap/seed_12/result.png,6.9274678230285645,brown_bowl_lemon_phase2/support_v3_controller_rmsgap/seed_12,69.13215839408804,12,/cluster/users/grad/2025/25t8103/project/data/phase2_candidates/pexels_wooden_bowls_topdown_6962757.jpg,0.031113041564822197,A top-down photo of a small empty wooden bowl on a pale wooden table beside a larger wooden bowl and folded cloth.,24.476682416253766,0.05972633683303604,0.9616444909111153,0.9616444909111153,"A top-down photo of the same small wooden bowl on the same pale wooden table, with one small yellow lemon wedge centered inside the small bowl, while the bowls, table, folded cloth, lighting, and background remain unchanged.",brown_bowl_lemon_phase2
1.0,0.936986210445563,1.0000000099341075,0.9369861880938212,-0.4222603303690751,-0.0022302385968941962,41.088208039601646,0.0334821417927742,0.013624058041993218,8.989889542261759,0.1737174093723297,0.9436826109886169,0.3077409565448761,-0.0029459893703460693,0.30479496717453003,True,0.76460862159729,-0.0029459893703460693,0.026402064732142856,,,1.220785293873748,0.0334821417927742,0.026402064732142856,0.0,0.100579634308815,17.891823946357036,0.12747023976103758,8.325395584106445,0.24838383495807648,0.027873381972312927,0.2762572169303894,"50,53,176,203",/cluster/users/grad/2025/25t8103/project/experiments/support_v3_2026-06-02/normalized_512/eval_masks/brown_bowl_lemon_phase2_eval_mask.png,fixed_eval_mask,1.0,133.51687622070312,0.0386340357363224,16.219133377075195,support_v3_fixed,Fixed DeCE displacement,,0.029252326115965843,24.924558092115795,0.05672468533015176,13.37995719909668,/cluster/users/grad/2025/25t8103/project/outputs/pretty_matrix/brown_bowl_lemon_phase2/support_v3_fixed/seed_10/result.png,6.819705009460449,brown_bowl_lemon_phase2/support_v3_fixed/seed_10,62.32605737099948,10,/cluster/users/grad/2025/25t8103/project/data/phase2_candidates/pexels_wooden_bowls_topdown_6962757.jpg,0.03113551437854767,A top-down photo of a small empty wooden bowl on a pale wooden table beside a larger wooden bowl and folded cloth.,24.483384625130512,0.05968026855424087,0.9611176420013462,0.9611176420013462,"A top-down photo of the same small wooden bowl on the same pale wooden table, with one small yellow lemon wedge centered inside the small bowl, while the bowls, table, folded cloth, lighting, and background remain unchanged.",brown_bowl_lemon_phase2
1.0,0.9369420682390531,1.0000000496705372,0.9369420682390531,-0.4223833853999774,-0.0022185061698110076,41.000665028889976,0.0334821417927742,0.01360440912443058,8.982893943786621,0.1739337146282196,0.9436884522438049,0.30774936079978943,-0.0028564631938934326,0.304892897605896,True,0.7651291489601135,-0.0028564631938934326,0.026402064732142856,,,1.2201909583831032,0.0334821417927742,0.026402064732142856,0.0,0.10017728060483932,17.923812203681265,0.12700165774594474,8.326038360595703,0.24598059058189392,0.02752414345741272,0.27350473403930664,"50,53,176,203",/cluster/users/grad/2025/25t8103/project/experiments/support_v3_2026-06-02/normalized_512/eval_masks/brown_bowl_lemon_phase2_eval_mask.png,fixed_eval_mask,1.0,132.92080688476562,0.0386340357363224,16.2100830078125,support_v3_fixed,Fixed DeCE displacement,,0.029252411797642708,24.924956583959986,0.05672208297081994,13.37995719909668,/cluster/users/grad/2025/25t8103/project/outputs/pretty_matrix/brown_bowl_lemon_phase2/support_v3_fixed/seed_11/result.png,6.823553562164307,brown_bowl_lemon_phase2/support_v3_fixed/seed_11,59.06749766600842,11,/cluster/users/grad/2025/25t8103/project/data/phase2_candidates/pexels_wooden_bowls_topdown_6962757.jpg,0.03112497366964817,A top-down photo of a small empty wooden bowl on a pale wooden table beside a larger wooden bowl and folded cloth.,24.487576135534756,0.05965147586521151,0.9611516506013508,0.9611516506013508,"A top-down photo of the same small wooden bowl on the same pale wooden table, with one small yellow lemon wedge centered inside the small bowl, while the bowls, table, folded cloth, lighting, and background remain unchanged.",brown_bowl_lemon_phase2
1.0,0.9366814345121384,0.9999999701976776,0.9366814568638802,-0.4223979165156682,-0.0022550326530108578,40.86122906208038,0.0334821417927742,0.013605809222402362,8.98564871152242,0.17280730605125427,0.9445031881332397,0.3073786497116089,-0.0032887160778045654,0.3040899336338043,True,0.7682042121887207,-0.0032887160778045654,0.026402064732142856,,,1.2228338780732813,0.0334821417927742,0.026402064732142856,0.0,0.1004391759634018,17.894942590471285,0.1274244801473089,8.328468322753906,0.24805042147636414,0.027324765920639038,0.2753751873970032,"50,53,176,203",/cluster/users/grad/2025/25t8103/project/experiments/support_v3_2026-06-02/normalized_512/eval_masks/brown_bowl_lemon_phase2_eval_mask.png,fixed_eval_mask,1.0,133.80894470214844,0.0386340357363224,16.223751068115234,support_v3_fixed,Fixed DeCE displacement,,0.029240023344755173,24.931389993860478,0.0566800859714648,13.38031816482544,/cluster/users/grad/2025/25t8103/project/outputs/pretty_matrix/brown_bowl_lemon_phase2/support_v3_fixed/seed_12/result.png,6.810792922973633,brown_bowl_lemon_phase2/support_v3_fixed/seed_12,57.367141552997055,12,/cluster/users/grad/2025/25t8103/project/data/phase2_candidates/pexels_wooden_bowls_topdown_6962757.jpg,0.031119829043745995,A top-down photo of a small empty wooden bowl on a pale wooden table beside a larger wooden bowl and folded cloth.,24.489769080015137,0.059636417435004606,0.9612726309124004,0.9612726309124004,"A top-down photo of the same small wooden bowl on the same pale wooden table, with one small yellow lemon wedge centered inside the small bowl, while the bowls, table, folded cloth, lighting, and background remain unchanged.",brown_bowl_lemon_phase2
1.0,0.9280055165290833,1.0000000173846881,0.9280055090785027,-0.48706963285803795,-1.4918252423020325e-05,46.11226121584574,0.015625,0.026395091069086146,20.71551712354024,0.19089093804359436,0.8773261308670044,0.20676201581954956,0.06253916025161743,0.269301176071167,True,0.9698036909103394,0.06253916025161743,0.021321614583333332,,,1.1650416338474474,0.015625,0.021321614583333332,0.14885496183206107,0.06687123328447342,18.750492403347764,0.1154716521919184,12.259472846984863,0.1826038360595703,0.09006664156913757,0.2726704776287079,"165,22,335,135",/cluster/users/grad/2025/25t8103/project/experiments/support_v3_2026-06-02/normalized_512/eval_masks/cat_crown_eval_mask.png,fixed_eval_mask,1.0,93.04385375976562,0.08544035255908966,48.33605194091797,support_v3_controller_rmsgap,DeCE-RF,,0.055714067071676254,19.759424269758664,0.10280844407936912,13.382582664489746,/cluster/users/grad/2025/25t8103/project/outputs/pretty_matrix/cat_crown/support_v3_controller_rmsgap/seed_10/result.png,10.52277660369873,cat_crown/support_v3_controller_rmsgap/seed_10,45.79900091001764,10,/cluster/users/grad/2025/25t8103/project/data/paper_images/cat_sitting_in_grass.jpg,0.055951960384845734,A photo of a cat sitting in grass.,19.735275275096306,0.10309467556177469,0.8752980526969425,0.8752980526969425,"A photo of the same cat sitting in the same grass, wearing a small golden crown centered on top of its head between the ears.",cat_crown
1.0,0.9251640637715658,1.0000000149011612,0.9251640563209852,-0.4811501068373521,-0.00026198737858370197,52.10152769088745,0.02566964365541935,0.02655175531981513,20.965964476267498,0.263261616230011,0.8773050308227539,0.20279192924499512,0.07334008812904358,0.2761320173740387,True,0.970008373260498,0.07334008812904358,0.021321614583333332,,,1.1380176505291288,0.02566964365541935,0.021321614583333332,0.14967284623773172,0.0711791068315506,18.073742588054266,0.12482824670329926,12.11217975616455,0.1786985695362091,0.09760650992393494,0.27630507946014404,"165,22,335,135",/cluster/users/grad/2025/25t8103/project/experiments/support_v3_2026-06-02/normalized_512/eval_masks/cat_crown_eval_mask.png,fixed_eval_mask,1.0,111.37157440185547,0.08434727787971497,48.056922912597656,support_v3_controller_rmsgap,DeCE-RF,,0.05673861503601074,19.604765578690454,0.10465541906730313,13.255289554595947,/cluster/users/grad/2025/25t8103/project/outputs/pretty_matrix/cat_crown/support_v3_controller_rmsgap/seed_11/result.png,10.643226623535156,cat_crown/support_v3_controller_rmsgap/seed_11,128.13554282812402,11,/cluster/users/grad/2025/25t8103/project/data/paper_images/cat_sitting_in_grass.jpg,0.05704651027917862,A photo of a cat sitting in grass.,19.56580264025462,0.10512593415471219,0.8737082551847591,0.8737082551847591,"A photo of the same cat sitting in the same grass, wearing a small golden crown on its head.",cat_crown
1.0,0.9250591124097506,1.0000000099341075,0.9250590999921163,-0.48148030415177345,-0.0003335764001045997,51.118948658307396,0.02566964365541935,0.026571409640988957,20.9822332461675,0.27393341064453125,0.8805269002914429,0.21117568016052246,0.07693079113960266,0.2881064713001251,True,0.9707636833190918,0.07693079113960266,0.021321614583333332,,,1.1459129180360477,0.02566964365541935,0.021321614583333332,0.14776444929116686,0.07080990821123123,18.114168568418965,0.12424861935710996,12.043498039245605,0.17739829421043396,0.09849247336387634,0.2758907675743103,"165,22,335,135",/cluster/users/grad/2025/25t8103/project/experiments/support_v3_2026-06-02/normalized_512/eval_masks/cat_crown_eval_mask.png,fixed_eval_mask,1.0,106.23957824707031,0.08434727787971497,48.056922912597656,support_v3_controller_rmsgap,DeCE-RF,,0.05654897168278694,19.64041896387286,0.10422671544262732,13.255289554595947,/cluster/users/grad/2025/25t8103/project/outputs/pretty_matrix/cat_crown/support_v3_controller_rmsgap/seed_12/result.png,10.50995922088623,cat_crown/support_v3_controller_rmsgap/seed_12,84.28995084087364,12,/cluster/users/grad/2025/25t8103/project/data/paper_images/cat_sitting_in_grass.jpg,0.0568530336022377,A photo of a cat sitting in grass.,19.601599749563075,0.10469357077945493,0.8747055501872241,0.8747055501872241,"A photo of the same cat sitting in the same grass, wearing a small golden crown on its head.",cat_crown
1.0,0.9285126229127248,1.0000000074505806,0.9285126104950905,-0.42366763452688855,-0.0004189906114030843,50.29681799809138,0.02566964365541935,0.029078877967549488,11.69955595334371,0.26642000675201416,0.8744983673095703,0.21047447621822357,0.07653726637363434,0.2870117425918579,True,0.9727794528007507,0.07653726637363434,0.021321614583333332,,,1.0975928214142938,0.02566964365541935,0.021321614583333332,0.13576881134133043,0.07662276923656464,17.738115206336758,0.12974607827988854,11.761561393737793,0.1770794540643692,0.09475688636302948,0.2718363404273987,"165,22,335,135",/cluster/users/grad/2025/25t8103/project/experiments/support_v3_2026-06-02/normalized_512/eval_masks/cat_crown_eval_mask.png,fixed_eval_mask,1.0,121.8409423828125,0.08434727787971497,17.948619842529297,support_v3_fixed,Fixed DeCE displacement,,0.05741248279809952,19.48483555432037,0.10611046611633271,13.380579948425293,/cluster/users/grad/2025/25t8103/project/outputs/pretty_matrix/cat_crown/support_v3_fixed/seed_10/result.png,10.715778350830078,cat_crown/support_v3_fixed/seed_10,95.37233806797303,10,/cluster/users/grad/2025/25t8103/project/data/paper_images/cat_sitting_in_grass.jpg,0.05782207474112511,A photo of a cat sitting in grass.,19.439229964792414,0.10666906829858465,0.8714406851372616,0.8714406851372616,"A photo of the same cat sitting in the same grass, wearing a small golden crown on its head.",cat_crown
1.0,0.9287576327721278,1.0000000223517418,0.9287576451897621,-0.42384908596674603,-0.00036537021863599267,50.17795976003011,0.02566964365541935,0.02903224999802963,11.685515801111857,0.2694491147994995,0.8722594976425171,0.20947709679603577,0.07824882864952087,0.28772592544555664,True,0.9725326895713806,0.07824882864952087,0.021321614583333332,,,1.1056930228344148,0.02566964365541935,0.021321614583333332,0.1390403489640131,0.07595384865999222,17.770960234801244,0.12925637985362418,11.917975425720215,0.1762750744819641,0.0931190550327301,0.2693941295146942,"165,22,335,135",/cluster/users/grad/2025/25t8103/project/experiments/support_v3_2026-06-02/normalized_512/eval_masks/cat_crown_eval_mask.png,fixed_eval_mask,1.0,122.48226928710938,0.08434727787971497,17.948619842529297,support_v3_fixed,Fixed DeCE displacement,,0.05726081505417824,19.515480520237972,0.10573675401676788,13.380579948425293,/cluster/users/grad/2025/25t8103/project/outputs/pretty_matrix/cat_crown/support_v3_fixed/seed_11/result.png,10.778738021850586,cat_crown/support_v3_fixed/seed_11,87.53777218400501,11,/cluster/users/grad/2025/25t8103/project/data/paper_images/cat_sitting_in_grass.jpg,0.05765938386321068,A photo of a cat sitting in grass.,19.469943887863003,0.10629254499097703,0.8716616177346147,0.8716616177346147,"A photo of the same cat sitting in the same grass, wearing a small golden crown on its head.",cat_crown
1.0,0.9284632429480553,1.000000037252903,0.9284632603327433,-0.423172514885664,-0.00037990045863504446,50.11942501862844,0.02566964365541935,0.02912614117182481,11.712763150533041,0.26905637979507446,0.8745869994163513,0.2095128297805786,0.07726621627807617,0.2867790460586548,True,0.9726385474205017,0.07726621627807617,0.021321614583333332,,,1.0957676357709067,0.02566964365541935,0.021321614583333332,0.1341330425299891,0.07694493234157562,17.710834542198512,0.1301542257103459,11.737991333007812,0.17759954929351807,0.09499216079711914,0.2725917100906372,"165,22,335,135",/cluster/users/grad/2025/25t8103/project/experiments/support_v3_2026-06-02/normalized_512/eval_masks/cat_crown_eval_mask.png,fixed_eval_mask,1.0,122.55848693847656,0.08434727787971497,17.948619842529297,support_v3_fixed,Fixed DeCE displacement,,0.057415056973695755,19.48266493373726,0.10613698664022062,13.380579948425293,/cluster/users/grad/2025/25t8103/project/outputs/pretty_matrix/cat_crown/support_v3_fixed/seed_12/result.png,10.712117195129395,cat_crown/support_v3_fixed/seed_12,96.8405449250713,12,/cluster/users/grad/2025/25t8103/project/data/paper_images/cat_sitting_in_grass.jpg,0.05783146619796753,A photo of a cat sitting in grass.,19.436264549658205,0.10670549197943507,0.8713400799849768,0.8713400799849768,"A photo of the same cat sitting in the same grass, wearing a small golden crown on its head.",cat_crown
1.0,0.9309528296192487,1.0000000149011612,0.9309527973333994,-0.5083407511313757,-0.0009874318378327491,50.61086561282476,0.0691964328289032,0.018375148846340988,16.283600211143494,0.2957572042942047,0.923190712928772,0.23998206853866577,0.07211875915527344,0.3121008276939392,True,0.8910647034645081,0.07211875915527344,0.05151948474702381,,,1.1892267783633235,0.0691964328289032,0.05151948474702381,0.008462146000225657,0.23474973440170288,10.461019291856806,0.29988105869811443,12.161703109741211,0.2342521697282791,0.07509566843509674,0.30934783816337585,"68,151,249,329",/cluster/users/grad/2025/25t8103/project/experiments/support_v3_2026-06-02/normalized_512/eval_masks/dog_bow_tie_phase2_eval_mask.png,fixed_eval_mask,1.0,123.0965347290039,0.04754924401640892,31.000043869018555,support_v3_controller_rmsgap,DeCE-RF,,0.06190962716937065,20.387134705842087,0.09564081421216257,13.382582664489746,/cluster/users/grad/2025/25t8103/project/outputs/pretty_matrix/dog_bow_tie_phase2/support_v3_controller_rmsgap/seed_10/result.png,10.226563453674316,dog_bow_tie_phase2/support_v3_controller_rmsgap/seed_10,45.50260854989756,10,/cluster/users/grad/2025/25t8103/project/data/paper_images/dog_sitting_cc0.jpg,0.07081425935029984,A photo of a shaggy grey and white dog sitting in grass.,18.758550592312602,0.11536457497343403,0.8478079581010808,0.8478079581010808,"A photo of the same shaggy grey and white dog sitting in the same grass, wearing a small red bow tie attached at the front of its neck, while the dog, grass, pose, and background remain unchanged.",dog_bow_tie_phase2
1.0,0.9309835707147917,1.0000000149011612,0.9309835707147917,-0.5084245391190052,-0.0009654101844110604,50.619099497795105,0.0691964328289032,0.018369521965117503,16.280441641807556,0.29751306772232056,0.9236394166946411,0.2388252317905426,0.07226628065109253,0.31109151244163513,True,0.8922916650772095,0.07226628065109253,0.05151948474702381,,,1.1878411128351165,0.0691964328289032,0.05151948474702381,0.008123660160216631,0.23620104789733887,10.42326288175153,0.30118743915640367,12.166245460510254,0.2333611100912094,0.07577191293239594,0.30913302302360535,"68,151,249,329",/cluster/users/grad/2025/25t8103/project/experiments/support_v3_2026-06-02/normalized_512/eval_masks/dog_bow_tie_phase2_eval_mask.png,fixed_eval_mask,1.0,123.0965347290039,0.04754924401640892,31.000043869018555,support_v3_controller_rmsgap,DeCE-RF,,0.06191769242286682,20.386427277390023,0.09564860406344038,13.382582664489746,/cluster/users/grad/2025/25t8103/project/outputs/pretty_matrix/dog_bow_tie_phase2/support_v3_controller_rmsgap/seed_11/result.png,10.242317199707031,dog_bow_tie_phase2/support_v3_controller_rmsgap/seed_11,45.408646684954874,11,/cluster/users/grad/2025/25t8103/project/data/paper_images/dog_sitting_cc0.jpg,0.070896677672863,A photo of a shaggy grey and white dog sitting in grass.,18.74490963227475,0.11554589432976618,0.8473624606917786,0.8473624606917786,"A photo of the same shaggy grey and white dog sitting in the same grass, wearing a small red bow tie attached at the front of its neck, while the dog, grass, pose, and background remain unchanged.",dog_bow_tie_phase2
1.0,0.930985614657402,1.000000002483527,0.9309856295585632,-0.5083112269639969,-0.0009792632299649995,50.68666932980219,0.0691964328289032,0.018392312553866457,16.296836256980896,0.29600223898887634,0.9226164817810059,0.23918180167675018,0.07243217527866364,0.3116139769554138,True,0.8918272852897644,0.07243217527866364,0.05151948474702381,,,1.1933730945672447,0.0691964328289032,0.05151948474702381,0.00755951709353492,0.23578894138336182,10.429256689351059,0.30097967266280423,12.219959259033203,0.2332397848367691,0.07483364641666412,0.3080734312534332,"68,151,249,329",/cluster/users/grad/2025/25t8103/project/experiments/support_v3_2026-06-02/normalized_512/eval_masks/dog_bow_tie_phase2_eval_mask.png,fixed_eval_mask,1.0,123.0965347290039,0.04754924401640892,31.000043869018555,support_v3_controller_rmsgap,DeCE-RF,,0.0619254894554615,20.385018069651007,0.09566412345102346,13.382582664489746,/cluster/users/grad/2025/25t8103/project/outputs/pretty_matrix/dog_bow_tie_phase2/support_v3_controller_rmsgap/seed_12/result.png,10.239848136901855,dog_bow_tie_phase2/support_v3_controller_rmsgap/seed_12,45.55197358201258,12,/cluster/users/grad/2025/25t8103/project/data/paper_images/dog_sitting_cc0.jpg,0.07088284194469452,A photo of a shaggy grey and white dog sitting in grass.,18.746091007087124,0.11553017990874534,0.847389027821317,0.847389027821317,"A photo of the same shaggy grey and white dog sitting in the same grass, wearing a small red bow tie attached at the front of its neck, while the dog, grass, pose, and background remain unchanged.",dog_bow_tie_phase2
1.0,0.9299855704108874,0.9999999925494194,0.9299855555097262,-0.43998220687111217,-0.001541219878163247,51.614667773246765,0.0691964328289032,0.021364648826420307,10.76201589902242,0.2972533702850342,0.9246553778648376,0.2407873570919037,0.07138067483901978,0.31216803193092346,True,0.8710849285125732,0.07138067483901978,0.05151948474702381,,,1.035395158507901,0.0691964328289032,0.05151948474702381,0.018503892587160103,0.22619099915027618,10.941125678793702,0.28375512620521837,10.02540111541748,0.2210279107093811,0.07868960499763489,0.299717515707016,"68,151,249,329",/cluster/users/grad/2025/25t8103/project/experiments/support_v3_2026-06-02/normalized_512/eval_masks/dog_bow_tie_phase2_eval_mask.png,fixed_eval_mask,1.0,123.0965347290039,0.04754924401640892,14.61228084564209,support_v3_fixed,Fixed DeCE displacement,,0.06262854486703873,20.276217539461076,0.09686996058461919,13.38031816482544,/cluster/users/grad/2025/25t8103/project/outputs/pretty_matrix/dog_bow_tie_phase2/support_v3_fixed/seed_10/result.png,9.6826810836792,dog_bow_tie_phase2/support_v3_fixed/seed_10,48.97919370100135,10,/cluster/users/grad/2025/25t8103/project/data/paper_images/dog_sitting_cc0.jpg,0.07105519622564316,A photo of a shaggy grey and white dog sitting in grass.,18.844382691060968,0.11423018113244782,0.8490084618059809,0.8490084618059809,"A photo of the same shaggy grey and white dog sitting in the same grass, wearing a small red bow tie attached at the front of its neck, while the dog, grass, pose, and background remain unchanged.",dog_bow_tie_phase2
1.0,0.9293679197629293,1.000000034769376,0.9293679520487785,-0.4396633232633273,-0.0016623910942143993,51.70992169777552,0.0691964328289032,0.021368828679745395,10.75925370057424,0.29985731840133667,0.9255563020706177,0.24124190211296082,0.0716409981250763,0.3128829002380371,True,0.8698420524597168,0.0716409981250763,0.05151948474702381,,,1.0397971063730442,0.0691964328289032,0.05151948474702381,0.017149949227123998,0.22636562585830688,10.94372857534107,0.2836701061768306,10.05812931060791,0.2212572544813156,0.08004401624202728,0.3013012707233429,"68,151,249,329",/cluster/users/grad/2025/25t8103/project/experiments/support_v3_2026-06-02/normalized_512/eval_masks/dog_bow_tie_phase2_eval_mask.png,fixed_eval_mask,1.0,123.0965347290039,0.04754924401640892,14.587780952453613,support_v3_fixed,Fixed DeCE displacement,,0.06262332201004028,20.280698669813837,0.09681999737034104,13.38031816482544,/cluster/users/grad/2025/25t8103/project/outputs/pretty_matrix/dog_bow_tie_phase2/support_v3_fixed/seed_11/result.png,9.673165321350098,dog_bow_tie_phase2/support_v3_fixed/seed_11,52.27669135200267,11,/cluster/users/grad/2025/25t8103/project/data/paper_images/dog_sitting_cc0.jpg,0.07105924189090729,A photo of a shaggy grey and white dog sitting in grass.,18.84826713918382,0.11417910726127703,0.849023486041493,0.849023486041493,"A photo of the same shaggy grey and white dog sitting in the same grass, wearing a small red bow tie attached at the front of its neck, while the dog, grass, pose, and background remain unchanged.",dog_bow_tie_phase2
1.0,0.9295149346192678,1.0,0.9295149520039558,-0.4412010945379734,-0.0015326987774907745,51.77812385559082,0.0691964328289032,0.021360641864400048,10.750366926193237,0.2981579899787903,0.9246362447738647,0.2409709393978119,0.07166719436645508,0.31263813376426697,True,0.8703089952468872,0.07166719436645508,0.05151948474702381,,,1.0428292901582992,0.0691964328289032,0.05151948474702381,0.0192936928805145,0.22581815719604492,10.9562898103665,0.2832601687103474,10.090627670288086,0.22113969922065735,0.0794840157032013,0.30062371492385864,"68,151,249,329",/cluster/users/grad/2025/25t8103/project/experiments/support_v3_2026-06-02/normalized_512/eval_masks/dog_bow_tie_phase2_eval_mask.png,fixed_eval_mask,1.0,123.0965347290039,0.04754924401640892,14.544084548950195,support_v3_fixed,Fixed DeCE displacement,,0.06261366605758667,20.280900172696768,0.09681775128121134,13.37995719909668,/cluster/users/grad/2025/25t8103/project/outputs/pretty_matrix/dog_bow_tie_phase2/support_v3_fixed/seed_12/result.png,9.676202774047852,dog_bow_tie_phase2/support_v3_fixed/seed_12,53.422857079000096,12,/cluster/users/grad/2025/25t8103/project/data/paper_images/dog_sitting_cc0.jpg,0.07102188467979431,A photo of a shaggy grey and white dog sitting in grass.,18.85239448800981,0.11412486468209959,0.849224400772406,0.849224400772406,"A photo of the same shaggy grey and white dog sitting in the same grass, wearing a small red bow tie attached at the front of its neck, while the dog, grass, pose, and background remain unchanged.",dog_bow_tie_phase2
1.0,0.9317158808310827,0.9999999677141508,0.9317159131169319,-0.38012774537007016,-0.0023999251078142456,87.55155301094055,0.22077547013759613,0.015278956256224774,14.795096139113108,0.23189884424209595,0.8685643672943115,0.20162254571914673,0.07221722602844238,0.2738397717475891,True,0.9152647256851196,0.07221722602844238,0.2055935329861111,,,0.9544486028049535,0.22077547013759613,0.2055935329861111,0.0027268329155121607,0.10081003606319427,16.347750394983525,0.15226934523365712,9.478523254394531,0.21425668895244598,0.06401924788951874,0.2782759368419647,"0,0,512,358",/cluster/users/grad/2025/25t8103/project/experiments/support_v3_2026-06-02/normalized_512/eval_masks/dog_front_sunglasses_phase2_eval_mask.png,fixed_eval_mask,1.0,239.25411987304688,0.036935314536094666,26.629667282104492,support_v3_controller_rmsgap,DeCE-RF,,0.05221977084875107,21.592167111134547,0.08325141895380116,14.485894203186035,/cluster/users/grad/2025/25t8103/project/outputs/pretty_matrix/dog_front_sunglasses_phase2/support_v3_controller_rmsgap/seed_10/result.png,9.930889129638672,dog_front_sunglasses_phase2/support_v3_controller_rmsgap/seed_10,47.82481480506249,10,/cluster/users/grad/2025/25t8103/project/data/pretty_free_candidates/commons_dog_front_medusa.jpg,0.062209613621234894,A close-up front-facing portrait of a dog indoors.,19.88313136053289,0.10135459252023311,0.8916458254007276,0.8916458254007276,"A close-up front-facing portrait of the same dog wearing black sunglasses aligned across both eyes indoors, while the dog face, ears, fur, nose, floor, and lighting remain unchanged.",dog_front_sunglasses_phase2
1.0,0.931687188645204,0.9999999900658926,0.9316872209310532,-0.3812482878565788,-0.0024179544974079667,87.48064307371776,0.22077547013759613,0.015251907556375954,14.776727120081583,0.22963014245033264,0.8653637766838074,0.20032767951488495,0.07214115560054779,0.27246883511543274,True,0.9122552275657654,0.07214115560054779,0.2055935329861111,,,0.9507762163186413,0.22077547013759613,0.2055935329861111,0.0049698728944011965,0.10054464638233185,16.427946879267367,0.15086991860493268,9.493840217590332,0.21298129856586456,0.06809581816196442,0.281077116727829,"0,0,512,358",/cluster/users/grad/2025/25t8103/project/experiments/support_v3_2026-06-02/normalized_512/eval_masks/dog_front_sunglasses_phase2_eval_mask.png,fixed_eval_mask,1.0,239.25411987304688,0.036935314536094666,26.629667282104492,support_v3_controller_rmsgap,DeCE-RF,,0.05214589834213257,21.609332008041466,0.0830870614695422,14.485894203186035,/cluster/users/grad/2025/25t8103/project/outputs/pretty_matrix/dog_front_sunglasses_phase2/support_v3_controller_rmsgap/seed_11/result.png,9.985357284545898,dog_front_sunglasses_phase2/support_v3_controller_rmsgap/seed_11,48.039505666005425,11,/cluster/users/grad/2025/25t8103/project/data/pretty_free_candidates/commons_dog_front_medusa.jpg,0.06209636479616165,A close-up front-facing portrait of a dog indoors.,19.929430995462404,0.10081576506695206,0.8928258238581763,0.8928258238581763,"A close-up front-facing portrait of the same dog wearing black sunglasses aligned across both eyes indoors, while the dog face, ears, fur, nose, floor, and lighting remain unchanged.",dog_front_sunglasses_phase2
1.0,0.9311639741063118,1.0000000124176343,0.9311639790733656,-0.3801959678530693,-0.0023746331577664628,88.01011339823405,0.22077547013759613,0.015278180107998196,14.792469123999277,0.23093390464782715,0.8665578961372375,0.20072679221630096,0.07238738238811493,0.2731141746044159,True,0.9095249176025391,0.07238738238811493,0.2055935329861111,,,0.9521874552827969,0.22077547013759613,0.2055935329861111,0.0052997317148260545,0.10071408003568649,16.38120672237798,0.15168396197359288,9.468185424804688,0.21385987102985382,0.06686379015445709,0.2807236611843109,"0,0,512,358",/cluster/users/grad/2025/25t8103/project/experiments/support_v3_2026-06-02/normalized_512/eval_masks/dog_front_sunglasses_phase2_eval_mask.png,fixed_eval_mask,1.0,239.25411987304688,0.036935314536094666,26.629667282104492,support_v3_controller_rmsgap,DeCE-RF,,0.05217231065034866,21.604535615417745,0.08313295523949668,14.485894203186035,/cluster/users/grad/2025/25t8103/project/outputs/pretty_matrix/dog_front_sunglasses_phase2/support_v3_controller_rmsgap/seed_12/result.png,9.943614959716797,dog_front_sunglasses_phase2/support_v3_controller_rmsgap/seed_12,47.77109017095063,12,/cluster/users/grad/2025/25t8103/project/data/pretty_free_candidates/commons_dog_front_medusa.jpg,0.062152180820703506,A close-up front-facing portrait of a dog indoors.,19.905272366049577,0.1010965608238467,0.8923903172491776,0.8923903172491776,"A close-up front-facing portrait of the same dog wearing black sunglasses aligned across both eyes indoors, while the dog face, ears, fur, nose, floor, and lighting remain unchanged.",dog_front_sunglasses_phase2
1.0,0.931858075161775,0.9999999975164732,0.931858092546463,-0.34304163604974747,-0.00273892546344238,86.3360656897227,0.22077547013759613,0.015696750934390973,8.440340061982473,0.2307668924331665,0.8639854788780212,0.20251601934432983,0.07396480441093445,0.2764808237552643,True,0.9104986190795898,0.07396480441093445,0.2055935329861111,,,0.935499248044086,0.22077547013759613,0.2055935329861111,0.0007696705809913357,0.10053587704896927,16.44243980302399,0.15061839306852107,9.206295013427734,0.20999452471733093,0.06851527094841003,0.27850979566574097,"0,0,512,358",/cluster/users/grad/2025/25t8103/project/experiments/support_v3_2026-06-02/normalized_512/eval_masks/dog_front_sunglasses_phase2_eval_mask.png,fixed_eval_mask,1.0,239.25411987304688,0.036935314536094666,11.065717697143555,support_v3_fixed,Fixed DeCE displacement,,0.05206940323114395,21.61124302256741,0.08306878319036377,14.482519149780273,/cluster/users/grad/2025/25t8103/project/outputs/pretty_matrix/dog_front_sunglasses_phase2/support_v3_fixed/seed_10/result.png,9.841050148010254,dog_front_sunglasses_phase2/support_v3_fixed/seed_10,53.1041734360042,10,/cluster/users/grad/2025/25t8103/project/data/pretty_free_candidates/commons_dog_front_medusa.jpg,0.062033794820308685,A close-up front-facing portrait of a dog indoors.,19.937130570993276,0.10072643689392065,0.8926705955848532,0.8926705955848532,"A close-up front-facing portrait of the same dog wearing black sunglasses aligned across both eyes indoors, while the dog face, ears, fur, nose, floor, and lighting remain unchanged.",dog_front_sunglasses_phase2
1.0,0.9327182347575823,1.0,0.9327182422081629,-0.3417058624327183,-0.003010804864364521,88.8721050421397,0.22077547013759613,0.01569506693825436,8.431787669658661,0.22916120290756226,0.8607344627380371,0.19833090901374817,0.07378736138343811,0.2721182703971863,True,0.9052029848098755,0.07378736138343811,0.2055935329861111,,,0.9307041413033402,0.22077547013759613,0.2055935329861111,0.005365703478911026,0.09777970612049103,16.671951376393388,0.14669064939252505,9.192009925842285,0.2108750194311142,0.06896655261516571,0.2798415720462799,"0,0,512,358",/cluster/users/grad/2025/25t8103/project/experiments/support_v3_2026-06-02/normalized_512/eval_masks/dog_front_sunglasses_phase2_eval_mask.png,fixed_eval_mask,1.0,239.25411987304688,0.036935314536094666,11.065717697143555,support_v3_fixed,Fixed DeCE displacement,,0.05194639414548874,21.66467230002606,0.08255937280370812,14.482519149780273,/cluster/users/grad/2025/25t8103/project/outputs/pretty_matrix/dog_front_sunglasses_phase2/support_v3_fixed/seed_11/result.png,9.87640380859375,dog_front_sunglasses_phase2/support_v3_fixed/seed_11,57.261440080998,11,/cluster/users/grad/2025/25t8103/project/data/pretty_free_candidates/commons_dog_front_medusa.jpg,0.06136942654848099,A close-up front-facing portrait of a dog indoors.,20.07062022003683,0.09919025094448586,0.8960657747342711,0.8960657747342711,"A close-up front-facing portrait of the same dog wearing black sunglasses aligned across both eyes indoors, while the dog face, ears, fur, nose, floor, and lighting remain unchanged.",dog_front_sunglasses_phase2
1.0,0.9322187677025795,1.0000000273187954,0.9322187726696333,-0.34193627536296844,-0.002612248919225143,87.31441775957744,0.22077547013759613,0.01573078103926188,8.446899970372518,0.2329237163066864,0.8652005195617676,0.20127712190151215,0.07436572015285492,0.27564284205436707,True,0.9084064364433289,0.07436572015285492,0.2055935329861111,,,0.9423436897304907,0.22077547013759613,0.2055935329861111,0.000527774112679773,0.10117907077074051,16.361223103361638,0.15203334289396161,9.310162544250488,0.21183666586875916,0.07032766938209534,0.2821643352508545,"0,0,512,358",/cluster/users/grad/2025/25t8103/project/experiments/support_v3_2026-06-02/normalized_512/eval_masks/dog_front_sunglasses_phase2_eval_mask.png,fixed_eval_mask,1.0,239.25411987304688,0.036935314536094666,11.065717697143555,support_v3_fixed,Fixed DeCE displacement,,0.05220220983028412,21.575077345899544,0.08341538002554258,14.482519149780273,/cluster/users/grad/2025/25t8103/project/outputs/pretty_matrix/dog_front_sunglasses_phase2/support_v3_fixed/seed_12/result.png,9.87979507446289,dog_front_sunglasses_phase2/support_v3_fixed/seed_12,85.35165689198766,12,/cluster/users/grad/2025/25t8103/project/data/pretty_free_candidates/commons_dog_front_medusa.jpg,0.062271542847156525,A close-up front-facing portrait of a dog indoors.,19.880197101136545,0.1013888378212131,0.891346452797152,0.891346452797152,"A close-up front-facing portrait of the same dog wearing black sunglasses aligned across both eyes indoors, while the dog face, ears, fur, nose, floor, and lighting remain unchanged.",dog_front_sunglasses_phase2
1.0,0.9319107060631117,0.9999999577800432,0.9319106861948967,-0.34866902670667815,-4.187836869580981e-06,20.267445544401806,0.1026785746216774,0.003965342009905726,15.687262455622355,0.2876932919025421,0.973029613494873,0.29839667677879333,0.024716168642044067,0.3231128454208374,True,0.8908684849739075,0.024716168642044067,0.032999674479166664,,,0.5944941495146133,0.1026785746216774,0.032999674479166664,0.0,0.3825181722640991,7.075111937473549,0.442837513046917,2.552267551422119,0.2631440758705139,0.043160051107406616,0.30630412697792053,"69,271,230,465",/cluster/users/grad/2025/25t8103/project/experiments/support_v3_2026-06-02/normalized_512/eval_masks/green_mug_orange_phase2_eval_mask.png,fixed_eval_mask,1.0,62.130985260009766,0.013750034384429455,32.90960693359375,support_v3_controller_rmsgap,DeCE-RF,,0.010677222162485123,24.825681363129664,0.057374106052442635,13.415494441986084,/cluster/users/grad/2025/25t8103/project/outputs/pretty_matrix/green_mug_orange_phase2/support_v3_controller_rmsgap/seed_10/result.png,4.293175220489502,green_mug_orange_phase2/support_v3_controller_rmsgap/seed_10,57.45575599500444,10,/cluster/users/grad/2025/25t8103/project/data/pretty_free_candidates/pexels_green_mug_marble_7828522.jpg,0.022947853431105614,A studio photo of a plain green ceramic mug on a white marble block against a pink background.,20.152673827426597,0.09825763543018912,0.973712635548389,0.973712635548389,"A studio photo of the same plain ceramic mug on the same white marble block against the same pink background, with only the mug color changed from green to orange.",green_mug_orange_phase2
1.0,0.9315763662258784,1.00000003973643,0.9315763637423515,-0.3498202833579853,-3.7393763960835713e-06,20.238799393177032,0.1026785746216774,0.003975761101173703,15.721254587173462,0.28224289417266846,0.9715346097946167,0.2959652543067932,0.024998992681503296,0.3209642469882965,True,0.8959618210792542,0.024998992681503296,0.032999674479166664,,,0.6023221022685463,0.1026785746216774,0.032999674479166664,0.0,0.3806728720664978,7.119134382414823,0.4405987704701439,2.595594644546509,0.2649312913417816,0.04210343956947327,0.3070347309112549,"69,271,230,465",/cluster/users/grad/2025/25t8103/project/experiments/support_v3_2026-06-02/normalized_512/eval_masks/green_mug_orange_phase2_eval_mask.png,fixed_eval_mask,1.0,62.130985260009766,0.013750034384429455,32.88667297363281,support_v3_controller_rmsgap,DeCE-RF,,0.010681849904358387,24.832255067599736,0.057330700282074355,13.417665958404541,/cluster/users/grad/2025/25t8103/project/outputs/pretty_matrix/green_mug_orange_phase2/support_v3_controller_rmsgap/seed_11/result.png,4.3093132972717285,green_mug_orange_phase2/support_v3_controller_rmsgap/seed_11,39.1676054319978,11,/cluster/users/grad/2025/25t8103/project/data/pretty_free_candidates/pexels_green_mug_marble_7828522.jpg,0.02289143204689026,A studio photo of a plain green ceramic mug on a white marble block against a pink background.,20.184313616967614,0.0979003668425952,0.9735920813660026,0.9735920813660026,"A studio photo of the same plain ceramic mug on the same white marble block against the same pink background, with only the mug color changed from green to orange.",green_mug_orange_phase2
1.0,0.931672694782416,0.9999999925494194,0.9316727171341578,-0.34986483899410814,-4.9757442142824475e-06,20.352946877479553,0.1026785746216774,0.003965267159704429,15.691518306732178,0.29006627202033997,0.9740793704986572,0.29529574513435364,0.024324685335159302,0.31962043046951294,True,0.9024302959442139,0.024324685335159302,0.032999674479166664,,,0.6048769213631471,0.1026785746216774,0.032999674479166664,0.0,0.3816523551940918,7.098744813219005,0.4416342627436347,2.596992015838623,0.26559552550315857,0.04346013069152832,0.3090556561946869,"69,271,230,465",/cluster/users/grad/2025/25t8103/project/experiments/support_v3_2026-06-02/normalized_512/eval_masks/green_mug_orange_phase2_eval_mask.png,fixed_eval_mask,1.0,62.130985260009766,0.013750034384429455,32.91743850708008,support_v3_controller_rmsgap,DeCE-RF,,0.010704055428504944,24.798508949875817,0.05755387278438837,13.415494441986084,/cluster/users/grad/2025/25t8103/project/outputs/pretty_matrix/green_mug_orange_phase2/support_v3_controller_rmsgap/seed_12/result.png,4.293422222137451,green_mug_orange_phase2/support_v3_controller_rmsgap/seed_12,39.696463231011876,12,/cluster/users/grad/2025/25t8103/project/data/pretty_free_candidates/pexels_green_mug_marble_7828522.jpg,0.022945230826735497,A studio photo of a plain green ceramic mug on a white marble block against a pink background.,20.159489880885097,0.09818056024099898,0.9737832247372102,0.9737832247372102,"A studio photo of the same plain ceramic mug on the same white marble block against the same pink background, with only the mug color changed from green to orange.",green_mug_orange_phase2
1.0,0.9321361432472864,1.00000003973643,0.932136133313179,-0.3460768273022647,-1.4410963901904475e-05,20.364426006873448,0.1026785746216774,0.003980911749143464,14.233332713445028,0.28114497661590576,0.9683194160461426,0.2950080335140228,0.026612281799316406,0.32162031531333923,True,0.903719425201416,0.026612281799316406,0.032999674479166664,,,0.5573029963949678,0.1026785746216774,0.032999674479166664,0.0,0.3770759701728821,7.3500610987969575,0.4290391712556389,2.473928928375244,0.2547413408756256,0.04375612735748291,0.2984974682331085,"69,271,230,465",/cluster/users/grad/2025/25t8103/project/experiments/support_v3_2026-06-02/normalized_512/eval_masks/green_mug_orange_phase2_eval_mask.png,fixed_eval_mask,1.0,62.130985260009766,0.013750034384429455,32.89204025268555,support_v3_fixed,Fixed DeCE displacement,,0.01045156829059124,25.146104344943637,0.055296135764207846,13.415040493011475,/cluster/users/grad/2025/25t8103/project/outputs/pretty_matrix/green_mug_orange_phase2/support_v3_fixed/seed_10/result.png,4.4391093254089355,green_mug_orange_phase2/support_v3_fixed/seed_10,61.1404188680026,10,/cluster/users/grad/2025/25t8103/project/data/pretty_free_candidates/pexels_green_mug_marble_7828522.jpg,0.022550055757164955,A studio photo of a plain green ceramic mug on a white marble block against a pink background.,20.44256293819228,0.09503243408732406,0.9806499987078056,0.9806499987078056,"A studio photo of the same plain ceramic mug on the same white marble block against the same pink background, with only the mug color changed from green to orange.",green_mug_orange_phase2
1.0,0.9319055676460266,1.000000002483527,0.9319055825471878,-0.34642438229639083,-1.4715317597335797e-05,20.206300397713978,0.1026785746216774,0.003983816607311989,14.242939670880636,0.2842966616153717,0.9701966047286987,0.29712003469467163,0.02593100070953369,0.3230510354042053,True,0.9128645062446594,0.02593100070953369,0.032999674479166664,,,0.5538947035315601,0.1026785746216774,0.032999674479166664,0.0,0.37671560049057007,7.348970317282582,0.42909305374814677,2.438777446746826,0.26082900166511536,0.04304245114326477,0.3038714528083801,"69,271,230,465",/cluster/users/grad/2025/25t8103/project/experiments/support_v3_2026-06-02/normalized_512/eval_masks/green_mug_orange_phase2_eval_mask.png,fixed_eval_mask,1.0,62.130985260009766,0.013750034384429455,32.917484283447266,support_v3_fixed,Fixed DeCE displacement,,0.010506304912269115,25.097685557679903,0.05560524032661088,13.415040493011475,/cluster/users/grad/2025/25t8103/project/outputs/pretty_matrix/green_mug_orange_phase2/support_v3_fixed/seed_11/result.png,4.4029622077941895,green_mug_orange_phase2/support_v3_fixed/seed_11,56.99943357700249,11,/cluster/users/grad/2025/25t8103/project/data/pretty_free_candidates/pexels_green_mug_marble_7828522.jpg,0.02259109355509281,A studio photo of a plain green ceramic mug on a white marble block against a pink background.,20.425919757022758,0.09521470192140628,0.9806866988276232,0.9806866988276232,"A studio photo of the same plain ceramic mug on the same white marble block against the same pink background, with only the mug color changed from green to orange.",green_mug_orange_phase2
1.0,0.9319024384021759,1.0000000074505806,0.9319024210174879,-0.3465506665913078,-1.471662778129712e-05,20.257753640413284,0.1026785746216774,0.003972500737290829,14.216317057609558,0.28547346591949463,0.9699742794036865,0.29625698924064636,0.026200979948043823,0.3224579691886902,True,0.9139341115951538,0.026200979948043823,0.032999674479166664,,,0.5644490368820072,0.1026785746216774,0.032999674479166664,0.0,0.3765083849430084,7.362811516018224,0.42840982694173985,2.5169873237609863,0.2610626220703125,0.04454070329666138,0.3056033253669739,"69,271,230,465",/cluster/users/grad/2025/25t8103/project/experiments/support_v3_2026-06-02/normalized_512/eval_masks/green_mug_orange_phase2_eval_mask.png,fixed_eval_mask,1.0,62.130985260009766,0.013750034384429455,32.909210205078125,support_v3_fixed,Fixed DeCE displacement,,0.010470198467373848,25.113575416571425,0.05550360977804582,13.41287899017334,/cluster/users/grad/2025/25t8103/project/outputs/pretty_matrix/green_mug_orange_phase2/support_v3_fixed/seed_12/result.png,4.459193229675293,green_mug_orange_phase2/support_v3_fixed/seed_12,60.76472952999757,12,/cluster/users/grad/2025/25t8103/project/data/pretty_free_candidates/pexels_green_mug_marble_7828522.jpg,0.02254934050142765,A studio photo of a plain green ceramic mug on a white marble block against a pink background.,20.44043747450605,0.09505569165927567,0.9811524417440575,0.9811524417440575,"A studio photo of the same plain ceramic mug on the same white marble block against the same pink background, with only the mug color changed from green to orange.",green_mug_orange_phase2
1.0,0.9080858007073402,0.9999999975164732,0.9080857957402865,-0.43748198946317035,7.3168861331486075e-09,34.75441642602285,0.0096726194024086,0.0074213249802899854,18.80986479918162,0.23914003372192383,0.8551617860794067,0.26184678077697754,0.07041215896606445,0.332258939743042,True,0.7965006232261658,0.07041215896606445,0.025309244791666668,,,2.963895421965645,0.0096726194024086,0.025309244791666668,0.0020670647680293983,0.23102308809757233,7.680437794571297,0.4130266836969884,5.244481563568115,0.2253284752368927,0.09431302547454834,0.31964150071144104,"189,110,315,221",/cluster/users/grad/2025/25t8103/project/experiments/support_v3_2026-06-02/normalized_512/eval_masks/mug_heart_eval_mask.png,fixed_eval_mask,1.0,165.9480743408203,0.0163195189088583,27.98194694519043,support_v3_controller_rmsgap,DeCE-RF,,0.007179477717727423,31.084270455339794,0.027911712123944697,12.228387355804443,/cluster/users/grad/2025/25t8103/project/outputs/pretty_matrix/mug_heart/support_v3_controller_rmsgap/seed_10/result.png,1.7694556713104248,mug_heart/support_v3_controller_rmsgap/seed_10,48.24358635395765,10,/cluster/users/grad/2025/25t8103/project/data/pretty_free_candidates/pexels_white_mug_6312107.jpg,0.012844790704548359,A minimalist photo of a plain white ceramic mug on a grey background.,22.944033718941945,0.07125220587101497,0.7491483142645066,0.7491483142645066,"A minimalist photo of the same white ceramic mug with a small flat hard-edged solid red heart decal printed cleanly on the front, with sharp printed edges and no glow or blur, while the mug shape, handle, highlights, bottom shadow, grey background, and lighting remain unchanged.",mug_heart
1.0,0.9304118553797404,0.9999999875823656,0.930411862830321,-0.42893585686882335,3.659173277507458e-05,39.063495675722756,0.0357142873108387,0.00742796651320532,19.410809993743896,0.2912878692150116,0.8462106585502625,0.27663224935531616,0.061755090951919556,0.3383873403072357,True,0.7861714363098145,0.061755090951919556,0.025309244791666668,,,0.8622435800793815,0.0357142873108387,0.025309244791666668,0.0,0.06251182407140732,16.487755104002723,0.14983464554463843,2.6494271755218506,0.24714146554470062,0.061043694615364075,0.3081851601600647,"189,110,315,221",/cluster/users/grad/2025/25t8103/project/experiments/support_v3_2026-06-02/normalized_512/eval_masks/mug_heart_eval_mask.png,fixed_eval_mask,1.0,161.059814453125,0.015353056602180004,26.845802307128906,support_v3_controller_rmsgap,DeCE-RF,,0.008876427076756954,29.27664523193558,0.03436906665833714,13.255279541015625,/cluster/users/grad/2025/25t8103/project/outputs/pretty_matrix/mug_heart/support_v3_controller_rmsgap/seed_11/result.png,3.0727131366729736,mug_heart/support_v3_controller_rmsgap/seed_11,85.37891222606413,11,/cluster/users/grad/2025/25t8103/project/data/pretty_free_candidates/pexels_white_mug_6312107.jpg,0.01023389957845211,A minimalist photo of a plain white ceramic mug on a grey background.,27.64587750326436,0.04146733495952411,0.8711918742594151,0.8711918742594151,"A minimalist photo of the same white ceramic mug with a small red heart printed on the front, on the same grey background.",mug_heart
1.0,0.9304499998688698,0.9999999850988388,0.9304499725500742,-0.42954614634315175,-8.588913745673683e-05,39.324074149131775,0.0357142873108387,0.007445104458990197,19.426525632540386,0.28597214818000793,0.8464339375495911,0.27584952116012573,0.059953659772872925,0.33580318093299866,True,0.7789174318313599,0.059953659772872925,0.025309244791666668,,,0.8407203546743843,0.0357142873108387,0.025309244791666668,0.0,0.06381300091743469,16.456904331977007,0.15036777842987212,2.6517174243927,0.24459482729434967,0.06473825871944427,0.30933308601379395,"189,110,315,221",/cluster/users/grad/2025/25t8103/project/experiments/support_v3_2026-06-02/normalized_512/eval_masks/mug_heart_eval_mask.png,fixed_eval_mask,1.0,162.9217529296875,0.015353056602180004,26.845802307128906,support_v3_controller_rmsgap,DeCE-RF,,0.009047398343682289,29.19652777013523,0.03468754880328225,13.255279541015625,/cluster/users/grad/2025/25t8103/project/outputs/pretty_matrix/mug_heart/support_v3_controller_rmsgap/seed_12/result.png,3.154101610183716,mug_heart/support_v3_controller_rmsgap/seed_12,89.94791201688349,12,/cluster/users/grad/2025/25t8103/project/data/pretty_free_candidates/pexels_white_mug_6312107.jpg,0.01043347455561161,A minimalist photo of a plain white ceramic mug on a grey background.,27.581977850208446,0.041773523398554134,0.8688653818648296,0.8688653818648296,"A minimalist photo of the same white ceramic mug with a small red heart printed on the front, on the same grey background.",mug_heart
1.0,0.929881731669108,1.0,0.9298817391196886,-0.4220322122176488,-0.0007763184545789651,39.169399877389274,0.0357142873108387,0.007536702643847093,15.04246155420939,0.28293395042419434,0.8486872911453247,0.27641984820365906,0.05827578902244568,0.33469563722610474,True,0.7832174301147461,0.05827578902244568,0.025309244791666668,,,0.8419619468096934,0.0357142873108387,0.025309244791666668,0.0,0.06521506607532501,16.348629688723516,0.15225393141758473,2.619922399520874,0.2510281205177307,0.06355559825897217,0.3145837187767029,"189,110,315,221",/cluster/users/grad/2025/25t8103/project/experiments/support_v3_2026-06-02/normalized_512/eval_masks/mug_heart_eval_mask.png,fixed_eval_mask,1.0,165.59217834472656,0.015353056602180004,26.62150001525879,support_v3_fixed,Fixed DeCE displacement,,0.009114731103181839,29.09785299076672,0.03508385847702249,13.37908124923706,/cluster/users/grad/2025/25t8103/project/outputs/pretty_matrix/mug_heart/support_v3_fixed/seed_10/result.png,3.111687421798706,mug_heart/support_v3_fixed/seed_10,108.57680559298024,10,/cluster/users/grad/2025/25t8103/project/data/pretty_free_candidates/pexels_white_mug_6312107.jpg,0.010534587316215038,A minimalist photo of a plain white ceramic mug on a grey background.,27.480152660625905,0.04226611856323989,0.8654418179413703,0.8654418179413703,"A minimalist photo of the same white ceramic mug with a small red heart printed on the front, on the same grey background.",mug_heart
1.0,0.9300777092576027,1.0000000049670537,0.9300777092576027,-0.42122944568594295,-0.0009188161017542976,38.938442746798195,0.0357142873108387,0.007531306585102963,15.047114809354147,0.28393661975860596,0.8487066626548767,0.27607470750808716,0.05856451392173767,0.33463922142982483,True,0.7795563340187073,0.05856451392173767,0.025309244791666668,,,0.8393221892951253,0.0357142873108387,0.025309244791666668,0.0,0.06421350687742233,16.39675470768375,0.15141268630859128,2.6034083366394043,0.24720291793346405,0.06438477337360382,0.31158769130706787,"189,110,315,221",/cluster/users/grad/2025/25t8103/project/experiments/support_v3_2026-06-02/normalized_512/eval_masks/mug_heart_eval_mask.png,fixed_eval_mask,1.0,162.38671875,0.015353056602180004,26.550189971923828,support_v3_fixed,Fixed DeCE displacement,,0.009110630489885807,29.06530934866543,0.03521555461631513,13.25266408920288,/cluster/users/grad/2025/25t8103/project/outputs/pretty_matrix/mug_heart/support_v3_fixed/seed_11/result.png,3.1017985343933105,mug_heart/support_v3_fixed/seed_11,82.0442550838925,11,/cluster/users/grad/2025/25t8103/project/data/pretty_free_candidates/pexels_white_mug_6312107.jpg,0.010505243204534054,A minimalist photo of a plain white ceramic mug on a grey background.,27.473937568433442,0.04229637243918585,0.8649245938657337,0.8649245938657337,"A minimalist photo of the same white ceramic mug with a small red heart printed on the front, on the same grey background.",mug_heart
1.0,0.9302177553375562,1.000000002483527,0.9302177354693413,-0.42045578360557556,-0.0010206021964525764,38.66667546828588,0.0357142873108387,0.00752791987421612,15.055533488591513,0.28443193435668945,0.8496637940406799,0.2767876088619232,0.058462828397750854,0.3352504372596741,True,0.7799996137619019,0.058462828397750854,0.025309244791666668,,,0.8402806699342324,0.0357142873108387,0.025309244791666668,0.0,0.06432338804006577,16.414851921049433,0.15109754356426822,2.6067497730255127,0.24748893082141876,0.06319449841976166,0.3106834292411804,"189,110,315,221",/cluster/users/grad/2025/25t8103/project/experiments/support_v3_2026-06-02/normalized_512/eval_masks/mug_heart_eval_mask.png,fixed_eval_mask,1.0,159.0530242919922,0.015353056602180004,26.53581428527832,support_v3_fixed,Fixed DeCE displacement,,0.009097009897232056,29.096967499597028,0.035087435316215436,13.25266408920288,/cluster/users/grad/2025/25t8103/project/outputs/pretty_matrix/mug_heart/support_v3_fixed/seed_12/result.png,3.1022369861602783,mug_heart/support_v3_fixed/seed_12,84.86995461001061,12,/cluster/users/grad/2025/25t8103/project/data/pretty_free_candidates/pexels_white_mug_6312107.jpg,0.010494749061763287,A minimalist photo of a plain white ceramic mug on a grey background.,27.50119308340303,0.04216385836796579,0.865855358448031,0.865855358448031,"A minimalist photo of the same white ceramic mug with a small red heart printed on the front, on the same grey background.",mug_heart
1.0,0.9296986758708954,1.0000000074505806,0.9296986808379492,-0.4152776524424553,-7.53926498475721e-06,26.80710729956627,0.18004262447357178,0.010543594216869678,31.680259863535564,0.21832334995269775,0.9368492960929871,0.21680833399295807,0.05735762417316437,0.27416595816612244,True,0.9492242336273193,0.05735762417316437,0.07593883167613637,,,0.8668871838781926,0.18004262447357178,0.07593883167613637,0.9910127137220517,0.44046270847320557,6.0135982287382195,0.5004032118537185,5.743905544281006,0.20957165956497192,0.08328711986541748,0.2928587794303894,"0,7,347,257",/cluster/users/grad/2025/25t8103/project/experiments/support_v3_2026-06-02/normalized_512/eval_masks/red_office_chair_to_blue_office_chair_eval_mask.png,fixed_eval_mask,1.0,105.7725830078125,0.028233474120497704,53.683250427246094,support_v3_controller_rmsgap,DeCE-RF,,0.056145306676626205,18.42838563430619,0.11983418271671097,13.572125911712646,/cluster/users/grad/2025/25t8103/project/outputs/pretty_matrix/red_office_chair_to_blue_office_chair/support_v3_controller_rmsgap/seed_10/result.png,6.625897407531738,red_office_chair_to_blue_office_chair/support_v3_controller_rmsgap/seed_10,56.68101758498233,10,/cluster/users/grad/2025/25t8103/project/data/pretty_free_candidates/unsplash_red_office_chair_concrete_lvVWRzm_NwY.jpg,0.08532992005348206,A photo of a red office chair on a concrete floor.,14.909982419410333,0.17968047169747647,0.9608146745532203,0.9608146745532203,"A photo of the same office chair on the same concrete floor, with only the red plastic seat and back shell changed to deep blue while the silver metal base, wheels, wall, and floor remain unchanged.",red_office_chair_to_blue_office_chair
1.0,0.9300339619318644,0.9999999975164732,0.9300339793165525,-0.4141712648173173,-7.725165552289562e-06,27.22414192557335,0.18004262447357178,0.010552758595925601,31.71405529975891,0.2201678454875946,0.9448083639144897,0.22195713222026825,0.05400039255619049,0.27595752477645874,True,0.9500045776367188,0.05400039255619049,0.07593883167613637,,,0.8585353537748653,0.18004262447357178,0.07593883167613637,0.991597252666959,0.4378150999546051,6.061023574192532,0.49767843343736834,5.7837700843811035,0.21008968353271484,0.08520624041557312,0.29529592394828796,"0,7,347,257",/cluster/users/grad/2025/25t8103/project/experiments/support_v3_2026-06-02/normalized_512/eval_masks/red_office_chair_to_blue_office_chair_eval_mask.png,fixed_eval_mask,1.0,105.7725830078125,0.028233474120497704,53.683250427246094,support_v3_controller_rmsgap,DeCE-RF,,0.05611514672636986,18.460380474294844,0.11939358044867744,13.572125911712646,/cluster/users/grad/2025/25t8103/project/outputs/pretty_matrix/red_office_chair_to_blue_office_chair/support_v3_controller_rmsgap/seed_11/result.png,6.73678731918335,red_office_chair_to_blue_office_chair/support_v3_controller_rmsgap/seed_11,44.059282018002705,11,/cluster/users/grad/2025/25t8103/project/data/pretty_free_candidates/unsplash_red_office_chair_concrete_lvVWRzm_NwY.jpg,0.08510099351406097,A photo of a red office chair on a concrete floor.,14.95105902589641,0.1788327474234186,0.9608017710986183,0.9608017710986183,"A photo of the same office chair on the same concrete floor, with only the red plastic seat and back shell changed to deep blue while the silver metal base, wheels, wall, and floor remain unchanged.",red_office_chair_to_blue_office_chair
1.0,0.9302835787336031,1.0000000124176343,0.9302835787336031,-0.41489846383531886,-7.1532674278766235e-06,26.88741910457611,0.18004262447357178,0.010547453707355695,31.691720247268677,0.20440423488616943,0.9492712020874023,0.22448155283927917,0.04726061224937439,0.27174216508865356,True,0.9499552249908447,0.04726061224937439,0.07593883167613637,,,0.8592857594614736,0.18004262447357178,0.07593883167613637,0.9918164547712991,0.43895453214645386,6.028305231663999,0.4995566429005774,5.811211109161377,0.21937477588653564,0.08009904623031616,0.2994738221168518,"0,7,347,257",/cluster/users/grad/2025/25t8103/project/experiments/support_v3_2026-06-02/normalized_512/eval_masks/red_office_chair_to_blue_office_chair_eval_mask.png,fixed_eval_mask,1.0,105.7725830078125,0.028233474120497704,53.683250427246094,support_v3_controller_rmsgap,DeCE-RF,,0.05613945797085762,18.434573573321487,0.11974884171289074,13.572125911712646,/cluster/users/grad/2025/25t8103/project/outputs/pretty_matrix/red_office_chair_to_blue_office_chair/support_v3_controller_rmsgap/seed_12/result.png,6.762838840484619,red_office_chair_to_blue_office_chair/support_v3_controller_rmsgap/seed_12,43.14640246999625,12,/cluster/users/grad/2025/25t8103/project/data/pretty_free_candidates/unsplash_red_office_chair_concrete_lvVWRzm_NwY.jpg,0.08520998805761337,A photo of a red office chair on a concrete floor.,14.921185386882257,0.17944887113864463,0.9606849006289435,0.9606849006289435,"A photo of the same office chair on the same concrete floor, with only the red plastic seat and back shell changed to deep blue while the silver metal base, wheels, wall, and floor remain unchanged.",red_office_chair_to_blue_office_chair
1.0,0.9284845714767774,1.0000000124176343,0.9284845565756162,-0.4008930381387472,-1.0403787769064365e-05,26.671510487794876,0.18004262447357178,0.010578189166456772,21.251066207885742,0.21202683448791504,0.9312392473220825,0.21326258778572083,0.05766129493713379,0.2709238827228546,True,0.9392157793045044,0.05766129493713379,0.07593883167613637,,,0.7236517044317321,0.18004262447357178,0.07593883167613637,0.9919625895075259,0.4438338279724121,5.826692407963825,0.5112877406527918,4.775516986846924,0.2056889832019806,0.08023706078529358,0.28592604398727417,"0,7,347,257",/cluster/users/grad/2025/25t8103/project/experiments/support_v3_2026-06-02/normalized_512/eval_masks/red_office_chair_to_blue_office_chair_eval_mask.png,fixed_eval_mask,1.0,105.7725830078125,0.028233474120497704,30.771211624145508,support_v3_fixed,Fixed DeCE displacement,,0.05583051219582558,18.473016529124166,0.11922001538661299,13.570225715637207,/cluster/users/grad/2025/25t8103/project/outputs/pretty_matrix/red_office_chair_to_blue_office_chair/support_v3_fixed/seed_10/result.png,6.5991926193237305,red_office_chair_to_blue_office_chair/support_v3_fixed/seed_10,65.9208668479987,10,/cluster/users/grad/2025/25t8103/project/data/pretty_free_candidates/unsplash_red_office_chair_concrete_lvVWRzm_NwY.jpg,0.08529502898454666,A photo of a red office chair on a concrete floor.,14.816752967882172,0.1816194480938765,0.962505981762018,0.962505981762018,"A photo of the same office chair on the same concrete floor, with only the red plastic seat and back shell changed to deep blue while the silver metal base, wheels, wall, and floor remain unchanged.",red_office_chair_to_blue_office_chair
1.0,0.9288677300016085,0.9999999925494194,0.9288677275180817,-0.400275656953454,-1.5125461532742671e-05,27.043411026398342,0.18004262447357178,0.010548714786030663,21.20909110705058,0.2095581591129303,0.9439463019371033,0.22220809757709503,0.051417067646980286,0.2736251652240753,True,0.9520612359046936,0.051417067646980286,0.07593883167613637,,,0.8277151579070985,0.18004262447357178,0.07593883167613637,0.9921817916118661,0.445505291223526,5.861063087845263,0.5092685365875423,5.437877178192139,0.2090882956981659,0.08190402388572693,0.2909923195838928,"0,7,347,257",/cluster/users/grad/2025/25t8103/project/experiments/support_v3_2026-06-02/normalized_512/eval_masks/red_office_chair_to_blue_office_chair_eval_mask.png,fixed_eval_mask,1.0,105.7725830078125,0.028233474120497704,30.690866470336914,support_v3_fixed,Fixed DeCE displacement,,0.056121859699487686,18.395651859389822,0.1202866436682352,13.570225715637207,/cluster/users/grad/2025/25t8103/project/outputs/pretty_matrix/red_office_chair_to_blue_office_chair/support_v3_fixed/seed_11/result.png,6.56974458694458,red_office_chair_to_blue_office_chair/support_v3_fixed/seed_11,63.775698240002384,11,/cluster/users/grad/2025/25t8103/project/data/pretty_free_candidates/unsplash_red_office_chair_concrete_lvVWRzm_NwY.jpg,0.0856911838054657,A photo of a red office chair on a concrete floor.,14.806287990686585,0.1818383996225221,0.9625140860626689,0.9625140860626689,"A photo of the same office chair on the same concrete floor, with only the red plastic seat and back shell changed to deep blue while the silver metal base, wheels, wall, and floor remain unchanged.",red_office_chair_to_blue_office_chair
1.0,0.929887684683005,1.0000000099341075,0.9298877020676931,-0.4006865465392669,-1.0393973841948956e-05,26.665716608365376,0.18004262447357178,0.010555879608242927,21.215259710947674,0.2211511731147766,0.9308555722236633,0.21442782878875732,0.06123816967010498,0.2756659984588623,True,0.9376358985900879,0.06123816967010498,0.07593883167613637,,,0.8584993032664608,0.18004262447357178,0.07593883167613637,0.9920356568756393,0.44212427735328674,5.939988947986819,0.5046619397000386,5.637816429138184,0.20783895254135132,0.0812079906463623,0.2890469431877136,"0,7,347,257",/cluster/users/grad/2025/25t8103/project/experiments/support_v3_2026-06-02/normalized_512/eval_masks/red_office_chair_to_blue_office_chair_eval_mask.png,fixed_eval_mask,1.0,105.7725830078125,0.028233474120497704,30.76531219482422,support_v3_fixed,Fixed DeCE displacement,,0.05599299818277359,18.421283227174367,0.11993221058246879,13.570225715637207,/cluster/users/grad/2025/25t8103/project/outputs/pretty_matrix/red_office_chair_to_blue_office_chair/support_v3_fixed/seed_12/result.png,6.5670599937438965,red_office_chair_to_blue_office_chair/support_v3_fixed/seed_12,61.06637062699883,12,/cluster/users/grad/2025/25t8103/project/data/pretty_free_candidates/unsplash_red_office_chair_concrete_lvVWRzm_NwY.jpg,0.08531535416841507,A photo of a red office chair on a concrete floor.,14.863585784401856,0.18064282266668963,0.9624264666128111,0.9624264666128111,"A photo of the same office chair on the same concrete floor, with only the red plastic seat and back shell changed to deep blue while the silver metal base, wheels, wall, and floor remain unchanged.",red_office_chair_to_blue_office_chair
1.0,0.9481358230113983,0.9999999925494194,0.9481358304619789,-0.3521976936608553,5.359985665975842e-06,33.97194856405258,0.01897321455180645,0.014236490091813417,24.480640212694805,0.14221033453941345,0.7873281240463257,0.24047590792179108,0.04126541316509247,0.28174132108688354,True,0.9070221185684204,0.04126541316509247,0.0599365234375,,,0.9915095956214857,0.01897321455180645,0.0599365234375,0.0,0.08237359672784805,16.58111106291518,0.14823284597202357,6.036816596984863,0.2343354970216751,0.05083654820919037,0.2851720452308655,"66,146,275,427",/cluster/users/grad/2025/25t8103/project/experiments/support_v3_2026-06-02/normalized_512/eval_masks/tote_leaf_eval_mask.png,fixed_eval_mask,1.0,82.10350799560547,0.057465098798274994,59.47224807739258,support_v3_controller_rmsgap,DeCE-RF,,0.022405147552490234,22.632473362761644,0.07385439279294784,13.402966976165771,/cluster/users/grad/2025/25t8103/project/outputs/pretty_matrix/tote_leaf/support_v3_controller_rmsgap/seed_10/result.png,6.088510513305664,tote_leaf/support_v3_controller_rmsgap/seed_10,51.04698515695054,10,/cluster/users/grad/2025/25t8103/project/data/pretty_free_candidates/pexels_white_tote_bag_4068314.jpg,0.02599944733083248,A photo of a plain beige canvas tote bag held in front of a dark green wall.,21.908085555336104,0.08027784806453639,0.9504379496275377,0.9504379496275377,"A photo of the same beige canvas tote bag with a large centered dark green leaf logo printed clearly on the front panel, while the hand, straps, bag shape, wall, and lighting remain unchanged.",tote_leaf
1.0,0.9486335217952728,0.9999999950329462,0.948633573949337,-0.35186032205820084,5.188157706411308e-06,30.90824790795644,0.01897321455180645,0.014236397650771929,24.48268489042918,0.16091108322143555,0.8149584531784058,0.2523239850997925,0.04472222924232483,0.2970462143421173,True,0.8866267204284668,0.04472222924232483,0.0599365234375,,,0.9821284322054895,0.01897321455180645,0.0599365234375,0.0,0.0809723436832428,16.658353413297114,0.14692047688347273,5.982380390167236,0.24839746952056885,0.04868417978286743,0.2970816493034363,"66,146,275,427",/cluster/users/grad/2025/25t8103/project/experiments/support_v3_2026-06-02/normalized_512/eval_masks/tote_leaf_eval_mask.png,fixed_eval_mask,1.0,72.33318328857422,0.057465098798274994,59.47224807739258,support_v3_controller_rmsgap,DeCE-RF,,0.0223738681524992,22.63376234222242,0.07384343367003152,13.403017044067383,/cluster/users/grad/2025/25t8103/project/outputs/pretty_matrix/tote_leaf/support_v3_controller_rmsgap/seed_11/result.png,6.091240406036377,tote_leaf/support_v3_controller_rmsgap/seed_11,35.56006954899931,11,/cluster/users/grad/2025/25t8103/project/data/pretty_free_candidates/pexels_white_tote_bag_4068314.jpg,0.025886056944727898,A photo of a plain beige canvas tote bag held in front of a dark green wall.,21.924788015686318,0.08012362676081969,0.9505799546546628,0.9505799546546628,"A photo of the same beige canvas tote bag with a large centered dark green leaf logo printed clearly on the front panel, while the hand, straps, bag shape, wall, and lighting remain unchanged.",tote_leaf
1.0,0.9482660293579102,1.0000000198682149,0.9482660541931788,-0.35286502291758853,5.398387157740103e-06,34.12551053365072,0.01897321455180645,0.014230982482937785,24.478638768196106,0.13696765899658203,0.7649453282356262,0.22428864240646362,0.04194912314414978,0.2662377655506134,True,0.8796342611312866,0.04194912314414978,0.0599365234375,,,0.9889961985152904,0.01897321455180645,0.0599365234375,0.0,0.10145924985408783,15.237601221981077,0.17302941477503156,6.0006256103515625,0.24344101548194885,0.04723075032234192,0.29067176580429077,"66,146,275,427",/cluster/users/grad/2025/25t8103/project/experiments/support_v3_2026-06-02/normalized_512/eval_masks/tote_leaf_eval_mask.png,fixed_eval_mask,1.0,86.99114227294922,0.057465098798274994,59.47224807739258,support_v3_controller_rmsgap,DeCE-RF,,0.022592222318053246,22.588850654484602,0.0742262409846854,13.402976989746094,/cluster/users/grad/2025/25t8103/project/outputs/pretty_matrix/tote_leaf/support_v3_controller_rmsgap/seed_12/result.png,6.067389965057373,tote_leaf/support_v3_controller_rmsgap/seed_12,35.64418651700544,12,/cluster/users/grad/2025/25t8103/project/data/pretty_free_candidates/pexels_white_tote_bag_4068314.jpg,0.02731923758983612,A photo of a plain beige canvas tote bag held in front of a dark green wall.,21.56532845217072,0.08350905657971165,0.95015352697001,0.95015352697001,"A photo of the same beige canvas tote bag with a large centered dark green leaf logo printed clearly on the front panel, while the hand, straps, bag shape, wall, and lighting remain unchanged.",tote_leaf
1.0,0.9463261018196741,1.0000000273187954,0.9463261192043623,-0.34162373716632527,3.8693885220375535e-06,33.93370278676351,0.01897321455180645,0.015037496229827715,16.568475206693012,0.1317974030971527,0.7984545826911926,0.23627278208732605,0.03510385751724243,0.2713766396045685,True,0.8947153091430664,0.03510385751724243,0.0599365234375,,,0.9858156267733704,0.01897321455180645,0.0599365234375,0.0,0.09651675820350647,15.581383904191735,0.16631476435074963,5.989004611968994,0.26748397946357727,0.03803396224975586,0.30551794171333313,"66,146,275,427",/cluster/users/grad/2025/25t8103/project/experiments/support_v3_2026-06-02/normalized_512/eval_masks/tote_leaf_eval_mask.png,fixed_eval_mask,1.0,84.58341979980469,0.057465098798274994,28.496299743652344,support_v3_fixed,Fixed DeCE displacement,,0.022547069936990738,22.598261670514045,0.07414586164775046,13.400401592254639,/cluster/users/grad/2025/25t8103/project/outputs/pretty_matrix/tote_leaf/support_v3_fixed/seed_10/result.png,6.075177192687988,tote_leaf/support_v3_fixed/seed_10,57.37604909601214,10,/cluster/users/grad/2025/25t8103/project/data/pretty_free_candidates/pexels_white_tote_bag_4068314.jpg,0.026980554684996605,A photo of a plain beige canvas tote bag held in front of a dark green wall.,21.65834912435596,0.08261949646430965,0.9502561541706291,0.9502561541706291,"A photo of the same beige canvas tote bag with a large centered dark green leaf logo printed clearly on the front panel, while the hand, straps, bag shape, wall, and lighting remain unchanged.",tote_leaf
1.0,0.9450861538449923,0.9999999652306238,0.945086178680261,-0.3420878015458584,4.0968695282176766e-06,37.004440089066826,0.01897321455180645,0.01505373638307598,16.574941277503967,0.17711393535137177,0.8371057510375977,0.25803491473197937,0.04676756262779236,0.30480247735977173,True,0.9061119556427002,0.04676756262779236,0.0599365234375,,,0.9752124756341394,0.01897321455180645,0.0599365234375,0.0,0.0895865336060524,16.167396472089987,0.15546412125602677,5.93370246887207,0.2676132321357727,0.05237323045730591,0.3199864625930786,"66,146,275,427",/cluster/users/grad/2025/25t8103/project/experiments/support_v3_2026-06-02/normalized_512/eval_masks/tote_leaf_eval_mask.png,fixed_eval_mask,1.0,129.04457092285156,0.057465098798274994,28.496299743652344,support_v3_fixed,Fixed DeCE displacement,,0.022534968331456184,22.61793212837155,0.07397813757108859,13.399978160858154,/cluster/users/grad/2025/25t8103/project/outputs/pretty_matrix/tote_leaf/support_v3_fixed/seed_11/result.png,6.084522724151611,tote_leaf/support_v3_fixed/seed_11,52.19713873999717,11,/cluster/users/grad/2025/25t8103/project/data/pretty_free_candidates/pexels_white_tote_bag_4068314.jpg,0.0265538077801466,A photo of a plain beige canvas tote bag held in front of a dark green wall.,21.80893357741629,0.08119949366612489,0.9503355913555754,0.9503355913555754,"A photo of the same beige canvas tote bag with a large centered dark green leaf logo printed clearly on the front panel, while the hand, straps, bag shape, wall, and lighting remain unchanged.",tote_leaf
1.0,0.9457300926248232,1.0,0.94573013484478,-0.342377291371425,4.50858710721036e-06,35.81162313620249,0.01897321455180645,0.015045840045786463,16.566372791926067,0.15973423421382904,0.8099973797798157,0.24934449791908264,0.04510235786437988,0.2944468557834625,True,0.8810074925422668,0.04510235786437988,0.0599365234375,,,0.9887339171887128,0.01897321455180645,0.0599365234375,0.0,0.08687745779752731,16.36517716799241,0.15196414873200403,6.013206958770752,0.2557965815067291,0.05092981457710266,0.3067263960838318,"66,146,275,427",/cluster/users/grad/2025/25t8103/project/experiments/support_v3_2026-06-02/normalized_512/eval_masks/tote_leaf_eval_mask.png,fixed_eval_mask,1.0,114.15375518798828,0.057465098798274994,28.496299743652344,support_v3_fixed,Fixed DeCE displacement,,0.022498279809951782,22.623493392580173,0.0739307871777773,13.400401592254639,/cluster/users/grad/2025/25t8103/project/outputs/pretty_matrix/tote_leaf/support_v3_fixed/seed_12/result.png,6.081724166870117,tote_leaf/support_v3_fixed/seed_12,56.32861058299022,12,/cluster/users/grad/2025/25t8103/project/data/pretty_free_candidates/pexels_white_tote_bag_4068314.jpg,0.02635694295167923,A photo of a plain beige canvas tote bag held in front of a dark green wall.,21.856003950087,0.08076064940532247,0.9503681015439194,0.9503681015439194,"A photo of the same beige canvas tote bag with a large centered dark green leaf logo printed clearly on the front panel, while the hand, straps, bag shape, wall, and lighting remain unchanged.",tote_leaf
1.0,0.9074170415600141,1.000000037252903,0.9074170738458633,-0.4141656070326765,-0.0010362421047223809,55.64751021067301,0.0494791679084301,0.009659655455228252,22.297789653142292,0.2595628499984741,0.8748975992202759,0.15919741988182068,0.08318385481834412,0.2423812747001648,True,0.6417481899261475,0.08318385481834412,0.045712425595238096,,,1.149291726193308,0.0494791679084301,0.045712425595238096,0.7619532044760936,0.09072218090295792,13.319041908525847,0.2157982430890124,3.392359972000122,0.16158464550971985,0.09664449095726013,0.25822913646698,"197,75,363,234",/cluster/users/grad/2025/25t8103/project/experiments/support_v3_2026-06-02/normalized_512/eval_masks/tshirt_star_eval_mask.png,fixed_eval_mask,1.0,194.242919921875,0.032776281237602234,44.28038024902344,support_v3_controller_rmsgap,DeCE-RF,,0.020141562446951866,23.368334863827023,0.06785521904794735,13.382572650909424,/cluster/users/grad/2025/25t8103/project/outputs/pretty_matrix/tshirt_star/support_v3_controller_rmsgap/seed_10/result.png,2.9516961574554443,tshirt_star/support_v3_controller_rmsgap/seed_10,46.171721753897145,10,/cluster/users/grad/2025/25t8103/project/data/pretty_free_candidates/pexels_person_white_tshirt_blue_jeans_8217483.jpg,0.023367973044514656,"A close-up fashion photo of a person wearing a plain white t-shirt and blue jeans, with natural fabric folds and soft studio lighting.",21.855771406441274,0.08076281160493916,0.9082579655087575,0.9082579655087575,"The same person wearing the same white t-shirt and blue jeans, with a clearly visible medium-sized bright red star printed on the center chest, while preserving the fabric folds, shadows, jeans, pose, and background.",tshirt_star
1.0,0.912219780186812,0.9999999875823656,0.912219800055027,-0.4075006181374192,-0.005609245963569265,46.65300405025482,0.0714285746216774,0.009687640364669884,22.378587007522583,0.2560541331768036,0.8642202615737915,0.15162460505962372,0.08653782308101654,0.23816242814064026,True,0.6184293031692505,0.08653782308101654,0.045712425595238096,,,1.2792643814705944,0.0714285746216774,0.045712425595238096,0.6703967446592065,0.07573288679122925,14.311940436175991,0.19248769776555666,3.4363009929656982,0.15434205532073975,0.10388123989105225,0.258223295211792,"197,75,363,234",/cluster/users/grad/2025/25t8103/project/experiments/support_v3_2026-06-02/normalized_512/eval_masks/tshirt_star_eval_mask.png,fixed_eval_mask,1.0,161.4639434814453,0.032511621713638306,44.07246017456055,support_v3_controller_rmsgap,DeCE-RF,,0.019240746274590492,24.012880039820573,0.06300224105149961,13.255289554595947,/cluster/users/grad/2025/25t8103/project/outputs/pretty_matrix/tshirt_star/support_v3_controller_rmsgap/seed_11/result.png,2.6861538887023926,tshirt_star/support_v3_controller_rmsgap/seed_11,83.04711607284844,11,/cluster/users/grad/2025/25t8103/project/data/pretty_free_candidates/pexels_person_white_tshirt_blue_jeans_8217483.jpg,0.02182314172387123,"A close-up fashion photo of a person wearing a plain white t-shirt and blue jeans, with natural fabric folds and soft studio lighting.",22.61096582880017,0.07403749367715351,0.9186786688530497,0.9186786688530497,"The same person wearing the same white t-shirt and blue jeans, with a clearly visible medium-sized bright red star printed on the center chest, while preserving the fabric folds, shadows, jeans, pose, and background.",tshirt_star
1.0,0.9126095573107401,1.0,0.9126095647613207,-0.4067974112307032,-0.006134413534406728,46.53408241271973,0.0714285746216774,0.00969912126311101,22.3954119682312,0.25721004605293274,0.8675247430801392,0.15254226326942444,0.08548139035701752,0.23802365362644196,True,0.6189924478530884,0.08548139035701752,0.045712425595238096,,,1.3023477866427564,0.0714285746216774,0.045712425595238096,0.6792980671414038,0.07581765949726105,14.261167216786465,0.1936161763499951,3.521854877471924,0.16703543066978455,0.099179208278656,0.26621463894844055,"197,75,363,234",/cluster/users/grad/2025/25t8103/project/experiments/support_v3_2026-06-02/normalized_512/eval_masks/tshirt_star_eval_mask.png,fixed_eval_mask,1.0,161.33323669433594,0.032511621713638306,44.07246017456055,support_v3_controller_rmsgap,DeCE-RF,,0.019267002120614052,23.97103898029475,0.06330646318724976,13.255289554595947,/cluster/users/grad/2025/25t8103/project/outputs/pretty_matrix/tshirt_star/support_v3_controller_rmsgap/seed_12/result.png,2.704235315322876,tshirt_star/support_v3_controller_rmsgap/seed_12,83.04146327194758,12,/cluster/users/grad/2025/25t8103/project/data/pretty_free_candidates/pexels_person_white_tshirt_blue_jeans_8217483.jpg,0.021852068603038788,"A close-up fashion photo of a person wearing a plain white t-shirt and blue jeans, with natural fabric folds and soft studio lighting.",22.566362191801062,0.07441866765328084,0.9180303624902733,0.9180303624902733,"The same person wearing the same white t-shirt and blue jeans, with a clearly visible medium-sized bright red star printed on the center chest, while preserving the fabric folds, shadows, jeans, pose, and background.",tshirt_star
1.0,0.9060263161857923,1.0000000322858493,0.9060262988011042,-0.40326293868323165,-0.000845575721541536,43.101268808046974,0.0494791679084301,0.009722558427408027,15.262055516242981,0.26360762119293213,0.8674353957176208,0.15514501929283142,0.08823752403259277,0.2433825433254242,True,0.6829790472984314,0.08823752403259277,0.045712425595238096,,,0.79124580534724,0.0494791679084301,0.045712425595238096,0.503560528992879,0.09461997449398041,13.679600125895938,0.2070236654511771,2.7476484775543213,0.16561901569366455,0.10016784071922302,0.2657868564128876,"197,75,363,234",/cluster/users/grad/2025/25t8103/project/experiments/support_v3_2026-06-02/normalized_512/eval_masks/tshirt_star_eval_mask.png,fixed_eval_mask,1.0,140.81019592285156,0.032776281237602234,26.70172882080078,support_v3_fixed,Fixed DeCE displacement,,0.01959676668047905,23.9860838029266,0.06319690502219606,13.37995719909668,/cluster/users/grad/2025/25t8103/project/outputs/pretty_matrix/tshirt_star/support_v3_fixed/seed_10/result.png,3.472559928894043,tshirt_star/support_v3_fixed/seed_10,196.82185981597286,10,/cluster/users/grad/2025/25t8103/project/data/pretty_free_candidates/pexels_person_white_tshirt_blue_jeans_8217483.jpg,0.02302625961601734,"A close-up fashion photo of a person wearing a plain white t-shirt and blue jeans, with natural fabric folds and soft studio lighting.",22.387895472707584,0.07596354544659957,0.9139650481696072,0.9139650481696072,"The same person wearing the same white t-shirt and blue jeans, with a clearly visible medium-sized bright red star printed on the center chest, while preserving the fabric folds, shadows, jeans, pose, and background.",tshirt_star
1.0,0.9057863280177116,1.0000000173846881,0.9057862982153893,-0.4039508526523908,-0.000765037343929483,43.09317270914713,0.0494791679084301,0.009713784005725756,15.257737080256144,0.26197341084480286,0.8678430318832397,0.1557404100894928,0.08730556070804596,0.24304597079753876,True,0.6786837577819824,0.08730556070804596,0.045712425595238096,,,0.7912830209134745,0.0494791679084301,0.045712425595238096,0.512970498474059,0.09348117560148239,13.74842549117,0.2053897306844308,2.742471933364868,0.16663211584091187,0.09925305843353271,0.2658851742744446,"197,75,363,234",/cluster/users/grad/2025/25t8103/project/experiments/support_v3_2026-06-02/normalized_512/eval_masks/tshirt_star_eval_mask.png,fixed_eval_mask,1.0,142.54364013671875,0.032776281237602234,26.714929580688477,support_v3_fixed,Fixed DeCE displacement,,0.019568875432014465,23.996089933852367,0.06312414420723333,13.38031816482544,/cluster/users/grad/2025/25t8103/project/outputs/pretty_matrix/tshirt_star/support_v3_fixed/seed_11/result.png,3.4658546447753906,tshirt_star/support_v3_fixed/seed_11,48.5655101579614,11,/cluster/users/grad/2025/25t8103/project/data/pretty_free_candidates/pexels_person_white_tshirt_blue_jeans_8217483.jpg,0.022947583347558975,"A close-up fashion photo of a person wearing a plain white t-shirt and blue jeans, with natural fabric folds and soft studio lighting.",22.41778264889441,0.07570261254840854,0.9142232961786153,0.9142232961786153,"The same person wearing the same white t-shirt and blue jeans, with a clearly visible medium-sized bright red star printed on the center chest, while preserving the fabric folds, shadows, jeans, pose, and background.",tshirt_star
1.0,0.9061492010951042,1.0000000173846881,0.9061491986115774,-0.4064747045437495,-0.0014805629067874786,56.07982079188029,0.0494791679084301,0.009757850750853928,15.323923508326212,0.2550307512283325,0.8663092851638794,0.15943732857704163,0.08516600728034973,0.24460333585739136,True,0.6588111519813538,0.08516600728034973,0.045712425595238096,,,1.1543171489233923,0.0494791679084301,0.045712425595238096,0.7470752797558494,0.09676343947649002,13.056224111740855,0.22242766073652173,3.447023630142212,0.15882638096809387,0.0972917377948761,0.25611811876296997,"197,75,363,234",/cluster/users/grad/2025/25t8103/project/experiments/support_v3_2026-06-02/normalized_512/eval_masks/tshirt_star_eval_mask.png,fixed_eval_mask,1.0,195.21466064453125,0.032776281237602234,26.818355560302734,support_v3_fixed,Fixed DeCE displacement,,0.02042551338672638,23.23297122956749,0.06892097910958413,13.37995719909668,/cluster/users/grad/2025/25t8103/project/outputs/pretty_matrix/tshirt_star/support_v3_fixed/seed_12/result.png,2.986201524734497,tshirt_star/support_v3_fixed/seed_12,58.64014723699074,12,/cluster/users/grad/2025/25t8103/project/data/pretty_free_candidates/pexels_person_white_tshirt_blue_jeans_8217483.jpg,0.02391510270535946,"A close-up fashion photo of a person wearing a plain white t-shirt and blue jeans, with natural fabric folds and soft studio lighting.",21.678397779455167,0.08242901515767842,0.9047789034694741,0.9047789034694741,"The same person wearing the same white t-shirt and blue jeans, with a clearly visible medium-sized bright red star printed on the center chest, while preserving the fabric folds, shadows, jeans, pose, and background.",tshirt_star
1.0,0.9375888258218765,1.0000000298023224,0.9375888456900915,-0.2986055215199788,9.935820457940281e-06,37.40918672084808,0.02790178544819355,0.006435169217487176,7.083589156468709,0.29376763105392456,0.9154961109161377,0.24697761237621307,0.04404731094837189,0.29102492332458496,True,0.7960476875305176,0.04404731094837189,0.026913597470238096,,,1.896890263783942,0.02790178544819355,0.026913597470238096,0.0,0.041260890662670135,23.148172747731696,0.06959713509278811,2.5285754203796387,0.2110222578048706,0.050132811069488525,0.26115506887435913,"57,180,335,324",/cluster/users/grad/2025/25t8103/project/experiments/support_v3_2026-06-02/normalized_512/eval_masks/white_bowl_orange_tabletop_phase2_eval_mask.png,fixed_eval_mask,1.0,92.30097198486328,0.029627127572894096,18.462034225463867,support_v3_controller_rmsgap,DeCE-RF,,0.020411215722560883,24.751585142692406,0.05786563760668004,12.228387355804443,/cluster/users/grad/2025/25t8103/project/outputs/pretty_matrix/white_bowl_orange_tabletop_phase2/support_v3_controller_rmsgap/seed_10/result.png,1.3330109119415283,white_bowl_orange_tabletop_phase2/support_v3_controller_rmsgap/seed_10,41.472626471892,10,/cluster/users/grad/2025/25t8103/project/data/phase2_candidates/pexels_sideview_bowl_wood_table_26161017.jpg,0.02097235806286335,"A side-view photo of a white bowl sitting on a wooden tabletop, with empty wooden table space to the left of the bowl.",24.69969851634236,0.05821234226848456,0.9120051275650384,0.9120051275650384,"A side-view photo of the same white bowl sitting on the same wooden tabletop, with one medium bright orange fruit resting on the empty wooden table space to the left of the bowl, while the bowl, tabletop, wall, lighting, and background remain unchanged.",white_bowl_orange_tabletop_phase2
1.0,0.9399146984020869,1.0000000149011612,0.9399147008856138,-0.2971816749001543,-0.00014430989449465415,17.87387294570605,0.02083333395421505,0.006920871293308058,7.295925736427307,-0.027699977159500122,0.9827475547790527,0.2570531368255615,-0.02157224714756012,0.2354808896780014,True,0.9343822002410889,-0.02157224714756012,0.026913597470238096,,,2.7396901364805104,0.02083333395421505,0.026913597470238096,0.0,0.039804909378290176,23.393882766546916,0.06765592897660562,2.4187746047973633,0.23475545644760132,-0.005567207932472229,0.2291882485151291,"57,180,335,324",/cluster/users/grad/2025/25t8103/project/experiments/support_v3_2026-06-02/normalized_512/eval_masks/white_bowl_orange_tabletop_phase2_eval_mask.png,fixed_eval_mask,1.0,65.06270599365234,0.03142070397734642,19.274803161621094,support_v3_controller_rmsgap,DeCE-RF,,0.01815875433385372,25.812223426152823,0.05121401551320108,12.228387355804443,/cluster/users/grad/2025/25t8103/project/outputs/pretty_matrix/white_bowl_orange_tabletop_phase2/support_v3_controller_rmsgap/seed_11/result.png,0.8828642964363098,white_bowl_orange_tabletop_phase2/support_v3_controller_rmsgap/seed_11,68.14015637291595,11,/cluster/users/grad/2025/25t8103/project/data/phase2_candidates/pexels_sideview_bowl_wood_table_26161017.jpg,0.01874133199453354,"A side-view photo of a white bowl sitting on a wooden tabletop, with empty wooden table space to the left of the bowl.",25.72598861887866,0.05172500830353421,0.9209004194820789,0.9209004194820789,"A side-view photo of the same white bowl sitting on the same wooden tabletop, with one medium bright orange fruit resting on the empty wooden table space to the left of the bowl, while the bowl, tabletop, wall, lighting, and background remain unchanged.",white_bowl_orange_tabletop_phase2
1.0,0.9401679014166197,1.0000000173846881,0.9401679337024689,-0.2976644563799103,-0.00016117398740789213,17.79949943224589,0.02083333395421505,0.006915346847866506,7.291551510492961,-0.02372855693101883,0.9818935990333557,0.25668954849243164,-0.02123922109603882,0.23545032739639282,True,0.9387215375900269,-0.02123922109603882,0.026913597470238096,,,2.7456401385720963,0.02083333395421505,0.026913597470238096,0.0,0.03981253504753113,23.3951845554127,0.06764578987294845,2.4200942516326904,0.23650075495243073,-0.005535945296287537,0.2309648096561432,"57,180,335,324",/cluster/users/grad/2025/25t8103/project/experiments/support_v3_2026-06-02/normalized_512/eval_masks/white_bowl_orange_tabletop_phase2_eval_mask.png,fixed_eval_mask,1.0,65.74787139892578,0.03142070397734642,19.274803161621094,support_v3_controller_rmsgap,DeCE-RF,,0.018093792721629143,25.826911098356117,0.05112748677849978,12.228387355804443,/cluster/users/grad/2025/25t8103/project/outputs/pretty_matrix/white_bowl_orange_tabletop_phase2/support_v3_controller_rmsgap/seed_12/result.png,0.8814316987991333,white_bowl_orange_tabletop_phase2/support_v3_controller_rmsgap/seed_12,63.84085599100217,12,/cluster/users/grad/2025/25t8103/project/data/phase2_candidates/pexels_sideview_bowl_wood_table_26161017.jpg,0.018678324297070503,"A side-view photo of a white bowl sitting on a wooden tabletop, with empty wooden table space to the left of the bowl.",25.740058674596327,0.05164128808073396,0.9211642466824855,0.9211642466824855,"A side-view photo of the same white bowl sitting on the same wooden tabletop, with one medium bright orange fruit resting on the empty wooden table space to the left of the bowl, while the bowl, tabletop, wall, lighting, and background remain unchanged.",white_bowl_orange_tabletop_phase2
1.0,0.9396043618520101,1.0000000248352687,0.9396043370167414,-0.3047305537378027,0.0009681252880303267,39.60885159174601,0.0212053582072258,0.007356422621038898,13.608022371927897,0.28803110122680664,0.8792116641998291,0.23364414274692535,0.0635354071855545,0.29717954993247986,True,0.525098443031311,0.0635354071855545,0.026913597470238096,,,1.6060286217837438,0.0212053582072258,0.026913597470238096,0.0,0.06413472443819046,17.488345635445743,0.1335311896535825,2.8657777309417725,0.2074560821056366,0.06411319971084595,0.27156928181648254,"57,180,335,324",/cluster/users/grad/2025/25t8103/project/experiments/support_v3_2026-06-02/normalized_512/eval_masks/white_bowl_orange_tabletop_phase2_eval_mask.png,fixed_eval_mask,1.0,118.95832824707031,0.030687186866998672,24.157644271850586,support_v3_fixed,Fixed DeCE displacement,,0.02316098101437092,22.729153988995154,0.07303689477947407,13.400401592254639,/cluster/users/grad/2025/25t8103/project/outputs/pretty_matrix/white_bowl_orange_tabletop_phase2/support_v3_fixed/seed_10/result.png,1.7843877077102661,white_bowl_orange_tabletop_phase2/support_v3_fixed/seed_10,68.43819243500184,10,/cluster/users/grad/2025/25t8103/project/data/phase2_candidates/pexels_sideview_bowl_wood_table_26161017.jpg,0.024263732135295868,"A side-view photo of a white bowl sitting on a wooden tabletop, with empty wooden table space to the left of the bowl.",22.463629541625657,0.07530408275031754,0.8812158607911244,0.8812158607911244,"A side-view photo of the same white bowl sitting on the same wooden tabletop, with one clearly visible small round bright orange fruit resting on the empty wooden table space to the left of the bowl, while the bowl, tabletop, wall, lighting, and background remain unchanged.",white_bowl_orange_tabletop_phase2
1.0,0.9386025220155716,1.0000000322858493,0.9386025294661522,-0.30398781506422284,0.0009439868593593322,39.27414606014887,0.0212053582072258,0.007381002489031137,13.631604631741842,0.2837813198566437,0.8718535900115967,0.23175247013568878,0.06478337943553925,0.296535849571228,True,0.522405743598938,0.06478337943553925,0.026913597470238096,,,1.60294722557427,0.0212053582072258,0.026913597470238096,0.0,0.06404833495616913,17.502251369284952,0.13331758302431174,2.857891321182251,0.208851158618927,0.06388765573501587,0.27273881435394287,"57,180,335,324",/cluster/users/grad/2025/25t8103/project/experiments/support_v3_2026-06-02/normalized_512/eval_masks/white_bowl_orange_tabletop_phase2_eval_mask.png,fixed_eval_mask,1.0,120.72928619384766,0.030687186866998672,24.157644271850586,support_v3_fixed,Fixed DeCE displacement,,0.023160092532634735,22.726077052520036,0.07306277234693205,13.400401592254639,/cluster/users/grad/2025/25t8103/project/outputs/pretty_matrix/white_bowl_orange_tabletop_phase2/support_v3_fixed/seed_11/result.png,1.78289794921875,white_bowl_orange_tabletop_phase2/support_v3_fixed/seed_11,50.81051836100232,11,/cluster/users/grad/2025/25t8103/project/data/phase2_candidates/pexels_sideview_bowl_wood_table_26161017.jpg,0.024260541424155235,"A side-view photo of a white bowl sitting on a wooden tabletop, with empty wooden table space to the left of the bowl.",22.461987216206865,0.07531832256998301,0.8812167304265643,0.8812167304265643,"A side-view photo of the same white bowl sitting on the same wooden tabletop, with one clearly visible small round bright orange fruit resting on the empty wooden table space to the left of the bowl, while the bowl, tabletop, wall, lighting, and background remain unchanged.",white_bowl_orange_tabletop_phase2
1.0,0.9387626498937607,0.9999999975164732,0.9387626796960831,-0.3058240238557725,0.0009551686059694475,39.54701519012451,0.0212053582072258,0.007334423751065818,13.59075117111206,0.28338128328323364,0.8721222877502441,0.2310541570186615,0.06451529264450073,0.29556944966316223,True,0.522316575050354,0.06451529264450073,0.026913597470238096,,,1.6036749935439465,0.0212053582072258,0.026913597470238096,0.0,0.0642208382487297,17.47345240991885,0.1337603447714917,2.8597235679626465,0.20524334907531738,0.06332671642303467,0.26857006549835205,"57,180,335,324",/cluster/users/grad/2025/25t8103/project/experiments/support_v3_2026-06-02/normalized_512/eval_masks/white_bowl_orange_tabletop_phase2_eval_mask.png,fixed_eval_mask,1.0,114.65677642822266,0.030687186866998672,24.157644271850586,support_v3_fixed,Fixed DeCE displacement,,0.02317909710109234,22.720477538721422,0.07310988875288281,13.400401592254639,/cluster/users/grad/2025/25t8103/project/outputs/pretty_matrix/white_bowl_orange_tabletop_phase2/support_v3_fixed/seed_12/result.png,1.7832313776016235,white_bowl_orange_tabletop_phase2/support_v3_fixed/seed_12,46.99033111099561,12,/cluster/users/grad/2025/25t8103/project/data/phase2_candidates/pexels_sideview_bowl_wood_table_26161017.jpg,0.024283679202198982,"A side-view photo of a white bowl sitting on a wooden tabletop, with empty wooden table space to the left of the bowl.",22.454426130913482,0.07538391587442894,0.8810299857120081,0.8810299857120081,"A side-view photo of the same white bowl sitting on the same wooden tabletop, with one clearly visible small round bright orange fruit resting on the empty wooden table space to the left of the bowl, while the bowl, tabletop, wall, lighting, and background remain unchanged.",white_bowl_orange_tabletop_phase2
1.0,0.9406286254525185,0.9999999875823656,0.9406286378701528,-0.3763511721044779,-0.004995488402225116,13.789766132831573,0.1476934552192688,0.010546660273879146,30.15377076466878,0.13247083127498627,0.8323678970336914,0.24188604950904846,0.028376489877700806,0.27026253938674927,True,0.9022443294525146,0.028376489877700806,0.05458286830357143,,,0.6386528672425337,0.1476934552192688,0.05458286830357143,0.973482428115016,0.3523404896259308,7.007539968185403,0.44629600736527497,3.4674415588378906,0.2376260906457901,0.03536228835582733,0.27298837900161743,"61,263,275,497",/cluster/users/grad/2025/25t8103/project/experiments/support_v3_2026-06-02/normalized_512/eval_masks/yellow_vase_blue_phase2_eval_mask.png,fixed_eval_mask,1.0,21.273597717285156,0.037201281636953354,62.5562629699707,support_v3_controller_rmsgap,DeCE-RF,,0.02183568850159645,23.554163804967843,0.06641892003755279,13.415894985198975,/cluster/users/grad/2025/25t8103/project/outputs/pretty_matrix/yellow_vase_blue_phase2/support_v3_controller_rmsgap/seed_10/result.png,5.429305553436279,yellow_vase_blue_phase2/support_v3_controller_rmsgap/seed_10,57.44272593501955,10,/cluster/users/grad/2025/25t8103/project/data/pretty_free_candidates/pexels_yellow_ceramic_vase_8356822.jpg,0.039875585585832596,A still-life photo of a small yellow ceramic vase resting on white fabric.,18.22679855814271,0.12264788744901703,0.9856521172737215,0.9856521172737215,"A still-life photo of the same small ceramic vase resting on the same white fabric, with only the vase color changed from yellow to deep blue while the fabric, lighting, and shadows remain unchanged.",yellow_vase_blue_phase2
1.0,0.9427639047304789,0.9999999900658926,0.942763884862264,-0.36900282092392445,-0.005033555771660758,14.76135810216268,0.1447172611951828,0.01086716960708145,30.678603887557983,0.15479683876037598,0.8988993763923645,0.2491941750049591,0.017325490713119507,0.2665196657180786,True,0.9081625938415527,0.017325490713119507,0.05458286830357143,,,0.5561956827237782,0.1447172611951828,0.05458286830357143,0.9920127795527156,0.33358779549598694,7.739491006677968,0.4102281416603056,3.078112840652466,0.22638310492038727,0.02818499505519867,0.25456809997558594,"61,263,275,497",/cluster/users/grad/2025/25t8103/project/experiments/support_v3_2026-06-02/normalized_512/eval_masks/yellow_vase_blue_phase2_eval_mask.png,fixed_eval_mask,1.0,28.015304565429688,0.037683650851249695,62.728572845458984,support_v3_controller_rmsgap,DeCE-RF,,0.022373836487531662,23.3025100538202,0.06837140386197578,13.415894985198975,/cluster/users/grad/2025/25t8103/project/outputs/pretty_matrix/yellow_vase_blue_phase2/support_v3_controller_rmsgap/seed_11/result.png,5.534226417541504,yellow_vase_blue_phase2/support_v3_controller_rmsgap/seed_11,39.164530705005745,11,/cluster/users/grad/2025/25t8103/project/data/pretty_free_candidates/pexels_yellow_ceramic_vase_8356822.jpg,0.039360787719488144,A still-life photo of a small yellow ceramic vase resting on white fabric.,18.662986151988292,0.11664085445011002,0.9865760999937231,0.9865760999937231,"A still-life photo of the same small ceramic vase resting on the same white fabric, with only the vase color changed from yellow to natural matte cobalt blue while the fabric, lighting, shadows, rim shading, and ceramic highlights remain unchanged.",yellow_vase_blue_phase2
1.0,0.9420022815465927,0.999999982615312,0.9420022964477539,-0.37032576215763885,-0.004855080907267014,14.993424703677496,0.1447172611951828,0.010822939992067404,30.565931638081867,0.15295526385307312,0.8974902629852295,0.24764882028102875,0.017056480050086975,0.2647053003311157,True,0.9070470333099365,0.017056480050086975,0.05458286830357143,,,0.5560047152797514,0.1447172611951828,0.05458286830357143,0.9920127795527156,0.33319368958473206,7.757318782941011,0.4093870124801645,3.0776140689849854,0.22846826910972595,0.027454227209091187,0.25592249631881714,"61,263,275,497",/cluster/users/grad/2025/25t8103/project/experiments/support_v3_2026-06-02/normalized_512/eval_masks/yellow_vase_blue_phase2_eval_mask.png,fixed_eval_mask,1.0,28.88197135925293,0.037683650851249695,62.728572845458984,support_v3_controller_rmsgap,DeCE-RF,,0.02236395888030529,23.308802725641794,0.0683218887271596,13.415894985198975,/cluster/users/grad/2025/25t8103/project/outputs/pretty_matrix/yellow_vase_blue_phase2/support_v3_controller_rmsgap/seed_12/result.png,5.5352301597595215,yellow_vase_blue_phase2/support_v3_controller_rmsgap/seed_12,39.179140738007845,12,/cluster/users/grad/2025/25t8103/project/data/pretty_free_candidates/pexels_yellow_ceramic_vase_8356822.jpg,0.03932993859052658,A still-life photo of a small yellow ceramic vase resting on white fabric.,18.67706371463109,0.11645196314710297,0.9865807255442627,0.9865807255442627,"A still-life photo of the same small ceramic vase resting on the same white fabric, with only the vase color changed from yellow to natural matte cobalt blue while the fabric, lighting, shadows, rim shading, and ceramic highlights remain unchanged.",yellow_vase_blue_phase2
1.0,0.9435592542092005,1.0000000173846881,0.9435592467586199,-0.3559017575656374,-0.005276941804671272,14.847502926985422,0.1447172611951828,0.01075168972602114,21.06827688217163,0.15252335369586945,0.8991937637329102,0.2507995069026947,0.01669171452522278,0.2674912214279175,True,0.9083301424980164,0.01669171452522278,0.05458286830357143,,,0.556879321678353,0.1447172611951828,0.05458286830357143,0.9913738019169329,0.3279435336589813,7.881152650530437,0.40359183124554293,3.08463716506958,0.22984501719474792,0.02801913022994995,0.2578641474246979,"61,263,275,497",/cluster/users/grad/2025/25t8103/project/experiments/support_v3_2026-06-02/normalized_512/eval_masks/yellow_vase_blue_phase2_eval_mask.png,fixed_eval_mask,1.0,27.603612899780273,0.037683650851249695,34.33102035522461,support_v3_fixed,Fixed DeCE displacement,,0.022228844463825226,23.410819236073905,0.0675241363550575,13.413004875183105,/cluster/users/grad/2025/25t8103/project/outputs/pretty_matrix/yellow_vase_blue_phase2/support_v3_fixed/seed_10/result.png,5.539148330688477,yellow_vase_blue_phase2/support_v3_fixed/seed_10,61.76611022799625,10,/cluster/users/grad/2025/25t8103/project/data/pretty_free_candidates/pexels_yellow_ceramic_vase_8356822.jpg,0.03891562670469284,A still-life photo of a small yellow ceramic vase resting on white fabric.,18.793786406419034,0.1148975265870416,0.986551655389707,0.986551655389707,"A still-life photo of the same small ceramic vase resting on the same white fabric, with only the vase color changed from yellow to natural matte cobalt blue while the fabric, lighting, shadows, rim shading, and ceramic highlights remain unchanged.",yellow_vase_blue_phase2
1.0,0.9438744361201922,1.0,0.9438744311531385,-0.35614804333696765,-0.005220220632812318,14.91440799832344,0.1447172611951828,0.010744848264342485,21.057780981063843,0.15148131549358368,0.8982057571411133,0.24952653050422668,0.016551941633224487,0.26607847213745117,True,0.9076334238052368,0.016551941633224487,0.05458286830357143,,,0.5566949750112349,0.1447172611951828,0.05458286830357143,0.9913738019169329,0.32772281765937805,7.889027140066968,0.4032261071088654,3.082815170288086,0.23148684203624725,0.027088478207588196,0.25857532024383545,"61,263,275,497",/cluster/users/grad/2025/25t8103/project/experiments/support_v3_2026-06-02/normalized_512/eval_masks/yellow_vase_blue_phase2_eval_mask.png,fixed_eval_mask,1.0,27.64680290222168,0.037683650851249695,34.32326889038086,support_v3_fixed,Fixed DeCE displacement,,0.022226320579648018,23.411954856288062,0.06751530861664552,13.413004875183105,/cluster/users/grad/2025/25t8103/project/outputs/pretty_matrix/yellow_vase_blue_phase2/support_v3_fixed/seed_11/result.png,5.537709712982178,yellow_vase_blue_phase2/support_v3_fixed/seed_11,52.79628933899221,11,/cluster/users/grad/2025/25t8103/project/data/pretty_free_candidates/pexels_yellow_ceramic_vase_8356822.jpg,0.0389011949300766,A still-life photo of a small yellow ceramic vase resting on white fabric.,18.79945909358927,0.11482251240162715,0.9865508752881449,0.9865508752881449,"A still-life photo of the same small ceramic vase resting on the same white fabric, with only the vase color changed from yellow to natural matte cobalt blue while the fabric, lighting, shadows, rim shading, and ceramic highlights remain unchanged.",yellow_vase_blue_phase2
1.0,0.9442720636725426,0.9999999925494194,0.9442720835407575,-0.3559562774995963,-0.005325658559551509,14.87618519862493,0.1447172611951828,0.010761785403398486,21.09216507275899,0.1489502191543579,0.8986356258392334,0.25071093440055847,0.01576259732246399,0.26647353172302246,True,0.9064570069313049,0.01576259732246399,0.05458286830357143,,,0.5569179879828126,0.1447172611951828,0.05458286830357143,0.9915867944621938,0.3279854357242584,7.876922660632485,0.4037884265517867,3.086378574371338,0.23044440150260925,0.027431458234786987,0.25787585973739624,"61,263,275,497",/cluster/users/grad/2025/25t8103/project/experiments/support_v3_2026-06-02/normalized_512/eval_masks/yellow_vase_blue_phase2_eval_mask.png,fixed_eval_mask,1.0,27.00161361694336,0.037683650851249695,34.35518264770508,support_v3_fixed,Fixed DeCE displacement,,0.02222277596592903,23.411601273941663,0.06751805706362464,13.413004875183105,/cluster/users/grad/2025/25t8103/project/outputs/pretty_matrix/yellow_vase_blue_phase2/support_v3_fixed/seed_12/result.png,5.541890621185303,yellow_vase_blue_phase2/support_v3_fixed/seed_12,55.45382781799708,12,/cluster/users/grad/2025/25t8103/project/data/pretty_free_candidates/pexels_yellow_ceramic_vase_8356822.jpg,0.03891218081116676,A still-life photo of a small yellow ceramic vase resting on white fabric.,18.79119212687096,0.11493184901508774,0.9865536839958522,0.9865536839958522,"A still-life photo of the same small ceramic vase resting on the same white fabric, with only the vase color changed from yellow to natural matte cobalt blue while the fabric, lighting, shadows, rim shading, and ceramic highlights remain unchanged.",yellow_vase_blue_phase2
