avg_beta_t,avg_cos_anchor_region,avg_cos_base_anchor,avg_cos_base_region,avg_cos_rec_base,avg_cos_rec_edit_total,avg_edit_norm,avg_mask_area,avg_rec_energy,avg_rec_norm,bg_dilate_px,bg_dino_source,bg_l1,bg_lpips,bg_lpips_x100,bg_mask_area,bg_psnr,bg_ssim,bg_ssim_luma,clip_direction_similarity,clip_image_source_similarity,clip_source_score,clip_t,clip_target_minus_source,clip_target_score,complete,dilated_edit_mask_area,dino_source_similarity,edit_score,eval_mask_area,failure_flag,failure_note,fill_texture_ratio,final_mask_area,fixed_eval_mask_area,inside_blue_ratio,inside_l1,inside_mask_l1,inside_mask_psnr,inside_mask_rmse,inside_texture_energy,local_clip_prompt,local_clip_source_score,local_clip_t,local_clip_t_full_prompt,local_clip_target_minus_source,local_clip_target_score,local_crop_box,lpips_full,lpips_outside,mask_path,mask_source,max_beta_t,max_edit_norm,max_rec_energy,max_rec_norm,method,method_display,missing,outside_l1,outside_mask_l1,outside_mask_psnr,outside_mask_rmse,peak_gpu_memory_gb,result_image,ring_texture_energy,run,runtime_seconds,seed,source_image,source_l1,source_prompt,source_psnr,source_rmse,source_ssim,source_ssim_luma,target_prompt,task
0.0,0.0,0.0,0.0,0.0,0.0,0.0,0.0,0.0,0.0,31,0.997505247592926,0.07725975662469864,0.05927469581365585,5.927469581365585,0.37699127197265625,18.706356583303027,0.45766082406044006,0.45766082406044006,0.21192608773708344,0.9285870790481567,0.27230551838874817,0.2884969413280487,0.016191422939300537,0.2884969413280487,True,0.6230087280273438,0.7730687260627747,0.016191422939300537,0.5634307861328125,,,0.6622564734783335,0.0,0.5634307861328125,0.02051455653351388,0.14365261793136597,0.14365261793136597,14.480800385851156,0.18878173828125,13.924302101135254,a black bear,0.27230551838874817,0.24117055535316467,0.2884969413280487,0.016191422939300537,0.2884969413280487,"0,0,512,512",0.2703988552093506,0.07007921487092972,/cluster/users/grad/2025/25t8103/project/data/flowedit_compatible_118/eval_masks/fe_000_bear_1_black_bear_eval_mask.png,fixed_eval_mask,0.0,0.0,0.0,0.0,instruct_pix2pix,instruct_pix2pix,,0.07831422984600067,0.07831422984600067,18.65784277900951,0.11670994410049607,,/cluster/users/grad/2025/25t8103/project/outputs/flowedit118_metric_runs/fe_000_bear_1_black_bear/instruct_pix2pix/seed_10/result.png,21.025543212890625,fe_000_bear_1_black_bear/instruct_pix2pix/seed_10,,10,/cluster/users/grad/2025/25t8103/project/_baselines/src/FlowEdit/Data/Images/bear.png,0.11512792855501175,"A large brown bear walking through a stream of water. The stream appears to be shallow, as the bear is able to walk through it without any difficulty.",15.845848462914692,0.161327192797981,0.33637201234637,0.33637201234637,"A large black bear walking through a stream of water. The stream appears to be shallow, as the black bear is able to walk through it without any difficulty.",fe_000_bear_1_black_bear
0.0,0.0,0.0,0.0,0.0,0.0,0.0,0.0,0.0,0.0,31,0.9961501955986023,0.0730876624584198,0.07564184069633484,7.564184069633484,0.37699127197265625,19.510919188470453,0.46166905760765076,0.46166905760765076,0.23935267329216003,0.8621262311935425,0.23276638984680176,0.27389755845069885,0.041131168603897095,0.27389755845069885,True,0.6230087280273438,0.5859248638153076,0.041131168603897095,0.5634307861328125,,,0.8362056526463509,0.0,0.5634307861328125,0.31357481381178065,0.11474848538637161,0.11474848538637161,15.706546502597462,0.16393537364443134,12.750154495239258,a black bear,0.23276638984680176,0.23297938704490662,0.27389755845069885,0.041131168603897095,0.27389755845069885,"0,0,512,512",0.3412437438964844,0.09351341426372528,/cluster/users/grad/2025/25t8103/project/data/flowedit_compatible_118/eval_masks/fe_000_bear_1_black_bear_eval_mask.png,fixed_eval_mask,0.0,0.0,0.0,0.0,ledits_pp,ledits_pp,,0.07531150430440903,0.07531150430440903,19.33780334315739,0.10792196217852769,,/cluster/users/grad/2025/25t8103/project/outputs/flowedit118_metric_runs/fe_000_bear_1_black_bear/ledits_pp/seed_10/result.png,15.24763011932373,fe_000_bear_1_black_bear/ledits_pp/seed_10,,10,/cluster/users/grad/2025/25t8103/project/_baselines/src/FlowEdit/Data/Images/bear.png,0.09753154963254929,"A large brown bear walking through a stream of water. The stream appears to be shallow, as the bear is able to walk through it without any difficulty.",16.94070962592199,0.14222125894516557,0.3837000174895187,0.3837000174895187,"A large black bear walking through a stream of water. The stream appears to be shallow, as the black bear is able to walk through it without any difficulty.",fe_000_bear_1_black_bear
0.0,0.0,0.0,0.0,0.0,0.0,0.0,0.0,0.0,0.0,31,0.9629932641983032,0.16956716775894165,0.20076987147331238,20.076987147331238,0.37699127197265625,12.5997666926088,0.3110087513923645,0.3110087513923645,0.327220618724823,0.677245020866394,0.16080808639526367,0.280076265335083,0.11926817893981934,0.280076265335083,True,0.6230087280273438,0.5988134145736694,0.11926817893981934,0.5634307861328125,,,1.5701890287450502,0.0,0.5634307861328125,0.23347325660121868,0.21179138123989105,0.21179138123989105,10.949152836354175,0.2834930120150181,21.898088455200195,a sculpture of a bear,0.16080808639526367,0.2792927920818329,0.280076265335083,0.11926817893981934,0.280076265335083,"0,0,512,512",0.5478345155715942,0.23534360527992249,/cluster/users/grad/2025/25t8103/project/data/flowedit_compatible_118/eval_masks/fe_003_bear_4_sculpture_eval_mask.png,fixed_eval_mask,0.0,0.0,0.0,0.0,instruct_pix2pix,instruct_pix2pix,,0.16607144474983215,0.16607144474983215,12.79317543300401,0.22926683115351038,,/cluster/users/grad/2025/25t8103/project/outputs/flowedit118_metric_runs/fe_003_bear_4_sculpture/instruct_pix2pix/seed_10/result.png,13.946147918701172,fe_003_bear_4_sculpture/instruct_pix2pix/seed_10,,10,/cluster/users/grad/2025/25t8103/project/_baselines/src/FlowEdit/Data/Images/bear.png,0.19183145463466644,"A large brown bear walking through a stream of water. The stream appears to be shallow, as the bear is able to walk through it without any difficulty.",11.660279759939487,0.26120772218158606,0.2521588689877736,0.2521588689877736,"A large sculpture of a brown bear walking through a stream of water. The stream appears to be shallow, as the sculpture of the bear is able to walk through it without any difficulty.",fe_003_bear_4_sculpture
0.0,0.0,0.0,0.0,0.0,0.0,0.0,0.0,0.0,0.0,31,0.9958707094192505,0.078797347843647,0.08272288739681244,8.272288739681244,0.37699127197265625,18.83050944061018,0.4430561363697052,0.4430561363697052,0.17483937740325928,0.7705268859863281,0.24190208315849304,0.2849409580230713,0.04303887486457825,0.2849409580230713,True,0.6230087280273438,0.2681199312210083,0.04303887486457825,0.5634307861328125,,,0.9029041665630668,0.0,0.5634307861328125,0.24233581584292485,0.1362590342760086,0.1362590342760086,14.3610322695341,0.19140284398999416,15.653437614440918,a sculpture of a bear,0.24190208315849304,0.23212102055549622,0.2849409580230713,0.04303887486457825,0.2849409580230713,"0,0,512,512",0.40862369537353516,0.10690666735172272,/cluster/users/grad/2025/25t8103/project/data/flowedit_compatible_118/eval_masks/fe_003_bear_4_sculpture_eval_mask.png,fixed_eval_mask,0.0,0.0,0.0,0.0,ledits_pp,ledits_pp,,0.08182401210069656,0.08182401210069656,18.553824032266977,0.11811601828559037,,/cluster/users/grad/2025/25t8103/project/outputs/flowedit118_metric_runs/fe_003_bear_4_sculpture/ledits_pp/seed_10/result.png,17.33676528930664,fe_003_bear_4_sculpture/ledits_pp/seed_10,,10,/cluster/users/grad/2025/25t8103/project/_baselines/src/FlowEdit/Data/Images/bear.png,0.11249437928199768,"A large brown bear walking through a stream of water. The stream appears to be shallow, as the bear is able to walk through it without any difficulty.",15.729675858428848,0.1634994164993799,0.34880640184023526,0.34880640184023526,"A large sculpture of a brown bear walking through a stream of water. The stream appears to be shallow, as the sculpture of the bear is able to walk through it without any difficulty.",fe_003_bear_4_sculpture
0.0,0.0,0.0,0.0,0.0,0.0,0.0,0.0,0.0,0.0,31,0.9961793422698975,0.0915146991610527,0.1165870726108551,11.65870726108551,0.702667236328125,18.101934956802882,0.3187924921512604,0.3187924921512604,0.2977391481399536,0.8981471061706543,0.24152076244354248,0.2760828137397766,0.03456205129623413,0.2760828137397766,True,0.297332763671875,0.7048835754394531,0.03456205129623413,0.23633575439453125,,,0.6104756442915491,0.0,0.23633575439453125,0.010992026342124803,0.18879137933254242,0.18879137933254242,10.701280732052467,0.2916996871898505,14.242863655090332,a black bear,0.25499647855758667,0.2675324082374573,0.28682148456573486,0.03182500600814819,0.28682148456573486,"39,75,512,494",0.2095322608947754,0.1268526166677475,/cluster/users/grad/2025/25t8103/project/data/flowedit_compatible_118/eval_masks/fe_004_bear_grass_1_black_bear_eval_mask.png,fixed_eval_mask,0.0,0.0,0.0,0.0,instruct_pix2pix,instruct_pix2pix,,0.09241518378257751,0.09241518378257751,18.049325620941637,0.12517964596852715,,/cluster/users/grad/2025/25t8103/project/outputs/flowedit118_metric_runs/fe_004_bear_grass_1_black_bear/instruct_pix2pix/seed_10/result.png,23.330764770507812,fe_004_bear_grass_1_black_bear/instruct_pix2pix/seed_10,,10,/cluster/users/grad/2025/25t8103/project/_baselines/src/FlowEdit/Data/Images/bear_grass.png,0.11519235372543335,A large brown bear walking through a grassy field.,14.938187201789546,0.1790979603412435,0.2868823763860668,0.2868823763860668,A large black bear walking through a grassy field.,fe_004_bear_grass_1_black_bear
0.0,0.0,0.0,0.0,0.0,0.0,0.0,0.0,0.0,0.0,31,0.9860366582870483,0.08858838677406311,0.14388403296470642,14.388403296470642,0.702667236328125,18.38337963768631,0.33872896432876587,0.33872896432876587,0.2758486866950989,0.8803566098213196,0.24407869577407837,0.27923497557640076,0.03515627980232239,0.27923497557640076,True,0.297332763671875,0.6281464099884033,0.03515627980232239,0.23633575439453125,,,0.6815518185276445,0.0,0.23633575439453125,0.2335603835103464,0.19282150268554688,0.19282150268554688,11.211231981217399,0.27506694304022755,14.878758430480957,a black bear,0.253519207239151,0.2657487392425537,0.2973308563232422,0.043811649084091187,0.2973308563232422,"39,75,512,494",0.28574639558792114,0.1607038676738739,/cluster/users/grad/2025/25t8103/project/data/flowedit_compatible_118/eval_masks/fe_004_bear_grass_1_black_bear_eval_mask.png,fixed_eval_mask,0.0,0.0,0.0,0.0,ledits_pp,ledits_pp,,0.09016727656126022,0.09016727656126022,18.23878659255221,0.12247872885002173,,/cluster/users/grad/2025/25t8103/project/outputs/flowedit118_metric_runs/fe_004_bear_grass_1_black_bear/ledits_pp/seed_10/result.png,21.830707550048828,fe_004_bear_grass_1_black_bear/ledits_pp/seed_10,,10,/cluster/users/grad/2025/25t8103/project/_baselines/src/FlowEdit/Data/Images/bear_grass.png,0.11442813277244568,A large brown bear walking through a grassy field.,15.325791413497349,0.17128148883182806,0.2878538530749119,0.2878538530749119,A large black bear walking through a grassy field.,fe_004_bear_grass_1_black_bear
0.0,0.0,0.0,0.0,0.0,0.0,0.0,0.0,0.0,0.0,31,0.9956318140029907,0.09627790749073029,0.13773058354854584,13.773058354854584,0.702667236328125,17.690988095792243,0.30826807022094727,0.30826807022094727,0.2351076900959015,0.8155507445335388,0.2558535933494568,0.3282017707824707,0.07234817743301392,0.3282017707824707,True,0.297332763671875,0.6610499024391174,0.07234817743301392,0.23633575439453125,,,0.9797391633867399,0.0,0.23633575439453125,0.040917454885883074,0.11871030181646347,0.11871030181646347,15.329551323209014,0.17120736129928416,23.403953552246094,a sculpture of a bear,0.2689568102359772,0.3111051321029663,0.3530814051628113,0.0841245949268341,0.3530814051628113,"39,75,512,494",0.20645488798618317,0.14904575049877167,/cluster/users/grad/2025/25t8103/project/data/flowedit_compatible_118/eval_masks/fe_007_bear_grass_4_sculpture_eval_mask.png,fixed_eval_mask,0.0,0.0,0.0,0.0,instruct_pix2pix,instruct_pix2pix,,0.09694250673055649,0.09694250673055649,17.661307661539126,0.13089848403679394,,/cluster/users/grad/2025/25t8103/project/outputs/flowedit118_metric_runs/fe_007_bear_grass_4_sculpture/instruct_pix2pix/seed_10/result.png,23.887943267822266,fe_007_bear_grass_4_sculpture/instruct_pix2pix/seed_10,,10,/cluster/users/grad/2025/25t8103/project/_baselines/src/FlowEdit/Data/Images/bear_grass.png,0.10208699107170105,A large brown bear walking through a grassy field.,16.98700681264757,0.14146521350602131,0.3085150425971403,0.3085150425971403,A large sculpture of a brown bear walking through a grassy field.,fe_007_bear_grass_4_sculpture
0.0,0.0,0.0,0.0,0.0,0.0,0.0,0.0,0.0,0.0,31,0.9906113147735596,0.09200350195169449,0.14526183903217316,14.526183903217316,0.702667236328125,18.09928394646049,0.33300626277923584,0.33300626277923584,0.2895289659500122,0.7813844680786133,0.2266770750284195,0.3239994943141937,0.09732241928577423,0.3239994943141937,True,0.297332763671875,0.5650193095207214,0.09732241928577423,0.23633575439453125,,,1.0341233366348894,0.0,0.23633575439453125,0.307001969202957,0.20300516486167908,0.20300516486167908,10.925255876982094,0.28427404298900544,22.44129180908203,a sculpture of a bear,0.23637521266937256,0.29991844296455383,0.33564138412475586,0.0992661714553833,0.33564138412475586,"39,75,512,494",0.2903417646884918,0.17321351170539856,/cluster/users/grad/2025/25t8103/project/data/flowedit_compatible_118/eval_masks/fe_007_bear_grass_4_sculpture_eval_mask.png,fixed_eval_mask,0.0,0.0,0.0,0.0,ledits_pp,ledits_pp,,0.0944686010479927,0.0944686010479927,17.82166493153577,0.12850403168166552,,/cluster/users/grad/2025/25t8103/project/outputs/flowedit118_metric_runs/fe_007_bear_grass_4_sculpture/ledits_pp/seed_10/result.png,21.700788497924805,fe_007_bear_grass_4_sculpture/ledits_pp/seed_10,,10,/cluster/users/grad/2025/25t8103/project/_baselines/src/FlowEdit/Data/Images/bear_grass.png,0.12011969089508057,A large brown bear walking through a grassy field.,14.988131107041774,0.1780711012992548,0.2943548743068006,0.2943548743068006,A large sculpture of a brown bear walking through a grassy field.,fe_007_bear_grass_4_sculpture
0.0,0.0,0.0,0.0,0.0,0.0,0.0,0.0,0.0,0.0,31,0.9647445678710938,0.05147251486778259,0.11083813011646271,11.08381301164627,0.3699378967285156,24.779741643299467,0.9883368015289307,0.9883368015289307,0.25159952044487,0.7923192977905273,0.1834598183631897,0.24162939190864563,0.05816957354545593,0.24162939190864563,True,0.6300621032714844,0.36259135603904724,0.05816957354545593,0.5396537780761719,,,1.4115926666361025,0.0,0.5396537780761719,0.0007563601405274729,0.06438524276018143,0.06438524276018143,20.54072246303189,0.09396451507967596,2.9069714546203613,a glass with cocktail,0.1834598183631897,0.26726460456848145,0.24162939190864563,0.05816957354545593,0.24162939190864563,"0,0,512,512",0.15041063725948334,0.11253690719604492,/cluster/users/grad/2025/25t8103/project/data/flowedit_compatible_118/eval_masks/fe_010_beer_glass_1_cocktail_eval_mask.png,fixed_eval_mask,0.0,0.0,0.0,0.0,instruct_pix2pix,instruct_pix2pix,,0.052554164081811905,0.052554164081811905,24.415093777735066,0.060151340621792504,,/cluster/users/grad/2025/25t8103/project/outputs/flowedit118_metric_runs/fe_010_beer_glass_1_cocktail/instruct_pix2pix/seed_10/result.png,2.0593557357788086,fe_010_beer_glass_1_cocktail/instruct_pix2pix/seed_10,,10,/cluster/users/grad/2025/25t8103/project/_baselines/src/FlowEdit/Data/Images/beer_glass.png,0.058938849717378616,A wine glass filled with beer.,21.917622265856338,0.08018975502003974,0.9049110282692893,0.9049110282692893,"A wine glass filled with a vibrant red cocktail, garnished with an orange wedge.",fe_010_beer_glass_1_cocktail
0.0,0.0,0.0,0.0,0.0,0.0,0.0,0.0,0.0,0.0,31,0.9620007872581482,0.04939499497413635,0.0925632119178772,9.25632119178772,0.3699378967285156,25.894912039335974,0.9843822717666626,0.9843822717666626,0.2811041474342346,0.7750608921051025,0.1660110056400299,0.2469262182712555,0.08091521263122559,0.2469262182712555,True,0.6300621032714844,0.34145140647888184,0.08091521263122559,0.5396537780761719,,,2.135544142897137,0.0,0.5396537780761719,0.0009754925176896379,0.09999693185091019,0.09999693185091019,16.276456478236312,0.15352431775008107,1.6949981451034546,a glass with cocktail,0.1660110056400299,0.2530132830142975,0.2469262182712555,0.08091521263122559,0.2469262182712555,"0,0,512,512",0.2289779931306839,0.10178621113300323,/cluster/users/grad/2025/25t8103/project/data/flowedit_compatible_118/eval_masks/fe_010_beer_glass_1_cocktail_eval_mask.png,fixed_eval_mask,0.0,0.0,0.0,0.0,ledits_pp,ledits_pp,,0.05162648856639862,0.05162648856639862,24.261997547883443,0.06122095819013349,,/cluster/users/grad/2025/25t8103/project/outputs/flowedit118_metric_runs/fe_010_beer_glass_1_cocktail/ledits_pp/seed_10/result.png,0.7937078475952148,fe_010_beer_glass_1_cocktail/ledits_pp/seed_10,,10,/cluster/users/grad/2025/25t8103/project/_baselines/src/FlowEdit/Data/Images/beer_glass.png,0.07772979885339737,A wine glass filled with beer.,18.402865040563736,0.12018679331087193,0.881799764217123,0.881799764217123,"A wine glass filled with a vibrant red cocktail, garnished with an orange wedge.",fe_010_beer_glass_1_cocktail
0.0,0.0,0.0,0.0,0.0,0.0,0.0,0.0,0.0,0.0,31,0.9659528732299805,0.21236692368984222,0.38163506984710693,38.16350698471069,0.8351860046386719,11.409405105380879,0.6675128936767578,0.6675128936767578,0.2944944500923157,0.9411313533782959,0.2488243281841278,0.27579236030578613,0.026968032121658325,0.27579236030578613,True,0.16481399536132812,0.9603964686393738,0.026968032121658325,0.11949539184570312,,,1.7955666552939948,0.0,0.11949539184570312,0.045969672785315246,0.16186057031154633,0.16186057031154633,13.807432393224541,0.20399916055801126,14.060750007629395,a green bicycle,0.2322043478488922,0.25739815831184387,0.2596311569213867,0.027426809072494507,0.2596311569213867,"143,263,512,512",0.41743555665016174,0.3959539532661438,/cluster/users/grad/2025/25t8103/project/data/flowedit_compatible_118/eval_masks/fe_015_bikes_5_green_bicycle_eval_mask.png,fixed_eval_mask,0.0,0.0,0.0,0.0,instruct_pix2pix,instruct_pix2pix,,0.20864304900169373,0.20864304900169373,11.519311419996436,0.26548160160383666,,/cluster/users/grad/2025/25t8103/project/outputs/flowedit118_metric_runs/fe_015_bikes_5_green_bicycle/instruct_pix2pix/seed_10/result.png,7.830814838409424,fe_015_bikes_5_green_bicycle/instruct_pix2pix/seed_10,,10,/cluster/users/grad/2025/25t8103/project/_baselines/src/FlowEdit/Data/Images/bikes.png,0.203052818775177,"A bicycle parked on the sidewalk in front of a red brick building. The bicycle is positioned close to the door of the building, making it easily accessible for the owner. The building has a red brick exterior, giving it a distinctive appearance.",11.737225891165451,0.2589039673413962,0.6707071652740124,0.6707071652740124,"A green bicycle parked on the sidewalk in front of a red brick building. The bicycle is positioned close to the door of the building, making it easily accessible for the owner. The building has a red brick exterior, giving it a distinctive appearance.",fe_015_bikes_5_green_bicycle
0.0,0.0,0.0,0.0,0.0,0.0,0.0,0.0,0.0,0.0,31,0.7881016135215759,0.11206050962209702,0.3041902184486389,30.41902184486389,0.8351860046386719,15.669069897672419,0.5413932800292969,0.5413932800292969,0.023015227168798447,0.7891753911972046,0.21591022610664368,0.2155696153640747,-0.0003406107425689697,0.2155696153640747,True,0.16481399536132812,0.7290410995483398,-0.0003406107425689697,0.11949539184570312,,,1.2625423735441315,0.0,0.11949539184570312,3.192338387869114e-05,0.14475974440574646,0.14475974440574646,13.257521707669593,0.21733211909916167,11.70068359375,a green bicycle,0.2285573035478592,0.2460206151008606,0.23101288080215454,0.002455577254295349,0.23101288080215454,"143,263,512,512",0.39594531059265137,0.3286619782447815,/cluster/users/grad/2025/25t8103/project/data/flowedit_compatible_118/eval_masks/fe_015_bikes_5_green_bicycle_eval_mask.png,fixed_eval_mask,0.0,0.0,0.0,0.0,ledits_pp,ledits_pp,,0.11565754562616348,0.11565754562616348,15.380267744554788,0.17021060397743637,,/cluster/users/grad/2025/25t8103/project/outputs/flowedit118_metric_runs/fe_015_bikes_5_green_bicycle/ledits_pp/seed_10/result.png,9.267557144165039,fe_015_bikes_5_green_bicycle/ledits_pp/seed_10,,10,/cluster/users/grad/2025/25t8103/project/_baselines/src/FlowEdit/Data/Images/bikes.png,0.11913514137268066,"A bicycle parked on the sidewalk in front of a red brick building. The bicycle is positioned close to the door of the building, making it easily accessible for the owner. The building has a red brick exterior, giving it a distinctive appearance.",15.064885834778078,0.1765044699310896,0.5097766127032277,0.5097766127032277,"A green bicycle parked on the sidewalk in front of a red brick building. The bicycle is positioned close to the door of the building, making it easily accessible for the owner. The building has a red brick exterior, giving it a distinctive appearance.",fe_015_bikes_5_green_bicycle
0.0,0.0,0.0,0.0,0.0,0.0,0.0,0.0,0.0,0.0,31,0.972050130367279,0.26619765162467957,0.4010036587715149,40.10036587715149,0.8351860046386719,9.883007022644886,0.6171199083328247,0.6171199083328247,0.34539729356765747,0.9302830696105957,0.20596204698085785,0.2564639747142792,0.050501927733421326,0.2564639747142792,True,0.16481399536132812,0.9560058116912842,0.050501927733421326,0.11949539184570312,,,1.9992806761179183,0.0,0.11949539184570312,0.020526735833998402,0.26754119992256165,0.26754119992256165,9.48642578056002,0.3354893289764988,9.014798164367676,a yellow bicycle,0.19505305588245392,0.27463385462760925,0.24198360741138458,0.046930551528930664,0.24198360741138458,"143,263,512,512",0.4422984719276428,0.4173969328403473,/cluster/users/grad/2025/25t8103/project/data/flowedit_compatible_118/eval_masks/fe_016_bikes_6_yellow_bicycle_eval_mask.png,fixed_eval_mask,0.0,0.0,0.0,0.0,instruct_pix2pix,instruct_pix2pix,,0.2632654309272766,0.2632654309272766,9.94233486342827,0.318334168916541,,/cluster/users/grad/2025/25t8103/project/outputs/flowedit118_metric_runs/fe_016_bikes_6_yellow_bicycle/instruct_pix2pix/seed_10/result.png,4.509020805358887,fe_016_bikes_6_yellow_bicycle/instruct_pix2pix/seed_10,,10,/cluster/users/grad/2025/25t8103/project/_baselines/src/FlowEdit/Data/Images/bikes.png,0.26377633213996887,"A bicycle parked on the sidewalk in front of a red brick building. The bicycle is positioned close to the door of the building, making it easily accessible for the owner. The building has a red brick exterior, giving it a distinctive appearance.",9.885270072620186,0.3204324544200975,0.6044563011677319,0.6044563011677319,"A yellow bicycle parked on the sidewalk in front of a red brick building. The bicycle is positioned close to the door of the building, making it easily accessible for the owner. The building has a red brick exterior, giving it a distinctive appearance.",fe_016_bikes_6_yellow_bicycle
0.0,0.0,0.0,0.0,0.0,0.0,0.0,0.0,0.0,0.0,31,0.7715723514556885,0.07877346128225327,0.3402494192123413,34.02494192123413,0.8351860046386719,17.892345224573862,0.534031867980957,0.534031867980957,0.03353603184223175,0.7731059789657593,0.2487809956073761,0.2654010057449341,0.016620010137557983,0.2654010057449341,True,0.16481399536132812,0.6452049612998962,0.016620010137557983,0.11949539184570312,,,1.020911484755883,0.0,0.11949539184570312,0.0,0.13051824271678925,0.13051824271678925,13.813458549122084,0.20385767771082375,5.846735000610352,a yellow bicycle,0.20529262721538544,0.24302111566066742,0.22533948719501495,0.020046859979629517,0.22533948719501495,"143,263,512,512",0.45748648047447205,0.37015461921691895,/cluster/users/grad/2025/25t8103/project/data/flowedit_compatible_118/eval_masks/fe_016_bikes_6_yellow_bicycle_eval_mask.png,fixed_eval_mask,0.0,0.0,0.0,0.0,ledits_pp,ledits_pp,,0.08375564962625504,0.08375564962625504,17.264354092140948,0.13701947381278606,,/cluster/users/grad/2025/25t8103/project/outputs/flowedit118_metric_runs/fe_016_bikes_6_yellow_bicycle/ledits_pp/seed_10/result.png,5.726975440979004,fe_016_bikes_6_yellow_bicycle/ledits_pp/seed_10,,10,/cluster/users/grad/2025/25t8103/project/_baselines/src/FlowEdit/Data/Images/bikes.png,0.08934354782104492,"A bicycle parked on the sidewalk in front of a red brick building. The bicycle is positioned close to the door of the building, making it easily accessible for the owner. The building has a red brick exterior, giving it a distinctive appearance.",16.676246645954887,0.14661812715894473,0.5076785074560037,0.5076785074560037,"A yellow bicycle parked on the sidewalk in front of a red brick building. The bicycle is positioned close to the door of the building, making it easily accessible for the owner. The building has a red brick exterior, giving it a distinctive appearance.",fe_016_bikes_6_yellow_bicycle
0.0,0.0,0.0,0.0,0.0,0.0,0.0,0.0,0.0,0.0,31,0.9868139028549194,0.059533532708883286,0.14098627865314484,14.098627865314484,0.834442138671875,20.46807023300004,0.8533809781074524,0.8533809781074524,0.18467280268669128,0.9861701726913452,0.22170934081077576,0.23263126611709595,0.01092192530632019,0.23263126611709595,True,0.165557861328125,0.9850634932518005,0.01092192530632019,0.12115478515625,,,0.9009534765485564,0.0,0.12115478515625,0.00025188916876574307,0.05104304105043411,0.05104304105043411,20.05158535549169,0.09940786173730191,6.478613376617432,a white red hull,0.20831717550754547,0.20474843680858612,0.23043374717235565,0.02211657166481018,0.23043374717235565,"44,123,351,426",0.13881829380989075,0.14123256504535675,/cluster/users/grad/2025/25t8103/project/data/flowedit_compatible_118/eval_masks/fe_017_boat_silhouette_1_sailboat_white_sails_red_hull_eval_mask.png,fixed_eval_mask,0.0,0.0,0.0,0.0,instruct_pix2pix,instruct_pix2pix,,0.06067131459712982,0.06067131459712982,20.326943419969858,0.09630588554762938,,/cluster/users/grad/2025/25t8103/project/outputs/flowedit118_metric_runs/fe_017_boat_silhouette_1_sailboat_white_sails_red_hull/instruct_pix2pix/seed_10/result.png,7.190841197967529,fe_017_boat_silhouette_1_sailboat_white_sails_red_hull/instruct_pix2pix/seed_10,,10,/cluster/users/grad/2025/25t8103/project/_baselines/src/FlowEdit/Data/Images/boat_silhouette.png,0.05950479581952095,"A serene scene of a lake with a silhouette of a sailboat floating on the water. The silhouette of the boat is positioned in the middle of the lake, slightly to the left. The sun is setting in the background, casting a warm glow over the scene.",20.29263884363592,0.09668699391047043,0.8492650041423788,0.8492650041423788,"A serene scene of a lake with a sailboat floating on the water. The sailboat has white sails and red hull. The boat is positioned in the middle of the lake, slightly to the left. The sun is setting in the background, casting a warm glow over the scene.",fe_017_boat_silhouette_1_sailboat_white_sails_red_hull
0.0,0.0,0.0,0.0,0.0,0.0,0.0,0.0,0.0,0.0,31,0.9671988487243652,0.043595436960458755,0.10580971837043762,10.580971837043762,0.834442138671875,22.63529693421652,0.830256998538971,0.830256998538971,-0.027314472943544388,0.9097985625267029,0.20448458194732666,0.1956583559513092,-0.008826225996017456,0.1956583559513092,True,0.165557861328125,0.28770357370376587,-0.008826225996017456,0.12115478515625,,,0.7606531337671515,0.0,0.12115478515625,0.0005037783375314861,0.07199486345052719,0.07199486345052719,15.72160521141004,0.16365140545652648,5.549301624298096,a white red hull,0.19339865446090698,0.20122623443603516,0.18336676061153412,-0.010031893849372864,0.18336676061153412,"44,123,351,426",0.15372607111930847,0.11074049770832062,/cluster/users/grad/2025/25t8103/project/data/flowedit_compatible_118/eval_masks/fe_017_boat_silhouette_1_sailboat_white_sails_red_hull_eval_mask.png,fixed_eval_mask,0.0,0.0,0.0,0.0,ledits_pp,ledits_pp,,0.04432215914130211,0.04432215914130211,22.489018606376003,0.0750842884899925,,/cluster/users/grad/2025/25t8103/project/outputs/flowedit118_metric_runs/fe_017_boat_silhouette_1_sailboat_white_sails_red_hull/ledits_pp/seed_10/result.png,7.295443058013916,fe_017_boat_silhouette_1_sailboat_white_sails_red_hull/ledits_pp/seed_10,,10,/cluster/users/grad/2025/25t8103/project/_baselines/src/FlowEdit/Data/Images/boat_silhouette.png,0.04767483472824097,"A serene scene of a lake with a silhouette of a sailboat floating on the water. The silhouette of the boat is positioned in the middle of the lake, slightly to the left. The sun is setting in the background, casting a warm glow over the scene.",20.86219786708905,0.0905503444401911,0.7947157955856533,0.7947157955856533,"A serene scene of a lake with a sailboat floating on the water. The sailboat has white sails and red hull. The boat is positioned in the middle of the lake, slightly to the left. The sun is setting in the background, casting a warm glow over the scene.",fe_017_boat_silhouette_1_sailboat_white_sails_red_hull
0.0,0.0,0.0,0.0,0.0,0.0,0.0,0.0,0.0,0.0,31,0.9976828098297119,0.042400166392326355,0.05350429564714432,5.350429564714432,0.45757293701171875,24.338571365041282,0.814120352268219,0.814120352268219,0.20151199400424957,0.9276736974716187,0.24491055309772491,0.26598432660102844,0.021073773503303528,0.26598432660102844,True,0.5424270629882812,0.8051712512969971,0.021073773503303528,0.4573974609375,,,1.3963534325266984,0.0,0.4573974609375,0.007364224713103816,0.2316649705171585,0.2316649705171585,9.480419461823526,0.33572140108375775,10.210349082946777,a white owl,0.24491055309772491,0.2513001263141632,0.26598432660102844,0.021073773503303528,0.26598432660102844,"0,0,512,512",0.1547439992427826,0.05651099607348442,/cluster/users/grad/2025/25t8103/project/data/flowedit_compatible_118/eval_masks/fe_019_brown_owl_1_white_owl_eval_mask.png,fixed_eval_mask,0.0,0.0,0.0,0.0,instruct_pix2pix,instruct_pix2pix,,0.04347104951739311,0.04347104951739311,24.12083986518173,0.06222401159641092,,/cluster/users/grad/2025/25t8103/project/outputs/flowedit118_metric_runs/fe_019_brown_owl_1_white_owl/instruct_pix2pix/seed_10/result.png,7.31215238571167,fe_019_brown_owl_1_white_owl/instruct_pix2pix/seed_10,,10,/cluster/users/grad/2025/25t8103/project/_baselines/src/FlowEdit/Data/Images/brown_owl.png,0.12955044209957123,"A small, brown owl standing on a patch of grass.",12.704010599166933,0.2316324869434272,0.6983793630698732,0.6983793630698732,"A small, white owl standing on a patch of grass.",fe_019_brown_owl_1_white_owl
0.0,0.0,0.0,0.0,0.0,0.0,0.0,0.0,0.0,0.0,31,0.9799742698669434,0.08940067142248154,0.1791054606437683,17.91054606437683,0.45757293701171875,18.961544063304927,0.7244376540184021,0.7244376540184021,0.1517426073551178,0.8867319822311401,0.2248467653989792,0.2432328164577484,0.018386051058769226,0.2432328164577484,True,0.5424270629882812,0.614578366279602,0.018386051058769226,0.4573974609375,,,2.3267701546226043,0.0,0.4573974609375,0.34272417934347477,0.1413509100675583,0.1413509100675583,13.645028347535565,0.20784930785185254,10.56086254119873,a white owl,0.2248467653989792,0.2509734332561493,0.2432328164577484,0.018386051058769226,0.2432328164577484,"0,0,512,512",0.2764233946800232,0.18400952219963074,/cluster/users/grad/2025/25t8103/project/data/flowedit_compatible_118/eval_masks/fe_019_brown_owl_1_white_owl_eval_mask.png,fixed_eval_mask,0.0,0.0,0.0,0.0,ledits_pp,ledits_pp,,0.08975443989038467,0.08975443989038467,18.93889246551469,0.11299399837052192,,/cluster/users/grad/2025/25t8103/project/outputs/flowedit118_metric_runs/fe_019_brown_owl_1_white_owl/ledits_pp/seed_10/result.png,4.538850784301758,fe_019_brown_owl_1_white_owl/ledits_pp/seed_10,,10,/cluster/users/grad/2025/25t8103/project/_baselines/src/FlowEdit/Data/Images/brown_owl.png,0.11335455626249313,"A small, brown owl standing on a patch of grass.",15.736849379437093,0.16336444099813466,0.6386169769662353,0.6386169769662353,"A small, white owl standing on a patch of grass.",fe_019_brown_owl_1_white_owl
0.0,0.0,0.0,0.0,0.0,0.0,0.0,0.0,0.0,0.0,31,0.9799680709838867,0.14163538813591003,0.28690117597579956,28.690117597579956,0.45757293701171875,13.752727637325588,0.6222323179244995,0.6222323179244995,0.254474401473999,0.6738356351852417,0.16838324069976807,0.27182745933532715,0.10344421863555908,0.27182745933532715,True,0.5424270629882812,0.2533816993236542,0.10344421863555908,0.4573974609375,,,4.850874192419336,0.0,0.4573974609375,0.09092273819055244,0.16160936653614044,0.16160936653614044,13.040488272149329,0.22283098826271708,10.193886756896973,a glass sculpture of a owl,0.16838324069976807,0.3060888350009918,0.27182745933532715,0.10344421863555908,0.27182745933532715,"0,0,512,512",0.500899612903595,0.3148065209388733,/cluster/users/grad/2025/25t8103/project/data/flowedit_compatible_118/eval_masks/fe_020_brown_owl_2_glass_sculpture_eval_mask.png,fixed_eval_mask,0.0,0.0,0.0,0.0,instruct_pix2pix,instruct_pix2pix,,0.14746461808681488,0.14746461808681488,13.429458114313919,0.21307234926194052,,/cluster/users/grad/2025/25t8103/project/outputs/flowedit118_metric_runs/fe_020_brown_owl_2_glass_sculpture/instruct_pix2pix/seed_10/result.png,2.1014535427093506,fe_020_brown_owl_2_glass_sculpture/instruct_pix2pix/seed_10,,10,/cluster/users/grad/2025/25t8103/project/_baselines/src/FlowEdit/Data/Images/brown_owl.png,0.15393437445163727,"A small, brown owl standing on a patch of grass.",13.247210835885461,0.21759026354859545,0.5378775749154455,0.5378775749154455,A small glass sculpture of a brown owl standing on a patch of grass.,fe_020_brown_owl_2_glass_sculpture
0.0,0.0,0.0,0.0,0.0,0.0,0.0,0.0,0.0,0.0,31,0.9759131669998169,0.08867289870977402,0.17595772445201874,17.595772445201874,0.45757293701171875,18.785321058429865,0.7343538999557495,0.7343538999557495,0.15886935591697693,0.6696639060974121,0.18425245583057404,0.23482868075370789,0.05057622492313385,0.23482868075370789,True,0.5424270629882812,0.20902223885059357,0.05057622492313385,0.4573974609375,,,2.121110309301745,0.0,0.4573974609375,0.32631938884440886,0.13016358017921448,0.13016358017921448,14.26698838103498,0.19348646091253885,11.142607688903809,a glass sculpture of a owl,0.18425245583057404,0.2350134253501892,0.23482868075370789,0.05057622492313385,0.23482868075370789,"0,0,512,512",0.28852638602256775,0.1823849380016327,/cluster/users/grad/2025/25t8103/project/data/flowedit_compatible_118/eval_masks/fe_020_brown_owl_2_glass_sculpture_eval_mask.png,fixed_eval_mask,0.0,0.0,0.0,0.0,ledits_pp,ledits_pp,,0.08932744711637497,0.08932744711637497,18.73948077475183,0.11561813543536724,,/cluster/users/grad/2025/25t8103/project/outputs/flowedit118_metric_runs/fe_020_brown_owl_2_glass_sculpture/ledits_pp/seed_10/result.png,5.253195762634277,fe_020_brown_owl_2_glass_sculpture/ledits_pp/seed_10,,10,/cluster/users/grad/2025/25t8103/project/_baselines/src/FlowEdit/Data/Images/brown_owl.png,0.10800578445196152,"A small, brown owl standing on a patch of grass.",16.130222056871144,0.15613091222137773,0.636227635192462,0.636227635192462,A small glass sculpture of a brown owl standing on a patch of grass.,fe_020_brown_owl_2_glass_sculpture
0.0,0.0,0.0,0.0,0.0,0.0,0.0,0.0,0.0,0.0,31,0.979193925857544,0.07377487421035767,0.1625467985868454,16.25467985868454,0.45757293701171875,18.811712376679697,0.7386825680732727,0.7386825680732727,0.14692510664463043,0.6789374947547913,0.1713544726371765,0.21481482684612274,0.04346035420894623,0.21481482684612274,True,0.5424270629882812,0.07714921236038208,0.04346035420894623,0.4573974609375,,,2.0009022986743528,0.0,0.4573974609375,0.050131772084334135,0.2079773247241974,0.2079773247241974,10.775970314576252,0.28920212801461,9.334863662719727,a origami of a owl,0.1713544726371765,0.3092138171195984,0.21481482684612274,0.04346035420894623,0.21481482684612274,"0,0,512,512",0.4110655188560486,0.1838257759809494,/cluster/users/grad/2025/25t8103/project/data/flowedit_compatible_118/eval_masks/fe_021_brown_owl_3_origami_owl_eval_mask.png,fixed_eval_mask,0.0,0.0,0.0,0.0,instruct_pix2pix,instruct_pix2pix,,0.07812086492776871,0.07812086492776871,18.20065480347225,0.123017602799248,,/cluster/users/grad/2025/25t8103/project/outputs/flowedit118_metric_runs/fe_021_brown_owl_3_origami_owl/instruct_pix2pix/seed_10/result.png,4.665327072143555,fe_021_brown_owl_3_origami_owl/instruct_pix2pix/seed_10,,10,/cluster/users/grad/2025/25t8103/project/_baselines/src/FlowEdit/Data/Images/brown_owl.png,0.13751687109470367,"A small, brown owl standing on a patch of grass.",13.328541585238504,0.21556235557511497,0.5756158676288785,0.5756158676288785,A small origami owl standing on a patch of grass.,fe_021_brown_owl_3_origami_owl
0.0,0.0,0.0,0.0,0.0,0.0,0.0,0.0,0.0,0.0,31,0.9683632850646973,0.08926715701818466,0.17587150633335114,17.587150633335114,0.45757293701171875,18.75395067435996,0.7271282076835632,0.7271282076835632,0.06888872385025024,0.6333435773849487,0.1827681064605713,0.18037664890289307,-0.0023914575576782227,0.18037664890289307,True,0.5424270629882812,0.21056246757507324,-0.0023914575576782227,0.4573974609375,,,1.8688596490437421,0.0,0.4573974609375,0.2858870429677075,0.11707618087530136,0.11707618087530136,15.469737130241644,0.16846634106549233,9.886862754821777,a origami of a owl,0.1827681064605713,0.2253154218196869,0.18037664890289307,-0.0023914575576782227,0.18037664890289307,"0,0,512,512",0.30619096755981445,0.18190573155879974,/cluster/users/grad/2025/25t8103/project/data/flowedit_compatible_118/eval_masks/fe_021_brown_owl_3_origami_owl_eval_mask.png,fixed_eval_mask,0.0,0.0,0.0,0.0,ledits_pp,ledits_pp,,0.08987964689731598,0.08987964689731598,18.705253210503884,0.11607463841729103,,/cluster/users/grad/2025/25t8103/project/outputs/flowedit118_metric_runs/fe_021_brown_owl_3_origami_owl/ledits_pp/seed_10/result.png,5.290318489074707,fe_021_brown_owl_3_origami_owl/ledits_pp/seed_10,,10,/cluster/users/grad/2025/25t8103/project/_baselines/src/FlowEdit/Data/Images/brown_owl.png,0.10231927037239075,"A small, brown owl standing on a patch of grass.",16.92674729620339,0.1424500595701039,0.6394643468511335,0.6394643468511335,A small origami owl standing on a patch of grass.,fe_021_brown_owl_3_origami_owl
0.0,0.0,0.0,0.0,0.0,0.0,0.0,0.0,0.0,0.0,31,0.9966496229171753,0.04930802807211876,0.09192568808794022,9.192568808794022,0.7172088623046875,22.09198057050694,0.6475974917411804,0.6475974917411804,0.15481452643871307,0.8946714401245117,0.2753302752971649,0.3210543096065521,0.04572403430938721,0.3210543096065521,True,0.2827911376953125,0.8698660731315613,0.04572403430938721,0.2237396240234375,,,2.160976378752749,0.0,0.2237396240234375,0.1645809179567619,0.10220853239297867,0.10220853239297867,14.463452223297635,0.18915916525325643,14.92924690246582,a volkswagen logo on the logo,0.2577754259109497,0.23517902195453644,0.2976783812046051,0.039902955293655396,0.2976783812046051,"54,108,464,512",0.13712409138679504,0.09835026413202286,/cluster/users/grad/2025/25t8103/project/data/flowedit_compatible_118/eval_masks/fe_024_bus_2_volkswagen_logo_eval_mask.png,fixed_eval_mask,0.0,0.0,0.0,0.0,instruct_pix2pix,instruct_pix2pix,,0.048600539565086365,0.048600539565086365,22.264860392672098,0.07704722126712941,,/cluster/users/grad/2025/25t8103/project/outputs/flowedit118_metric_runs/fe_024_bus_2_volkswagen_logo/instruct_pix2pix/seed_10/result.png,6.908565521240234,fe_024_bus_2_volkswagen_logo/instruct_pix2pix/seed_10,,10,/cluster/users/grad/2025/25t8103/project/_baselines/src/FlowEdit/Data/Images/bus.png,0.06059475615620613,"A yellow van parked in front of a house, outside a garage. The van is of a classic model. The house has a brown exterior, and there is a tree nearby. There is a spare tire hanged between the headlights of the van.",18.991553297341156,0.11231101059735392,0.6679584610297814,0.6679584610297814,"A yellow van parked in front of a house, outside a garage. The van is of a classic model. The house has a brown exterior, and there is a tree nearby. There is a big Volkswagen logo on the front of the van, between its headlights.",fe_024_bus_2_volkswagen_logo
0.0,0.0,0.0,0.0,0.0,0.0,0.0,0.0,0.0,0.0,31,0.9257426261901855,0.07220997661352158,0.2647751569747925,26.477515697479248,0.7172088623046875,19.62691328942505,0.5708104372024536,0.5708104372024536,0.08478958904743195,0.49738991260528564,0.17608824372291565,0.23556244373321533,0.05947420001029968,0.23556244373321533,True,0.2827911376953125,-0.015002728439867496,0.05947420001029968,0.2237396240234375,,,1.9326900312268576,0.0,0.2237396240234375,0.029359612630430333,0.22268281877040863,0.22268281877040863,10.53190528009899,0.29744367342748723,10.097360610961914,a volkswagen logo on the logo,0.19103321433067322,0.2497016340494156,0.25046736001968384,0.05943414568901062,0.25046736001968384,"54,108,464,512",0.4320337176322937,0.29721248149871826,/cluster/users/grad/2025/25t8103/project/data/flowedit_compatible_118/eval_masks/fe_024_bus_2_volkswagen_logo_eval_mask.png,fixed_eval_mask,0.0,0.0,0.0,0.0,ledits_pp,ledits_pp,,0.07572940737009048,0.07572940737009048,19.248981717248665,0.1090312306712148,,/cluster/users/grad/2025/25t8103/project/outputs/flowedit118_metric_runs/fe_024_bus_2_volkswagen_logo/ledits_pp/seed_10/result.png,5.22451114654541,fe_024_bus_2_volkswagen_logo/ledits_pp/seed_10,,10,/cluster/users/grad/2025/25t8103/project/_baselines/src/FlowEdit/Data/Images/bus.png,0.10860872268676758,"A yellow van parked in front of a house, outside a garage. The van is of a classic model. The house has a brown exterior, and there is a tree nearby. There is a spare tire hanged between the headlights of the van.",15.372593002378942,0.1703610663768696,0.5047949789191815,0.5047949789191815,"A yellow van parked in front of a house, outside a garage. The van is of a classic model. The house has a brown exterior, and there is a tree nearby. There is a big Volkswagen logo on the front of the van, between its headlights.",fe_024_bus_2_volkswagen_logo
0.0,0.0,0.0,0.0,0.0,0.0,0.0,0.0,0.0,0.0,31,0.9784797430038452,0.09793081879615784,0.1732618808746338,17.32618808746338,0.7335052490234375,17.693365970620178,0.6148629188537598,0.6148629188537598,0.3321276903152466,0.8759925365447998,0.23561620712280273,0.2969948649406433,0.061378657817840576,0.2969948649406433,True,0.2664947509765625,0.9591497182846069,0.061378657817840576,0.2092742919921875,,,1.7417540031823238,0.0,0.2092742919921875,0.13594604447685016,0.12923356890678406,0.12923356890678406,14.625851500866641,0.18565533128494077,15.606795310974121,a pink van,0.21327432990074158,0.28362536430358887,0.2819322645664215,0.06865793466567993,0.2819322645664215,"61,115,457,512",0.22086310386657715,0.1898796409368515,/cluster/users/grad/2025/25t8103/project/data/flowedit_compatible_118/eval_masks/fe_025_bus_3_pink_van_eval_mask.png,fixed_eval_mask,0.0,0.0,0.0,0.0,instruct_pix2pix,instruct_pix2pix,,0.09962953627109528,0.09962953627109528,17.568641947123332,0.1323024548865078,,/cluster/users/grad/2025/25t8103/project/outputs/flowedit118_metric_runs/fe_025_bus_3_pink_van/instruct_pix2pix/seed_10/result.png,8.960390090942383,fe_025_bus_3_pink_van/instruct_pix2pix/seed_10,,10,/cluster/users/grad/2025/25t8103/project/_baselines/src/FlowEdit/Data/Images/bus.png,0.10582491755485535,"A yellow van parked in front of a house, outside a garage. The van is of a classic model. The house has a brown exterior, and there is a tree nearby. There is a spare tire hanged between the headlights of the van.",16.766641588630016,0.14510016976917728,0.6573731067861831,0.6573731067861831,"A pink van parked in front of a house, outside a garage. The van is of a classic model. The house has a brown exterior, and there is a tree nearby. There is a spare tire hanged between the headlights of the van.",fe_025_bus_3_pink_van
0.0,0.0,0.0,0.0,0.0,0.0,0.0,0.0,0.0,0.0,31,0.9615778923034668,0.06891839951276779,0.24577973783016205,24.577973783016205,0.7335052490234375,20.216081454418017,0.5864264965057373,0.5864264965057373,0.3261849284172058,0.8492513298988342,0.2194461226463318,0.28986257314682007,0.07041645050048828,0.28986257314682007,True,0.2664947509765625,0.806578516960144,0.07041645050048828,0.2092742919921875,,,2.791697560307663,0.0,0.2092742919921875,0.09462267590229675,0.12468406558036804,0.12468406558036804,13.927083115239434,0.20120827799190863,12.327128410339355,a pink van,0.20829246938228607,0.29746973514556885,0.28677910566329956,0.07848663628101349,0.28677910566329956,"61,115,457,512",0.3441225588321686,0.2685169279575348,/cluster/users/grad/2025/25t8103/project/data/flowedit_compatible_118/eval_masks/fe_025_bus_3_pink_van_eval_mask.png,fixed_eval_mask,0.0,0.0,0.0,0.0,ledits_pp,ledits_pp,,0.06976205855607986,0.06976205855607986,20.169029421325003,0.09807278966954551,,/cluster/users/grad/2025/25t8103/project/outputs/flowedit118_metric_runs/fe_025_bus_3_pink_van/ledits_pp/seed_10/result.png,4.4156389236450195,fe_025_bus_3_pink_van/ledits_pp/seed_10,,10,/cluster/users/grad/2025/25t8103/project/_baselines/src/FlowEdit/Data/Images/bus.png,0.08125580102205276,"A yellow van parked in front of a house, outside a garage. The van is of a classic model. The house has a brown exterior, and there is a tree nearby. There is a spare tire hanged between the headlights of the van.",17.937723792698645,0.12679841077653647,0.5918118846253344,0.5918118846253344,"A pink van parked in front of a house, outside a garage. The van is of a classic model. The house has a brown exterior, and there is a tree nearby. There is a spare tire hanged between the headlights of the van.",fe_025_bus_3_pink_van
0.0,0.0,0.0,0.0,0.0,0.0,0.0,0.0,0.0,0.0,31,0.9648622870445251,0.25951990485191345,0.4070490598678589,40.70490598678589,0.6238784790039062,10.84532664209169,0.7479024529457092,0.7479024529457092,0.17703764140605927,0.9341423511505127,0.2450563609600067,0.24982494115829468,0.004768580198287964,0.24982494115829468,True,0.37612152099609375,0.7523054480552673,0.004768580198287964,0.3057403564453125,,,2.002181576534739,0.0,0.3057403564453125,0.0,0.2409495711326599,0.2409495711326599,10.17406858375347,0.30995351858220294,10.02513599395752,a yellow object,0.22742906212806702,0.18398669362068176,0.23255011439323425,0.005121052265167236,0.23255011439323425,"100,0,512,512",0.5071675181388855,0.4320014715194702,/cluster/users/grad/2025/25t8103/project/data/flowedit_compatible_118/eval_masks/fe_027_butterflies_1_yellow_eval_mask.png,fixed_eval_mask,0.0,0.0,0.0,0.0,instruct_pix2pix,instruct_pix2pix,,0.25982415676116943,0.25982415676116943,10.746057812569402,0.2901998003855123,,/cluster/users/grad/2025/25t8103/project/outputs/flowedit118_metric_runs/fe_027_butterflies_1_yellow/instruct_pix2pix/seed_10/result.png,5.007106304168701,fe_027_butterflies_1_yellow/instruct_pix2pix/seed_10,,10,/cluster/users/grad/2025/25t8103/project/_baselines/src/FlowEdit/Data/Images/butterflies.png,0.2540534734725952,"A vibrant orange flower with two black and white butterflies perched on it. The butterflies are positioned on opposite sides of the flower, with one butterfly on the left side and the other on the right side. The butterflies appear to be resting or possibly feeding on the flower, creating a captivating scene.",10.563051027054835,0.29637901384120585,0.7219199643436076,0.7219199643436076,"A vibrant orange flower with two yellow butterflies perched on it. The butterflies are positioned on opposite sides of the flower, with one butterfly on the left side and the other on the right side. The butterflies appear to be resting or possibly feeding on the flower, creating a captivating scene.",fe_027_butterflies_1_yellow
0.0,0.0,0.0,0.0,0.0,0.0,0.0,0.0,0.0,0.0,31,0.9096074104309082,0.0580313540995121,0.16996121406555176,16.996121406555176,0.6238784790039062,18.917571904759587,0.8382744789123535,0.8382744789123535,0.012554038316011429,0.7326080799102783,0.22458294034004211,0.20717130601406097,-0.01741163432598114,0.20717130601406097,True,0.37612152099609375,0.06737194955348969,-0.01741163432598114,0.3057403564453125,,,2.377909200197459,0.0,0.3057403564453125,0.06361980336377701,0.10873235017061234,0.10873235017061234,15.062703950868698,0.1765488131881214,9.23712158203125,a yellow object,0.18386998772621155,0.172524094581604,0.16453814506530762,-0.01933184266090393,0.16453814506530762,"100,0,512,512",0.2962806522846222,0.1908305287361145,/cluster/users/grad/2025/25t8103/project/data/flowedit_compatible_118/eval_masks/fe_027_butterflies_1_yellow_eval_mask.png,fixed_eval_mask,0.0,0.0,0.0,0.0,ledits_pp,ledits_pp,,0.06058455631136894,0.06058455631136894,18.6047558862154,0.11742544256972177,,/cluster/users/grad/2025/25t8103/project/outputs/flowedit118_metric_runs/fe_027_butterflies_1_yellow/ledits_pp/seed_10/result.png,3.8845560550689697,fe_027_butterflies_1_yellow/ledits_pp/seed_10,,10,/cluster/users/grad/2025/25t8103/project/_baselines/src/FlowEdit/Data/Images/butterflies.png,0.07530527561903,"A vibrant orange flower with two black and white butterflies perched on it. The butterflies are positioned on opposite sides of the flower, with one butterfly on the left side and the other on the right side. The butterflies appear to be resting or possibly feeding on the flower, creating a captivating scene.",17.18904481194974,0.13821263901054137,0.7765651343485511,0.7765651343485511,"A vibrant orange flower with two yellow butterflies perched on it. The butterflies are positioned on opposite sides of the flower, with one butterfly on the left side and the other on the right side. The butterflies appear to be resting or possibly feeding on the flower, creating a captivating scene.",fe_027_butterflies_1_yellow
0.0,0.0,0.0,0.0,0.0,0.0,0.0,0.0,0.0,0.0,31,0.9441460371017456,0.13212086260318756,0.35453441739082336,35.453441739082336,0.6673011779785156,14.682307957704099,0.9322575926780701,0.9322575926780701,0.3549104928970337,0.9623061418533325,0.22719424962997437,0.25751909613609314,0.030324846506118774,0.25751909613609314,True,0.3326988220214844,0.8123860955238342,0.030324846506118774,0.2683830261230469,,,4.184648764386731,0.0,0.2683830261230469,0.0,0.15615670382976532,0.15615670382976532,12.42899788662709,0.23908377565193634,8.812285423278809,a orange butterfly,0.23008447885513306,0.2547592222690582,0.26401859521865845,0.03393411636352539,0.26401859521865845,"0,0,423,403",0.42261266708374023,0.37242501974105835,/cluster/users/grad/2025/25t8103/project/data/flowedit_compatible_118/eval_masks/fe_028_butterfly_1_orange_butterfly_eval_mask.png,fixed_eval_mask,0.0,0.0,0.0,0.0,instruct_pix2pix,instruct_pix2pix,,0.1314106583595276,0.1314106583595276,14.598071251613003,0.18625006690120136,,/cluster/users/grad/2025/25t8103/project/outputs/flowedit118_metric_runs/fe_028_butterfly_1_orange_butterfly/instruct_pix2pix/seed_10/result.png,2.1058602333068848,fe_028_butterfly_1_orange_butterfly/instruct_pix2pix/seed_10,,10,/cluster/users/grad/2025/25t8103/project/_baselines/src/FlowEdit/Data/Images/butterfly.png,0.1380520761013031,A beautiful purple flower with a white and black butterfly perched on top of it. The butterfly is positioned towards the left side of the flower.,13.901902348880686,0.20179243575414363,0.8910879850214357,0.8910879850214357,A beautiful purple flower with an orange butterfly perched on top of it. The butterfly is positioned towards the right side of the flower.,fe_028_butterfly_1_orange_butterfly
0.0,0.0,0.0,0.0,0.0,0.0,0.0,0.0,0.0,0.0,31,0.9799202680587769,0.03691002354025841,0.07881083339452744,7.8810833394527435,0.6673011779785156,24.54386765445658,0.9399743676185608,0.9399743676185608,0.26053208112716675,0.9649625420570374,0.2621616721153259,0.2775629460811615,0.015401273965835571,0.2775629460811615,True,0.3326988220214844,0.9069440364837646,0.015401273965835571,0.2683830261230469,,,4.451380519142804,0.0,0.2683830261230469,0.0968090398692346,0.11148073524236679,0.11148073524236679,13.864391822197746,0.20266577271063815,12.941622734069824,a orange butterfly,0.25870272517204285,0.24291421473026276,0.2802724838256836,0.021569758653640747,0.2802724838256836,"0,0,423,403",0.15904471278190613,0.0827442854642868,/cluster/users/grad/2025/25t8103/project/data/flowedit_compatible_118/eval_masks/fe_028_butterfly_1_orange_butterfly_eval_mask.png,fixed_eval_mask,0.0,0.0,0.0,0.0,ledits_pp,ledits_pp,,0.036523912101984024,0.036523912101984024,24.579569459324837,0.059023033588196286,,/cluster/users/grad/2025/25t8103/project/outputs/flowedit118_metric_runs/fe_028_butterfly_1_orange_butterfly/ledits_pp/seed_10/result.png,2.907327890396118,fe_028_butterfly_1_orange_butterfly/ledits_pp/seed_10,,10,/cluster/users/grad/2025/25t8103/project/_baselines/src/FlowEdit/Data/Images/butterfly.png,0.056641045957803726,A beautiful purple flower with a white and black butterfly perched on top of it. The butterfly is positioned towards the left side of the flower.,18.67351113626842,0.1164996024053874,0.8590127164529151,0.8590127164529151,A beautiful purple flower with an orange butterfly perched on top of it. The butterfly is positioned towards the right side of the flower.,fe_028_butterfly_1_orange_butterfly
0.0,0.0,0.0,0.0,0.0,0.0,0.0,0.0,0.0,0.0,31,0.9785500764846802,0.08714529871940613,0.29489096999168396,29.489096999168396,0.7459640502929688,17.97303882529624,0.9137016534805298,0.9137016534805298,0.34933823347091675,0.9545775651931763,0.23734645545482635,0.28332385420799255,0.0459773987531662,0.28332385420799255,True,0.25403594970703125,0.882636547088623,0.0459773987531662,0.1948699951171875,,,0.9769887213872528,0.0,0.1948699951171875,3.9151201941899616e-05,0.17700019478797913,0.17700019478797913,13.167422523384577,0.21959824948134282,5.586642265319824,a red flower,0.246220663189888,0.22151446342468262,0.2907007336616516,0.04448007047176361,0.2907007336616516,"0,128,512,512",0.33951336145401,0.31069424748420715,/cluster/users/grad/2025/25t8103/project/data/flowedit_compatible_118/eval_masks/fe_029_butterfly_2_red_flower_eval_mask.png,fixed_eval_mask,0.0,0.0,0.0,0.0,instruct_pix2pix,instruct_pix2pix,,0.09246394038200378,0.09246394038200378,17.415405209748446,0.13465724954966696,,/cluster/users/grad/2025/25t8103/project/outputs/flowedit118_metric_runs/fe_029_butterfly_2_red_flower/instruct_pix2pix/seed_10/result.png,5.718225955963135,fe_029_butterfly_2_red_flower/instruct_pix2pix/seed_10,,10,/cluster/users/grad/2025/25t8103/project/_baselines/src/FlowEdit/Data/Images/butterfly.png,0.10893753170967102,A beautiful purple flower with a white and black butterfly perched on top of it. The butterfly is positioned towards the left side of the flower.,16.198543170243056,0.15490764139899943,0.8791879807802196,0.8791879807802196,A beautiful red flower with a white and black butterfly perched on top of it. The butterfly is positioned towards the right side of the flower.,fe_029_butterfly_2_red_flower
0.0,0.0,0.0,0.0,0.0,0.0,0.0,0.0,0.0,0.0,31,0.9724422097206116,0.04471351578831673,0.1764717400074005,17.64717400074005,0.7459640502929688,20.75253098161381,0.8702604174613953,0.8702604174613953,0.2812004089355469,0.8716752529144287,0.17767870426177979,0.24783387780189514,0.07015517354011536,0.24783387780189514,True,0.25403594970703125,0.617580771446228,0.07015517354011536,0.1948699951171875,,,1.7720184882122882,0.0,0.1948699951171875,0.19227155273666902,0.1372607797384262,0.1372607797384262,14.183104511662322,0.19536410603625548,3.83465313911438,a red flower,0.1845255047082901,0.2602160573005676,0.25464868545532227,0.07012318074703217,0.25464868545532227,"0,128,512,512",0.2527850270271301,0.1923268586397171,/cluster/users/grad/2025/25t8103/project/data/flowedit_compatible_118/eval_masks/fe_029_butterfly_2_red_flower_eval_mask.png,fixed_eval_mask,0.0,0.0,0.0,0.0,ledits_pp,ledits_pp,,0.047391053289175034,0.047391053289175034,20.43104318865293,0.09515855543666785,,/cluster/users/grad/2025/25t8103/project/outputs/flowedit118_metric_runs/fe_029_butterfly_2_red_flower/ledits_pp/seed_10/result.png,2.1640028953552246,fe_029_butterfly_2_red_flower/ledits_pp/seed_10,,10,/cluster/users/grad/2025/25t8103/project/_baselines/src/FlowEdit/Data/Images/butterfly.png,0.06490395218133926,A beautiful purple flower with a white and black butterfly perched on top of it. The butterfly is positioned towards the left side of the flower.,18.318501988221602,0.12135981355948616,0.8312257207000404,0.8312257207000404,A beautiful red flower with a white and black butterfly perched on top of it. The butterfly is positioned towards the right side of the flower.,fe_029_butterfly_2_red_flower
0.0,0.0,0.0,0.0,0.0,0.0,0.0,0.0,0.0,0.0,31,0.9973477125167847,0.03161385655403137,0.019606852903962135,1.9606852903962135,0.4603729248046875,28.283168507517765,0.9572957754135132,0.9572957754135132,0.08453516662120819,0.9259940981864929,0.29388532042503357,0.31479334831237793,0.02090802788734436,0.31479334831237793,True,0.5396270751953125,0.8465918302536011,0.02090802788734436,0.45574188232421875,,,1.9675128479498358,0.0,0.45574188232421875,0.022214781953628526,0.07036102563142776,0.07036102563142776,19.04151176936322,0.11166688758987782,10.927197456359863,a cake with berries,0.29388532042503357,0.2963486313819885,0.31479334831237793,0.02090802788734436,0.31479334831237793,"0,0,512,512",0.1001695767045021,0.022983644157648087,/cluster/users/grad/2025/25t8103/project/data/flowedit_compatible_118/eval_masks/fe_031_cake_1_berries_eval_mask.png,fixed_eval_mask,0.0,0.0,0.0,0.0,instruct_pix2pix,instruct_pix2pix,,0.03194063529372215,0.03194063529372215,27.974752322010247,0.039926605058704163,,/cluster/users/grad/2025/25t8103/project/outputs/flowedit118_metric_runs/fe_031_cake_1_berries/instruct_pix2pix/seed_10/result.png,5.553812503814697,fe_031_cake_1_berries/instruct_pix2pix/seed_10,,10,/cluster/users/grad/2025/25t8103/project/_baselines/src/FlowEdit/Data/Images/cake.png,0.04945041611790657,"A three-layer cake with white frosting, placed on a wooden table. The cake is adorned with a variety of fruits. The cake is presented on a white plate.",21.837260317616817,0.0809351142509591,0.8420733071967195,0.8420733071967195,"A three-layer cake with white frosting, placed on a wooden table. The cake is adorned with a variety of berries. The cake is presented on a white plate.",fe_031_cake_1_berries
0.0,0.0,0.0,0.0,0.0,0.0,0.0,0.0,0.0,0.0,31,0.9923930168151855,0.0779808983206749,0.15348976850509644,15.348976850509644,0.4603729248046875,18.80712037323012,0.8244974613189697,0.8244974613189697,0.00435909628868103,0.8341658115386963,0.25536325573921204,0.2657089829444885,0.01034572720527649,0.2657089829444885,True,0.5396270751953125,0.4913012981414795,0.01034572720527649,0.45574188232421875,,,1.8986832180719755,0.0,0.45574188232421875,0.0007114756842722022,0.15908148884773254,0.15908148884773254,12.775262420087168,0.2297401387367866,6.386923789978027,a cake with berries,0.25536325573921204,0.25744524598121643,0.2657089829444885,0.01034572720527649,0.2657089829444885,"0,0,512,512",0.4241265058517456,0.1876700073480606,/cluster/users/grad/2025/25t8103/project/data/flowedit_compatible_118/eval_masks/fe_031_cake_1_berries_eval_mask.png,fixed_eval_mask,0.0,0.0,0.0,0.0,ledits_pp,ledits_pp,,0.0830581858754158,0.0830581858754158,18.385194989757053,0.12043154295297177,,/cluster/users/grad/2025/25t8103/project/outputs/flowedit118_metric_runs/fe_031_cake_1_berries/ledits_pp/seed_10/result.png,3.363870143890381,fe_031_cake_1_berries/ledits_pp/seed_10,,10,/cluster/users/grad/2025/25t8103/project/_baselines/src/FlowEdit/Data/Images/cake.png,0.11770518869161606,"A three-layer cake with white frosting, placed on a wooden table. The cake is adorned with a variety of fruits. The cake is presented on a white plate.",14.955551568834629,0.1787402749083683,0.670492283622271,0.670492283622271,"A three-layer cake with white frosting, placed on a wooden table. The cake is adorned with a variety of berries. The cake is presented on a white plate.",fe_031_cake_1_berries
0.0,0.0,0.0,0.0,0.0,0.0,0.0,0.0,0.0,0.0,31,0.9962677955627441,0.03764424845576286,0.02313397079706192,2.313397079706192,0.4603729248046875,27.222554073637028,0.9591412544250488,0.9591412544250488,0.007225684821605682,0.9575074315071106,0.2876684069633484,0.2722906470298767,-0.01537775993347168,0.2722906470298767,True,0.5396270751953125,0.9725459814071655,-0.01537775993347168,0.45574188232421875,,,1.8087857535248826,0.0,0.45574188232421875,0.0032811584498200386,0.06950055062770844,0.06950055062770844,20.02800986284423,0.09967804393045654,9.798589706420898,a cake with cake,0.2876684069633484,0.23382361233234406,0.2722906470298767,-0.01537775993347168,0.2722906470298767,"0,0,512,512",0.07415695488452911,0.026641368865966797,/cluster/users/grad/2025/25t8103/project/data/flowedit_compatible_118/eval_masks/fe_033_cake_3_wedding_cake_eval_mask.png,fixed_eval_mask,0.0,0.0,0.0,0.0,instruct_pix2pix,instruct_pix2pix,,0.038370516151189804,0.038370516151189804,26.713075372718095,0.04616854961074078,,/cluster/users/grad/2025/25t8103/project/outputs/flowedit118_metric_runs/fe_033_cake_3_wedding_cake/instruct_pix2pix/seed_10/result.png,5.417219638824463,fe_033_cake_3_wedding_cake/instruct_pix2pix/seed_10,,10,/cluster/users/grad/2025/25t8103/project/_baselines/src/FlowEdit/Data/Images/cake.png,0.052557770162820816,"A three-layer cake with white frosting, placed on a wooden table. The cake is adorned with a variety of fruits. The cake is presented on a white plate.",22.450231327620095,0.07542033092027772,0.8531354389968546,0.8531354389968546,"A three-layer wedding cake with white frosting, placed on a wooden table. The cake is presented on a white plate.",fe_033_cake_3_wedding_cake
0.0,0.0,0.0,0.0,0.0,0.0,0.0,0.0,0.0,0.0,31,0.9936903715133667,0.06729967147111893,0.12470699101686478,12.470699101686478,0.4603729248046875,19.832993842976204,0.8444766998291016,0.8444766998291016,0.10645833611488342,0.8938582539558411,0.25522369146347046,0.26962023973464966,0.0143965482711792,0.26962023973464966,True,0.5396270751953125,0.7012388706207275,0.0143965482711792,0.45574188232421875,,,1.6066846742484393,0.0,0.45574188232421875,8.370302167908262e-06,0.1300235241651535,0.1300235241651535,14.897941651916522,0.17992972550220526,7.177005290985107,a cake with cake,0.25522369146347046,0.220905601978302,0.26962023973464966,0.0143965482711792,0.26962023973464966,"0,0,512,512",0.3169058561325073,0.14969277381896973,/cluster/users/grad/2025/25t8103/project/data/flowedit_compatible_118/eval_masks/fe_033_cake_3_wedding_cake_eval_mask.png,fixed_eval_mask,0.0,0.0,0.0,0.0,ledits_pp,ledits_pp,,0.07041389495134354,0.07041389495134354,19.615339976510406,0.10452808672562046,,/cluster/users/grad/2025/25t8103/project/outputs/flowedit118_metric_runs/fe_033_cake_3_wedding_cake/ledits_pp/seed_10/result.png,4.466965675354004,fe_033_cake_3_wedding_cake/ledits_pp/seed_10,,10,/cluster/users/grad/2025/25t8103/project/_baselines/src/FlowEdit/Data/Images/cake.png,0.09758051484823227,"A three-layer cake with white frosting, placed on a wooden table. The cake is adorned with a variety of fruits. The cake is presented on a white plate.",16.840056949891583,0.14387891446620707,0.7058936631314247,0.7058936631314247,"A three-layer wedding cake with white frosting, placed on a wooden table. The cake is presented on a white plate.",fe_033_cake_3_wedding_cake
0.0,0.0,0.0,0.0,0.0,0.0,0.0,0.0,0.0,0.0,31,0.9964403510093689,0.036665212363004684,0.02347639575600624,2.347639575600624,0.4603729248046875,27.19921811103402,0.9568246603012085,0.9568246603012085,0.05340434983372688,0.9122182726860046,0.28664296865463257,0.2982791066169739,0.011636137962341309,0.2982791066169739,True,0.5396270751953125,0.8959078788757324,0.011636137962341309,0.45574188232421875,,,1.871913038098097,0.0,0.45574188232421875,0.0021679082614882396,0.07535465806722641,0.07535465806722641,19.014774991560394,0.11201114853944123,10.127436637878418,a cake with strawberries,0.28664296865463257,0.2520487904548645,0.2982791066169739,0.011636137962341309,0.2982791066169739,"0,0,512,512",0.10539435595273972,0.0271541029214859,/cluster/users/grad/2025/25t8103/project/data/flowedit_compatible_118/eval_masks/fe_034_cake_4_strawberries_eval_mask.png,fixed_eval_mask,0.0,0.0,0.0,0.0,instruct_pix2pix,instruct_pix2pix,,0.03665332496166229,0.03665332496166229,27.028106067941877,0.044524053569346134,,/cluster/users/grad/2025/25t8103/project/outputs/flowedit118_metric_runs/fe_034_cake_4_strawberries/instruct_pix2pix/seed_10/result.png,5.4102067947387695,fe_034_cake_4_strawberries/instruct_pix2pix/seed_10,,10,/cluster/users/grad/2025/25t8103/project/_baselines/src/FlowEdit/Data/Images/cake.png,0.054291147738695145,"A three-layer cake with white frosting, placed on a wooden table. The cake is adorned with a variety of fruits. The cake is presented on a white plate.",21.67689226952158,0.0824433036717796,0.8442052379764353,0.8442052379764353,"A three-layer wedding cake with white frosting, placed on a wooden table. The cake is adorned with a lot of strawberries. The cake is presented on a white plate.",fe_034_cake_4_strawberries
0.0,0.0,0.0,0.0,0.0,0.0,0.0,0.0,0.0,0.0,31,0.9886324405670166,0.08589327335357666,0.17537599802017212,17.537599802017212,0.4603729248046875,18.072993007330822,0.7990084886550903,0.7990084886550903,0.10775454342365265,0.7406266331672668,0.19820696115493774,0.24116039276123047,0.042953431606292725,0.24116039276123047,True,0.5396270751953125,0.055368952453136444,0.042953431606292725,0.45574188232421875,,,1.8931514150820317,0.0,0.45574188232421875,0.0,0.1912032514810562,0.1912032514810562,11.354117757768252,0.2705790154017895,6.556066513061523,a cake with strawberries,0.19820696115493774,0.21732324361801147,0.24116039276123047,0.042953431606292725,0.24116039276123047,"0,0,512,512",0.4887327253818512,0.2125389724969864,/cluster/users/grad/2025/25t8103/project/data/flowedit_compatible_118/eval_masks/fe_034_cake_4_strawberries_eval_mask.png,fixed_eval_mask,0.0,0.0,0.0,0.0,ledits_pp,ledits_pp,,0.09150635451078415,0.09150635451078415,17.57339031307588,0.13223014809777298,,/cluster/users/grad/2025/25t8103/project/outputs/flowedit118_metric_runs/fe_034_cake_4_strawberries/ledits_pp/seed_10/result.png,3.4630439281463623,fe_034_cake_4_strawberries/ledits_pp/seed_10,,10,/cluster/users/grad/2025/25t8103/project/_baselines/src/FlowEdit/Data/Images/cake.png,0.13694237172603607,"A three-layer cake with white frosting, placed on a wooden table. The cake is adorned with a variety of fruits. The cake is presented on a white plate.",13.677200335697206,0.20708087110558718,0.6234493595713382,0.6234493595713382,"A three-layer wedding cake with white frosting, placed on a wooden table. The cake is adorned with a lot of strawberries. The cake is presented on a white plate.",fe_034_cake_4_strawberries
0.0,0.0,0.0,0.0,0.0,0.0,0.0,0.0,0.0,0.0,31,1.0,0.20800107717514038,0.06237763911485672,6.237763911485672,0.03857421875,11.897528176510864,0.8339700698852539,0.8339700698852539,0.18015703558921814,0.7540531158447266,0.22949403524398804,0.26842615008354187,0.03893211483955383,0.26842615008354187,True,0.96142578125,0.5587027072906494,0.03893211483955383,0.8581581115722656,,,2.4985127963217004,0.0,0.8581581115722656,0.10346682313823286,0.15162941813468933,0.15162941813468933,14.22005847489255,0.19453469851704192,13.24161434173584,a lego of a castle,0.22949403524398804,0.2502001225948334,0.26842615008354187,0.03893211483955383,0.26842615008354187,"0,0,512,512",0.45051831007003784,0.14762598276138306,/cluster/users/grad/2025/25t8103/project/data/flowedit_compatible_118/eval_masks/fe_037_castle_1_lego_castle_eval_mask.png,fixed_eval_mask,0.0,0.0,0.0,0.0,instruct_pix2pix,instruct_pix2pix,,0.1959066390991211,0.1959066390991211,12.160612101276167,0.24658655596821322,,/cluster/users/grad/2025/25t8103/project/outputs/flowedit118_metric_runs/fe_037_castle_1_lego_castle/instruct_pix2pix/seed_10/result.png,5.299798488616943,fe_037_castle_1_lego_castle/instruct_pix2pix/seed_10,,10,/cluster/users/grad/2025/25t8103/project/_baselines/src/FlowEdit/Data/Images/castle.png,0.1579097956418991,"A majestic castle with a tall, pointed roof, situated on a hillside. The sky above the castle is filled with clouds, creating a dramatic atmosphere. There are several windows on the castle, with some located on the lower levels and others on the upper levels.",13.861516532083918,0.20273287226831127,0.587602658735322,0.587602658735322,"A majestic castle made out of lego bricks with a tall, pointed roof, situated on a hillside. The sky above the lego castle is filled with clouds, creating a dramatic atmosphere. There are several windows on the lego castle, with some located on the lower levels and others on the upper levels.",fe_037_castle_1_lego_castle
0.0,0.0,0.0,0.0,0.0,0.0,0.0,0.0,0.0,0.0,31,1.0,0.10380600392818451,0.042623840272426605,4.2623840272426605,0.03857421875,18.082918298933574,0.9237423539161682,0.9237423539161682,0.2086973786354065,0.8138231635093689,0.2421182096004486,0.28395360708236694,0.041835397481918335,0.28395360708236694,True,0.96142578125,0.4819052815437317,0.041835397481918335,0.8581581115722656,,,2.087984888263668,0.0,0.8581581115722656,0.38940082947710936,0.10899841785430908,0.10899841785430908,16.524535269413093,0.14920151620976865,5.8120646476745605,a lego of a castle,0.2421182096004486,0.24849145114421844,0.28395360708236694,0.041835397481918335,0.28395360708236694,"0,0,512,512",0.31887519359588623,0.09546609222888947,/cluster/users/grad/2025/25t8103/project/data/flowedit_compatible_118/eval_masks/fe_037_castle_1_lego_castle_eval_mask.png,fixed_eval_mask,0.0,0.0,0.0,0.0,ledits_pp,ledits_pp,,0.09731070697307587,0.09731070697307587,17.704798023421446,0.1302447117214263,,/cluster/users/grad/2025/25t8103/project/outputs/flowedit118_metric_runs/fe_037_castle_1_lego_castle/ledits_pp/seed_10/result.png,2.783576011657715,fe_037_castle_1_lego_castle/ledits_pp/seed_10,,10,/cluster/users/grad/2025/25t8103/project/_baselines/src/FlowEdit/Data/Images/castle.png,0.10734060406684875,"A majestic castle with a tall, pointed roof, situated on a hillside. The sky above the castle is filled with clouds, creating a dramatic atmosphere. There are several windows on the castle, with some located on the lower levels and others on the upper levels.",16.67365505950466,0.14666187975758915,0.7186101126162849,0.7186101126162849,"A majestic castle made out of lego bricks with a tall, pointed roof, situated on a hillside. The sky above the lego castle is filled with clouds, creating a dramatic atmosphere. There are several windows on the lego castle, with some located on the lower levels and others on the upper levels.",fe_037_castle_1_lego_castle
0.0,0.0,0.0,0.0,0.0,0.0,0.0,0.0,0.0,0.0,31,0.84814453125,0.04405485838651657,0.10774993896484375,10.774993896484375,0.41024017333984375,23.120030532279337,0.7296321392059326,0.7296321392059326,0.3522869944572449,0.7576116323471069,0.2489355504512787,0.3637295961380005,0.1147940456867218,0.3637295961380005,True,0.5897598266601562,0.018694769591093063,0.1147940456867218,0.502899169921875,,,1.2269701603776695,0.0,0.502899169921875,0.065909642575399,0.09289099276065826,0.09289099276065826,16.785335586754297,0.14478821721759302,7.646703720092773,a lego of a dog,0.2489355504512787,0.27628159523010254,0.3637295961380005,0.1147940456867218,0.3637295961380005,"0,0,512,512",0.3576393723487854,0.13205555081367493,/cluster/users/grad/2025/25t8103/project/data/flowedit_compatible_118/eval_masks/fe_038_cat_and_dog_1_lego_eval_mask.png,fixed_eval_mask,0.0,0.0,0.0,0.0,instruct_pix2pix,instruct_pix2pix,,0.04636454954743385,0.04636454954743385,22.376960740116054,0.07605923675289604,,/cluster/users/grad/2025/25t8103/project/outputs/flowedit118_metric_runs/fe_038_cat_and_dog_1_lego/instruct_pix2pix/seed_10/result.png,6.232183933258057,fe_038_cat_and_dog_1_lego/instruct_pix2pix/seed_10,,10,/cluster/users/grad/2025/25t8103/project/_baselines/src/FlowEdit/Data/Images/cat_and_dog.png,0.06976266950368881,"A dog and a cat sitting together on a sidewalk. The dog is positioned on the left side of the scene, while the cat is on the right side. Both animals appear to be relaxed and enjoying each other''s company.",18.7230183695244,0.11583747479298652,0.6326664847603628,0.6326664847603628,"A dog and a cat made out of lego sitting together on a sidewalk. The lego dog is positioned on the left side of the scene, while the lego cat is on the right side. Both animals appear to be relaxed and enjoying each other''s company.",fe_038_cat_and_dog_1_lego
0.0,0.0,0.0,0.0,0.0,0.0,0.0,0.0,0.0,0.0,31,0.8376873731613159,0.05059755593538284,0.12232371419668198,12.232371419668198,0.41024017333984375,22.827967325146265,0.7446523904800415,0.7446523904800415,0.3345067501068115,0.679409384727478,0.16533708572387695,0.2995671331882477,0.13423004746437073,0.2995671331882477,True,0.5897598266601562,0.04566214233636856,0.13423004746437073,0.502899169921875,,,1.2773526159816837,0.0,0.502899169921875,0.006227623035378361,0.07564893364906311,0.07564893364906311,19.400653747942403,0.1071438659821994,4.7899169921875,a lego of a dog,0.16533708572387695,0.2940925359725952,0.2995671331882477,0.13423004746437073,0.2995671331882477,"0,0,512,512",0.3302006423473358,0.15252698957920074,/cluster/users/grad/2025/25t8103/project/data/flowedit_compatible_118/eval_masks/fe_038_cat_and_dog_1_lego_eval_mask.png,fixed_eval_mask,0.0,0.0,0.0,0.0,ledits_pp,ledits_pp,,0.052502959966659546,0.052502959966659546,22.256325333032155,0.07712296777710971,,/cluster/users/grad/2025/25t8103/project/outputs/flowedit118_metric_runs/fe_038_cat_and_dog_1_lego/ledits_pp/seed_10/result.png,3.749878406524658,fe_038_cat_and_dog_1_lego/ledits_pp/seed_10,,10,/cluster/users/grad/2025/25t8103/project/_baselines/src/FlowEdit/Data/Images/cat_and_dog.png,0.06414304673671722,"A dog and a cat sitting together on a sidewalk. The dog is positioned on the left side of the scene, while the cat is on the right side. Both animals appear to be relaxed and enjoying each other''s company.",20.58989792819272,0.09343403480477039,0.6710653994126894,0.6710653994126894,"A dog and a cat made out of lego sitting together on a sidewalk. The lego dog is positioned on the left side of the scene, while the lego cat is on the right side. Both animals appear to be relaxed and enjoying each other''s company.",fe_038_cat_and_dog_1_lego
0.0,0.0,0.0,0.0,0.0,0.0,0.0,0.0,0.0,0.0,31,0.916174590587616,0.09451421350240707,0.10073554515838623,10.073554515838623,0.41024017333984375,18.980179454314936,0.6700826287269592,0.6700826287269592,0.376857727766037,0.7789378762245178,0.2873665988445282,0.3947659730911255,0.10739937424659729,0.3947659730911255,True,0.5897598266601562,0.5385646820068359,0.10739937424659729,0.502899169921875,,,0.8397829278978177,0.0,0.502899169921875,0.01033133078463499,0.07517676055431366,0.07517676055431366,18.997611511708342,0.1122327034833885,6.474047660827637,a bronze sculpture of a dog,0.2873665988445282,0.2841165363788605,0.3947659730911255,0.10739937424659729,0.3947659730911255,"0,0,512,512",0.2042357623577118,0.11263784766197205,/cluster/users/grad/2025/25t8103/project/data/flowedit_compatible_118/eval_masks/fe_039_cat_and_dog_2_bronze_eval_mask.png,fixed_eval_mask,0.0,0.0,0.0,0.0,instruct_pix2pix,instruct_pix2pix,,0.09559961408376694,0.09559961408376694,18.682242158203973,0.11638255630247817,,/cluster/users/grad/2025/25t8103/project/outputs/flowedit118_metric_runs/fe_039_cat_and_dog_2_bronze/instruct_pix2pix/seed_10/result.png,7.709191799163818,fe_039_cat_and_dog_2_bronze/instruct_pix2pix/seed_10,,10,/cluster/users/grad/2025/25t8103/project/_baselines/src/FlowEdit/Data/Images/cat_and_dog.png,0.08532896637916565,"A dog and a cat sitting together on a sidewalk. The dog is positioned on the left side of the scene, while the cat is on the right side. Both animals appear to be relaxed and enjoying each other''s company.",18.837979049700607,0.11431442798028357,0.6682902145311879,0.6682902145311879,"A bronze sculpture of a dog and a cat sitting together on a sidewalk. The dog is positioned on the left side of the scene, while the cat is on the right side. Both animals appear to be relaxed and enjoying each other''s company.",fe_039_cat_and_dog_2_bronze
0.0,0.0,0.0,0.0,0.0,0.0,0.0,0.0,0.0,0.0,31,0.818824291229248,0.052660416811704636,0.12344218790531158,12.344218790531158,0.41024017333984375,22.09336593736737,0.7280470728874207,0.7280470728874207,0.3313881754875183,0.6816585063934326,0.1950606256723404,0.30997321009635925,0.11491258442401886,0.30997321009635925,True,0.5897598266601562,0.08636130392551422,0.11491258442401886,0.502899169921875,,,1.1386040474218113,0.0,0.502899169921875,0.00038685599854360096,0.09307236969470978,0.09307236969470978,17.89338149439886,0.1274473839304268,4.821783065795898,a bronze sculpture of a dog,0.1950606256723404,0.3047255575656891,0.30997321009635925,0.11491258442401886,0.30997321009635925,"0,0,512,512",0.3434596061706543,0.15179631114006042,/cluster/users/grad/2025/25t8103/project/data/flowedit_compatible_118/eval_masks/fe_039_cat_and_dog_2_bronze_eval_mask.png,fixed_eval_mask,0.0,0.0,0.0,0.0,ledits_pp,ledits_pp,,0.05571212247014046,0.05571212247014046,21.562258802966,0.0835385744324428,,/cluster/users/grad/2025/25t8103/project/outputs/flowedit118_metric_runs/fe_039_cat_and_dog_2_bronze/ledits_pp/seed_10/result.png,4.2348198890686035,fe_039_cat_and_dog_2_bronze/ledits_pp/seed_10,,10,/cluster/users/grad/2025/25t8103/project/_baselines/src/FlowEdit/Data/Images/cat_and_dog.png,0.07450058311223984,"A dog and a cat sitting together on a sidewalk. The dog is positioned on the left side of the scene, while the cat is on the right side. Both animals appear to be relaxed and enjoying each other''s company.",19.341358043778463,0.10787780414839791,0.6628373441008969,0.6628373441008969,"A bronze sculpture of a dog and a cat sitting together on a sidewalk. The dog is positioned on the left side of the scene, while the cat is on the right side. Both animals appear to be relaxed and enjoying each other''s company.",fe_039_cat_and_dog_2_bronze
0.0,0.0,0.0,0.0,0.0,0.0,0.0,0.0,0.0,0.0,31,0.7437937259674072,0.05039987340569496,0.14789479970932007,14.789479970932007,0.786224365234375,19.384254887970897,0.8380823731422424,0.8380823731422424,0.32009071111679077,0.8082348108291626,0.19993235170841217,0.25203678011894226,0.05210442841053009,0.25203678011894226,True,0.213775634765625,0.5625380277633667,0.05210442841053009,0.15712738037109375,,,1.2454418257547442,0.0,0.15712738037109375,2.4277737314882253e-05,0.09043285995721817,0.09043285995721817,16.795743939955766,0.1446148205478383,9.387081146240234,a cat wearing a hat,0.1775798201560974,0.2595439553260803,0.24603436887264252,0.0684545487165451,0.24603436887264252,"0,44,512,405",0.19647032022476196,0.1628485471010208,/cluster/users/grad/2025/25t8103/project/data/flowedit_compatible_118/eval_masks/fe_046_cat_crown_1_black_top_hat_eval_mask.png,fixed_eval_mask,0.0,0.0,0.0,0.0,instruct_pix2pix,instruct_pix2pix,,0.053219594061374664,0.053219594061374664,19.03614941525666,0.11173584797207967,,/cluster/users/grad/2025/25t8103/project/outputs/flowedit118_metric_runs/fe_046_cat_crown_1_black_top_hat/instruct_pix2pix/seed_10/result.png,7.537149429321289,fe_046_cat_crown_1_black_top_hat/instruct_pix2pix/seed_10,,10,/cluster/users/grad/2025/25t8103/project/_baselines/src/FlowEdit/Data/Images/cat_crown.png,0.05906682834029198,"A gray cat sitting on a black cloth, wearing a crown. The crown is placed on the cat''s head.",18.598297990640628,0.11751277999289675,0.7874315081561316,0.7874315081561316,"A gray cat sitting on a black cloth, wearing a top hat. The top hat is placed on the cat''s head.",fe_046_cat_crown_1_black_top_hat
0.0,0.0,0.0,0.0,0.0,0.0,0.0,0.0,0.0,0.0,31,0.5802206993103027,0.05264114961028099,0.17811165750026703,17.811165750026703,0.786224365234375,20.73674086787117,0.8115168809890747,0.8115168809890747,0.17351330816745758,0.7469639778137207,0.23158475756645203,0.2346043437719345,0.003019586205482483,0.2346043437719345,True,0.213775634765625,0.2564446032047272,0.003019586205482483,0.15712738037109375,,,1.2479956600658804,0.0,0.15712738037109375,0.00012138868657441127,0.10901693999767303,0.10901693999767303,16.07275128730041,0.15716738801613994,5.910409927368164,a cat wearing a hat,0.22852399945259094,0.2373986393213272,0.21870671212673187,-0.00981728732585907,0.21870671212673187,"0,44,512,405",0.26666468381881714,0.201568603515625,/cluster/users/grad/2025/25t8103/project/data/flowedit_compatible_118/eval_masks/fe_046_cat_crown_1_black_top_hat_eval_mask.png,fixed_eval_mask,0.0,0.0,0.0,0.0,ledits_pp,ledits_pp,,0.054100051522254944,0.054100051522254944,20.490733830246516,0.09450685446405685,,/cluster/users/grad/2025/25t8103/project/outputs/flowedit118_metric_runs/fe_046_cat_crown_1_black_top_hat/ledits_pp/seed_10/result.png,4.735921859741211,fe_046_cat_crown_1_black_top_hat/ledits_pp/seed_10,,10,/cluster/users/grad/2025/25t8103/project/_baselines/src/FlowEdit/Data/Images/cat_crown.png,0.06272900104522705,"A gray cat sitting on a black cloth, wearing a crown. The crown is placed on the cat''s head.",19.427352428048973,0.10681503290132985,0.7532969356813167,0.7532969356813167,"A gray cat sitting on a black cloth, wearing a top hat. The top hat is placed on the cat''s head.",fe_046_cat_crown_1_black_top_hat
0.0,0.0,0.0,0.0,0.0,0.0,0.0,0.0,0.0,0.0,31,0.9885207414627075,0.21877452731132507,0.3341863453388214,33.41863453388214,0.3709678649902344,11.020405123326412,0.6542457342147827,0.6542457342147827,0.32720354199409485,0.6402021050453186,0.14354835450649261,0.2685975432395935,0.1250491887331009,0.2685975432395935,True,0.6290321350097656,0.006946876645088196,0.1250491887331009,0.5624961853027344,,,5.757708303544782,0.0,0.5624961853027344,0.0,0.17499664425849915,0.17499664425849915,13.032957667312457,0.22302426492496996,3.055396318435669,a wooden sculpture of a kitten,0.1457572877407074,0.32038015127182007,0.2677946090698242,0.12203732132911682,0.2677946090698242,"0,0,493,512",0.713537871837616,0.3754282295703888,/cluster/users/grad/2025/25t8103/project/data/flowedit_compatible_118/eval_masks/fe_055_cat_7_wooden_sculpture_eval_mask.png,fixed_eval_mask,0.0,0.0,0.0,0.0,instruct_pix2pix,instruct_pix2pix,,0.21679344773292542,0.21679344773292542,11.133904112983819,0.277526714525424,,/cluster/users/grad/2025/25t8103/project/outputs/flowedit118_metric_runs/fe_055_cat_7_wooden_sculpture/instruct_pix2pix/seed_10/result.png,0.5306618809700012,fe_055_cat_7_wooden_sculpture/instruct_pix2pix/seed_10,,10,/cluster/users/grad/2025/25t8103/project/_baselines/src/FlowEdit/Data/Images/cat.png,0.19328291714191437,"A small, fluffy kitten sitting in a grassy field. The kitten is positioned in the center of the scene, surrounded by a field. The kitten appears to be looking at something in the field.",12.098874775357928,0.24834548067752538,0.5355218110681971,0.5355218110681971,"A small wooden sculpture of a kitten sitting in a grassy field. The wooden sculpture of a kitten is positioned in the center of the scene, surrounded by a field. The wooden sculpture of a kitten appears to be looking at something in the field.",fe_055_cat_7_wooden_sculpture
0.0,0.0,0.0,0.0,0.0,0.0,0.0,0.0,0.0,0.0,31,0.9821664094924927,0.043125052005052567,0.07032357156276703,7.032357156276703,0.3709678649902344,23.47413578508929,0.8887626528739929,0.8887626528739929,0.29463136196136475,0.8190617561340332,0.22955277562141418,0.2832426130771637,0.05368983745574951,0.2832426130771637,True,0.6290321350097656,0.12126577645540237,0.05368983745574951,0.5624961853027344,,,2.886399023272992,0.0,0.5624961853027344,4.747211013529551e-05,0.11449826508760452,0.11449826508760452,14.820593147762477,0.1815391687874783,8.287981033325195,a wooden sculpture of a kitten,0.23361551761627197,0.25824594497680664,0.2874205410480499,0.053805023431777954,0.2874205410480499,"0,0,493,512",0.3451424837112427,0.0790790468454361,/cluster/users/grad/2025/25t8103/project/data/flowedit_compatible_118/eval_masks/fe_055_cat_7_wooden_sculpture_eval_mask.png,fixed_eval_mask,0.0,0.0,0.0,0.0,ledits_pp,ledits_pp,,0.04329058900475502,0.04329058900475502,23.506617436807456,0.06678349266070924,,/cluster/users/grad/2025/25t8103/project/outputs/flowedit118_metric_runs/fe_055_cat_7_wooden_sculpture/ledits_pp/seed_10/result.png,2.8713912963867188,fe_055_cat_7_wooden_sculpture/ledits_pp/seed_10,,10,/cluster/users/grad/2025/25t8103/project/_baselines/src/FlowEdit/Data/Images/cat.png,0.08334463089704514,"A small, fluffy kitten sitting in a grassy field. The kitten is positioned in the center of the scene, surrounded by a field. The kitten appears to be looking at something in the field.",16.884756098474394,0.14314038964368686,0.7080765990649848,0.7080765990649848,"A small wooden sculpture of a kitten sitting in a grassy field. The wooden sculpture of a kitten is positioned in the center of the scene, surrounded by a field. The wooden sculpture of a kitten appears to be looking at something in the field.",fe_055_cat_7_wooden_sculpture
0.0,0.0,0.0,0.0,0.0,0.0,0.0,0.0,0.0,0.0,31,0.9914873838424683,0.02718416228890419,0.07197492569684982,7.197492569684982,0.729339599609375,28.54214215323845,0.7859399318695068,0.7859399318695068,0.2831290662288666,0.898490309715271,0.2815512418746948,0.3244516849517822,0.0429004430770874,0.3244516849517822,True,0.270660400390625,0.5510355830192566,0.0429004430770874,0.21263885498046875,,,0.6468413329312004,0.0,0.21263885498046875,0.006440386064367981,0.11524994671344757,0.11524994671344757,16.35118798027082,0.15220909403124336,4.637823104858398,a black kitten,0.27044281363487244,0.27205538749694824,0.30386045575141907,0.03341764211654663,0.30386045575141907,"101,62,497,512",0.14870689809322357,0.07940138876438141,/cluster/users/grad/2025/25t8103/project/data/flowedit_compatible_118/eval_masks/fe_067_cat_stone_1_black_kitten_eval_mask.png,fixed_eval_mask,0.0,0.0,0.0,0.0,instruct_pix2pix,instruct_pix2pix,,0.027731964364647865,0.027731964364647865,28.308440944011444,0.038421821745261216,,/cluster/users/grad/2025/25t8103/project/outputs/flowedit118_metric_runs/fe_067_cat_stone_1_black_kitten/instruct_pix2pix/seed_10/result.png,7.169954776763916,fe_067_cat_stone_1_black_kitten/instruct_pix2pix/seed_10,,10,/cluster/users/grad/2025/25t8103/project/_baselines/src/FlowEdit/Data/Images/cat_stone.png,0.0463416762650013,"A small gray kitten sitting on a stone ledge. The ledge is located near a wall, and there is a cement block nearby.",22.15477904532885,0.07802989953143903,0.7076937729601991,0.7076937729601991,"A small black kitten sitting on a stone ledge. The ledge is located near a wall, and there is a cement block nearby.",fe_067_cat_stone_1_black_kitten
0.0,0.0,0.0,0.0,0.0,0.0,0.0,0.0,0.0,0.0,31,0.8461930751800537,0.07024870812892914,0.23038212954998016,23.038212954998016,0.729339599609375,18.507339233285816,0.6773737668991089,0.6773737668991089,0.2177070528268814,0.8606517314910889,0.25610044598579407,0.2927493453025818,0.03664889931678772,0.2927493453025818,True,0.270660400390625,0.3101867735385895,0.03664889931678772,0.21263885498046875,,,0.5152211094019107,0.0,0.21263885498046875,3.587958810232859e-05,0.20588181912899017,0.20588181912899017,12.490825642648865,0.23738797613908383,3.204392910003662,a black kitten,0.2528459429740906,0.2815360128879547,0.2947213649749756,0.04187542200088501,0.2947213649749756,"101,62,497,512",0.36799848079681396,0.25208720564842224,/cluster/users/grad/2025/25t8103/project/data/flowedit_compatible_118/eval_masks/fe_067_cat_stone_1_black_kitten_eval_mask.png,fixed_eval_mask,0.0,0.0,0.0,0.0,ledits_pp,ledits_pp,,0.07270167022943497,0.07270167022943497,18.317648822821393,0.1213717346272705,,/cluster/users/grad/2025/25t8103/project/outputs/flowedit118_metric_runs/fe_067_cat_stone_1_black_kitten/ledits_pp/seed_10/result.png,6.219451904296875,fe_067_cat_stone_1_black_kitten/ledits_pp/seed_10,,10,/cluster/users/grad/2025/25t8103/project/_baselines/src/FlowEdit/Data/Images/cat_stone.png,0.10102096199989319,"A small gray kitten sitting on a stone ledge. The ledge is located near a wall, and there is a cement block nearby.",16.27427798366186,0.1535628277763871,0.5720673035657312,0.5720673035657312,"A small black kitten sitting on a stone ledge. The ledge is located near a wall, and there is a cement block nearby.",fe_067_cat_stone_1_black_kitten
0.0,0.0,0.0,0.0,0.0,0.0,0.0,0.0,0.0,0.0,31,0.991023063659668,0.025324076414108276,0.0760706290602684,7.60706290602684,0.729339599609375,29.282720015149742,0.7797331213951111,0.7797331213951111,0.10258431732654572,0.8815619945526123,0.2877831757068634,0.32605358958244324,0.038270413875579834,0.32605358958244324,True,0.270660400390625,0.32801324129104614,0.038270413875579834,0.21263885498046875,,,1.1612957178100443,0.0,0.21263885498046875,0.01596641670553622,0.059133660048246384,0.059133660048246384,20.66034724569315,0.09267927711895667,8.886358261108398,a sculpture of a kitten,0.260551780462265,0.24984997510910034,0.29225432872772217,0.03170254826545715,0.29225432872772217,"101,62,497,512",0.12672263383865356,0.081446573138237,/cluster/users/grad/2025/25t8103/project/data/flowedit_compatible_118/eval_masks/fe_069_cat_stone_3_sculpture_eval_mask.png,fixed_eval_mask,0.0,0.0,0.0,0.0,instruct_pix2pix,instruct_pix2pix,,0.02564925327897072,0.02564925327897072,29.191710426557623,0.03470679244955899,,/cluster/users/grad/2025/25t8103/project/outputs/flowedit118_metric_runs/fe_069_cat_stone_3_sculpture/instruct_pix2pix/seed_10/result.png,7.652106285095215,fe_069_cat_stone_3_sculpture/instruct_pix2pix/seed_10,,10,/cluster/users/grad/2025/25t8103/project/_baselines/src/FlowEdit/Data/Images/cat_stone.png,0.0327693335711956,"A small gray kitten sitting on a stone ledge. The ledge is located near a wall, and there is a cement block nearby.",25.567564437184167,0.05267709031350784,0.7422816593832556,0.7422816593832556,"A small sculpture of a kitten sitting on a stone ledge. The ledge is located near a wall, and there is a cement block nearby.",fe_069_cat_stone_3_sculpture
0.0,0.0,0.0,0.0,0.0,0.0,0.0,0.0,0.0,0.0,31,0.9879679679870605,0.039550453424453735,0.10693976283073425,10.693976283073425,0.729339599609375,25.985957911691226,0.8047025203704834,0.8047025203704834,0.15880286693572998,0.8387408256530762,0.25254175066947937,0.3159599304199219,0.0634181797504425,0.3159599304199219,True,0.270660400390625,0.28794845938682556,0.0634181797504425,0.21263885498046875,,,1.2433174184417268,0.0,0.21263885498046875,0.00012557855835815005,0.07782864570617676,0.07782864570617676,20.25165298894739,0.09714430611955649,6.591599464416504,a sculpture of a kitten,0.26719170808792114,0.25547218322753906,0.32293257117271423,0.05574086308479309,0.32293257117271423,"101,62,497,512",0.18177753686904907,0.1153857409954071,/cluster/users/grad/2025/25t8103/project/data/flowedit_compatible_118/eval_masks/fe_069_cat_stone_3_sculpture_eval_mask.png,fixed_eval_mask,0.0,0.0,0.0,0.0,ledits_pp,ledits_pp,,0.04004503786563873,0.04004503786563873,25.91593668860607,0.050606134517770414,,/cluster/users/grad/2025/25t8103/project/outputs/flowedit118_metric_runs/fe_069_cat_stone_3_sculpture/ledits_pp/seed_10/result.png,5.30162239074707,fe_069_cat_stone_3_sculpture/ledits_pp/seed_10,,10,/cluster/users/grad/2025/25t8103/project/_baselines/src/FlowEdit/Data/Images/cat_stone.png,0.04807930067181587,"A small gray kitten sitting on a stone ledge. The ledge is located near a wall, and there is a cement block nearby.",23.95439999904257,0.0634278514000545,0.757950087614833,0.757950087614833,"A small sculpture of a kitten sitting on a stone ledge. The ledge is located near a wall, and there is a cement block nearby.",fe_069_cat_stone_3_sculpture
0.0,0.0,0.0,0.0,0.0,0.0,0.0,0.0,0.0,0.0,31,0.7485582828521729,0.0663628801703453,0.25242704153060913,25.242704153060913,0.7877731323242188,17.98029951835058,0.7262628078460693,0.7262628078460693,0.35295629501342773,0.7137743234634399,0.18785032629966736,0.3089640140533447,0.12111368775367737,0.3089640140533447,True,0.21222686767578125,0.04232952743768692,0.12111368775367737,0.16141510009765625,,,2.383817154110903,0.0,0.16141510009765625,0.011721888736588363,0.16735701262950897,0.16735701262950897,11.961383248052172,0.2523078934317719,11.063285827636719,a lego of a dog,0.19098219275474548,0.2844819128513336,0.3117789626121521,0.12079676985740662,0.3117789626121521,"53,0,401,332",0.358346164226532,0.2617250382900238,/cluster/users/grad/2025/25t8103/project/data/flowedit_compatible_118/eval_masks/fe_080_corgi_1_lego_bricks_eval_mask.png,fixed_eval_mask,0.0,0.0,0.0,0.0,instruct_pix2pix,instruct_pix2pix,,0.066033735871315,0.066033735871315,17.934977529617235,0.12683850763064852,,/cluster/users/grad/2025/25t8103/project/outputs/flowedit118_metric_runs/fe_080_corgi_1_lego_bricks/instruct_pix2pix/seed_10/result.png,4.640995979309082,fe_080_corgi_1_lego_bricks/instruct_pix2pix/seed_10,,10,/cluster/users/grad/2025/25t8103/project/_baselines/src/FlowEdit/Data/Images/corgi.png,0.08238884806632996,"A brown and white dog sitting on a dirt ground near a body of water. The dog appears to be enjoying the outdoors, possibly in a park. The dog is wearing a red collar. In the background, there are a few trees, providing a natural setting for the dog''s outdoor adventure.",16.24030738097984,0.15416458953819914,0.6810997442378454,0.6810997442378454,"A brown and white dog made out of lego bricks sitting on a dirt ground near a body of water. The dog appears to be enjoying the outdoors, possibly in a park. The dog is wearing a red collar. In the background, there are a few trees, providing a natural setting for the dog''s outdoor adventure.",fe_080_corgi_1_lego_bricks
0.0,0.0,0.0,0.0,0.0,0.0,0.0,0.0,0.0,0.0,31,0.7679434418678284,0.06281362473964691,0.19155050814151764,19.155050814151764,0.7877731323242188,18.902661447846178,0.7512084245681763,0.7512084245681763,0.3599546551704407,0.7079994678497314,0.19604280591011047,0.32438161969184875,0.12833881378173828,0.32438161969184875,True,0.21222686767578125,0.012822933495044708,0.12833881378173828,0.16141510009765625,,,2.0882520166710505,0.0,0.16141510009765625,0.049510800207969,0.16954970359802246,0.16954970359802246,11.998708946633986,0.2512259821063735,9.607873916625977,a lego of a dog,0.15140318870544434,0.26666224002838135,0.28618913888931274,0.1347859501838684,0.28618913888931274,"53,0,401,332",0.2877107858657837,0.19651687145233154,/cluster/users/grad/2025/25t8103/project/data/flowedit_compatible_118/eval_masks/fe_080_corgi_1_lego_bricks_eval_mask.png,fixed_eval_mask,0.0,0.0,0.0,0.0,ledits_pp,ledits_pp,,0.061892565339803696,0.061892565339803696,18.976962960643824,0.11249982631855379,,/cluster/users/grad/2025/25t8103/project/outputs/flowedit118_metric_runs/fe_080_corgi_1_lego_bricks/ledits_pp/seed_10/result.png,4.600916862487793,fe_080_corgi_1_lego_bricks/ledits_pp/seed_10,,10,/cluster/users/grad/2025/25t8103/project/_baselines/src/FlowEdit/Data/Images/corgi.png,0.07927005738019943,"A brown and white dog sitting on a dirt ground near a body of water. The dog appears to be enjoying the outdoors, possibly in a park. The dog is wearing a red collar. In the background, there are a few trees, providing a natural setting for the dog''s outdoor adventure.",16.819169075857573,0.14422533161813225,0.7123596431674528,0.7123596431674528,"A brown and white dog made out of lego bricks sitting on a dirt ground near a body of water. The dog appears to be enjoying the outdoors, possibly in a park. The dog is wearing a red collar. In the background, there are a few trees, providing a natural setting for the dog''s outdoor adventure.",fe_080_corgi_1_lego_bricks
0.0,0.0,0.0,0.0,0.0,0.0,0.0,0.0,0.0,0.0,31,0.7664096355438232,0.12756259739398956,0.2091618776321411,20.91618776321411,0.7877731323242188,13.951791755623546,0.7016639113426208,0.7016639113426208,0.3110482692718506,0.7085817456245422,0.20645809173583984,0.3243388831615448,0.11788079142570496,0.3243388831615448,True,0.21222686767578125,0.18066632747650146,0.11788079142570496,0.16141510009765625,,,1.6207918818178797,0.0,0.16141510009765625,0.012927163586519828,0.16988618671894073,0.16988618671894073,11.87534269116458,0.25481962100275884,6.000973224639893,a wooden sculpture of a dog,0.21044465899467468,0.3109375834465027,0.3338620960712433,0.1234174370765686,0.3338620960712433,"53,0,401,332",0.2889994978904724,0.21356645226478577,/cluster/users/grad/2025/25t8103/project/data/flowedit_compatible_118/eval_masks/fe_081_corgi_2_wooden_sculpture_eval_mask.png,fixed_eval_mask,0.0,0.0,0.0,0.0,instruct_pix2pix,instruct_pix2pix,,0.12325064837932587,0.12325064837932587,14.137077682342603,0.1964020949252708,,/cluster/users/grad/2025/25t8103/project/outputs/flowedit118_metric_runs/fe_081_corgi_2_wooden_sculpture/instruct_pix2pix/seed_10/result.png,3.7024946212768555,fe_081_corgi_2_wooden_sculpture/instruct_pix2pix/seed_10,,10,/cluster/users/grad/2025/25t8103/project/_baselines/src/FlowEdit/Data/Images/corgi.png,0.13077832758426666,"A brown and white dog sitting on a dirt ground near a body of water. The dog appears to be enjoying the outdoors, possibly in a park. The dog is wearing a red collar. In the background, there are a few trees, providing a natural setting for the dog''s outdoor adventure.",13.682665664292852,0.20695061282875676,0.6839698343371564,0.6839698343371564,"A wooden sculpture of a brown and white dog made sitting on a dirt ground near a body of water. The wooden sculpture of a dog appears to be enjoying the outdoors, possibly in a park. In the background, there are a few trees, providing a natural setting for the wooden sculpture''s outdoor adventure.",fe_081_corgi_2_wooden_sculpture
0.0,0.0,0.0,0.0,0.0,0.0,0.0,0.0,0.0,0.0,31,0.8029545545578003,0.05051004886627197,0.164093017578125,16.4093017578125,0.7877731323242188,20.154033919603,0.791782021522522,0.791782021522522,0.33501434326171875,0.7058777809143066,0.1420655995607376,0.272113174200058,0.13004757463932037,0.272113174200058,True,0.21222686767578125,0.2363738864660263,0.13004757463932037,0.16141510009765625,,,2.073656998969619,0.0,0.16141510009765625,2.3632840194734604e-05,0.14277176558971405,0.14277176558971405,13.016852688580553,0.22343816990518514,6.973717212677002,a wooden sculpture of a dog,0.1491946130990982,0.3276265859603882,0.2897930145263672,0.14059840142726898,0.2897930145263672,"53,0,401,332",0.25346311926841736,0.16752079129219055,/cluster/users/grad/2025/25t8103/project/data/flowedit_compatible_118/eval_masks/fe_081_corgi_2_wooden_sculpture_eval_mask.png,fixed_eval_mask,0.0,0.0,0.0,0.0,ledits_pp,ledits_pp,,0.05091758817434311,0.05091758817434311,19.868004281921426,0.10153126236224841,,/cluster/users/grad/2025/25t8103/project/outputs/flowedit118_metric_runs/fe_081_corgi_2_wooden_sculpture/ledits_pp/seed_10/result.png,3.363004207611084,fe_081_corgi_2_wooden_sculpture/ledits_pp/seed_10,,10,/cluster/users/grad/2025/25t8103/project/_baselines/src/FlowEdit/Data/Images/corgi.png,0.06574423611164093,"A brown and white dog sitting on a dirt ground near a body of water. The dog appears to be enjoying the outdoors, possibly in a park. The dog is wearing a red collar. In the background, there are a few trees, providing a natural setting for the dog''s outdoor adventure.",17.771997965147726,0.12924093811292758,0.74675447333269,0.74675447333269,"A wooden sculpture of a brown and white dog made sitting on a dirt ground near a body of water. The wooden sculpture of a dog appears to be enjoying the outdoors, possibly in a park. In the background, there are a few trees, providing a natural setting for the wooden sculpture''s outdoor adventure.",fe_081_corgi_2_wooden_sculpture
0.0,0.0,0.0,0.0,0.0,0.0,0.0,0.0,0.0,0.0,31,0.9484430551528931,0.36684611439704895,0.6299321055412292,62.993210554122925,0.6810722351074219,7.237274270431026,0.4193079471588135,0.4193079471588135,0.20057357847690582,0.781956672668457,0.20249366760253906,0.24101227521896362,0.03851860761642456,0.24101227521896362,True,0.3189277648925781,0.9585534334182739,0.03851860761642456,0.2554130554199219,,,1.8311091909462687,0.0,0.2554130554199219,0.0,0.23547229170799255,0.23547229170799255,10.183958051578884,0.3096008165414957,10.323196411132812,a red velvet,0.2068108171224594,0.2710250914096832,0.24940554797649384,0.042594730854034424,0.24940554797649384,"35,18,470,512",0.6254593133926392,0.6358602643013,/cluster/users/grad/2025/25t8103/project/data/flowedit_compatible_118/eval_masks/fe_084_cupcake_2_red_velvet_eval_mask.png,fixed_eval_mask,0.0,0.0,0.0,0.0,instruct_pix2pix,instruct_pix2pix,,0.36731433868408203,0.36731433868408203,7.236595377078694,0.43468057326633136,,/cluster/users/grad/2025/25t8103/project/outputs/flowedit118_metric_runs/fe_084_cupcake_2_red_velvet/instruct_pix2pix/seed_10/result.png,5.637673854827881,fe_084_cupcake_2_red_velvet/instruct_pix2pix/seed_10,,10,/cluster/users/grad/2025/25t8103/project/_baselines/src/FlowEdit/Data/Images/cupcake.png,0.3336402177810669,A small chocolate cupcake with light brown whipped cream on top.,7.820697741747596,0.40641068068585706,0.426690041765914,0.426690041765914,A small red velvet cupcake with whipped cream on top.,fe_084_cupcake_2_red_velvet
0.0,0.0,0.0,0.0,0.0,0.0,0.0,0.0,0.0,0.0,31,0.9764187335968018,0.030528469011187553,0.0707690566778183,7.07690566778183,0.6810722351074219,28.089522535612275,0.7541331052780151,0.7541331052780151,0.23543477058410645,0.7886108756065369,0.1827252209186554,0.2346208542585373,0.0518956333398819,0.2346208542585373,True,0.3189277648925781,0.5418766736984253,0.0518956333398819,0.2554130554199219,,,3.844448149510267,0.0,0.2554130554199219,0.02586812037935927,0.1287151277065277,0.1287151277065277,13.566206878968984,0.20974405309194344,13.221500396728516,a red velvet,0.1967240273952484,0.27026838064193726,0.23895466327667236,0.04223063588142395,0.23895466327667236,"35,18,470,512",0.19230613112449646,0.07268752157688141,/cluster/users/grad/2025/25t8103/project/data/flowedit_compatible_118/eval_masks/fe_084_cupcake_2_red_velvet_eval_mask.png,fixed_eval_mask,0.0,0.0,0.0,0.0,ledits_pp,ledits_pp,,0.03070792742073536,0.03070792742073536,27.966485023370545,0.03996462560929164,,/cluster/users/grad/2025/25t8103/project/outputs/flowedit118_metric_runs/fe_084_cupcake_2_red_velvet/ledits_pp/seed_10/result.png,3.439115285873413,fe_084_cupcake_2_red_velvet/ledits_pp/seed_10,,10,/cluster/users/grad/2025/25t8103/project/_baselines/src/FlowEdit/Data/Images/cupcake.png,0.05574023351073265,A small chocolate cupcake with light brown whipped cream on top.,19.05685801902998,0.1114697684641736,0.6679896295509086,0.6679896295509086,A small red velvet cupcake with whipped cream on top.,fe_084_cupcake_2_red_velvet
0.0,0.0,0.0,0.0,0.0,0.0,0.0,0.0,0.0,0.0,31,0.9412539005279541,0.12034016102552414,0.22047416865825653,22.047416865825653,0.5456390380859375,16.10295707015812,0.5176340341567993,0.5176340341567993,0.29712361097335815,0.7418081760406494,0.22418172657489777,0.32959434390068054,0.10541261732578278,0.32959434390068054,True,0.4543609619140625,0.22239673137664795,0.10541261732578278,0.3783721923828125,,,0.7430851457338438,0.0,0.3783721923828125,0.13910956970601282,0.15959112346172333,0.15959112346172333,12.899388034015837,0.22648038691535644,10.594529151916504,a sculpture of a dog,0.22596880793571472,0.25326624512672424,0.3296307325363159,0.1036619246006012,0.3296307325363159,"0,3,512,512",0.3865002691745758,0.2429540604352951,/cluster/users/grad/2025/25t8103/project/data/flowedit_compatible_118/eval_masks/fe_092_dog_4_sculpture_eval_mask.png,fixed_eval_mask,0.0,0.0,0.0,0.0,instruct_pix2pix,instruct_pix2pix,,0.11965589225292206,0.11965589225292206,16.14233205862129,0.15591338376339373,,/cluster/users/grad/2025/25t8103/project/outputs/flowedit118_metric_runs/fe_092_dog_4_sculpture/instruct_pix2pix/seed_10/result.png,14.257490158081055,fe_092_dog_4_sculpture/instruct_pix2pix/seed_10,,10,/cluster/users/grad/2025/25t8103/project/_baselines/src/FlowEdit/Data/Images/dog.png,0.13476629555225372,A small black and brown dog sitting on a lush green field.,14.619402242464588,0.1857932312441036,0.4872056527331773,0.4872056527331773,A small black and brown sculpture of a dog sitting on a lush green field.,fe_092_dog_4_sculpture
0.0,0.0,0.0,0.0,0.0,0.0,0.0,0.0,0.0,0.0,31,0.997880220413208,0.035920649766922,0.044386472553014755,4.4386472553014755,0.5456390380859375,25.52733730147618,0.826930820941925,0.826930820941925,0.2867782711982727,0.7691168785095215,0.24295121431350708,0.33599382638931274,0.09304261207580566,0.33599382638931274,True,0.4543609619140625,0.24150198698043823,0.09304261207580566,0.3783721923828125,,,1.3771111988442366,0.0,0.3783721923828125,0.1324353752470057,0.1305486410856247,0.1305486410856247,14.091754348363228,0.19742960770939627,10.292320251464844,a sculpture of a dog,0.2439277321100235,0.2596787214279175,0.3368567228317261,0.09292899072170258,0.3368567228317261,"0,3,512,512",0.20035627484321594,0.05814088508486748,/cluster/users/grad/2025/25t8103/project/data/flowedit_compatible_118/eval_masks/fe_092_dog_4_sculpture_eval_mask.png,fixed_eval_mask,0.0,0.0,0.0,0.0,ledits_pp,ledits_pp,,0.03785691410303116,0.03785691410303116,25.072814023110197,0.05576469084440111,,/cluster/users/grad/2025/25t8103/project/outputs/flowedit118_metric_runs/fe_092_dog_4_sculpture/ledits_pp/seed_10/result.png,7.473848342895508,fe_092_dog_4_sculpture/ledits_pp/seed_10,,10,/cluster/users/grad/2025/25t8103/project/_baselines/src/FlowEdit/Data/Images/dog.png,0.07292888313531876,A small black and brown dog sitting on a lush green field.,17.77766506215894,0.1291566425389514,0.6939979123752607,0.6939979123752607,A small black and brown sculpture of a dog sitting on a lush green field.,fe_092_dog_4_sculpture
0.0,0.0,0.0,0.0,0.0,0.0,0.0,0.0,0.0,0.0,31,0.9939907789230347,0.037933047860860825,0.043355830013751984,4.335583001375198,0.5456390380859375,24.423969558160792,0.815027117729187,0.815027117729187,0.27137184143066406,0.7072698473930359,0.16379091143608093,0.2787720561027527,0.11498114466667175,0.2787720561027527,True,0.4543609619140625,0.11141441762447357,0.11498114466667175,0.3783721923828125,,,1.2190902569503197,0.0,0.3783721923828125,0.26631245715207486,0.15631309151649475,0.15631309151649475,11.647908704441946,0.2615800176699781,12.053129196166992,a lego of a dog,0.16479474306106567,0.2544447183609009,0.2762807607650757,0.11148601770401001,0.2762807607650757,"0,3,512,512",0.18101592361927032,0.05003587156534195,/cluster/users/grad/2025/25t8103/project/data/flowedit_compatible_118/eval_masks/fe_093_dog_5_lego_bricks_eval_mask.png,fixed_eval_mask,0.0,0.0,0.0,0.0,instruct_pix2pix,instruct_pix2pix,,0.039486438035964966,0.039486438035964966,24.061118218437,0.06265331998119565,,/cluster/users/grad/2025/25t8103/project/outputs/flowedit118_metric_runs/fe_093_dog_5_lego_bricks/instruct_pix2pix/seed_10/result.png,9.88698673248291,fe_093_dog_5_lego_bricks/instruct_pix2pix/seed_10,,10,/cluster/users/grad/2025/25t8103/project/_baselines/src/FlowEdit/Data/Images/dog.png,0.08369039744138718,A small black and brown dog sitting on a lush green field.,15.477543659645018,0.168314998292283,0.6971457842163711,0.6971457842163711,A small black and brown dog made out of lego bricks sitting on a lush green field.,fe_093_dog_5_lego_bricks
0.0,0.0,0.0,0.0,0.0,0.0,0.0,0.0,0.0,0.0,31,0.9980427622795105,0.039127275347709656,0.044908568263053894,4.490856826305389,0.5456390380859375,25.142775136331217,0.8243607878684998,0.8243607878684998,0.31328529119491577,0.770290195941925,0.20881745219230652,0.32371997833251953,0.11490252614021301,0.32371997833251953,True,0.4543609619140625,0.05037735030055046,0.11490252614021301,0.3783721923828125,,,1.4454678666319296,0.0,0.3783721923828125,0.0768137274670323,0.16265466809272766,0.16265466809272766,12.229197625621524,0.24464712627119803,11.286151885986328,a lego of a dog,0.20638208091259003,0.29287171363830566,0.32151156663894653,0.1151294857263565,0.32151156663894653,"0,3,512,512",0.24549482762813568,0.05235767364501953,/cluster/users/grad/2025/25t8103/project/data/flowedit_compatible_118/eval_masks/fe_093_dog_5_lego_bricks_eval_mask.png,fixed_eval_mask,0.0,0.0,0.0,0.0,ledits_pp,ledits_pp,,0.04063290357589722,0.04063290357589722,24.761994894394345,0.0577963290924832,,/cluster/users/grad/2025/25t8103/project/outputs/flowedit118_metric_runs/fe_093_dog_5_lego_bricks/ledits_pp/seed_10/result.png,7.807957649230957,fe_093_dog_5_lego_bricks/ledits_pp/seed_10,,10,/cluster/users/grad/2025/25t8103/project/_baselines/src/FlowEdit/Data/Images/dog.png,0.08680257201194763,A small black and brown dog sitting on a lush green field.,16.069003545000335,0.15723521641200305,0.6686719036365676,0.6686719036365676,A small black and brown dog made out of lego bricks sitting on a lush green field.,fe_093_dog_5_lego_bricks
0.0,0.0,0.0,0.0,0.0,0.0,0.0,0.0,0.0,0.0,31,0.9852033853530884,0.040080830454826355,0.05431308597326279,5.431308597326279,0.9219894409179688,23.80366853963877,0.7788766622543335,0.7788766622543335,0.16671936213970184,0.9468680024147034,0.2807447612285614,0.2954487204551697,0.014703959226608276,0.2954487204551697,True,0.07801055908203125,0.9594511389732361,0.014703959226608276,0.04573822021484375,,,1.2330417223280212,0.0,0.04573822021484375,0.014428690575479566,0.05623586103320122,0.05623586103320122,19.93853526061667,0.10071014864408953,6.3480224609375,a dog wearing a hat,0.21633875370025635,0.2578624486923218,0.2432810366153717,0.026942282915115356,0.2432810366153717,"4,69,320,265",0.06177926063537598,0.05538412183523178,/cluster/users/grad/2025/25t8103/project/data/flowedit_compatible_118/eval_masks/fe_094_dog_6_red_top_hat_eval_mask.png,fixed_eval_mask,0.0,0.0,0.0,0.0,instruct_pix2pix,instruct_pix2pix,,0.039879921823740005,0.039879921823740005,23.85138354566063,0.06418459759142482,,/cluster/users/grad/2025/25t8103/project/outputs/flowedit118_metric_runs/fe_094_dog_6_red_top_hat/instruct_pix2pix/seed_10/result.png,5.1482625007629395,fe_094_dog_6_red_top_hat/instruct_pix2pix/seed_10,,10,/cluster/users/grad/2025/25t8103/project/_baselines/src/FlowEdit/Data/Images/dog.png,0.040628012269735336,A small black and brown dog sitting on a lush green field.,23.57027575622481,0.06629582999959188,0.7827492700863207,0.7827492700863207,A small black and brown dog sitting on a lush green field. The dog is wearing a red top hat.,fe_094_dog_6_red_top_hat
0.0,0.0,0.0,0.0,0.0,0.0,0.0,0.0,0.0,0.0,31,0.5527573823928833,0.07645896822214127,0.19636543095111847,19.636543095111847,0.9219894409179688,17.481193828434115,0.7032302021980286,0.7032302021980286,0.15126925706863403,0.6650961637496948,0.11301472783088684,0.16544471681118011,0.052429988980293274,0.16544471681118011,True,0.07801055908203125,-0.00043609365820884705,0.052429988980293274,0.04573822021484375,,,1.1755592740893306,0.0,0.04573822021484375,0.0,0.10581683367490768,0.10581683367490768,16.827838394293607,0.14408145325782512,2.718602180480957,a dog wearing a hat,0.2134503871202469,0.1963651180267334,0.21341514587402344,-3.524124622344971e-05,0.21341514587402344,"4,69,320,265",0.23072896897792816,0.2080216109752655,/cluster/users/grad/2025/25t8103/project/data/flowedit_compatible_118/eval_masks/fe_094_dog_6_red_top_hat_eval_mask.png,fixed_eval_mask,0.0,0.0,0.0,0.0,ledits_pp,ledits_pp,,0.0768662691116333,0.0768662691116333,17.45086155347247,0.13410869063854214,,/cluster/users/grad/2025/25t8103/project/outputs/flowedit118_metric_runs/fe_094_dog_6_red_top_hat/ledits_pp/seed_10/result.png,2.312603235244751,fe_094_dog_6_red_top_hat/ledits_pp/seed_10,,10,/cluster/users/grad/2025/25t8103/project/_baselines/src/FlowEdit/Data/Images/dog.png,0.07819041609764099,A small black and brown dog sitting on a lush green field.,17.420327400259737,0.13458096250295104,0.7001718588737651,0.7001718588737651,A small black and brown dog sitting on a lush green field. The dog is wearing a red top hat.,fe_094_dog_6_red_top_hat
0.0,0.0,0.0,0.0,0.0,0.0,0.0,0.0,0.0,0.0,31,0.9852890372276306,0.0375121645629406,0.05420035496354103,5.420035496354103,0.9219894409179688,24.002874335344394,0.7757893800735474,0.7757893800735474,0.17540904879570007,0.9784632325172424,0.30057013034820557,0.3152223825454712,0.014652252197265625,0.3152223825454712,True,0.07801055908203125,0.9705486297607422,0.014652252197265625,0.04573822021484375,,,1.2836104763365004,0.0,0.04573822021484375,0.02810675562969141,0.04144630208611488,0.04144630208611488,21.53395548924096,0.08381123216147997,7.748447895050049,a dog wearing a crown,0.19233161211013794,0.2782326638698578,0.2884543240070343,0.09612271189689636,0.2884543240070343,"4,69,320,265",0.06952708959579468,0.062418922781944275,/cluster/users/grad/2025/25t8103/project/data/flowedit_compatible_118/eval_masks/fe_095_dog_7_jeweled_crown_eval_mask.png,fixed_eval_mask,0.0,0.0,0.0,0.0,instruct_pix2pix,instruct_pix2pix,,0.03726079314947128,0.03726079314947128,24.05171899183494,0.06272115546143485,,/cluster/users/grad/2025/25t8103/project/outputs/flowedit118_metric_runs/fe_095_dog_7_jeweled_crown/instruct_pix2pix/seed_10/result.png,6.036448001861572,fe_095_dog_7_jeweled_crown/instruct_pix2pix/seed_10,,10,/cluster/users/grad/2025/25t8103/project/_baselines/src/FlowEdit/Data/Images/dog.png,0.037452224642038345,A small black and brown dog sitting on a lush green field.,23.89841363857846,0.06383800671143676,0.7795175572634684,0.7795175572634684,A small black and brown dog sitting on a lush green field. The dog is wearing a jeweled crown.,fe_095_dog_7_jeweled_crown
0.0,0.0,0.0,0.0,0.0,0.0,0.0,0.0,0.0,0.0,31,0.3077923655509949,0.08521066606044769,0.246043860912323,24.6043860912323,0.9219894409179688,16.528979207029057,0.6651105880737305,0.6651105880737305,0.24178408086299896,0.6697864532470703,0.12242040783166885,0.21786613762378693,0.09544572979211807,0.21786613762378693,True,0.07801055908203125,0.029469668865203857,0.09544572979211807,0.04573822021484375,,,0.9225538507626824,0.0,0.04573822021484375,0.0,0.10582239925861359,0.10582239925861359,16.93003140068189,0.14239620988187232,3.096946954727173,a dog wearing a crown,0.21038848161697388,0.18064576387405396,0.21241115033626556,0.002022668719291687,0.21241115033626556,"4,69,320,265",0.2760264575481415,0.25428834557533264,/cluster/users/grad/2025/25t8103/project/data/flowedit_compatible_118/eval_masks/fe_095_dog_7_jeweled_crown_eval_mask.png,fixed_eval_mask,0.0,0.0,0.0,0.0,ledits_pp,ledits_pp,,0.08561097085475922,0.08561097085475922,16.50210479956553,0.1495873126204197,,/cluster/users/grad/2025/25t8103/project/outputs/flowedit118_metric_runs/fe_095_dog_7_jeweled_crown/ledits_pp/seed_10/result.png,3.3569281101226807,fe_095_dog_7_jeweled_crown/ledits_pp/seed_10,,10,/cluster/users/grad/2025/25t8103/project/_baselines/src/FlowEdit/Data/Images/dog.png,0.08653540164232254,A small black and brown dog sitting on a lush green field.,16.520785293764092,0.14926594517107553,0.6632487281680777,0.6632487281680777,A small black and brown dog sitting on a lush green field. The dog is wearing a jeweled crown.,fe_095_dog_7_jeweled_crown
0.0,0.0,0.0,0.0,0.0,0.0,0.0,0.0,0.0,0.0,31,0.9883452653884888,0.05127814784646034,0.0854208767414093,8.54208767414093,0.4982185363769531,18.42514101301829,0.7755559682846069,0.7755559682846069,0.2570767104625702,0.595660924911499,0.1281372308731079,0.2770750820636749,0.14893785119056702,0.2770750820636749,True,0.5017814636230469,0.12106978893280029,0.14893785119056702,0.4215583801269531,,,1.2551430809403221,0.0,0.4215583801269531,0.013953614637721814,0.12273994088172913,0.12273994088172913,14.401643823426781,0.19051001395165354,11.68893051147461,a wooden sculpture of a dog,0.10547173023223877,0.22427639365196228,0.2633424997329712,0.15787076950073242,0.2633424997329712,"0,39,512,512",0.264970064163208,0.10549388825893402,/cluster/users/grad/2025/25t8103/project/data/flowedit_compatible_118/eval_masks/fe_097_dog_snow_1_wooden_sculpture_eval_mask.png,fixed_eval_mask,0.0,0.0,0.0,0.0,instruct_pix2pix,instruct_pix2pix,,0.05242067947983742,0.05242067947983742,18.497984163873703,0.11887780890771352,,/cluster/users/grad/2025/25t8103/project/outputs/flowedit118_metric_runs/fe_097_dog_snow_1_wooden_sculpture/instruct_pix2pix/seed_10/result.png,9.312827110290527,fe_097_dog_snow_1_wooden_sculpture/instruct_pix2pix/seed_10,,10,/cluster/users/grad/2025/25t8103/project/_baselines/src/FlowEdit/Data/Images/dog_snow.png,0.08206436038017273,A German Shepherd dog standing in a snowy field.,16.29402313072691,0.15321413846771825,0.6664350193966349,0.6664350193966349,A wooden sculpture of a dog standing in a snowy field.,fe_097_dog_snow_1_wooden_sculpture
0.0,0.0,0.0,0.0,0.0,0.0,0.0,0.0,0.0,0.0,31,0.8447281718254089,0.10543707013130188,0.20280686020851135,20.280686020851135,0.4982185363769531,17.20675381363033,0.7022451758384705,0.7022451758384705,0.2944137156009674,0.6621106863021851,0.18326273560523987,0.33617934584617615,0.15291661024093628,0.33617934584617615,True,0.5017814636230469,0.07513268291950226,0.15291661024093628,0.4215583801269531,,,1.323032912540074,0.0,0.4215583801269531,0.0017917092725479372,0.16488157212734222,0.16488157212734222,12.624448472122465,0.23376397115345343,8.088214874267578,a wooden sculpture of a dog,0.16275280714035034,0.31105995178222656,0.3233213424682617,0.16056853532791138,0.3233213424682617,"0,39,512,512",0.37774649262428284,0.21932858228683472,/cluster/users/grad/2025/25t8103/project/data/flowedit_compatible_118/eval_masks/fe_097_dog_snow_1_wooden_sculpture_eval_mask.png,fixed_eval_mask,0.0,0.0,0.0,0.0,ledits_pp,ledits_pp,,0.10741227865219116,0.10741227865219116,16.892788069586608,0.1430080867807425,,/cluster/users/grad/2025/25t8103/project/outputs/flowedit118_metric_runs/fe_097_dog_snow_1_wooden_sculpture/ledits_pp/seed_10/result.png,6.113389015197754,fe_097_dog_snow_1_wooden_sculpture/ledits_pp/seed_10,,10,/cluster/users/grad/2025/25t8103/project/_baselines/src/FlowEdit/Data/Images/dog_snow.png,0.13163892924785614,A German Shepherd dog standing in a snowy field.,14.575953038939966,0.18672494838114792,0.6176570065124235,0.6176570065124235,A wooden sculpture of a dog standing in a snowy field.,fe_097_dog_snow_1_wooden_sculpture
0.0,0.0,0.0,0.0,0.0,0.0,0.0,0.0,0.0,0.0,31,0.9988880157470703,0.02588249370455742,0.026388661935925484,2.6388661935925484,0.4982185363769531,25.240376723573167,0.8532093167304993,0.8532093167304993,0.10636347532272339,0.9650656580924988,0.3073195219039917,0.22595670819282532,-0.08136281371116638,0.22595670819282532,True,0.5017814636230469,0.933784008026123,-0.08136281371116638,0.4215583801269531,,,1.3121878592079268,0.0,0.4215583801269531,0.007574043743043553,0.06702421605587006,0.06702421605587006,19.473558292574673,0.10624832334317495,12.668968200683594,a golden of a dog,0.2966195344924927,0.17479899525642395,0.22547444701194763,-0.07114508748054504,0.22547444701194763,"0,39,512,512",0.08733273297548294,0.033039920032024384,/cluster/users/grad/2025/25t8103/project/data/flowedit_compatible_118/eval_masks/fe_101_dog_snow_5_golden_eval_mask.png,fixed_eval_mask,0.0,0.0,0.0,0.0,instruct_pix2pix,instruct_pix2pix,,0.027528658509254456,0.027528658509254456,24.843974298951753,0.05725340034868811,,/cluster/users/grad/2025/25t8103/project/outputs/flowedit118_metric_runs/fe_101_dog_snow_5_golden/instruct_pix2pix/seed_10/result.png,9.6548433303833,fe_101_dog_snow_5_golden/instruct_pix2pix/seed_10,,10,/cluster/users/grad/2025/25t8103/project/_baselines/src/FlowEdit/Data/Images/dog_snow.png,0.04417833313345909,A German Shepherd dog standing in a snowy field.,21.768550907817442,0.08157788745383043,0.7894414450788378,0.7894414450788378,A Golden Retriever dog standing in a snowy field.,fe_101_dog_snow_5_golden
0.0,0.0,0.0,0.0,0.0,0.0,0.0,0.0,0.0,0.0,31,0.9763797521591187,0.06817670166492462,0.12405132502317429,12.405132502317429,0.4982185363769531,19.15669307435456,0.7605137825012207,0.7605137825012207,0.3740478754043579,0.720175564289093,0.19322004914283752,0.28495925664901733,0.09173920750617981,0.28495925664901733,True,0.5017814636230469,0.30339640378952026,0.09173920750617981,0.4215583801269531,,,1.3214661872205666,0.0,0.4215583801269531,0.0011220805545249708,0.13250760734081268,0.13250760734081268,13.658850875844962,0.2075188042123064,10.610933303833008,a golden of a dog,0.202076718211174,0.23429901897907257,0.28717830777168274,0.08510158956050873,0.28717830777168274,"0,39,512,512",0.2841030955314636,0.1375548392534256,/cluster/users/grad/2025/25t8103/project/data/flowedit_compatible_118/eval_masks/fe_101_dog_snow_5_golden_eval_mask.png,fixed_eval_mask,0.0,0.0,0.0,0.0,ledits_pp,ledits_pp,,0.06884080171585083,0.06884080171585083,19.148006277403443,0.11030613968697932,,/cluster/users/grad/2025/25t8103/project/outputs/flowedit118_metric_runs/fe_101_dog_snow_5_golden/ledits_pp/seed_10/result.png,8.029666900634766,fe_101_dog_snow_5_golden/ledits_pp/seed_10,,10,/cluster/users/grad/2025/25t8103/project/_baselines/src/FlowEdit/Data/Images/dog_snow.png,0.09568008780479431,A German Shepherd dog standing in a snowy field.,15.987343023365623,0.1587204363752689,0.6687676098962861,0.6687676098962861,A Golden Retriever dog standing in a snowy field.,fe_101_dog_snow_5_golden
0.0,0.0,0.0,0.0,0.0,0.0,0.0,0.0,0.0,0.0,31,0.9844577312469482,0.07160405814647675,0.16686245799064636,16.686245799064636,0.5978889465332031,20.141749474298187,0.9336537718772888,0.9336537718772888,0.21212737262248993,0.8901126384735107,0.27803996205329895,0.315454363822937,0.03741440176963806,0.315454363822937,True,0.4021110534667969,0.7615498304367065,0.03741440176963806,0.3304710388183594,,,1.5928149511901113,0.0,0.3304710388183594,0.03185926515912318,0.1636563092470169,0.1636563092470169,12.78301868580498,0.2295350785452248,11.30854320526123,a colorful duck,0.2694835960865021,0.2829531133174896,0.29464495182037354,0.02516135573387146,0.29464495182037354,"0,0,512,491",0.2625826895236969,0.1727779358625412,/cluster/users/grad/2025/25t8103/project/data/flowedit_compatible_118/eval_masks/fe_108_duck_1_colorful_duck_eval_mask.png,fixed_eval_mask,0.0,0.0,0.0,0.0,instruct_pix2pix,instruct_pix2pix,,0.07449711859226227,0.07449711859226227,19.804431231262186,0.10227710778164331,,/cluster/users/grad/2025/25t8103/project/outputs/flowedit118_metric_runs/fe_108_duck_1_colorful_duck/instruct_pix2pix/seed_10/result.png,7.099721908569336,fe_108_duck_1_colorful_duck/instruct_pix2pix/seed_10,,10,/cluster/users/grad/2025/25t8103/project/_baselines/src/FlowEdit/Data/Images/duck.png,0.10396167635917664,"A brown duck swimming in a lake. The duck is floating on the surface of the water, surrounded by a few ripples. The duck is preening its feathers. The scene is set against a black background, which emphasizes the duck''s presence in the water.",16.12343414396808,0.1562529742434667,0.8241924244229493,0.8241924244229493,"A colorful duck swimming in a lake. The duck is floating on the surface of the water, surrounded by a few ripples. The scene is set against a black background, which emphasizes the duck''s presence in the water.",fe_108_duck_1_colorful_duck
0.0,0.0,0.0,0.0,0.0,0.0,0.0,0.0,0.0,0.0,31,0.971675455570221,0.06851153075695038,0.2199293076992035,21.99293076992035,0.5978889465332031,21.158406910331742,0.8303841948509216,0.8303841948509216,0.17744037508964539,0.8674546480178833,0.2831961512565613,0.3179572820663452,0.034761130809783936,0.3179572820663452,True,0.4021110534667969,0.5884741544723511,0.034761130809783936,0.3304710388183594,,,4.371191812637233,0.0,0.3304710388183594,0.041116921194491576,0.14065614342689514,0.14065614342689514,13.85280974537201,0.2029361947772197,8.696078300476074,a colorful duck,0.2789500653743744,0.2703089416027069,0.30702856183052063,0.02807849645614624,0.30702856183052063,"0,0,512,491",0.39370620250701904,0.245347797870636,/cluster/users/grad/2025/25t8103/project/data/flowedit_compatible_118/eval_masks/fe_108_duck_1_colorful_duck_eval_mask.png,fixed_eval_mask,0.0,0.0,0.0,0.0,ledits_pp,ledits_pp,,0.06952129304409027,0.06952129304409027,20.827936595679756,0.09090822333564005,,/cluster/users/grad/2025/25t8103/project/outputs/flowedit118_metric_runs/fe_108_duck_1_colorful_duck/ledits_pp/seed_10/result.png,1.989406704902649,fe_108_duck_1_colorful_duck/ledits_pp/seed_10,,10,/cluster/users/grad/2025/25t8103/project/_baselines/src/FlowEdit/Data/Images/duck.png,0.09302929043769836,"A brown duck swimming in a lake. The duck is floating on the surface of the water, surrounded by a few ripples. The duck is preening its feathers. The scene is set against a black background, which emphasizes the duck''s presence in the water.",17.179896992946976,0.1383582786956037,0.7090761334864438,0.7090761334864438,"A colorful duck swimming in a lake. The duck is floating on the surface of the water, surrounded by a few ripples. The scene is set against a black background, which emphasizes the duck''s presence in the water.",fe_108_duck_1_colorful_duck
0.0,0.0,0.0,0.0,0.0,0.0,0.0,0.0,0.0,0.0,31,0.9185963273048401,0.22946663200855255,0.3479345142841339,34.79345142841339,0.4814910888671875,10.127653543783817,0.8150957822799683,0.8150957822799683,0.4775121212005615,0.9514525532722473,0.20956876873970032,0.28866368532180786,0.07909491658210754,0.28866368532180786,True,0.5185089111328125,0.8965498208999634,0.07909491658210754,0.45276641845703125,,,6.263113261766869,0.0,0.45276641845703125,0.0,0.21097400784492493,0.21097400784492493,10.728441360774275,0.29078897188194,7.616532325744629,a orange yellow white object,0.21692758798599243,0.20548191666603088,0.2735092043876648,0.05658161640167236,0.2735092043876648,"0,0,512,456",0.46264714002609253,0.3752075731754303,/cluster/users/grad/2025/25t8103/project/data/flowedit_compatible_118/eval_masks/fe_114_flowers_1_orange_yellow_white_eval_mask.png,fixed_eval_mask,0.0,0.0,0.0,0.0,instruct_pix2pix,instruct_pix2pix,,0.23036354780197144,0.23036354780197144,10.065325697530298,0.3138583701318898,,/cluster/users/grad/2025/25t8103/project/outputs/flowedit118_metric_runs/fe_114_flowers_1_orange_yellow_white/instruct_pix2pix/seed_10/result.png,1.21609365940094,fe_114_flowers_1_orange_yellow_white/instruct_pix2pix/seed_10,,10,/cluster/users/grad/2025/25t8103/project/_baselines/src/FlowEdit/Data/Images/flowers.png,0.22158461809158325,"A vase filled with a beautiful bouquet of pink, red and white flowers.",10.353092125305224,0.30363049929174585,0.8220204737696093,0.8220204737696093,"A vase filled with a beautiful bouquet of orange, yellow and white flowers.",fe_114_flowers_1_orange_yellow_white
0.0,0.0,0.0,0.0,0.0,0.0,0.0,0.0,0.0,0.0,31,0.8458715081214905,0.09339872002601624,0.1502791792154312,15.027917921543121,0.4814910888671875,17.82121476424798,0.7653304934501648,0.7653304934501648,0.23013722896575928,0.8105529546737671,0.1872784048318863,0.26510754227638245,0.07782913744449615,0.26510754227638245,True,0.5185089111328125,0.4866493344306946,0.07782913744449615,0.45276641845703125,,,3.1201184484087814,0.0,0.45276641845703125,0.21048108517988037,0.10092897713184357,0.10092897713184357,16.086928900141785,0.15691105954385698,3.5518991947174072,a orange yellow white object,0.18857485055923462,0.21020251512527466,0.25429728627204895,0.06572243571281433,0.25429728627204895,"0,0,512,456",0.28406545519828796,0.1519218534231186,/cluster/users/grad/2025/25t8103/project/data/flowedit_compatible_118/eval_masks/fe_114_flowers_1_orange_yellow_white_eval_mask.png,fixed_eval_mask,0.0,0.0,0.0,0.0,ledits_pp,ledits_pp,,0.09180590510368347,0.09180590510368347,17.914055401677977,0.12714439801715413,,/cluster/users/grad/2025/25t8103/project/outputs/flowedit118_metric_runs/fe_114_flowers_1_orange_yellow_white/ledits_pp/seed_10/result.png,1.1383860111236572,fe_114_flowers_1_orange_yellow_white/ledits_pp/seed_10,,10,/cluster/users/grad/2025/25t8103/project/_baselines/src/FlowEdit/Data/Images/flowers.png,0.09593654423952103,"A vase filled with a beautiful bouquet of pink, red and white flowers.",16.991000296028883,0.1414001874519816,0.7345491647193245,0.7345491647193245,"A vase filled with a beautiful bouquet of orange, yellow and white flowers.",fe_114_flowers_1_orange_yellow_white
0.0,0.0,0.0,0.0,0.0,0.0,0.0,0.0,0.0,0.0,31,0.9386042356491089,0.061991333961486816,0.1021258682012558,10.21258682012558,0.4814910888671875,19.171738528544033,0.7794954180717468,0.7794954180717468,0.35878056287765503,0.9308445453643799,0.21193602681159973,0.28250789642333984,0.07057186961174011,0.28250789642333984,True,0.5185089111328125,0.9085742235183716,0.07057186961174011,0.45276641845703125,,,6.507677859101144,0.0,0.45276641845703125,0.8431712865447806,0.08282963186502457,0.08282963186502457,17.686341187096485,0.1305217658047908,10.388188362121582,a blue purple white object,0.20782120525836945,0.20253852009773254,0.29170751571655273,0.08388631045818329,0.29170751571655273,"0,0,512,456",0.14187806844711304,0.09992687404155731,/cluster/users/grad/2025/25t8103/project/data/flowedit_compatible_118/eval_masks/fe_115_flowers_2_blue_purple_white_eval_mask.png,fixed_eval_mask,0.0,0.0,0.0,0.0,instruct_pix2pix,instruct_pix2pix,,0.05981660261750221,0.05981660261750221,19.3771998597071,0.10743356987842272,,/cluster/users/grad/2025/25t8103/project/outputs/flowedit118_metric_runs/fe_115_flowers_2_blue_purple_white/instruct_pix2pix/seed_10/result.png,1.596297264099121,fe_115_flowers_2_blue_purple_white/instruct_pix2pix/seed_10,,10,/cluster/users/grad/2025/25t8103/project/_baselines/src/FlowEdit/Data/Images/flowers.png,0.07023612409830093,"A vase filled with a beautiful bouquet of pink, red and white flowers.",18.529592169514736,0.11844599799013246,0.7954275282342078,0.7954275282342078,"A vase filled with a beautiful bouquet of blue, purple and white flowers.",fe_115_flowers_2_blue_purple_white
0.0,0.0,0.0,0.0,0.0,0.0,0.0,0.0,0.0,0.0,31,0.8860610127449036,0.0900028869509697,0.171417236328125,17.1417236328125,0.4814910888671875,19.57061326426227,0.771344006061554,0.771344006061554,0.28239959478378296,0.823936939239502,0.19224879145622253,0.28773921728134155,0.09549042582511902,0.28773921728134155,True,0.5185089111328125,0.46005183458328247,0.09549042582511902,0.45276641845703125,,,3.1094324484982288,0.0,0.45276641845703125,0.7649759878675542,0.12558571994304657,0.12558571994304657,14.500301135670286,0.1883583785402133,3.3061835765838623,a blue purple white object,0.1782679557800293,0.2395070344209671,0.26276737451553345,0.08449941873550415,0.26276737451553345,"0,0,512,456",0.35265928506851196,0.17437773942947388,/cluster/users/grad/2025/25t8103/project/data/flowedit_compatible_118/eval_masks/fe_115_flowers_2_blue_purple_white_eval_mask.png,fixed_eval_mask,0.0,0.0,0.0,0.0,ledits_pp,ledits_pp,,0.0880095586180687,0.0880095586180687,19.754082391657402,0.10287169138175475,,/cluster/users/grad/2025/25t8103/project/outputs/flowedit118_metric_runs/fe_115_flowers_2_blue_purple_white/ledits_pp/seed_10/result.png,1.0632755756378174,fe_115_flowers_2_blue_purple_white/ledits_pp/seed_10,,10,/cluster/users/grad/2025/25t8103/project/_baselines/src/FlowEdit/Data/Images/flowers.png,0.10502278059720993,"A vase filled with a beautiful bouquet of pink, red and white flowers.",16.604534377037506,0.14783364367528629,0.7290318804399059,0.7290318804399059,"A vase filled with a beautiful bouquet of blue, purple and white flowers.",fe_115_flowers_2_blue_purple_white
0.0,0.0,0.0,0.0,0.0,0.0,0.0,0.0,0.0,0.0,31,0.5218101739883423,0.1702187955379486,0.17384594678878784,17.384594678878784,0.24710845947265625,12.582860516971458,0.5841502547264099,0.5841502547264099,0.3049100339412689,0.8768929243087769,0.23904788494110107,0.23469169437885284,-0.00435619056224823,0.23469169437885284,True,0.7528915405273438,0.5112344622612,-0.00435619056224823,0.6789054870605469,,,5.2338557572659585,0.0,0.6789054870605469,0.022447477398003044,0.04877108708024025,0.04877108708024025,22.780762261265167,0.07260422382097079,9.698766708374023,a free beer on the board,0.23904788494110107,0.209486186504364,0.23469169437885284,-0.00435619056224823,0.23469169437885284,"0,0,512,512",0.22480209171772003,0.18552947044372559,/cluster/users/grad/2025/25t8103/project/data/flowedit_compatible_118/eval_masks/fe_116_free_wifi_1_free_beer_eval_mask.png,fixed_eval_mask,0.0,0.0,0.0,0.0,instruct_pix2pix,instruct_pix2pix,,0.1458149254322052,0.1458149254322052,13.572384498875913,0.20959493096085605,,/cluster/users/grad/2025/25t8103/project/outputs/flowedit118_metric_runs/fe_116_free_wifi_1_free_beer/instruct_pix2pix/seed_10/result.png,1.853082537651062,fe_116_free_wifi_1_free_beer/instruct_pix2pix/seed_10,,10,/cluster/users/grad/2025/25t8103/project/_baselines/src/FlowEdit/Data/Images/free_wifi.png,0.0799313336610794,"A wooden table with a black board on it. The board displays the words ""FREE WIFI"" in white letters. The table is positioned in the center of the scene, and the board is placed on top of it.",17.524082046562455,0.13298293005600115,0.7338456903120346,0.7338456903120346,"A wooden table with a black board on it. The board displays the words ""FREE BEER"" in white letters. The table is positioned in the center of the scene, and the board is placed on top of it.",fe_116_free_wifi_1_free_beer
0.0,0.0,0.0,0.0,0.0,0.0,0.0,0.0,0.0,0.0,31,0.9461612105369568,0.09628886729478836,0.09585822373628616,9.585822373628616,0.24710845947265625,18.148329030003815,0.8457525968551636,0.8457525968551636,0.16931313276290894,0.6509425044059753,0.3191467225551605,0.3056725561618805,-0.01347416639328003,0.3056725561618805,True,0.7528915405273438,0.6403500437736511,-0.01347416639328003,0.6789054870605469,,,6.572516213873815,0.0,0.6789054870605469,0.013749431087087222,0.09678385406732559,0.09678385406732559,15.210850611526674,0.17356312837064555,7.881259441375732,a free beer on the board,0.3191467225551605,0.22295501828193665,0.3056725561618805,-0.01347416639328003,0.3056725561618805,"0,0,512,512",0.3017006516456604,0.10899721086025238,/cluster/users/grad/2025/25t8103/project/data/flowedit_compatible_118/eval_masks/fe_116_free_wifi_1_free_beer_eval_mask.png,fixed_eval_mask,0.0,0.0,0.0,0.0,ledits_pp,ledits_pp,,0.09004402160644531,0.09004402160644531,18.664577549698343,0.11661948588650357,,/cluster/users/grad/2025/25t8103/project/outputs/flowedit118_metric_runs/fe_116_free_wifi_1_free_beer/ledits_pp/seed_10/result.png,1.1991236209869385,fe_116_free_wifi_1_free_beer/ledits_pp/seed_10,,10,/cluster/users/grad/2025/25t8103/project/_baselines/src/FlowEdit/Data/Images/free_wifi.png,0.09461972117424011,"A wooden table with a black board on it. The board displays the words ""FREE WIFI"" in white letters. The table is positioned in the center of the scene, and the board is placed on top of it.",16.05226775644331,0.15753846595702292,0.699831066596903,0.699831066596903,"A wooden table with a black board on it. The board displays the words ""FREE BEER"" in white letters. The table is positioned in the center of the scene, and the board is placed on top of it.",fe_116_free_wifi_1_free_beer
0.0,0.0,0.0,0.0,0.0,0.0,0.0,0.0,0.0,0.0,31,0.8078040480613708,0.1451687067747116,0.1525956690311432,15.259566903114319,0.24710845947265625,12.865661667511395,0.6145493388175964,0.6145493388175964,0.26423370838165283,0.45828112959861755,0.20626774430274963,0.2757783532142639,0.06951060891151428,0.2757783532142639,True,0.7528915405273438,0.29217928647994995,0.06951060891151428,0.6789054870605469,,,2.1940124738029985,0.0,0.6789054870605469,0.10892224014024757,0.18087121844291687,0.18087121844291687,10.950818773174738,0.28343864381805406,8.306554794311523,a free hugs on the board,0.20626774430274963,0.2505415678024292,0.2757783532142639,0.06951060891151428,0.2757783532142639,"0,0,512,512",0.5827912092208862,0.20286837220191956,/cluster/users/grad/2025/25t8103/project/data/flowedit_compatible_118/eval_masks/fe_117_free_wifi_2_free_hugs_eval_mask.png,fixed_eval_mask,0.0,0.0,0.0,0.0,instruct_pix2pix,instruct_pix2pix,,0.13461825251579285,0.13461825251579285,13.273840238724258,0.21692419179948494,,/cluster/users/grad/2025/25t8103/project/outputs/flowedit118_metric_runs/fe_117_free_wifi_2_free_hugs/instruct_pix2pix/seed_10/result.png,3.7860107421875,fe_117_free_wifi_2_free_hugs/instruct_pix2pix/seed_10,,10,/cluster/users/grad/2025/25t8103/project/_baselines/src/FlowEdit/Data/Images/free_wifi.png,0.16601961851119995,"A wooden table with a black board on it. The board displays the words ""FREE WIFI"" in white letters. The table is positioned in the center of the scene, and the board is placed on top of it.",11.570725961867442,0.2639147734634852,0.44394891161182753,0.44394891161182753,"A wooden table with a black board on it. The board displays the words ""FREE HUGS"" in white letters. The table is positioned in the center of the scene, and the board is placed on top of it.",fe_117_free_wifi_2_free_hugs
0.0,0.0,0.0,0.0,0.0,0.0,0.0,0.0,0.0,0.0,31,0.9507750272750854,0.10663701593875885,0.10873039066791534,10.873039066791534,0.24710845947265625,17.530893454817875,0.8169476985931396,0.8169476985931396,0.3828115463256836,0.7492194175720215,0.22036641836166382,0.2852732241153717,0.06490680575370789,0.2852732241153717,True,0.7528915405273438,0.4914786219596863,0.06490680575370789,0.6789054870605469,,,7.734089129313693,0.0,0.6789054870605469,0.004978339167617196,0.09461334347724915,0.09461334347724915,15.266943955278043,0.17244587181186216,6.951000213623047,a free hugs on the board,0.22036641836166382,0.27848678827285767,0.2852732241153717,0.06490680575370789,0.2852732241153717,"0,0,512,512",0.33234912157058716,0.12252499163150787,/cluster/users/grad/2025/25t8103/project/data/flowedit_compatible_118/eval_masks/fe_117_free_wifi_2_free_hugs_eval_mask.png,fixed_eval_mask,0.0,0.0,0.0,0.0,ledits_pp,ledits_pp,,0.10079029947519302,0.10079029947519302,18.08299035319038,0.1246954142537397,,/cluster/users/grad/2025/25t8103/project/outputs/flowedit118_metric_runs/fe_117_free_wifi_2_free_hugs/ledits_pp/seed_10/result.png,0.8987483978271484,fe_117_free_wifi_2_free_hugs/ledits_pp/seed_10,,10,/cluster/users/grad/2025/25t8103/project/_baselines/src/FlowEdit/Data/Images/free_wifi.png,0.09659674018621445,"A wooden table with a black board on it. The board displays the words ""FREE WIFI"" in white letters. The table is positioned in the center of the scene, and the board is placed on top of it.",15.98915251280733,0.1586873743572091,0.6869854270206095,0.6869854270206095,"A wooden table with a black board on it. The board displays the words ""FREE HUGS"" in white letters. The table is positioned in the center of the scene, and the board is placed on top of it.",fe_117_free_wifi_2_free_hugs
0.0,0.0,0.0,0.0,0.0,0.0,0.0,0.0,0.0,0.0,31,0.9701914191246033,0.04832960292696953,0.07716163992881775,7.716163992881775,0.8448410034179688,22.850158266987638,0.7670320868492126,0.7670320868492126,0.10621621459722519,0.9623151421546936,0.2527443766593933,0.24754251539707184,-0.005201861262321472,0.24754251539707184,True,0.15515899658203125,0.9659327268600464,-0.005201861262321472,0.10755157470703125,,,1.6911189821142771,0.0,0.10755157470703125,0.7410796623395048,0.04457635059952736,0.04457635059952736,20.898329469511822,0.09017445506904738,8.835332870483398,a cvpr on the sign,0.2503221929073334,0.22778110206127167,0.2286342978477478,-0.02168789505958557,0.2286342978477478,"4,0,490,294",0.08442599326372147,0.07278134673833847,/cluster/users/grad/2025/25t8103/project/data/flowedit_compatible_118/eval_masks/fe_118_gas_station_1_cvpr_eval_mask.png,fixed_eval_mask,0.0,0.0,0.0,0.0,instruct_pix2pix,instruct_pix2pix,,0.04726314917206764,0.04726314917206764,22.91613629105037,0.07148142232685675,,/cluster/users/grad/2025/25t8103/project/outputs/flowedit118_metric_runs/fe_118_gas_station_1_cvpr/instruct_pix2pix/seed_10/result.png,5.22454833984375,fe_118_gas_station_1_cvpr/instruct_pix2pix/seed_10,,10,/cluster/users/grad/2025/25t8103/project/_baselines/src/FlowEdit/Data/Images/gas_station.png,0.04697416350245476,"A gas station with a white and red sign that reads ""CAFE"" There are several cars parked in front of the gas station, including a white car and a van.",22.648326251820478,0.07371972176245661,0.7858612030828731,0.7858612030828731,"A gas station with a white and red sign that reads ""CVPR"" There are several cars parked in front of the gas station, including a white car and a van.",fe_118_gas_station_1_cvpr
0.0,0.0,0.0,0.0,0.0,0.0,0.0,0.0,0.0,0.0,31,0.8589110374450684,0.07454761862754822,0.17008839547634125,17.008839547634125,0.8448410034179688,19.596147281966452,0.6922618746757507,0.6922618746757507,0.14080257713794708,0.7656893730163574,0.19624900817871094,0.22918204963207245,0.03293304145336151,0.22918204963207245,True,0.15515899658203125,0.8144134283065796,0.03293304145336151,0.10755157470703125,,,1.2877535600990937,0.0,0.10755157470703125,0.21869901397460453,0.15698277950286865,0.15698277950286865,13.629587642897192,0.20821912535831535,5.549224853515625,a cvpr on the sign,0.1573111116886139,0.24496474862098694,0.2066827267408371,0.049371615052223206,0.2066827267408371,"4,0,490,294",0.23679518699645996,0.17284516990184784,/cluster/users/grad/2025/25t8103/project/data/flowedit_compatible_118/eval_masks/fe_118_gas_station_1_cvpr_eval_mask.png,fixed_eval_mask,0.0,0.0,0.0,0.0,ledits_pp,ledits_pp,,0.07534827291965485,0.07534827291965485,19.464017362774268,0.10636509488751446,,/cluster/users/grad/2025/25t8103/project/outputs/flowedit118_metric_runs/fe_118_gas_station_1_cvpr/ledits_pp/seed_10/result.png,4.309228897094727,fe_118_gas_station_1_cvpr/ledits_pp/seed_10,,10,/cluster/users/grad/2025/25t8103/project/_baselines/src/FlowEdit/Data/Images/gas_station.png,0.08412820845842361,"A gas station with a white and red sign that reads ""CAFE"" There are several cars parked in front of the gas station, including a white car and a van.",18.309236261494554,0.12148934397087448,0.6810093249754098,0.6810093249754098,"A gas station with a white and red sign that reads ""CVPR"" There are several cars parked in front of the gas station, including a white car and a van.",fe_118_gas_station_1_cvpr
0.0,0.0,0.0,0.0,0.0,0.0,0.0,0.0,0.0,0.0,31,0.985433042049408,0.03521289303898811,0.054391950368881226,5.439195036888123,0.8448410034179688,23.829267484942985,0.7769652605056763,0.7769652605056763,0.18513526022434235,0.8541469573974609,0.24649807810783386,0.27916789054870605,0.03266981244087219,0.27916789054870605,True,0.15515899658203125,0.9772827625274658,0.03266981244087219,0.10755157470703125,,,1.6899092335970214,0.0,0.10755157470703125,0.6187132013903668,0.0680660679936409,0.0680660679936409,17.21683245482415,0.13777117972583028,8.77549934387207,a iccv on the sign,0.2535924017429352,0.24757730960845947,0.2890043258666992,0.03541192412376404,0.2890043258666992,"4,0,490,294",0.08446063846349716,0.05512412264943123,/cluster/users/grad/2025/25t8103/project/data/flowedit_compatible_118/eval_masks/fe_119_gas_station_2_iccv_eval_mask.png,fixed_eval_mask,0.0,0.0,0.0,0.0,instruct_pix2pix,instruct_pix2pix,,0.034199003130197525,0.034199003130197525,23.958886250301894,0.06339509945212335,,/cluster/users/grad/2025/25t8103/project/outputs/flowedit118_metric_runs/fe_119_gas_station_2_iccv/instruct_pix2pix/seed_10/result.png,5.192882061004639,fe_119_gas_station_2_iccv/instruct_pix2pix/seed_10,,10,/cluster/users/grad/2025/25t8103/project/_baselines/src/FlowEdit/Data/Images/gas_station.png,0.03784146159887314,"A gas station with a white and red sign that reads ""CAFE"" There are several cars parked in front of the gas station, including a white car and a van.",22.496366034985225,0.07502080124741183,0.7812970286536365,0.7812970286536365,"A gas station with a white and red sign that reads ""ICCV"" There are several cars parked in front of the gas station, including a white car and a van.",fe_119_gas_station_2_iccv
0.0,0.0,0.0,0.0,0.0,0.0,0.0,0.0,0.0,0.0,31,0.7968946695327759,0.08278986811637878,0.19270959496498108,19.270959496498108,0.8448410034179688,18.43766464250118,0.676501989364624,0.676501989364624,0.21572831273078918,0.7282046675682068,0.20720337331295013,0.2686237096786499,0.06142033636569977,0.2686237096786499,True,0.15515899658203125,0.7420070767402649,0.06142033636569977,0.10755157470703125,,,1.4120126019993198,0.0,0.10755157470703125,0.2172448038589771,0.14342822134494781,0.14342822134494781,13.788662595624324,0.2044404697692322,4.6813645362854,a iccv on the sign,0.1559295654296875,0.23415438830852509,0.19456756114959717,0.03863799571990967,0.19456756114959717,"4,0,490,294",0.261915922164917,0.20134417712688446,/cluster/users/grad/2025/25t8103/project/data/flowedit_compatible_118/eval_masks/fe_119_gas_station_2_iccv_eval_mask.png,fixed_eval_mask,0.0,0.0,0.0,0.0,ledits_pp,ledits_pp,,0.08531101047992706,0.08531101047992706,17.971774445994843,0.12630230536556064,,/cluster/users/grad/2025/25t8103/project/outputs/flowedit118_metric_runs/fe_119_gas_station_2_iccv/ledits_pp/seed_10/result.png,3.3153843879699707,fe_119_gas_station_2_iccv/ledits_pp/seed_10,,10,/cluster/users/grad/2025/25t8103/project/_baselines/src/FlowEdit/Data/Images/gas_station.png,0.09156162291765213,"A gas station with a white and red sign that reads ""CAFE"" There are several cars parked in front of the gas station, including a white car and a van.",17.27420684307492,0.13686413528050062,0.6689280561346499,0.6689280561346499,"A gas station with a white and red sign that reads ""ICCV"" There are several cars parked in front of the gas station, including a white car and a van.",fe_119_gas_station_2_iccv
0.0,0.0,0.0,0.0,0.0,0.0,0.0,0.0,0.0,0.0,31,0.9851701259613037,0.03695947304368019,0.05414498597383499,5.414498597383499,0.8448410034179688,23.71181808443279,0.7758004665374756,0.7758004665374756,0.011003464460372925,0.9736480116844177,0.23072439432144165,0.2115890234708786,-0.01913537085056305,0.2115890234708786,True,0.15515899658203125,0.985630989074707,-0.01913537085056305,0.10755157470703125,,,1.7820697645403172,0.0,0.10755157470703125,0.41037100092218204,0.046848051249980927,0.046848051249980927,23.24812357022313,0.06880085280872804,9.405696868896484,a eccv on the sign,0.23514193296432495,0.2255013883113861,0.19236502051353455,-0.042776912450790405,0.19236502051353455,"4,0,490,294",0.058678027242422104,0.05347383767366409,/cluster/users/grad/2025/25t8103/project/data/flowedit_compatible_118/eval_masks/fe_120_gas_station_3_eccv_eval_mask.png,fixed_eval_mask,0.0,0.0,0.0,0.0,instruct_pix2pix,instruct_pix2pix,,0.03584042936563492,0.03584042936563492,23.886611128714236,0.06392480966031863,,/cluster/users/grad/2025/25t8103/project/outputs/flowedit118_metric_runs/fe_120_gas_station_3_eccv/instruct_pix2pix/seed_10/result.png,5.2779622077941895,fe_120_gas_station_3_eccv/instruct_pix2pix/seed_10,,10,/cluster/users/grad/2025/25t8103/project/_baselines/src/FlowEdit/Data/Images/gas_station.png,0.03702431917190552,"A gas station with a white and red sign that reads ""CAFE"" There are several cars parked in front of the gas station, including a white car and a van.",23.813258742786353,0.06446694095960795,0.7982855583758081,0.7982855583758081,"A gas station with a white and red sign that reads ""ECCV"" There are several cars parked in front of the gas station, including a white car and a van.",fe_120_gas_station_3_eccv
0.0,0.0,0.0,0.0,0.0,0.0,0.0,0.0,0.0,0.0,31,0.7696626782417297,0.08422019332647324,0.19583210349082947,19.583210349082947,0.8448410034179688,18.53682729897157,0.6728721261024475,0.6728721261024475,0.19151946902275085,0.8040974140167236,0.1990261673927307,0.23274317383766174,0.03371700644493103,0.23274317383766174,True,0.15515899658203125,0.7300348877906799,0.03371700644493103,0.10755157470703125,,,1.418621622889613,0.0,0.10755157470703125,0.21798964318649358,0.1390284150838852,0.1390284150838852,14.014492492565973,0.19919359758953006,4.9599480628967285,a eccv on the sign,0.19645367562770844,0.23520579934120178,0.21604686975479126,0.019593194127082825,0.21604686975479126,"4,0,490,294",0.25985026359558105,0.20212103426456451,/cluster/users/grad/2025/25t8103/project/data/flowedit_compatible_118/eval_masks/fe_120_gas_station_3_eccv_eval_mask.png,fixed_eval_mask,0.0,0.0,0.0,0.0,ledits_pp,ledits_pp,,0.08615870028734207,0.08615870028734207,18.191439502252997,0.12314818767833725,,/cluster/users/grad/2025/25t8103/project/outputs/flowedit118_metric_runs/fe_120_gas_station_3_eccv/ledits_pp/seed_10/result.png,3.4963150024414062,fe_120_gas_station_3_eccv/ledits_pp/seed_10,,10,/cluster/users/grad/2025/25t8103/project/_baselines/src/FlowEdit/Data/Images/gas_station.png,0.09184492379426956,"A gas station with a white and red sign that reads ""CAFE"" There are several cars parked in front of the gas station, including a white car and a van.",17.495349737826785,0.13342355656415766,0.6693601908715732,0.6693601908715732,"A gas station with a white and red sign that reads ""ECCV"" There are several cars parked in front of the gas station, including a white car and a van.",fe_120_gas_station_3_eccv
0.0,0.0,0.0,0.0,0.0,0.0,0.0,0.0,0.0,0.0,31,0.9865024089813232,0.03536851704120636,0.052662648260593414,5.266264826059341,0.8448410034179688,23.80907057102922,0.7750529646873474,0.7750529646873474,-0.008693696931004524,0.9704755544662476,0.23155492544174194,0.21480011940002441,-0.01675480604171753,0.21480011940002441,True,0.15515899658203125,0.9864364266395569,-0.01675480604171753,0.10755157470703125,,,1.8416952185699718,0.0,0.10755157470703125,0.3479109030290133,0.041602324694395065,0.041602324694395065,24.241322996144152,0.06136685267805694,9.90779972076416,a food on the sign,0.2316320836544037,0.2326713651418686,0.2025267779827118,-0.029105305671691895,0.2025267779827118,"4,0,490,294",0.05649837106466293,0.052737921476364136,/cluster/users/grad/2025/25t8103/project/data/flowedit_compatible_118/eval_masks/fe_121_gas_station_4_food_eval_mask.png,fixed_eval_mask,0.0,0.0,0.0,0.0,instruct_pix2pix,instruct_pix2pix,,0.034397244453430176,0.034397244453430176,23.978897357733175,0.06324921388688866,,/cluster/users/grad/2025/25t8103/project/outputs/flowedit118_metric_runs/fe_121_gas_station_4_food/instruct_pix2pix/seed_10/result.png,5.3797173500061035,fe_121_gas_station_4_food/instruct_pix2pix/seed_10,,10,/cluster/users/grad/2025/25t8103/project/_baselines/src/FlowEdit/Data/Images/gas_station.png,0.03517216816544533,"A gas station with a white and red sign that reads ""CAFE"" There are several cars parked in front of the gas station, including a white car and a van.",24.006372006073285,0.06304946411942704,0.7972071661956701,0.7972071661956701,"A gas station with a white and red sign that reads ""FOOD"" There are several cars parked in front of the gas station, including a white car and a van.",fe_121_gas_station_4_food
0.0,0.0,0.0,0.0,0.0,0.0,0.0,0.0,0.0,0.0,31,0.13439300656318665,0.12147925049066544,0.34008339047431946,34.008339047431946,0.8448410034179688,15.153864547797562,0.5712553262710571,0.5712553262710571,0.07660335302352905,0.5447914600372314,0.09460988640785217,0.10236327350139618,0.007753387093544006,0.10236327350139618,True,0.15515899658203125,0.07902590185403824,0.007753387093544006,0.10755157470703125,,,1.943609753123583,0.0,0.10755157470703125,0.24366886571610982,0.19633133709430695,0.19633133709430695,11.290673337817177,0.2725626437775728,6.5670647621154785,a food on the sign,0.10270195454359055,0.19633647799491882,0.11036913096904755,0.007667176425457001,0.11036913096904755,"4,0,490,294",0.43364593386650085,0.3501564860343933,/cluster/users/grad/2025/25t8103/project/data/flowedit_compatible_118/eval_masks/fe_121_gas_station_4_food_eval_mask.png,fixed_eval_mask,0.0,0.0,0.0,0.0,ledits_pp,ledits_pp,,0.12128829210996628,0.12128829210996628,15.111815526282207,0.17555339138192033,,/cluster/users/grad/2025/25t8103/project/outputs/flowedit118_metric_runs/fe_121_gas_station_4_food/ledits_pp/seed_10/result.png,3.378798007965088,fe_121_gas_station_4_food/ledits_pp/seed_10,,10,/cluster/users/grad/2025/25t8103/project/_baselines/src/FlowEdit/Data/Images/gas_station.png,0.12935929000377655,"A gas station with a white and red sign that reads ""CAFE"" There are several cars parked in front of the gas station, including a white car and a van.",14.498401356794442,0.18839958081421515,0.5611208022312462,0.5611208022312462,"A gas station with a white and red sign that reads ""FOOD"" There are several cars parked in front of the gas station, including a white car and a van.",fe_121_gas_station_4_food
0.0,0.0,0.0,0.0,0.0,0.0,0.0,0.0,0.0,0.0,31,0.9865195155143738,0.038288768380880356,0.05355312302708626,5.355312302708626,0.8448410034179688,23.56809206080237,0.7760958671569824,0.7760958671569824,-0.004523824900388718,0.9695202112197876,0.23231357336044312,0.2106359750032425,-0.021677598357200623,0.2106359750032425,True,0.15515899658203125,0.9861023426055908,-0.021677598357200623,0.10755157470703125,,,1.8174165536657307,0.0,0.10755157470703125,0.3807902390579556,0.04422741010785103,0.04422741010785103,21.732773375160725,0.0819146030864787,9.46426773071289,a love on the sign,0.22971278429031372,0.20644047856330872,0.19571197032928467,-0.03400081396102905,0.19571197032928467,"4,0,490,294",0.060938842594623566,0.05398234724998474,/cluster/users/grad/2025/25t8103/project/data/flowedit_compatible_118/eval_masks/fe_122_gas_station_5_love_eval_mask.png,fixed_eval_mask,0.0,0.0,0.0,0.0,instruct_pix2pix,instruct_pix2pix,,0.037353307008743286,0.037353307008743286,23.68894916809851,0.06539620425237196,,/cluster/users/grad/2025/25t8103/project/outputs/flowedit118_metric_runs/fe_122_gas_station_5_love/instruct_pix2pix/seed_10/result.png,5.207539081573486,fe_122_gas_station_5_love/instruct_pix2pix/seed_10,,10,/cluster/users/grad/2025/25t8103/project/_baselines/src/FlowEdit/Data/Images/gas_station.png,0.038092631846666336,"A gas station with a white and red sign that reads ""CAFE"" There are several cars parked in front of the gas station, including a white car and a van.",23.430998936483448,0.06736744138680206,0.7948241188938835,0.7948241188938835,"A gas station with a white and red sign that reads ""LOVE"" There are several cars parked in front of the gas station, including a white car and a van.",fe_122_gas_station_5_love
0.0,0.0,0.0,0.0,0.0,0.0,0.0,0.0,0.0,0.0,31,0.5593701601028442,0.10313066840171814,0.25238463282585144,25.238463282585144,0.8448410034179688,17.138732714335084,0.6409821510314941,0.6409821510314941,0.2728467881679535,0.8446146249771118,0.1835077404975891,0.2158590853214264,0.03235134482383728,0.2158590853214264,True,0.15515899658203125,0.4827841520309448,0.03235134482383728,0.10755157470703125,,,1.782254520396719,0.0,0.10755157470703125,0.2705894871249202,0.15415610373020172,0.15415610373020172,13.89043550197917,0.20205901190475378,4.713618278503418,a love on the sign,0.15746882557868958,0.1806771457195282,0.16204550862312317,0.004576683044433594,0.16204550862312317,"4,0,490,294",0.3090650141239166,0.2533130943775177,/cluster/users/grad/2025/25t8103/project/data/flowedit_compatible_118/eval_masks/fe_122_gas_station_5_love_eval_mask.png,fixed_eval_mask,0.0,0.0,0.0,0.0,ledits_pp,ledits_pp,,0.10424844920635223,0.10424844920635223,16.975070115973725,0.14165975756019103,,/cluster/users/grad/2025/25t8103/project/outputs/flowedit118_metric_runs/fe_122_gas_station_5_love/ledits_pp/seed_10/result.png,2.6447503566741943,fe_122_gas_station_5_love/ledits_pp/seed_10,,10,/cluster/users/grad/2025/25t8103/project/_baselines/src/FlowEdit/Data/Images/gas_station.png,0.10961612313985825,"A gas station with a white and red sign that reads ""CAFE"" There are several cars parked in front of the gas station, including a white car and a van.",16.51689272658802,0.1493328534505558,0.6398498492443311,0.6398498492443311,"A gas station with a white and red sign that reads ""LOVE"" There are several cars parked in front of the gas station, including a white car and a van.",fe_122_gas_station_5_love
0.0,0.0,0.0,0.0,0.0,0.0,0.0,0.0,0.0,0.0,31,0.9870496988296509,0.03913275897502899,0.05341620743274689,5.341620743274689,0.8448410034179688,23.704810060360295,0.7769535779953003,0.7769535779953003,-0.011265702545642853,0.9759945273399353,0.23282277584075928,0.21371248364448547,-0.019110292196273804,0.21371248364448547,True,0.15515899658203125,0.9869121313095093,-0.019110292196273804,0.10755157470703125,,,1.75261307151823,0.0,0.10755157470703125,0.37295169184932964,0.036445338279008865,0.036445338279008865,25.501950934884352,0.05307652158367544,9.482166290283203,a free on the sign,0.23415976762771606,0.19823364913463593,0.1966293454170227,-0.03753042221069336,0.1966293454170227,"4,0,490,294",0.05475287884473801,0.05227114260196686,/cluster/users/grad/2025/25t8103/project/data/flowedit_compatible_118/eval_masks/fe_123_gas_station_6_free_eval_mask.png,fixed_eval_mask,0.0,0.0,0.0,0.0,instruct_pix2pix,instruct_pix2pix,,0.03816964104771614,0.03816964104771614,23.875858937035215,0.06400399065754236,,/cluster/users/grad/2025/25t8103/project/outputs/flowedit118_metric_runs/fe_123_gas_station_6_free/instruct_pix2pix/seed_10/result.png,5.41030216217041,fe_123_gas_station_6_free/instruct_pix2pix/seed_10,,10,/cluster/users/grad/2025/25t8103/project/_baselines/src/FlowEdit/Data/Images/gas_station.png,0.03798418864607811,"A gas station with a white and red sign that reads ""CAFE"" There are several cars parked in front of the gas station, including a white car and a van.",24.024243450738094,0.0629198715669205,0.8001321567811289,0.8001321567811289,"A gas station with a white and red sign that reads ""FREE"" There are several cars parked in front of the gas station, including a white car and a van.",fe_123_gas_station_6_free
0.0,0.0,0.0,0.0,0.0,0.0,0.0,0.0,0.0,0.0,31,0.46417534351348877,0.10449860244989395,0.26747316122055054,26.747316122055054,0.8448410034179688,16.461700750331268,0.6236100196838379,0.6236100196838379,0.337740421295166,0.7745630145072937,0.1767347753047943,0.23986616730690002,0.06313139200210571,0.23986616730690002,True,0.15515899658203125,0.4255567789077759,0.06313139200210571,0.10755157470703125,,,1.4968945458607528,0.0,0.10755157470703125,0.5063134000141875,0.10607123374938965,0.10607123374938965,13.947572595588944,0.20073419939913714,7.795443058013916,a free on the sign,0.16537746787071228,0.2737768292427063,0.24045851826667786,0.07508105039596558,0.24045851826667786,"4,0,490,294",0.3020695745944977,0.2678360044956207,/cluster/users/grad/2025/25t8103/project/data/flowedit_compatible_118/eval_masks/fe_123_gas_station_6_free_eval_mask.png,fixed_eval_mask,0.0,0.0,0.0,0.0,ledits_pp,ledits_pp,,0.10396867245435715,0.10396867245435715,16.356138497629473,0.1521223672707182,,/cluster/users/grad/2025/25t8103/project/outputs/flowedit118_metric_runs/fe_123_gas_station_6_free/ledits_pp/seed_10/result.png,5.2077436447143555,fe_123_gas_station_6_free/ledits_pp/seed_10,,10,/cluster/users/grad/2025/25t8103/project/_baselines/src/FlowEdit/Data/Images/gas_station.png,0.10419481992721558,"A gas station with a white and red sign that reads ""CAFE"" There are several cars parked in front of the gas station, including a white car and a van.",16.02302474631081,0.1580697486398678,0.625199730457542,0.625199730457542,"A gas station with a white and red sign that reads ""FREE"" There are several cars parked in front of the gas station, including a white car and a van.",fe_123_gas_station_6_free
0.0,0.0,0.0,0.0,0.0,0.0,0.0,0.0,0.0,0.0,31,0.987881064414978,0.14026902616024017,0.2288258969783783,22.88258969783783,0.2613525390625,15.195545119729788,0.7568871974945068,0.7568871974945068,0.23990808427333832,0.583797812461853,0.11745081841945648,0.21239444613456726,0.09494362771511078,0.21239444613456726,True,0.7386474609375,0.05322727933526039,0.09494362771511078,0.6410293579101562,,,3.337911644274615,0.0,0.6410293579101562,3.57053593744421e-05,0.15296131372451782,0.15296131372451782,14.060586061189841,0.19813933311626641,4.617691516876221,a origami wooden of a bird,0.11745081841945648,0.27994391322135925,0.21239444613456726,0.09494362771511078,0.21239444613456726,"0,0,512,512",0.5441431999206543,0.27762553095817566,/cluster/users/grad/2025/25t8103/project/data/flowedit_compatible_118/eval_masks/fe_127_gray_bird_1_origami_bird_eval_mask.png,fixed_eval_mask,0.0,0.0,0.0,0.0,instruct_pix2pix,instruct_pix2pix,,0.13683374226093292,0.13683374226093292,15.41542256737946,0.16952309456998937,,/cluster/users/grad/2025/25t8103/project/outputs/flowedit118_metric_runs/fe_127_gray_bird_1_origami_bird/instruct_pix2pix/seed_10/result.png,1.3834073543548584,fe_127_gray_bird_1_origami_bird/instruct_pix2pix/seed_10,,10,/cluster/users/grad/2025/25t8103/project/_baselines/src/FlowEdit/Data/Images/gray_bird.png,0.1471720188856125,A small blue and gray bird perched on a wooden fence or post. The bird is positioned towards the left side of the image,14.49986885952547,0.18836775292363933,0.6389448507456393,0.6389448507456393,A small blue and gray origami bird perched on a wooden fence or post. The origami bird is positioned towards the left side of the image,fe_127_gray_bird_1_origami_bird
0.0,0.0,0.0,0.0,0.0,0.0,0.0,0.0,0.0,0.0,31,0.9935465455055237,0.03953962400555611,0.07032788544893265,7.032788544893265,0.2613525390625,25.30712365792827,0.8707836270332336,0.8707836270332336,0.2305939495563507,0.6752334833145142,0.19103437662124634,0.26901817321777344,0.0779837965965271,0.26901817321777344,True,0.7386474609375,0.07864964008331299,0.0779837965965271,0.6410293579101562,,,1.9233799366765345,0.0,0.6410293579101562,0.017501576986705705,0.08844400942325592,0.08844400942325592,16.196946584278702,0.1549361181709188,3.620487689971924,a origami wooden of a bird,0.19103437662124634,0.29896023869514465,0.26901817321777344,0.0779837965965271,0.26901817321777344,"0,0,512,512",0.2774888277053833,0.08294425904750824,/cluster/users/grad/2025/25t8103/project/data/flowedit_compatible_118/eval_masks/fe_127_gray_bird_1_origami_bird_eval_mask.png,fixed_eval_mask,0.0,0.0,0.0,0.0,ledits_pp,ledits_pp,,0.038194600492715836,0.038194600492715836,25.395761434881482,0.053729392262431765,,/cluster/users/grad/2025/25t8103/project/outputs/flowedit118_metric_runs/fe_127_gray_bird_1_origami_bird/ledits_pp/seed_10/result.png,1.8823570013046265,fe_127_gray_bird_1_origami_bird/ledits_pp/seed_10,,10,/cluster/users/grad/2025/25t8103/project/_baselines/src/FlowEdit/Data/Images/gray_bird.png,0.07040595263242722,A small blue and gray bird perched on a wooden fence or post. The bird is positioned towards the left side of the image,17.84512338927567,0.128157442044563,0.7483007935552262,0.7483007935552262,A small blue and gray origami bird perched on a wooden fence or post. The origami bird is positioned towards the left side of the image,fe_127_gray_bird_1_origami_bird
0.0,0.0,0.0,0.0,0.0,0.0,0.0,0.0,0.0,0.0,31,0.9958246350288391,0.023765310645103455,0.03901071473956108,3.901071473956108,0.2613525390625,27.46293958966802,0.9054141640663147,0.9054141640663147,0.34369343519210815,0.8969862461090088,0.20342344045639038,0.2508707046508789,0.047447264194488525,0.2508707046508789,True,0.7386474609375,0.7017231583595276,0.047447264194488525,0.6410293579101562,,,1.5887448823406365,0.0,0.6410293579101562,0.04580997607740922,0.08748466521501541,0.08748466521501541,15.946972314479455,0.1594598621345044,6.757988452911377,a red bird,0.20342344045639038,0.27370601892471313,0.2508707046508789,0.047447264194488525,0.2508707046508789,"0,0,512,512",0.17805300652980804,0.04922524467110634,/cluster/users/grad/2025/25t8103/project/data/flowedit_compatible_118/eval_masks/fe_128_gray_bird_2_red_bird_eval_mask.png,fixed_eval_mask,0.0,0.0,0.0,0.0,instruct_pix2pix,instruct_pix2pix,,0.024120215326547623,0.024120215326547623,27.18264148307721,0.04373890696753672,,/cluster/users/grad/2025/25t8103/project/outputs/flowedit118_metric_runs/fe_128_gray_bird_2_red_bird/instruct_pix2pix/seed_10/result.png,4.253664970397949,fe_128_gray_bird_2_red_bird/instruct_pix2pix/seed_10,,10,/cluster/users/grad/2025/25t8103/project/_baselines/src/FlowEdit/Data/Images/gray_bird.png,0.0647386908531189,A small blue and gray bird perched on a wooden fence or post. The bird is positioned towards the left side of the image,17.69896417837417,0.13033221947513332,0.8384874011348268,0.8384874011348268,A small red and gray bird perched on a wooden fence or post. The bird is positioned towards the left side of the image,fe_128_gray_bird_2_red_bird
0.0,0.0,0.0,0.0,0.0,0.0,0.0,0.0,0.0,0.0,31,0.9934667348861694,0.03483523428440094,0.056173767894506454,5.6173767894506454,0.2613525390625,26.318881299138436,0.8810865879058838,0.8810865879058838,0.3586857318878174,0.8771504759788513,0.17837625741958618,0.23808276653289795,0.05970650911331177,0.23808276653289795,True,0.7386474609375,0.1472305804491043,0.05970650911331177,0.6410293579101562,,,1.5477610939267623,0.0,0.6410293579101562,0.029813975077659156,0.10094065219163895,0.10094065219163895,14.601924429693593,0.18616746217698002,4.148519039154053,a red bird,0.17837625741958618,0.27333539724349976,0.23808276653289795,0.05970650911331177,0.23808276653289795,"0,0,512,512",0.2675507366657257,0.06318751722574234,/cluster/users/grad/2025/25t8103/project/data/flowedit_compatible_118/eval_masks/fe_128_gray_bird_2_red_bird_eval_mask.png,fixed_eval_mask,0.0,0.0,0.0,0.0,ledits_pp,ledits_pp,,0.03336447477340698,0.03336447477340698,26.499280126255332,0.047319047466623375,,/cluster/users/grad/2025/25t8103/project/outputs/flowedit118_metric_runs/fe_128_gray_bird_2_red_bird/ledits_pp/seed_10/result.png,2.680335521697998,fe_128_gray_bird_2_red_bird/ledits_pp/seed_10,,10,/cluster/users/grad/2025/25t8103/project/_baselines/src/FlowEdit/Data/Images/gray_bird.png,0.07668279856443405,A small blue and gray bird perched on a wooden fence or post. The bird is positioned towards the left side of the image,16.37880181736112,0.15172596527330914,0.7602131531138596,0.7602131531138596,A small red and gray bird perched on a wooden fence or post. The bird is positioned towards the left side of the image,fe_128_gray_bird_2_red_bird
0.0,0.0,0.0,0.0,0.0,0.0,0.0,0.0,0.0,0.0,31,0.9602446556091309,0.1133604422211647,0.1829529106616974,18.29529106616974,0.2613525390625,17.019575164495112,0.8065496683120728,0.8065496683120728,0.22946779429912567,0.6574115753173828,0.17893889546394348,0.24136093258857727,0.06242203712463379,0.24136093258857727,True,0.7386474609375,0.1766427457332611,0.06242203712463379,0.6410293579101562,,,1.4854046733714583,0.0,0.6410293579101562,0.02256578712464741,0.15071652829647064,0.15071652829647064,14.358494144247558,0.19145878246083123,4.560667514801025,a sculpture wooden of a bird,0.17893889546394348,0.2958340346813202,0.24136093258857727,0.06242203712463379,0.24136093258857727,"0,0,512,512",0.35600969195365906,0.21411696076393127,/cluster/users/grad/2025/25t8103/project/data/flowedit_compatible_118/eval_masks/fe_129_gray_bird_3_sculpture_eval_mask.png,fixed_eval_mask,0.0,0.0,0.0,0.0,instruct_pix2pix,instruct_pix2pix,,0.11292486637830734,0.11292486637830734,17.20681334156713,0.13793018951367872,,/cluster/users/grad/2025/25t8103/project/outputs/flowedit118_metric_runs/fe_129_gray_bird_3_sculpture/instruct_pix2pix/seed_10/result.png,3.070319890975952,fe_129_gray_bird_3_sculpture/instruct_pix2pix/seed_10,,10,/cluster/users/grad/2025/25t8103/project/_baselines/src/FlowEdit/Data/Images/gray_bird.png,0.13715042173862457,A small blue and gray bird perched on a wooden fence or post. The bird is positioned towards the left side of the image,15.181678052963619,0.17414704010221263,0.6921051837319357,0.6921051837319357,A small sculpture of a blue and gray bird perched on a wooden fence or post. The sculpture is positioned towards the left side of the image,fe_129_gray_bird_3_sculpture
0.0,0.0,0.0,0.0,0.0,0.0,0.0,0.0,0.0,0.0,31,0.9951891899108887,0.03702625259757042,0.0638561099767685,6.385610997676849,0.2613525390625,25.24324388757912,0.8621982336044312,0.8621982336044312,0.2075425386428833,0.7271175980567932,0.24733400344848633,0.2908381521701813,0.043504148721694946,0.2908381521701813,True,0.7386474609375,0.2078586220741272,0.043504148721694946,0.6410293579101562,,,2.194226670118742,0.0,0.6410293579101562,0.015859130455481367,0.09517861157655716,0.09517861157655716,15.822945158977419,0.16175314818462594,4.720118522644043,a sculpture wooden of a bird,0.24733400344848633,0.3022158145904541,0.2908381521701813,0.043504148721694946,0.2908381521701813,"0,0,512,512",0.2704567313194275,0.07552295923233032,/cluster/users/grad/2025/25t8103/project/data/flowedit_compatible_118/eval_masks/fe_129_gray_bird_3_sculpture_eval_mask.png,fixed_eval_mask,0.0,0.0,0.0,0.0,ledits_pp,ledits_pp,,0.03568911552429199,0.03568911552429199,25.389085554673876,0.05377070396216992,,/cluster/users/grad/2025/25t8103/project/outputs/flowedit118_metric_runs/fe_129_gray_bird_3_sculpture/ledits_pp/seed_10/result.png,2.151153564453125,fe_129_gray_bird_3_sculpture/ledits_pp/seed_10,,10,/cluster/users/grad/2025/25t8103/project/_baselines/src/FlowEdit/Data/Images/gray_bird.png,0.07382363080978394,A small blue and gray bird perched on a wooden fence or post. The bird is positioned towards the left side of the image,17.493400295238565,0.13345350522397054,0.752291733319302,0.752291733319302,A small sculpture of a blue and gray bird perched on a wooden fence or post. The sculpture is positioned towards the left side of the image,fe_129_gray_bird_3_sculpture
0.0,0.0,0.0,0.0,0.0,0.0,0.0,0.0,0.0,0.0,31,0.9970512986183167,0.024662422016263008,0.02598806656897068,2.598806656897068,0.2613525390625,25.786482749040914,0.9008430242538452,0.9008430242538452,0.3651181757450104,0.882652997970581,0.25623542070388794,0.28083205223083496,0.02459663152694702,0.28083205223083496,True,0.7386474609375,0.8151463270187378,0.02459663152694702,0.6410293579101562,,,1.9478089006722021,0.0,0.6410293579101562,0.035056712012473075,0.06279690563678741,0.06279690563678741,18.50756898690876,0.11874670036650625,8.505800247192383,a golden sculpture wooden of a bird,0.25623542070388794,0.2632656693458557,0.28083205223083496,0.02459663152694702,0.28083205223083496,"0,0,512,512",0.1314256340265274,0.03135097771883011,/cluster/users/grad/2025/25t8103/project/data/flowedit_compatible_118/eval_masks/fe_130_gray_bird_4_golden_sculpture_eval_mask.png,fixed_eval_mask,0.0,0.0,0.0,0.0,instruct_pix2pix,instruct_pix2pix,,0.0250522643327713,0.0250522643327713,25.57234693207914,0.052648094023854786,,/cluster/users/grad/2025/25t8103/project/outputs/flowedit118_metric_runs/fe_130_gray_bird_4_golden_sculpture/instruct_pix2pix/seed_10/result.png,4.366855621337891,fe_130_gray_bird_4_golden_sculpture/instruct_pix2pix/seed_10,,10,/cluster/users/grad/2025/25t8103/project/_baselines/src/FlowEdit/Data/Images/gray_bird.png,0.04924769327044487,A small blue and gray bird perched on a wooden fence or post. The bird is positioned towards the left side of the image,19.985251157372957,0.10016994657164174,0.8289529006006059,0.8289529006006059,A small golden sculpture of a bird perched on a wooden fence or post. The golden sculpture is positioned towards the left side of the image,fe_130_gray_bird_4_golden_sculpture
0.0,0.0,0.0,0.0,0.0,0.0,0.0,0.0,0.0,0.0,31,0.9957337379455566,0.03323938697576523,0.05366208031773567,5.366208031773567,0.2613525390625,26.11133898385765,0.8687812089920044,0.8687812089920044,0.38555222749710083,0.6913917064666748,0.20721179246902466,0.3377722501754761,0.13056045770645142,0.3377722501754761,True,0.7386474609375,0.05705159530043602,0.13056045770645142,0.6410293579101562,,,1.9887294010905554,0.0,0.6410293579101562,0.020292545911141262,0.1032639741897583,0.1032639741897583,15.271192070637007,0.17236155220007404,4.286307334899902,a golden sculpture wooden of a bird,0.20721179246902466,0.32073378562927246,0.3377722501754761,0.13056045770645142,0.3377722501754761,"0,0,512,512",0.2849982678890228,0.06488867849111557,/cluster/users/grad/2025/25t8103/project/data/flowedit_compatible_118/eval_masks/fe_130_gray_bird_4_golden_sculpture_eval_mask.png,fixed_eval_mask,0.0,0.0,0.0,0.0,ledits_pp,ledits_pp,,0.03216463699936867,0.03216463699936867,26.17658965951439,0.049110065913521225,,/cluster/users/grad/2025/25t8103/project/outputs/flowedit118_metric_runs/fe_130_gray_bird_4_golden_sculpture/ledits_pp/seed_10/result.png,2.155299425125122,fe_130_gray_bird_4_golden_sculpture/ledits_pp/seed_10,,10,/cluster/users/grad/2025/25t8103/project/_baselines/src/FlowEdit/Data/Images/gray_bird.png,0.07774139195680618,A small blue and gray bird perched on a wooden fence or post. The bird is positioned towards the left side of the image,17.009334472658796,0.14110203470470337,0.738812193840517,0.738812193840517,A small golden sculpture of a bird perched on a wooden fence or post. The golden sculpture is positioned towards the left side of the image,fe_130_gray_bird_4_golden_sculpture
0.0,0.0,0.0,0.0,0.0,0.0,0.0,0.0,0.0,0.0,31,1.0000001192092896,0.012874375097453594,0.0013047866523265839,0.1304786652326584,0.025447845458984375,36.1716155262383,0.9504261612892151,0.9504261612892151,0.3525776267051697,0.8635215163230896,0.3371793329715729,0.3687601685523987,0.031580835580825806,0.3687601685523987,True,0.9745521545410156,0.4322148561477661,0.031580835580825806,0.9446830749511719,,,4.695255735894128,0.0,0.9446830749511719,0.027733471166154506,0.042251359671354294,0.042251359671354294,22.484263857649278,0.07512540168305722,5.465524673461914,a bacon on the paper,0.3371793329715729,0.28002578020095825,0.3687601685523987,0.031580835580825806,0.3687601685523987,"0,0,512,512",0.12720665335655212,0.00261291884817183,/cluster/users/grad/2025/25t8103/project/data/flowedit_compatible_118/eval_masks/fe_131_groceries_1_bacon_eval_mask.png,fixed_eval_mask,0.0,0.0,0.0,0.0,instruct_pix2pix,instruct_pix2pix,,0.012524626217782497,0.012524626217782497,36.51343815451713,0.014939225827016673,,/cluster/users/grad/2025/25t8103/project/outputs/flowedit118_metric_runs/fe_131_groceries_1_bacon/instruct_pix2pix/seed_10/result.png,1.1640526056289673,fe_131_groceries_1_bacon/instruct_pix2pix/seed_10,,10,/cluster/users/grad/2025/25t8103/project/_baselines/src/FlowEdit/Data/Images/groceries.png,0.04060697183012962,"A grocery list writing on a piece of brown paper with a black marker, which includes BREAD, EGGS, and MILK. The grocery list is attached to a wall or refrigerator with a magnet. The magnet is red and white, possibly in the shape of a phone booth in London.",22.721358444015628,0.07310247447236001,0.837631689452209,0.837631689452209,"A grocery list writing on a piece of brown paper with a black marker, which includes BACON, BREAD, EGGS, and MILK. The grocery list is attached to a wall or refrigerator with a magnet. The magnet is red and white, possibly in the shape of a phone booth in London.",fe_131_groceries_1_bacon
0.0,0.0,0.0,0.0,0.0,0.0,0.0,0.0,0.0,0.0,31,1.0000001192092896,0.05093982815742493,0.013562936335802078,1.3562936335802078,0.025447845458984375,21.98128352329148,0.9495324492454529,0.9495324492454529,0.289670467376709,0.6027102470397949,0.17496871948242188,0.222783625125885,0.047814905643463135,0.222783625125885,True,0.9745521545410156,0.09411297738552094,0.047814905643463135,0.9446830749511719,,,2.1396592787888817,0.0,0.9446830749511719,0.0018413603453358261,0.08935016393661499,0.08935016393661499,17.496062768159607,0.13341260418712259,2.4905951023101807,a bacon on the paper,0.17496871948242188,0.29804444313049316,0.222783625125885,0.047814905643463135,0.222783625125885,"0,0,512,512",0.5041422247886658,0.027188140898942947,/cluster/users/grad/2025/25t8103/project/data/flowedit_compatible_118/eval_masks/fe_131_groceries_1_bacon_eval_mask.png,fixed_eval_mask,0.0,0.0,0.0,0.0,ledits_pp,ledits_pp,,0.05607213079929352,0.05607213079929352,21.475514098502885,0.08437704176551643,,/cluster/users/grad/2025/25t8103/project/outputs/flowedit118_metric_runs/fe_131_groceries_1_bacon/ledits_pp/seed_10/result.png,1.1640148162841797,fe_131_groceries_1_bacon/ledits_pp/seed_10,,10,/cluster/users/grad/2025/25t8103/project/_baselines/src/FlowEdit/Data/Images/groceries.png,0.08750932663679123,"A grocery list writing on a piece of brown paper with a black marker, which includes BREAD, EGGS, and MILK. The grocery list is attached to a wall or refrigerator with a magnet. The magnet is red and white, possibly in the shape of a phone booth in London.",17.642654495401008,0.13117989387789045,0.7421350587630637,0.7421350587630637,"A grocery list writing on a piece of brown paper with a black marker, which includes BACON, BREAD, EGGS, and MILK. The grocery list is attached to a wall or refrigerator with a magnet. The magnet is red and white, possibly in the shape of a phone booth in London.",fe_131_groceries_1_bacon
0.0,0.0,0.0,0.0,0.0,0.0,0.0,0.0,0.0,0.0,31,1.0000001192092896,0.016628209501504898,0.0033086801413446665,0.33086801413446665,0.025447845458984375,33.94422724493545,0.9474920034408569,0.9474920034408569,-0.06777217239141464,0.7322012186050415,0.2939438223838806,0.27100837230682373,-0.022935450077056885,0.27100837230682373,True,0.9745521545410156,0.8461459875106812,-0.022935450077056885,0.9446830749511719,,,4.474091673168391,0.0,0.9446830749511719,0.004098641996745315,0.061689089983701706,0.061689089983701706,20.571350871485848,0.09363375848285112,5.62743616104126,a coffee on the paper,0.2939438223838806,0.15675923228263855,0.27100837230682373,-0.022935450077056885,0.27100837230682373,"0,0,512,512",0.2367766797542572,0.006045709364116192,/cluster/users/grad/2025/25t8103/project/data/flowedit_compatible_118/eval_masks/fe_132_groceries_2_coffee_eval_mask.png,fixed_eval_mask,0.0,0.0,0.0,0.0,instruct_pix2pix,instruct_pix2pix,,0.01616944931447506,0.01616944931447506,34.14641885956346,0.019619098924846014,,/cluster/users/grad/2025/25t8103/project/outputs/flowedit118_metric_runs/fe_132_groceries_2_coffee/instruct_pix2pix/seed_10/result.png,1.2577829360961914,fe_132_groceries_2_coffee/instruct_pix2pix/seed_10,,10,/cluster/users/grad/2025/25t8103/project/_baselines/src/FlowEdit/Data/Images/groceries.png,0.059171076864004135,"A grocery list writing on a piece of brown paper with a black marker, which includes BREAD, EGGS, and MILK. The grocery list is attached to a wall or refrigerator with a magnet. The magnet is red and white, possibly in the shape of a phone booth in London.",20.807338530239523,0.09112406254935033,0.7979120377601246,0.7979120377601246,"A grocery list writing on a piece of brown paper with a black marker, which includes BREAD, COFFEE, and MILK. The grocery list is attached to a wall or refrigerator with a magnet. The magnet is red and white, possibly in the shape of a phone booth in London.",fe_132_groceries_2_coffee
0.0,0.0,0.0,0.0,0.0,0.0,0.0,0.0,0.0,0.0,31,1.0000001192092896,0.05395296588540077,0.014704596251249313,1.4704596251249313,0.025447845458984375,21.3664408085565,0.9444622993469238,0.9444622993469238,0.22387856245040894,0.646724283695221,0.15948744118213654,0.17493808269500732,0.015450641512870789,0.17493808269500732,True,0.9745521545410156,0.08182482421398163,0.015450641512870789,0.9446830749511719,,,1.8436351211009563,0.0,0.9446830749511719,0.00365041612320962,0.08243812620639801,0.08243812620639801,17.54584877497173,0.13265009374902795,2.2897791862487793,a coffee on the paper,0.15948744118213654,0.22965294122695923,0.17493808269500732,0.015450641512870789,0.17493808269500732,"0,0,512,512",0.4673874080181122,0.03051185794174671,/cluster/users/grad/2025/25t8103/project/data/flowedit_compatible_118/eval_masks/fe_132_groceries_2_coffee_eval_mask.png,fixed_eval_mask,0.0,0.0,0.0,0.0,ledits_pp,ledits_pp,,0.06010638177394867,0.06010638177394867,20.884724661365773,0.09031580701963894,,/cluster/users/grad/2025/25t8103/project/outputs/flowedit118_metric_runs/fe_132_groceries_2_coffee/ledits_pp/seed_10/result.png,1.2419915199279785,fe_132_groceries_2_coffee/ledits_pp/seed_10,,10,/cluster/users/grad/2025/25t8103/project/_baselines/src/FlowEdit/Data/Images/groceries.png,0.08120280504226685,"A grocery list writing on a piece of brown paper with a black marker, which includes BREAD, EGGS, and MILK. The grocery list is attached to a wall or refrigerator with a magnet. The magnet is red and white, possibly in the shape of a phone booth in London.",17.676670895356686,0.13066716097820133,0.7445525110778215,0.7445525110778215,"A grocery list writing on a piece of brown paper with a black marker, which includes BREAD, COFFEE, and MILK. The grocery list is attached to a wall or refrigerator with a magnet. The magnet is red and white, possibly in the shape of a phone booth in London.",fe_132_groceries_2_coffee
0.0,0.0,0.0,0.0,0.0,0.0,0.0,0.0,0.0,0.0,31,1.0000001192092896,0.016397379338741302,0.0029456131160259247,0.29456131160259247,0.025447845458984375,33.2969618015029,0.959263026714325,0.959263026714325,0.04128027334809303,0.9709064364433289,0.3792499303817749,0.3663278818130493,-0.012922048568725586,0.3663278818130493,True,0.9745521545410156,0.9787611961364746,-0.012922048568725586,0.9446830749511719,,,4.3932864918214145,0.0,0.9446830749511719,0.11006166134314316,0.025738945230841637,0.025738945230841637,29.769574926184866,0.03247291335134095,4.345935344696045,a cvpr on the paper,0.3792499303817749,0.13995249569416046,0.3663278818130493,-0.012922048568725586,0.3663278818130493,"0,0,512,512",0.03418010473251343,0.0042876917868852615,/cluster/users/grad/2025/25t8103/project/data/flowedit_compatible_118/eval_masks/fe_133_groceries_3_cvpr_eval_mask.png,fixed_eval_mask,0.0,0.0,0.0,0.0,instruct_pix2pix,instruct_pix2pix,,0.01515288557857275,0.01515288557857275,33.83532214090548,0.020334518487296758,,/cluster/users/grad/2025/25t8103/project/outputs/flowedit118_metric_runs/fe_133_groceries_3_cvpr/instruct_pix2pix/seed_10/result.png,0.9892219305038452,fe_133_groceries_3_cvpr/instruct_pix2pix/seed_10,,10,/cluster/users/grad/2025/25t8103/project/_baselines/src/FlowEdit/Data/Images/groceries.png,0.02515335939824581,"A grocery list writing on a piece of brown paper with a black marker, which includes BREAD, EGGS, and MILK. The grocery list is attached to a wall or refrigerator with a magnet. The magnet is red and white, possibly in the shape of a phone booth in London.",29.918120403392425,0.031922285676336676,0.9072358708628457,0.9072358708628457,"A grocery list writing on a piece of brown paper with a black marker, which includes CVPR, EGGS, and MILK. The grocery list is attached to a wall or refrigerator with a magnet. The magnet is red and white, possibly in the shape of a phone booth in London.",fe_133_groceries_3_cvpr
0.0,0.0,0.0,0.0,0.0,0.0,0.0,0.0,0.0,0.0,31,1.0000001192092896,0.061119090765714645,0.016584036871790886,1.6584036871790886,0.025447845458984375,20.9203584770382,0.9471511244773865,0.9471511244773865,0.07304452359676361,0.6395691633224487,0.18834681808948517,0.19207170605659485,0.00372488796710968,0.19207170605659485,True,0.9745521545410156,0.11657935380935669,0.00372488796710968,0.9446830749511719,,,1.6049036171812696,0.0,0.9446830749511719,0.025201600691317744,0.0724843442440033,0.0724843442440033,19.34002885941273,0.10789431373676743,1.891650676727295,a cvpr on the paper,0.18834681808948517,0.16355659067630768,0.19207170605659485,0.00372488796710968,0.19207170605659485,"0,0,512,512",0.4936016798019409,0.031597573310136795,/cluster/users/grad/2025/25t8103/project/data/flowedit_compatible_118/eval_masks/fe_133_groceries_3_cvpr_eval_mask.png,fixed_eval_mask,0.0,0.0,0.0,0.0,ledits_pp,ledits_pp,,0.06583796441555023,0.06583796441555023,20.5333652600263,0.0940441394942982,,/cluster/users/grad/2025/25t8103/project/outputs/flowedit118_metric_runs/fe_133_groceries_3_cvpr/ledits_pp/seed_10/result.png,1.1786693334579468,fe_133_groceries_3_cvpr/ledits_pp/seed_10,,10,/cluster/users/grad/2025/25t8103/project/_baselines/src/FlowEdit/Data/Images/groceries.png,0.07211671024560928,"A grocery list writing on a piece of brown paper with a black marker, which includes BREAD, EGGS, and MILK. The grocery list is attached to a wall or refrigerator with a magnet. The magnet is red and white, possibly in the shape of a phone booth in London.",19.398133557044915,0.10717495803886688,0.7710896830323947,0.7710896830323947,"A grocery list writing on a piece of brown paper with a black marker, which includes CVPR, EGGS, and MILK. The grocery list is attached to a wall or refrigerator with a magnet. The magnet is red and white, possibly in the shape of a phone booth in London.",fe_133_groceries_3_cvpr
0.0,0.0,0.0,0.0,0.0,0.0,0.0,0.0,0.0,0.0,31,1.0000001192092896,0.01697426103055477,0.0026360463816672564,0.26360463816672564,0.025447845458984375,32.951942558634364,0.9571546316146851,0.9571546316146851,0.02371739223599434,0.9728707075119019,0.37609779834747314,0.3677992820739746,-0.008298516273498535,0.3677992820739746,True,0.9745521545410156,0.9698309898376465,-0.008298516273498535,0.9446830749511719,,,4.301132276032424,0.0,0.9446830749511719,0.12914558457133857,0.04630129039287567,0.04630129039287567,24.833951753888087,0.057319502498398685,4.276602268218994,a eccv on the paper,0.37609779834747314,0.15130725502967834,0.3677992820739746,-0.008298516273498535,0.3677992820739746,"0,0,512,512",0.06256670504808426,0.0032922886312007904,/cluster/users/grad/2025/25t8103/project/data/flowedit_compatible_118/eval_masks/fe_134_groceries_4_eccv_eval_mask.png,fixed_eval_mask,0.0,0.0,0.0,0.0,instruct_pix2pix,instruct_pix2pix,,0.015058054588735104,0.015058054588735104,34.016350279077734,0.01991509975080288,,/cluster/users/grad/2025/25t8103/project/outputs/flowedit118_metric_runs/fe_134_groceries_4_eccv/instruct_pix2pix/seed_10/result.png,0.9942968487739563,fe_134_groceries_4_eccv/instruct_pix2pix/seed_10,,10,/cluster/users/grad/2025/25t8103/project/_baselines/src/FlowEdit/Data/Images/groceries.png,0.04457299783825874,"A grocery list writing on a piece of brown paper with a black marker, which includes BREAD, EGGS, and MILK. The grocery list is attached to a wall or refrigerator with a magnet. The magnet is red and white, possibly in the shape of a phone booth in London.",25.05049869404834,0.05590814273947574,0.9074254911964992,0.9074254911964992,"A grocery list writing on a piece of brown paper with a black marker, which includes ECCV, EGGS, and MILK. The grocery list is attached to a wall or refrigerator with a magnet. The magnet is red and white, possibly in the shape of a phone booth in London.",fe_134_groceries_4_eccv
0.0,0.0,0.0,0.0,0.0,0.0,0.0,0.0,0.0,0.0,31,1.0000001192092896,0.05848512426018715,0.015373214147984982,1.5373214147984982,0.025447845458984375,21.08732348238746,0.9471369981765747,0.9471369981765747,0.09987767040729523,0.62710040807724,0.24311167001724243,0.25946304202079773,0.016351372003555298,0.25946304202079773,True,0.9745521545410156,0.3531363010406494,0.016351372003555298,0.9446830749511719,,,1.8115065991606039,0.0,0.9446830749511719,0.014646083273098775,0.06882927566766739,0.06882927566766739,19.718015892139626,0.1032997345217712,2.164536476135254,a eccv on the paper,0.24311167001724243,0.1942322850227356,0.25946304202079773,0.016351372003555298,0.25946304202079773,"0,0,512,512",0.40972810983657837,0.029272211715579033,/cluster/users/grad/2025/25t8103/project/data/flowedit_compatible_118/eval_masks/fe_134_groceries_4_eccv_eval_mask.png,fixed_eval_mask,0.0,0.0,0.0,0.0,ledits_pp,ledits_pp,,0.06267153471708298,0.06267153471708298,20.719407149875803,0.09205123986239834,,/cluster/users/grad/2025/25t8103/project/outputs/flowedit118_metric_runs/fe_134_groceries_4_eccv/ledits_pp/seed_10/result.png,1.1948819160461426,fe_134_groceries_4_eccv/ledits_pp/seed_10,,10,/cluster/users/grad/2025/25t8103/project/_baselines/src/FlowEdit/Data/Images/groceries.png,0.06848863512277603,"A grocery list writing on a piece of brown paper with a black marker, which includes BREAD, EGGS, and MILK. The grocery list is attached to a wall or refrigerator with a magnet. The magnet is red and white, possibly in the shape of a phone booth in London.",19.767769944443543,0.1027097099487923,0.7779526387802795,0.7779526387802795,"A grocery list writing on a piece of brown paper with a black marker, which includes ECCV, EGGS, and MILK. The grocery list is attached to a wall or refrigerator with a magnet. The magnet is red and white, possibly in the shape of a phone booth in London.",fe_134_groceries_4_eccv
0.0,0.0,0.0,0.0,0.0,0.0,0.0,0.0,0.0,0.0,31,1.0000001192092896,0.01636544056236744,0.0031330676283687353,0.31330676283687353,0.025447845458984375,32.64344682694012,0.9649942517280579,0.9649942517280579,-0.002495240420103073,0.8070505857467651,0.37075281143188477,0.35588955879211426,-0.014863252639770508,0.35588955879211426,True,0.9745521545410156,0.8199149370193481,-0.014863252639770508,0.9446830749511719,,,4.353937348982865,0.0,0.9446830749511719,0.7044374361480034,0.1437283158302307,0.1437283158302307,15.219192843962876,0.17339651229178069,3.6308629512786865,a iccv on the paper,0.37075281143188477,0.13148647546768188,0.35588955879211426,-0.014863252639770508,0.35588955879211426,"0,0,512,512",0.308317631483078,0.005362254101783037,/cluster/users/grad/2025/25t8103/project/data/flowedit_compatible_118/eval_masks/fe_135_groceries_5_iccv_eval_mask.png,fixed_eval_mask,0.0,0.0,0.0,0.0,instruct_pix2pix,instruct_pix2pix,,0.016384534537792206,0.016384534537792206,32.3025636852272,0.024258939742574027,,/cluster/users/grad/2025/25t8103/project/outputs/flowedit118_metric_runs/fe_135_groceries_5_iccv/instruct_pix2pix/seed_10/result.png,0.8339263200759888,fe_135_groceries_5_iccv/instruct_pix2pix/seed_10,,10,/cluster/users/grad/2025/25t8103/project/_baselines/src/FlowEdit/Data/Images/groceries.png,0.13668401539325714,"A grocery list writing on a piece of brown paper with a black marker, which includes BREAD, EGGS, and MILK. The grocery list is attached to a wall or refrigerator with a magnet. The magnet is red and white, possibly in the shape of a phone booth in London.",15.461356550314132,0.16862896424215443,0.8598106451003376,0.8598106451003376,"A grocery list writing on a piece of brown paper with a black marker, which includes ICCV, EGGS, and MILK. The grocery list is attached to a wall or refrigerator with a magnet. The magnet is red and white, possibly in the shape of a phone booth in London.",fe_135_groceries_5_iccv
0.0,0.0,0.0,0.0,0.0,0.0,0.0,0.0,0.0,0.0,31,1.0000001192092896,0.05951523408293724,0.01613306812942028,1.613306812942028,0.025447845458984375,21.391499721193995,0.9492505192756653,0.9492505192756653,0.08207867294549942,0.6106885671615601,0.21927057206630707,0.2280508279800415,0.008780255913734436,0.2280508279800415,True,0.9745521545410156,0.1370489001274109,0.008780255913734436,0.9446830749511719,,,1.7893896341191304,0.0,0.9446830749511719,0.0011104695065073512,0.07292166352272034,0.07292166352272034,19.253228940912614,0.10897792964594331,2.045825481414795,a iccv on the paper,0.21927057206630707,0.19753435254096985,0.2280508279800415,0.008780255913734436,0.2280508279800415,"0,0,512,512",0.4615820646286011,0.030501393601298332,/cluster/users/grad/2025/25t8103/project/data/flowedit_compatible_118/eval_masks/fe_135_groceries_5_iccv_eval_mask.png,fixed_eval_mask,0.0,0.0,0.0,0.0,ledits_pp,ledits_pp,,0.06340901553630829,0.06340901553630829,21.025398177046014,0.08886486616351595,,/cluster/users/grad/2025/25t8103/project/outputs/flowedit118_metric_runs/fe_135_groceries_5_iccv/ledits_pp/seed_10/result.png,1.1433091163635254,fe_135_groceries_5_iccv/ledits_pp/seed_10,,10,/cluster/users/grad/2025/25t8103/project/_baselines/src/FlowEdit/Data/Images/groceries.png,0.07239548861980438,"A grocery list writing on a piece of brown paper with a black marker, which includes BREAD, EGGS, and MILK. The grocery list is attached to a wall or refrigerator with a magnet. The magnet is red and white, possibly in the shape of a phone booth in London.",19.33447778921703,0.10796329001437655,0.7703921834598255,0.7703921834598255,"A grocery list writing on a piece of brown paper with a black marker, which includes ICCV, EGGS, and MILK. The grocery list is attached to a wall or refrigerator with a magnet. The magnet is red and white, possibly in the shape of a phone booth in London.",fe_135_groceries_5_iccv
0.0,0.0,0.0,0.0,0.0,0.0,0.0,0.0,0.0,0.0,31,0.9942836761474609,0.11501520872116089,0.06509338319301605,6.509338319301605,0.2257080078125,16.050941046518876,0.4375910758972168,0.4375910758972168,0.32683315873146057,0.7641732692718506,0.21790286898612976,0.29474857449531555,0.07684570550918579,0.29474857449531555,True,0.7742919921875,0.6771795749664307,0.07684570550918579,0.695404052734375,,,0.6033943244572989,0.0,0.695404052734375,0.0677908456576118,0.13577629625797272,0.13577629625797272,12.86854231193887,0.22728610405786187,10.011626243591309,a bronze sculpture of a horse,0.21790286898612976,0.2561292350292206,0.29474857449531555,0.07684570550918579,0.29474857449531555,"0,0,512,512",0.27803850173950195,0.0780310407280922,/cluster/users/grad/2025/25t8103/project/data/flowedit_compatible_118/eval_masks/fe_139_horse_3_bronze_sculpture_eval_mask.png,fixed_eval_mask,0.0,0.0,0.0,0.0,instruct_pix2pix,instruct_pix2pix,,0.11051034927368164,0.11051034927368164,16.22100635710411,0.15450754149635437,,/cluster/users/grad/2025/25t8103/project/outputs/flowedit118_metric_runs/fe_139_horse_3_bronze_sculpture/instruct_pix2pix/seed_10/result.png,16.592178344726562,fe_139_horse_3_bronze_sculpture/instruct_pix2pix/seed_10,,10,/cluster/users/grad/2025/25t8103/project/_baselines/src/FlowEdit/Data/Images/horse.png,0.12808041274547577,"A white horse running through a grassy field. The horse appears to be galloping, creating a sense of motion and energy in the image. The field is surrounded by a forest, with trees visible in the background. The overall atmosphere of the scene is lively and dynamic, capturing the horse''s freedom and grace as it moves through the natural environment.",13.645629455329775,0.20783492411903526,0.5131021772595803,0.5131021772595803,"A sculpture bronze horse running through a grassy field. The horse appears to be galloping, creating a sense of motion and energy in the image. The field is surrounded by a forest, with trees visible in the background. The overall atmosphere of the scene is lively and dynamic, capturing the horse''s freedom and grace as it moves through the natural environment.",fe_139_horse_3_bronze_sculpture
0.0,0.0,0.0,0.0,0.0,0.0,0.0,0.0,0.0,0.0,31,0.9954246878623962,0.04075010120868683,0.04161791875958443,4.161791875958443,0.2257080078125,24.021640005522926,0.6840991377830505,0.6840991377830505,0.38256174325942993,0.8005912899971008,0.23101875185966492,0.3155752122402191,0.0845564603805542,0.3155752122402191,True,0.7742919921875,0.5209600329399109,0.0845564603805542,0.695404052734375,,,0.7841672695116925,0.0,0.695404052734375,0.2609711677710976,0.12552207708358765,0.12552207708358765,13.186451181400326,0.21911769005746415,7.428636074066162,a bronze sculpture of a horse,0.23101875185966492,0.280935674905777,0.3155752122402191,0.0845564603805542,0.3155752122402191,"0,0,512,512",0.34838852286338806,0.0638064369559288,/cluster/users/grad/2025/25t8103/project/data/flowedit_compatible_118/eval_masks/fe_139_horse_3_bronze_sculpture_eval_mask.png,fixed_eval_mask,0.0,0.0,0.0,0.0,ledits_pp,ledits_pp,,0.046486739069223404,0.046486739069223404,22.13759219257288,0.07818445089434033,,/cluster/users/grad/2025/25t8103/project/outputs/flowedit118_metric_runs/fe_139_horse_3_bronze_sculpture/ledits_pp/seed_10/result.png,9.47327995300293,fe_139_horse_3_bronze_sculpture/ledits_pp/seed_10,,10,/cluster/users/grad/2025/25t8103/project/_baselines/src/FlowEdit/Data/Images/horse.png,0.10144824534654617,"A white horse running through a grassy field. The horse appears to be galloping, creating a sense of motion and energy in the image. The field is surrounded by a forest, with trees visible in the background. The overall atmosphere of the scene is lively and dynamic, capturing the horse''s freedom and grace as it moves through the natural environment.",14.528399985505514,0.18775002379804578,0.5982387676433791,0.5982387676433791,"A sculpture bronze horse running through a grassy field. The horse appears to be galloping, creating a sense of motion and energy in the image. The field is surrounded by a forest, with trees visible in the background. The overall atmosphere of the scene is lively and dynamic, capturing the horse''s freedom and grace as it moves through the natural environment.",fe_139_horse_3_bronze_sculpture
0.0,0.0,0.0,0.0,0.0,0.0,0.0,0.0,0.0,0.0,31,0.999309778213501,0.04248180240392685,0.030196210369467735,3.0196210369467735,0.2257080078125,23.018689137818143,0.6442482471466064,0.6442482471466064,0.2865239381790161,0.9650211334228516,0.28843727707862854,0.28440120816230774,-0.004036068916320801,0.28440120816230774,True,0.7742919921875,0.9382679462432861,-0.004036068916320801,0.695404052734375,,,0.6181367239849827,0.0,0.695404052734375,0.0058366612542239,0.07757830619812012,0.07757830619812012,17.89289793743919,0.12745447932163667,8.21818733215332,a brown horse,0.28843727707862854,0.24473142623901367,0.28440120816230774,-0.004036068916320801,0.28440120816230774,"0,0,512,512",0.15212894976139069,0.041105762124061584,/cluster/users/grad/2025/25t8103/project/data/flowedit_compatible_118/eval_masks/fe_140_horse_4_brown_horse_eval_mask.png,fixed_eval_mask,0.0,0.0,0.0,0.0,instruct_pix2pix,instruct_pix2pix,,0.04660256579518318,0.04660256579518318,21.92887349509811,0.0800859488177531,,/cluster/users/grad/2025/25t8103/project/outputs/flowedit118_metric_runs/fe_140_horse_4_brown_horse/instruct_pix2pix/seed_10/result.png,13.295096397399902,fe_140_horse_4_brown_horse/instruct_pix2pix/seed_10,,10,/cluster/users/grad/2025/25t8103/project/_baselines/src/FlowEdit/Data/Images/horse.png,0.06814322620630264,"A white horse running through a grassy field. The horse appears to be galloping, creating a sense of motion and energy in the image. The field is surrounded by a forest, with trees visible in the background. The overall atmosphere of the scene is lively and dynamic, capturing the horse''s freedom and grace as it moves through the natural environment.",18.77777594360686,0.11510950936638022,0.7039145303074944,0.7039145303074944,"A brown horse running through a grassy field. The horse appears to be galloping, creating a sense of motion and energy in the image. The field is surrounded by a forest, with trees visible in the background. The overall atmosphere of the scene is lively and dynamic, capturing the horse''s freedom and grace as it moves through the natural environment.",fe_140_horse_4_brown_horse
0.0,0.0,0.0,0.0,0.0,0.0,0.0,0.0,0.0,0.0,31,0.9939427971839905,0.04163049906492233,0.03759795054793358,3.759795054793358,0.2257080078125,24.318259335658666,0.677566409111023,0.677566409111023,0.24022632837295532,0.9359250068664551,0.24963589012622833,0.2511080503463745,0.0014721602201461792,0.2511080503463745,True,0.7742919921875,0.7439577579498291,0.0014721602201461792,0.695404052734375,,,0.6749223428952213,0.0,0.695404052734375,0.29880523982972745,0.08433878421783447,0.08433878421783447,16.66063178400098,0.14688194365016422,6.197265148162842,a brown horse,0.24963589012622833,0.24014529585838318,0.2511080503463745,0.0014721602201461792,0.2511080503463745,"0,0,512,512",0.26690205931663513,0.05992648005485535,/cluster/users/grad/2025/25t8103/project/data/flowedit_compatible_118/eval_masks/fe_140_horse_4_brown_horse_eval_mask.png,fixed_eval_mask,0.0,0.0,0.0,0.0,ledits_pp,ledits_pp,,0.045516613870859146,0.045516613870859146,23.019990186187435,0.07063183523011936,,/cluster/users/grad/2025/25t8103/project/outputs/flowedit118_metric_runs/fe_140_horse_4_brown_horse/ledits_pp/seed_10/result.png,9.18218994140625,fe_140_horse_4_brown_horse/ledits_pp/seed_10,,10,/cluster/users/grad/2025/25t8103/project/_baselines/src/FlowEdit/Data/Images/horse.png,0.07251372188329697,"A white horse running through a grassy field. The horse appears to be galloping, creating a sense of motion and energy in the image. The field is surrounded by a forest, with trees visible in the background. The overall atmosphere of the scene is lively and dynamic, capturing the horse''s freedom and grace as it moves through the natural environment.",17.81925739757423,0.1285396550563137,0.6602426264809519,0.6602426264809519,"A brown horse running through a grassy field. The horse appears to be galloping, creating a sense of motion and energy in the image. The field is surrounded by a forest, with trees visible in the background. The overall atmosphere of the scene is lively and dynamic, capturing the horse''s freedom and grace as it moves through the natural environment.",fe_140_horse_4_brown_horse
0.0,0.0,0.0,0.0,0.0,0.0,0.0,0.0,0.0,0.0,31,0.9883675575256348,0.09636038541793823,0.20872443914413452,20.872443914413452,0.6007080078125,18.799124713715432,0.8335598707199097,0.8335598707199097,0.30653077363967896,0.943171501159668,0.261532723903656,0.29270610213279724,0.031173378229141235,0.29270610213279724,True,0.3992919921875,0.9579845070838928,0.031173378229141235,0.327880859375,,,1.5348270231316734,0.0,0.327880859375,0.00047701042442293374,0.12306679040193558,0.12306679040193558,16.411573188848646,0.1511545903282542,13.901155471801758,a green lizard,0.2641582489013672,0.24119949340820312,0.2962801158428192,0.032121866941452026,0.2962801158428192,"0,53,512,512",0.26491105556488037,0.21401287615299225,/cluster/users/grad/2025/25t8103/project/data/flowedit_compatible_118/eval_masks/fe_141_iguana_1_green_lizard_eval_mask.png,fixed_eval_mask,0.0,0.0,0.0,0.0,instruct_pix2pix,instruct_pix2pix,,0.0977356806397438,0.0977356806397438,18.675850574139428,0.11646822889117772,,/cluster/users/grad/2025/25t8103/project/outputs/flowedit118_metric_runs/fe_141_iguana_1_green_lizard/instruct_pix2pix/seed_10/result.png,9.057147979736328,fe_141_iguana_1_green_lizard/instruct_pix2pix/seed_10,,10,/cluster/users/grad/2025/25t8103/project/_baselines/src/FlowEdit/Data/Images/iguana.png,0.10604127496480942,"A large orange lizard sitting on a rock near the ocean. The lizard is positioned in the center of the scene, with the ocean waves visible in the background. The rock is located close to the water, providing a picturesque setting for the lizard''s resting spot.",17.796690797992717,0.12887404501928376,0.7726621692155012,0.7726621692155012,"A large green lizard sitting on a rock near the ocean. The green lizard is positioned in the center of the scene, with the ocean waves visible in the background. The rock is located close to the water, providing a picturesque setting for the green lizard''s resting spot.",fe_141_iguana_1_green_lizard
0.0,0.0,0.0,0.0,0.0,0.0,0.0,0.0,0.0,0.0,31,0.8771541118621826,0.056766390800476074,0.11568129807710648,11.568129807710648,0.6007080078125,21.149411413926163,0.8190881013870239,0.8190881013870239,0.21827562153339386,0.8488035202026367,0.235385000705719,0.2768608331680298,0.04147583246231079,0.2768608331680298,True,0.3992919921875,0.7397576570510864,0.04147583246231079,0.327880859375,,,1.9515314524419305,0.0,0.327880859375,0.24206533879374534,0.15273363888263702,0.15273363888263702,13.007960754048502,0.2236670255518373,14.265395164489746,a green lizard,0.22858157753944397,0.2631179094314575,0.2691422700881958,0.04056069254875183,0.2691422700881958,"0,53,512,512",0.2787396013736725,0.13003672659397125,/cluster/users/grad/2025/25t8103/project/data/flowedit_compatible_118/eval_masks/fe_141_iguana_1_green_lizard_eval_mask.png,fixed_eval_mask,0.0,0.0,0.0,0.0,ledits_pp,ledits_pp,,0.05904655158519745,0.05904655158519745,20.804774217870193,0.09115096883838283,,/cluster/users/grad/2025/25t8103/project/outputs/flowedit118_metric_runs/fe_141_iguana_1_green_lizard/ledits_pp/seed_10/result.png,7.3098464012146,fe_141_iguana_1_green_lizard/ledits_pp/seed_10,,10,/cluster/users/grad/2025/25t8103/project/_baselines/src/FlowEdit/Data/Images/iguana.png,0.08976472169160843,"A large orange lizard sitting on a rock near the ocean. The lizard is positioned in the center of the scene, with the ocean waves visible in the background. The rock is located close to the water, providing a picturesque setting for the lizard''s resting spot.",16.578304821228905,0.14828074485322953,0.6958674925683884,0.6958674925683884,"A large green lizard sitting on a rock near the ocean. The green lizard is positioned in the center of the scene, with the ocean waves visible in the background. The rock is located close to the water, providing a picturesque setting for the green lizard''s resting spot.",fe_141_iguana_1_green_lizard
0.0,0.0,0.0,0.0,0.0,0.0,0.0,0.0,0.0,0.0,31,0.9946334958076477,0.031222159042954445,0.050833359360694885,5.0833359360694885,0.7865943908691406,24.988680903973464,0.781692624092102,0.781692624092102,0.02400003746151924,0.9776086211204529,0.2993423342704773,0.23574985563755035,-0.06359247863292694,0.23574985563755035,True,0.21340560913085938,0.9771459102630615,-0.06359247863292694,0.15446853637695312,,,1.0489412250180215,0.0,0.15446853637695312,0.36255649124540046,0.04106724262237549,0.04106724262237549,22.53431070175738,0.07469378459897061,9.328269958496094,a lizard wearing a hat,0.2865069508552551,0.19002658128738403,0.23390048742294312,-0.05260646343231201,0.23390048742294312,"0,53,512,426",0.06543160229921341,0.05429988354444504,/cluster/users/grad/2025/25t8103/project/data/flowedit_compatible_118/eval_masks/fe_142_iguana_2_blue_lizard_top_hat_eval_mask.png,fixed_eval_mask,0.0,0.0,0.0,0.0,instruct_pix2pix,instruct_pix2pix,,0.031056996434926987,0.031056996434926987,24.94806112146547,0.056571402260823266,,/cluster/users/grad/2025/25t8103/project/outputs/flowedit118_metric_runs/fe_142_iguana_2_blue_lizard_top_hat/instruct_pix2pix/seed_10/result.png,8.893033981323242,fe_142_iguana_2_blue_lizard_top_hat/instruct_pix2pix/seed_10,,10,/cluster/users/grad/2025/25t8103/project/_baselines/src/FlowEdit/Data/Images/iguana.png,0.03260326385498047,"A large orange lizard sitting on a rock near the ocean. The lizard is positioned in the center of the scene, with the ocean waves visible in the background. The rock is located close to the water, providing a picturesque setting for the lizard''s resting spot.",24.476020869617365,0.059730885965433037,0.7843213091658591,0.7843213091658591,"A large blue lizard sitting on a rock near the ocean. The blue lizard is wearing a top hat. The blue lizard is positioned in the center of the scene, with the ocean waves visible in the background. The rock is located close to the water, providing a picturesque setting for the blue lizard''s resting spot.",fe_142_iguana_2_blue_lizard_top_hat
0.0,0.0,0.0,0.0,0.0,0.0,0.0,0.0,0.0,0.0,31,0.9113138914108276,0.07279317826032639,0.17218542098999023,17.218542098999023,0.7865943908691406,17.400383922795065,0.7271576523780823,0.7271576523780823,0.1897311508655548,0.630282461643219,0.16953177750110626,0.21897558867931366,0.0494438111782074,0.21897558867931366,True,0.21340560913085938,0.06113993749022484,0.0494438111782074,0.15446853637695312,,,0.891515254015277,0.0,0.15446853637695312,0.6053885856814758,0.15943101048469543,0.15943101048469543,12.38807386278534,0.24021288922999862,4.8486714363098145,a lizard wearing a hat,0.16096679866313934,0.186357319355011,0.22632461786270142,0.06535781919956207,0.22632461786270142,"0,53,512,426",0.2616535723209381,0.191134974360466,/cluster/users/grad/2025/25t8103/project/data/flowedit_compatible_118/eval_masks/fe_142_iguana_2_blue_lizard_top_hat_eval_mask.png,fixed_eval_mask,0.0,0.0,0.0,0.0,ledits_pp,ledits_pp,,0.07546471059322357,0.07546471059322357,17.174287971107884,0.1384476541386037,,/cluster/users/grad/2025/25t8103/project/outputs/flowedit118_metric_runs/fe_142_iguana_2_blue_lizard_top_hat/ledits_pp/seed_10/result.png,5.438685894012451,fe_142_iguana_2_blue_lizard_top_hat/ledits_pp/seed_10,,10,/cluster/users/grad/2025/25t8103/project/_baselines/src/FlowEdit/Data/Images/iguana.png,0.0884348675608635,"A large orange lizard sitting on a rock near the ocean. The lizard is positioned in the center of the scene, with the ocean waves visible in the background. The rock is located close to the water, providing a picturesque setting for the lizard''s resting spot.",15.999782495143426,0.1584932880541095,0.7026360834085774,0.7026360834085774,"A large blue lizard sitting on a rock near the ocean. The blue lizard is wearing a top hat. The blue lizard is positioned in the center of the scene, with the ocean waves visible in the background. The rock is located close to the water, providing a picturesque setting for the blue lizard''s resting spot.",fe_142_iguana_2_blue_lizard_top_hat
0.0,0.0,0.0,0.0,0.0,0.0,0.0,0.0,0.0,0.0,31,0.9570008516311646,0.13220320641994476,0.16713719069957733,16.713719069957733,0.33309173583984375,14.7493547834807,0.5556344985961914,0.5556344985961914,0.22769391536712646,0.7449686527252197,0.26175954937934875,0.34782326221466064,0.08606371283531189,0.34782326221466064,True,0.6669082641601562,0.7157139182090759,0.08606371283531189,0.5905990600585938,,,1.639274804499939,0.0,0.5905990600585938,0.008558215240728062,0.16339673101902008,0.16339673101902008,13.537110264746605,0.21044784687064177,14.211943626403809,a lego of a castle,0.2624306380748749,0.24614104628562927,0.346215158700943,0.08378452062606812,0.346215158700943,"0,0,512,508",0.40952977538108826,0.22238729894161224,/cluster/users/grad/2025/25t8103/project/data/flowedit_compatible_118/eval_masks/fe_146_japanese_castle_1_lego_castle_eval_mask.png,fixed_eval_mask,0.0,0.0,0.0,0.0,instruct_pix2pix,instruct_pix2pix,,0.14163537323474884,0.14163537323474884,14.28298997761015,0.19313033824937648,,/cluster/users/grad/2025/25t8103/project/outputs/flowedit118_metric_runs/fe_146_japanese_castle_1_lego_castle/instruct_pix2pix/seed_10/result.png,8.669652938842773,fe_146_japanese_castle_1_lego_castle/instruct_pix2pix/seed_10,,10,/cluster/users/grad/2025/25t8103/project/_baselines/src/FlowEdit/Data/Images/japanese_castle.png,0.15448762476444244,"A large, white, Japanese castle with a distinctive pagoda-style roof. The castle is surrounded by green trees. The castle is situated on a hill, giving it a majestic appearance.",13.827164623863617,0.20353625004497075,0.6237594874039629,0.6237594874039629,"A large, white, Japanese castle made out of lego bricks with a distinctive pagoda-style roof. The lego castle is surrounded by green trees, creating a serene and picturesque scene. The lego castle is situated on a hill, giving it a majestic appearance.",fe_146_japanese_castle_1_lego_castle
0.0,0.0,0.0,0.0,0.0,0.0,0.0,0.0,0.0,0.0,31,0.9668748378753662,0.08657881617546082,0.08986561000347137,8.986561000347137,0.33309173583984375,17.9857527609054,0.5683825016021729,0.5683825016021729,0.024929683655500412,0.630950927734375,0.20257902145385742,0.20329491794109344,0.000715896487236023,0.20329491794109344,True,0.6669082641601562,0.16760940849781036,0.000715896487236023,0.5905990600585938,,,1.3220377990542778,0.0,0.5905990600585938,0.4606192918319102,0.08655491471290588,0.08655491471290588,16.673833324962093,0.14665886976323256,9.170634269714355,a lego of a castle,0.20932713150978088,0.16940397024154663,0.21489788591861725,0.005570754408836365,0.21489788591861725,"0,0,512,508",0.3053443729877472,0.10320670157670975,/cluster/users/grad/2025/25t8103/project/data/flowedit_compatible_118/eval_masks/fe_146_japanese_castle_1_lego_castle_eval_mask.png,fixed_eval_mask,0.0,0.0,0.0,0.0,ledits_pp,ledits_pp,,0.07775263488292694,0.07775263488292694,18.5868803816366,0.11766735220830764,,/cluster/users/grad/2025/25t8103/project/outputs/flowedit118_metric_runs/fe_146_japanese_castle_1_lego_castle/ledits_pp/seed_10/result.png,6.936741352081299,fe_146_japanese_castle_1_lego_castle/ledits_pp/seed_10,,10,/cluster/users/grad/2025/25t8103/project/_baselines/src/FlowEdit/Data/Images/japanese_castle.png,0.08295124769210815,"A large, white, Japanese castle with a distinctive pagoda-style roof. The castle is surrounded by green trees. The castle is situated on a hill, giving it a majestic appearance.",17.358556012726122,0.13554147247849158,0.5864972904800739,0.5864972904800739,"A large, white, Japanese castle made out of lego bricks with a distinctive pagoda-style roof. The lego castle is surrounded by green trees, creating a serene and picturesque scene. The lego castle is situated on a hill, giving it a majestic appearance.",fe_146_japanese_castle_1_lego_castle
0.0,0.0,0.0,0.0,0.0,0.0,0.0,0.0,0.0,0.0,31,0.9933305382728577,0.04170771688222885,0.027011074125766754,2.7011074125766754,0.3536033630371094,22.632615369076134,0.7949748039245605,0.7949748039245605,0.23831717669963837,0.7988196611404419,0.292240709066391,0.34545886516571045,0.05321815609931946,0.34545886516571045,True,0.6463966369628906,0.7908172607421875,0.05321815609931946,0.5553016662597656,,,1.1534525479485536,0.0,0.5553016662597656,0.3229465064677232,0.09746089577674866,0.09746089577674866,15.595049968303147,0.16605329647123196,12.872262954711914,a bronze statue of a woman,0.292240709066391,0.19776229560375214,0.34545886516571045,0.05321815609931946,0.34545886516571045,"0,0,512,512",0.13196665048599243,0.035665810108184814,/cluster/users/grad/2025/25t8103/project/data/flowedit_compatible_118/eval_masks/fe_148_jump_kick_2_bronze_statue_eval_mask.png,fixed_eval_mask,0.0,0.0,0.0,0.0,instruct_pix2pix,instruct_pix2pix,,0.041354890912771225,0.041354890912771225,22.737127627198394,0.07296987774690163,,/cluster/users/grad/2025/25t8103/project/outputs/flowedit118_metric_runs/fe_148_jump_kick_2_bronze_statue/instruct_pix2pix/seed_10/result.png,11.159768104553223,fe_148_jump_kick_2_bronze_statue/instruct_pix2pix/seed_10,,10,/cluster/users/grad/2025/25t8103/project/_baselines/src/FlowEdit/Data/Images/jump_kick.png,0.07251065224409103,"A woman in a white uniform, kicking in the air. She appears to be in the middle of a karate kick, showcasing her skill and agility. The scene takes place outdoors, in a park.",17.52528524857286,0.1329645100375917,0.7438152083722819,0.7438152083722819,"A bronze statue of a woman kicking in the air. It appears to be in the middle of a karate kick, showcasing her skill and agility. The scene takes place outdoors, in a park.",fe_148_jump_kick_2_bronze_statue
0.0,0.0,0.0,0.0,0.0,0.0,0.0,0.0,0.0,0.0,31,0.9145516157150269,0.10703106969594955,0.1236727386713028,12.36727386713028,0.3536033630371094,15.791531519044886,0.6567661166191101,0.6567661166191101,0.2194962352514267,0.6299923062324524,0.15550902485847473,0.23157253861427307,0.07606351375579834,0.23157253861427307,True,0.6463966369628906,0.11986859142780304,0.07606351375579834,0.5553016662597656,,,1.0348076266873243,0.0,0.5553016662597656,0.19513083142702087,0.14187468588352203,0.14187468588352203,13.234091003303954,0.21791917688377885,9.931571960449219,a bronze statue of a woman,0.15550902485847473,0.21882736682891846,0.23157253861427307,0.07606351375579834,0.23157253861427307,"0,0,512,512",0.3532622754573822,0.15284009277820587,/cluster/users/grad/2025/25t8103/project/data/flowedit_compatible_118/eval_masks/fe_148_jump_kick_2_bronze_statue_eval_mask.png,fixed_eval_mask,0.0,0.0,0.0,0.0,ledits_pp,ledits_pp,,0.10727084428071976,0.10727084428071976,15.606001866874779,0.1658440544825739,,/cluster/users/grad/2025/25t8103/project/outputs/flowedit118_metric_runs/fe_148_jump_kick_2_bronze_statue/ledits_pp/seed_10/result.png,9.597505569458008,fe_148_jump_kick_2_bronze_statue/ledits_pp/seed_10,,10,/cluster/users/grad/2025/25t8103/project/_baselines/src/FlowEdit/Data/Images/jump_kick.png,0.12648643553256989,"A woman in a white uniform, kicking in the air. She appears to be in the middle of a karate kick, showcasing her skill and agility. The scene takes place outdoors, in a park.",14.133938597380881,0.1964730875705364,0.6041441767806379,0.6041441767806379,"A bronze statue of a woman kicking in the air. It appears to be in the middle of a karate kick, showcasing her skill and agility. The scene takes place outdoors, in a park.",fe_148_jump_kick_2_bronze_statue
0.0,0.0,0.0,0.0,0.0,0.0,0.0,0.0,0.0,0.0,31,0.9923571944236755,0.04164384305477142,0.027095237746834755,2.7095237746834755,0.3536033630371094,22.730479953118312,0.7956460118293762,0.7956460118293762,0.3002801537513733,0.804145336151123,0.30750882625579834,0.38666874170303345,0.07915991544723511,0.38666874170303345,True,0.6463966369628906,0.7522909641265869,0.07915991544723511,0.5553016662597656,,,1.191350063656431,0.0,0.5553016662597656,0.2658876546517459,0.08112188428640366,0.08112188428640366,16.89940658219767,0.14289915835229133,13.036408424377441,a golden statue sculpture of a woman,0.30750882625579834,0.22605708241462708,0.38666874170303345,0.07915991544723511,0.38666874170303345,"0,0,512,512",0.14339998364448547,0.03585422411561012,/cluster/users/grad/2025/25t8103/project/data/flowedit_compatible_118/eval_masks/fe_149_jump_kick_3_golden_statue_eval_mask.png,fixed_eval_mask,0.0,0.0,0.0,0.0,instruct_pix2pix,instruct_pix2pix,,0.04124055802822113,0.04124055802822113,22.840591189070004,0.07210584000016008,,/cluster/users/grad/2025/25t8103/project/outputs/flowedit118_metric_runs/fe_149_jump_kick_3_golden_statue/instruct_pix2pix/seed_10/result.png,10.942550659179688,fe_149_jump_kick_3_golden_statue/instruct_pix2pix/seed_10,,10,/cluster/users/grad/2025/25t8103/project/_baselines/src/FlowEdit/Data/Images/jump_kick.png,0.0633867159485817,"A woman in a white uniform, kicking in the air. She appears to be in the middle of a karate kick, showcasing her skill and agility. The scene takes place outdoors, in a park.",18.648211527339292,0.11683942839324941,0.751025126881739,0.751025126881739,"A golden sculpture of a woman kicking in the air. It appears to be in the middle of a karate kick, showcasing her skill and agility. The scene takes place outdoors, in a park.",fe_149_jump_kick_3_golden_statue
0.0,0.0,0.0,0.0,0.0,0.0,0.0,0.0,0.0,0.0,31,0.8699947595596313,0.10024808347225189,0.1297316998243332,12.973169982433319,0.3536033630371094,16.601481042302133,0.6627116799354553,0.6627116799354553,0.29211241006851196,0.6248477101325989,0.14164835214614868,0.262738436460495,0.12109008431434631,0.262738436460495,True,0.6463966369628906,0.17132119834423065,0.12109008431434631,0.5553016662597656,,,1.3005630968524466,0.0,0.5553016662597656,0.022518530731130942,0.13797353208065033,0.13797353208065033,13.354776678264308,0.21491224757561153,11.698352813720703,a golden statue sculpture of a woman,0.14164835214614868,0.2561596632003784,0.262738436460495,0.12109008431434631,0.262738436460495,"0,0,512,512",0.3906797170639038,0.16246332228183746,/cluster/users/grad/2025/25t8103/project/data/flowedit_compatible_118/eval_masks/fe_149_jump_kick_3_golden_statue_eval_mask.png,fixed_eval_mask,0.0,0.0,0.0,0.0,ledits_pp,ledits_pp,,0.09840059280395508,0.09840059280395508,16.71122992841393,0.14602879569433863,,/cluster/users/grad/2025/25t8103/project/outputs/flowedit118_metric_runs/fe_149_jump_kick_3_golden_statue/ledits_pp/seed_10/result.png,8.994836807250977,fe_149_jump_kick_3_golden_statue/ledits_pp/seed_10,,10,/cluster/users/grad/2025/25t8103/project/_baselines/src/FlowEdit/Data/Images/jump_kick.png,0.12037552148103714,"A woman in a white uniform, kicking in the air. She appears to be in the middle of a karate kick, showcasing her skill and agility. The scene takes place outdoors, in a park.",14.543119288994497,0.18743212782757177,0.6003926489876703,0.6003926489876703,"A golden sculpture of a woman kicking in the air. It appears to be in the middle of a karate kick, showcasing her skill and agility. The scene takes place outdoors, in a park.",fe_149_jump_kick_3_golden_statue
0.0,0.0,0.0,0.0,0.0,0.0,0.0,0.0,0.0,0.0,31,0.982572078704834,0.04603761062026024,0.03183458745479584,3.1834587454795837,0.3536033630371094,22.276891975283164,0.7902582287788391,0.7902582287788391,0.2872350513935089,0.8535265922546387,0.30675891041755676,0.3604520559310913,0.053693145513534546,0.3604520559310913,True,0.6463966369628906,0.7644670009613037,0.053693145513534546,0.5553016662597656,,,1.0594608330349922,0.0,0.5553016662597656,0.4101628780853066,0.0668342262506485,0.0668342262506485,18.610640305473243,0.1173459174366186,12.107319831848145,a marble statue of a woman,0.30675891041755676,0.21804174780845642,0.3604520559310913,0.053693145513534546,0.3604520559310913,"0,0,512,512",0.12910480797290802,0.04322264716029167,/cluster/users/grad/2025/25t8103/project/data/flowedit_compatible_118/eval_masks/fe_150_jump_kick_4_marble_statue_eval_mask.png,fixed_eval_mask,0.0,0.0,0.0,0.0,instruct_pix2pix,instruct_pix2pix,,0.0466320738196373,0.0466320738196373,22.15544239662531,0.07802394052658271,,/cluster/users/grad/2025/25t8103/project/outputs/flowedit118_metric_runs/fe_150_jump_kick_4_marble_statue/instruct_pix2pix/seed_10/result.png,11.427812576293945,fe_150_jump_kick_4_marble_statue/instruct_pix2pix/seed_10,,10,/cluster/users/grad/2025/25t8103/project/_baselines/src/FlowEdit/Data/Images/jump_kick.png,0.05785034969449043,"A woman in a white uniform, kicking in the air. She appears to be in the middle of a karate kick, showcasing her skill and agility. The scene takes place outdoors, in a park.",19.849025760485034,0.10175334898664898,0.7567681515853579,0.7567681515853579,"A marble statue of a woman kicking in the air. It appears to be in the middle of a karate kick, showcasing her skill and agility. The scene takes place outdoors, in a park.",fe_150_jump_kick_4_marble_statue
0.0,0.0,0.0,0.0,0.0,0.0,0.0,0.0,0.0,0.0,31,0.9165713787078857,0.10090118646621704,0.11570530384778976,11.570530384778976,0.3536033630371094,16.34208601113887,0.6568091511726379,0.6568091511726379,0.19991984963417053,0.6083756685256958,0.1425192952156067,0.20808424055576324,0.06556494534015656,0.20808424055576324,True,0.6463966369628906,0.12783460319042206,0.06556494534015656,0.5553016662597656,,,1.0439321658205363,0.0,0.5553016662597656,0.22153068304377993,0.13148723542690277,0.13148723542690277,13.757059796277787,0.20518566218554432,10.41658878326416,a marble statue of a woman,0.1425192952156067,0.20658838748931885,0.20808424055576324,0.06556494534015656,0.20808424055576324,"0,0,512,512",0.3521404564380646,0.14689750969409943,/cluster/users/grad/2025/25t8103/project/data/flowedit_compatible_118/eval_masks/fe_150_jump_kick_4_marble_statue_eval_mask.png,fixed_eval_mask,0.0,0.0,0.0,0.0,ledits_pp,ledits_pp,,0.1010102927684784,0.1010102927684784,16.22931287715396,0.15435985293962612,,/cluster/users/grad/2025/25t8103/project/outputs/flowedit118_metric_runs/fe_150_jump_kick_4_marble_statue/ledits_pp/seed_10/result.png,9.97822380065918,fe_150_jump_kick_4_marble_statue/ledits_pp/seed_10,,10,/cluster/users/grad/2025/25t8103/project/_baselines/src/FlowEdit/Data/Images/jump_kick.png,0.1179342046380043,"A woman in a white uniform, kicking in the air. She appears to be in the middle of a karate kick, showcasing her skill and agility. The scene takes place outdoors, in a park.",14.68844992643051,0.18432213987273194,0.6045546962048334,0.6045546962048334,"A marble statue of a woman kicking in the air. It appears to be in the middle of a karate kick, showcasing her skill and agility. The scene takes place outdoors, in a park.",fe_150_jump_kick_4_marble_statue
0.0,0.0,0.0,0.0,0.0,0.0,0.0,0.0,0.0,0.0,31,0.9865422248840332,0.01929803565144539,0.012468025088310242,1.2468025088310242,0.4199981689453125,32.61939496756694,0.9867679476737976,0.9867679476737976,0.13984069228172302,0.656733512878418,0.24126344919204712,0.3068254292011261,0.06556198000907898,0.3068254292011261,True,0.5800018310546875,0.6158181428909302,0.06556198000907898,0.5203590393066406,,,7.2604350691257435,0.0,0.5203590393066406,0.5042629152035423,0.07407268136739731,0.07407268136739731,17.30303429626261,0.13641065214641612,8.131211280822754,a bronze statue of a man,0.24126344919204712,0.2302030473947525,0.3068254292011261,0.06556198000907898,0.3068254292011261,"0,0,512,512",0.10043500363826752,0.012327711097896099,/cluster/users/grad/2025/25t8103/project/data/flowedit_compatible_118/eval_masks/fe_152_jump_yay_2_bronze_statue_eval_mask.png,fixed_eval_mask,0.0,0.0,0.0,0.0,instruct_pix2pix,instruct_pix2pix,,0.018970098346471786,0.018970098346471786,32.720496456631196,0.023119326440003685,,/cluster/users/grad/2025/25t8103/project/outputs/flowedit118_metric_runs/fe_152_jump_yay_2_bronze_statue/instruct_pix2pix/seed_10/result.png,1.1199344396591187,fe_152_jump_yay_2_bronze_statue/instruct_pix2pix/seed_10,,10,/cluster/users/grad/2025/25t8103/project/_baselines/src/FlowEdit/Data/Images/jump_yay.png,0.04764321818947792,"A man wearing a white shirt and black shorts, jumping in the air with his left arm raised. He appears to be enjoying the moment and is smiling. The background consists of a cloudy sky, which adds to the overall atmosphere of the scene.",20.026510826396205,0.09969524814575835,0.8821927027490876,0.8821927027490876,"A bronze statue of a man jumping in the air with his left arm raised. He appears to be enjoying the moment and is smiling. The background consists of a cloudy sky, which adds to the overall atmosphere of the scene.",fe_152_jump_yay_2_bronze_statue
0.0,0.0,0.0,0.0,0.0,0.0,0.0,0.0,0.0,0.0,31,0.96746826171875,0.038652047514915466,0.07846736907958984,7.846736907958984,0.4199981689453125,26.282344376149986,0.9708660244941711,0.9708660244941711,0.20694266259670258,0.7078804969787598,0.20165830850601196,0.29449179768562317,0.0928334891796112,0.29449179768562317,True,0.5800018310546875,0.2585914134979248,0.0928334891796112,0.5203590393066406,,,8.88376686387424,0.0,0.5203590393066406,0.007484843375437105,0.16160020232200623,0.16160020232200623,12.312537398314694,0.24231100009909556,6.954747676849365,a bronze statue of a man,0.20165830850601196,0.2540134787559509,0.29449179768562317,0.0928334891796112,0.29449179768562317,"0,0,512,512",0.31249988079071045,0.07923561334609985,/cluster/users/grad/2025/25t8103/project/data/flowedit_compatible_118/eval_masks/fe_152_jump_yay_2_bronze_statue_eval_mask.png,fixed_eval_mask,0.0,0.0,0.0,0.0,ledits_pp,ledits_pp,,0.03849127143621445,0.03849127143621445,26.339729045644013,0.04819628321117931,,/cluster/users/grad/2025/25t8103/project/outputs/flowedit118_metric_runs/fe_152_jump_yay_2_bronze_statue/ledits_pp/seed_10/result.png,0.7828602194786072,fe_152_jump_yay_2_bronze_statue/ledits_pp/seed_10,,10,/cluster/users/grad/2025/25t8103/project/_baselines/src/FlowEdit/Data/Images/jump_yay.png,0.10255210846662521,"A man wearing a white shirt and black shorts, jumping in the air with his left arm raised. He appears to be enjoying the moment and is smiling. The background consists of a cloudy sky, which adds to the overall atmosphere of the scene.",14.993954068942962,0.17795176363856444,0.7758062265649747,0.7758062265649747,"A bronze statue of a man jumping in the air with his left arm raised. He appears to be enjoying the moment and is smiling. The background consists of a cloudy sky, which adds to the overall atmosphere of the scene.",fe_152_jump_yay_2_bronze_statue
0.0,0.0,0.0,0.0,0.0,0.0,0.0,0.0,0.0,0.0,31,0.9916485548019409,0.016403527930378914,0.012994642369449139,1.2994642369449139,0.4199981689453125,34.84664992145815,0.9881486892700195,0.9881486892700195,-0.0017375270836055279,0.894547700881958,0.24278667569160461,0.22657352685928345,-0.016213148832321167,0.22657352685928345,True,0.5800018310546875,0.9254329204559326,-0.016213148832321167,0.5203590393066406,,,7.881614128278329,0.0,0.5203590393066406,0.19210609270649298,0.0461597703397274,0.0461597703397274,21.127554933559836,0.08782582808465095,8.384810447692871,a golden statue sculpture of a man,0.24278667569160461,0.1277899444103241,0.22657352685928345,-0.016213148832321167,0.22657352685928345,"0,0,512,512",0.07322431355714798,0.012511143460869789,/cluster/users/grad/2025/25t8103/project/data/flowedit_compatible_118/eval_masks/fe_153_jump_yay_3_golden_statue_eval_mask.png,fixed_eval_mask,0.0,0.0,0.0,0.0,instruct_pix2pix,instruct_pix2pix,,0.016328593716025352,0.016328593716025352,34.89725040350344,0.017994404540398176,,/cluster/users/grad/2025/25t8103/project/outputs/flowedit118_metric_runs/fe_153_jump_yay_3_golden_statue/instruct_pix2pix/seed_10/result.png,1.0638443231582642,fe_153_jump_yay_3_golden_statue/instruct_pix2pix/seed_10,,10,/cluster/users/grad/2025/25t8103/project/_baselines/src/FlowEdit/Data/Images/jump_yay.png,0.03185151889920235,"A man wearing a white shirt and black shorts, jumping in the air with his left arm raised. He appears to be enjoying the moment and is smiling. The background consists of a cloudy sky, which adds to the overall atmosphere of the scene.",23.799646281735765,0.06456805227538899,0.9296454180808149,0.9296454180808149,"A golden sculpture of a man jumping in the air with his left arm raised. He appears to be enjoying the moment and is smiling. The background consists of a cloudy sky, which adds to the overall atmosphere of the scene.",fe_153_jump_yay_3_golden_statue
0.0,0.0,0.0,0.0,0.0,0.0,0.0,0.0,0.0,0.0,31,0.9663291573524475,0.03869127482175827,0.08220894634723663,8.220894634723663,0.4199981689453125,26.11855857716914,0.9698262810707092,0.9698262810707092,0.1874723583459854,0.6270836591720581,0.19097121059894562,0.2966914176940918,0.10572020709514618,0.2966914176940918,True,0.5800018310546875,0.16513866186141968,0.10572020709514618,0.5203590393066406,,,9.110364174146447,0.0,0.5203590393066406,0.0025364895278170794,0.17018404603004456,0.17018404603004456,12.113139282883068,0.24793796701582016,7.026494979858398,a golden statue sculpture of a man,0.19097121059894562,0.2450798600912094,0.2966914176940918,0.10572020709514618,0.2966914176940918,"0,0,512,512",0.36421191692352295,0.08319777995347977,/cluster/users/grad/2025/25t8103/project/data/flowedit_compatible_118/eval_masks/fe_153_jump_yay_3_golden_statue_eval_mask.png,fixed_eval_mask,0.0,0.0,0.0,0.0,ledits_pp,ledits_pp,,0.038592804223299026,0.038592804223299026,26.15858919252153,0.049211946179889283,,/cluster/users/grad/2025/25t8103/project/outputs/flowedit118_metric_runs/fe_153_jump_yay_3_golden_statue/ledits_pp/seed_10/result.png,0.7712638974189758,fe_153_jump_yay_3_golden_statue/ledits_pp/seed_10,,10,/cluster/users/grad/2025/25t8103/project/_baselines/src/FlowEdit/Data/Images/jump_yay.png,0.1070675328373909,"A man wearing a white shirt and black shorts, jumping in the air with his left arm raised. He appears to be enjoying the moment and is smiling. The background consists of a cloudy sky, which adds to the overall atmosphere of the scene.",14.795197062579533,0.18207073561089915,0.7703460297773661,0.7703460297773661,"A golden sculpture of a man jumping in the air with his left arm raised. He appears to be enjoying the moment and is smiling. The background consists of a cloudy sky, which adds to the overall atmosphere of the scene.",fe_153_jump_yay_3_golden_statue
0.0,0.0,0.0,0.0,0.0,0.0,0.0,0.0,0.0,0.0,31,0.9229093790054321,0.1672339141368866,0.1581418812274933,15.814188122749329,0.7075691223144531,14.008809734410042,0.6792340278625488,0.6792340278625488,0.3444860577583313,0.7864372730255127,0.26151663064956665,0.3461758494377136,0.08465921878814697,0.3461758494377136,True,0.2924308776855469,0.7576548457145691,0.08465921878814697,0.22605514526367188,,,1.2246596674730204,0.0,0.22605514526367188,0.056953374171012,0.14326032996177673,0.14326032996177673,14.730136378358587,0.18343963647797237,13.030332565307617,a sculpture of a boy,0.27870598435401917,0.2715727388858795,0.3599799573421478,0.08127397298812866,0.3599799573421478,"34,0,463,512",0.21466559171676636,0.1615014523267746,/cluster/users/grad/2025/25t8103/project/data/flowedit_compatible_118/eval_masks/fe_157_kid_running_3_sculpture_eval_mask.png,fixed_eval_mask,0.0,0.0,0.0,0.0,instruct_pix2pix,instruct_pix2pix,,0.16462667286396027,0.16462667286396027,14.11589696749829,0.19688160976031793,,/cluster/users/grad/2025/25t8103/project/outputs/flowedit118_metric_runs/fe_157_kid_running_3_sculpture/instruct_pix2pix/seed_10/result.png,10.639962196350098,fe_157_kid_running_3_sculpture/instruct_pix2pix/seed_10,,10,/cluster/users/grad/2025/25t8103/project/_baselines/src/FlowEdit/Data/Images/kid_running.png,0.15979664027690887,"A young boy running through a grassy field. He appears to be enjoying his time outdoors. The field is surrounded by trees, providing a natural and serene environment.",14.247347168736473,0.193924482673372,0.6557702494609456,0.6557702494609456,"A sculpture of a young boy running through a grassy field. He appears to be enjoying his time outdoors. The field is surrounded by trees, providing a natural and serene environment.",fe_157_kid_running_3_sculpture
0.0,0.0,0.0,0.0,0.0,0.0,0.0,0.0,0.0,0.0,31,0.9407936334609985,0.07701366394758224,0.22596503794193268,22.596503794193268,0.7075691223144531,19.388948217439697,0.7446677088737488,0.7446677088737488,0.3103339672088623,0.6679655909538269,0.21166060864925385,0.31106966733932495,0.0994090586900711,0.31106966733932495,True,0.2924308776855469,0.5486763715744019,0.0994090586900711,0.22605514526367188,,,1.2114708650815036,0.0,0.22605514526367188,0.0012487554633051519,0.1689731627702713,0.1689731627702713,11.66221985367545,0.2611493849363831,6.569187641143799,a sculpture of a boy,0.20865942537784576,0.29902327060699463,0.3115030825138092,0.10284365713596344,0.3115030825138092,"34,0,463,512",0.34089788794517517,0.24394673109054565,/cluster/users/grad/2025/25t8103/project/data/flowedit_compatible_118/eval_masks/fe_157_kid_running_3_sculpture_eval_mask.png,fixed_eval_mask,0.0,0.0,0.0,0.0,ledits_pp,ledits_pp,,0.08029685914516449,0.08029685914516449,18.525101922866835,0.1185072455150262,,/cluster/users/grad/2025/25t8103/project/outputs/flowedit118_metric_runs/fe_157_kid_running_3_sculpture/ledits_pp/seed_10/result.png,5.422489166259766,fe_157_kid_running_3_sculpture/ledits_pp/seed_10,,10,/cluster/users/grad/2025/25t8103/project/_baselines/src/FlowEdit/Data/Images/kid_running.png,0.10034260153770447,"A young boy running through a grassy field. He appears to be enjoying his time outdoors. The field is surrounded by trees, providing a natural and serene environment.",15.80275674709286,0.16212954453155531,0.6792667671482507,0.6792667671482507,"A sculpture of a young boy running through a grassy field. He appears to be enjoying his time outdoors. The field is surrounded by trees, providing a natural and serene environment.",fe_157_kid_running_3_sculpture
0.0,0.0,0.0,0.0,0.0,0.0,0.0,0.0,0.0,0.0,31,0.976833701133728,0.07669103145599365,0.08776037395000458,8.776037395000458,0.7075691223144531,20.01253078730397,0.7772104144096375,0.7772104144096375,0.3387048840522766,0.7400180101394653,0.24654993414878845,0.36328810453414917,0.11673817038536072,0.36328810453414917,True,0.2924308776855469,0.6456839442253113,0.11673817038536072,0.22605514526367188,,,1.298766271543508,0.0,0.22605514526367188,0.04500582190047082,0.09081471711397171,0.09081471711397171,18.04873870201105,0.1251881048356451,11.858641624450684,a wooden sculpture of a boy,0.26058778166770935,0.31735944747924805,0.38041913509368896,0.11983135342597961,0.38041913509368896,"34,0,463,512",0.14742916822433472,0.09322512149810791,/cluster/users/grad/2025/25t8103/project/data/flowedit_compatible_118/eval_masks/fe_158_kid_running_4_wooden_sculpture_eval_mask.png,fixed_eval_mask,0.0,0.0,0.0,0.0,instruct_pix2pix,instruct_pix2pix,,0.07536441087722778,0.07536441087722778,20.12062032781413,0.09862090501575706,,/cluster/users/grad/2025/25t8103/project/outputs/flowedit118_metric_runs/fe_158_kid_running_4_wooden_sculpture/instruct_pix2pix/seed_10/result.png,9.130697250366211,fe_158_kid_running_4_wooden_sculpture/instruct_pix2pix/seed_10,,10,/cluster/users/grad/2025/25t8103/project/_baselines/src/FlowEdit/Data/Images/kid_running.png,0.07885704189538956,"A young boy running through a grassy field. He appears to be enjoying his time outdoors. The field is surrounded by trees, providing a natural and serene environment.",19.558444137521583,0.10521503236738498,0.7456487397552761,0.7456487397552761,"A wooden sculpture of a young boy running through a grassy field. He appears to be enjoying his time outdoors. The field is surrounded by trees, providing a natural and serene environment.",fe_158_kid_running_4_wooden_sculpture
0.0,0.0,0.0,0.0,0.0,0.0,0.0,0.0,0.0,0.0,31,0.9255037307739258,0.07665397971868515,0.23074086010456085,23.074086010456085,0.7075691223144531,19.61672468793369,0.7444154024124146,0.7444154024124146,0.31513988971710205,0.7140815258026123,0.18409273028373718,0.29427722096443176,0.11018449068069458,0.29427722096443176,True,0.2924308776855469,0.40729838609695435,0.11018449068069458,0.22605514526367188,,,1.442190643470529,0.0,0.22605514526367188,3.3750147656896e-05,0.1646828055381775,0.1646828055381775,11.904025344277251,0.25397954029749076,7.3782854080200195,a wooden sculpture of a boy,0.16294047236442566,0.2819198966026306,0.28297334909439087,0.12003287672996521,0.28297334909439087,"34,0,463,512",0.3454776108264923,0.25029367208480835,/cluster/users/grad/2025/25t8103/project/data/flowedit_compatible_118/eval_masks/fe_158_kid_running_4_wooden_sculpture_eval_mask.png,fixed_eval_mask,0.0,0.0,0.0,0.0,ledits_pp,ledits_pp,,0.08007043600082397,0.08007043600082397,18.825125033304854,0.11448372409063338,,/cluster/users/grad/2025/25t8103/project/outputs/flowedit118_metric_runs/fe_158_kid_running_4_wooden_sculpture/ledits_pp/seed_10/result.png,5.116026401519775,fe_158_kid_running_4_wooden_sculpture/ledits_pp/seed_10,,10,/cluster/users/grad/2025/25t8103/project/_baselines/src/FlowEdit/Data/Images/kid_running.png,0.09919750690460205,"A young boy running through a grassy field. He appears to be enjoying his time outdoors. The field is surrounded by trees, providing a natural and serene environment.",16.068540907248455,0.15724359147631564,0.6814037088310488,0.6814037088310488,"A wooden sculpture of a young boy running through a grassy field. He appears to be enjoying his time outdoors. The field is surrounded by trees, providing a natural and serene environment.",fe_158_kid_running_4_wooden_sculpture
0.0,0.0,0.0,0.0,0.0,0.0,0.0,0.0,0.0,0.0,31,0.950517475605011,0.0398896299302578,0.05534348636865616,5.534348636865616,0.73309326171875,24.577265436950498,0.8033872842788696,0.8033872842788696,0.041997164487838745,0.9501911997795105,0.31149858236312866,0.2103765457868576,-0.10112203657627106,0.2103765457868576,True,0.26690673828125,0.9653933644294739,-0.10112203657627106,0.20865631103515625,,,1.9080109338075302,0.0,0.20865631103515625,0.2971955098906724,0.05408439412713051,0.05408439412713051,21.001175115088508,0.0891130368839673,12.629730224609375,a sol on the sign,0.33932164311408997,0.15291094779968262,0.20736415684223175,-0.13195748627185822,0.20736415684223175,"63,0,512,341",0.07027024775743484,0.05635533481836319,/cluster/users/grad/2025/25t8103/project/data/flowedit_compatible_118/eval_masks/fe_164_luna_1_sol_eval_mask.png,fixed_eval_mask,0.0,0.0,0.0,0.0,instruct_pix2pix,instruct_pix2pix,,0.04029427468776703,0.04029427468776703,24.58469201676531,0.05898823464946701,,/cluster/users/grad/2025/25t8103/project/outputs/flowedit118_metric_runs/fe_164_luna_1_sol/instruct_pix2pix/seed_10/result.png,6.619317531585693,fe_164_luna_1_sol/instruct_pix2pix/seed_10,,10,/cluster/users/grad/2025/25t8103/project/_baselines/src/FlowEdit/Data/Images/luna.png,0.04317166283726692,"A neon sign for a restaurant called Luna, which is located on a street corner. The sign is illuminated with red and orange colors.",23.555085800880548,0.06641187012956384,0.807039544766561,0.807039544766561,"A neon sign for a restaurant called Sol, which is located on a street corner. The sign is illuminated with red and orange colors.",fe_164_luna_1_sol
0.0,0.0,0.0,0.0,0.0,0.0,0.0,0.0,0.0,0.0,31,0.7591390609741211,0.08318538963794708,0.2779751121997833,27.797511219978333,0.73309326171875,18.506333738088085,0.7036499381065369,0.7036499381065369,0.2298351228237152,0.7102831602096558,0.20050951838493347,0.185053288936615,-0.015456229448318481,0.185053288936615,True,0.26690673828125,0.6770731806755066,-0.015456229448318481,0.20865631103515625,,,1.54848481438324,0.0,0.20865631103515625,0.30946286884346774,0.14900055527687073,0.14900055527687073,14.023846551774831,0.1989791963200678,6.495662212371826,a sol on the sign,0.21619026362895966,0.16865743696689606,0.20692330598831177,-0.009266957640647888,0.20692330598831177,"63,0,512,341",0.3581467866897583,0.2855728268623352,/cluster/users/grad/2025/25t8103/project/data/flowedit_compatible_118/eval_masks/fe_164_luna_1_sol_eval_mask.png,fixed_eval_mask,0.0,0.0,0.0,0.0,ledits_pp,ledits_pp,,0.08666233718395233,0.08666233718395233,18.153193791196564,0.12369162936712297,,/cluster/users/grad/2025/25t8103/project/outputs/flowedit118_metric_runs/fe_164_luna_1_sol/ledits_pp/seed_10/result.png,4.194850444793701,fe_164_luna_1_sol/ledits_pp/seed_10,,10,/cluster/users/grad/2025/25t8103/project/_baselines/src/FlowEdit/Data/Images/luna.png,0.09966960549354553,"A neon sign for a restaurant called Luna, which is located on a street corner. The sign is illuminated with red and orange colors.",16.91040284263607,0.14271836373193572,0.6621806269559866,0.6621806269559866,"A neon sign for a restaurant called Sol, which is located on a street corner. The sign is illuminated with red and orange colors.",fe_164_luna_1_sol
0.0,0.0,0.0,0.0,0.0,0.0,0.0,0.0,0.0,0.0,31,0.9504070281982422,0.030224058777093887,0.04391183704137802,4.391183704137802,0.73309326171875,26.15354131705947,0.8114171028137207,0.8114171028137207,0.14095333218574524,0.9441041946411133,0.3055760860443115,0.22002995014190674,-0.08554613590240479,0.22002995014190674,True,0.26690673828125,0.9595944881439209,-0.08554613590240479,0.20865631103515625,,,1.7737257506105875,0.0,0.20865631103515625,0.3390983216936634,0.04457810893654823,0.04457810893654823,22.127458256441784,0.07827572290530047,10.862988471984863,a cvpr on the sign,0.314558207988739,0.1644347608089447,0.2314213514328003,-0.08313685655593872,0.2314213514328003,"63,0,512,341",0.05711645632982254,0.04502158239483833,/cluster/users/grad/2025/25t8103/project/data/flowedit_compatible_118/eval_masks/fe_165_luna_2_cvpr_eval_mask.png,fixed_eval_mask,0.0,0.0,0.0,0.0,instruct_pix2pix,instruct_pix2pix,,0.030413875356316566,0.030413875356316566,26.21253568580967,0.04890724685752921,,/cluster/users/grad/2025/25t8103/project/outputs/flowedit118_metric_runs/fe_165_luna_2_cvpr/instruct_pix2pix/seed_10/result.png,6.124390125274658,fe_165_luna_2_cvpr/instruct_pix2pix/seed_10,,10,/cluster/users/grad/2025/25t8103/project/_baselines/src/FlowEdit/Data/Images/luna.png,0.03336932510137558,"A neon sign for a restaurant called Luna, which is located on a street corner. The sign is illuminated with red and orange colors.",24.98764610616407,0.056314170927058343,0.8183617124169134,0.8183617124169134,"A neon sign for a restaurant called CVPR, which is located on a street corner. The sign is illuminated with red and orange colors.",fe_165_luna_2_cvpr
0.0,0.0,0.0,0.0,0.0,0.0,0.0,0.0,0.0,0.0,31,0.8468142747879028,0.07786265015602112,0.2387819141149521,23.87819141149521,0.73309326171875,19.2555420321276,0.7228308320045471,0.7228308320045471,0.24534454941749573,0.680550217628479,0.192752867937088,0.20255962014198303,0.00980675220489502,0.20255962014198303,True,0.26690673828125,0.7491468787193298,0.00980675220489502,0.20865631103515625,,,1.346488201276434,0.0,0.20865631103515625,0.6269699074920473,0.14832979440689087,0.14832979440689087,14.381907340191233,0.19094339186822823,6.000876426696777,a cvpr on the sign,0.20246262848377228,0.1935163140296936,0.23878929018974304,0.036326661705970764,0.23878929018974304,"63,0,512,341",0.29614022374153137,0.2430352121591568,/cluster/users/grad/2025/25t8103/project/data/flowedit_compatible_118/eval_masks/fe_165_luna_2_cvpr_eval_mask.png,fixed_eval_mask,0.0,0.0,0.0,0.0,ledits_pp,ledits_pp,,0.0816662609577179,0.0816662609577179,18.836838325540658,0.11432944196255604,,/cluster/users/grad/2025/25t8103/project/outputs/flowedit118_metric_runs/fe_165_luna_2_cvpr/ledits_pp/seed_10/result.png,4.456686973571777,fe_165_luna_2_cvpr/ledits_pp/seed_10,,10,/cluster/users/grad/2025/25t8103/project/_baselines/src/FlowEdit/Data/Images/luna.png,0.09557601809501648,"A neon sign for a restaurant called Luna, which is located on a street corner. The sign is illuminated with red and orange colors.",17.459039961206056,0.13398247681321343,0.6852231801207784,0.6852231801207784,"A neon sign for a restaurant called CVPR, which is located on a street corner. The sign is illuminated with red and orange colors.",fe_165_luna_2_cvpr
0.0,0.0,0.0,0.0,0.0,0.0,0.0,0.0,0.0,0.0,31,0.9245976209640503,0.05145592242479324,0.0994875356554985,9.94875356554985,0.73309326171875,22.72089148141234,0.8373571038246155,0.8373571038246155,0.3240734934806824,0.8393919467926025,0.20680534839630127,0.22333425283432007,0.0165289044380188,0.22333425283432007,True,0.26690673828125,0.8968632221221924,0.0165289044380188,0.20865631103515625,,,2.3019475983277182,0.0,0.20865631103515625,0.2535741709020439,0.08227945119142532,0.08227945119142532,17.559573499538878,0.1324406565510107,11.847415924072266,a iccv on the sign,0.1810835897922516,0.18062803149223328,0.19509777426719666,0.014014184474945068,0.19509777426719666,"63,0,512,341",0.12140511721372604,0.09872275590896606,/cluster/users/grad/2025/25t8103/project/data/flowedit_compatible_118/eval_masks/fe_166_luna_3_iccv_eval_mask.png,fixed_eval_mask,0.0,0.0,0.0,0.0,instruct_pix2pix,instruct_pix2pix,,0.053250886499881744,0.053250886499881744,22.543118859586173,0.07461807776918421,,/cluster/users/grad/2025/25t8103/project/outputs/flowedit118_metric_runs/fe_166_luna_3_iccv/instruct_pix2pix/seed_10/result.png,5.146692276000977,fe_166_luna_3_iccv/instruct_pix2pix/seed_10,,10,/cluster/users/grad/2025/25t8103/project/_baselines/src/FlowEdit/Data/Images/luna.png,0.05930785462260246,"A neon sign for a restaurant called Luna, which is located on a street corner. The sign is illuminated with red and orange colors.",20.933402053956858,0.08981107553010764,0.8180043174754572,0.8180043174754572,"A neon sign for a restaurant called ICCV, which is located on a street corner. The sign is illuminated with red and orange colors.",fe_166_luna_3_iccv
0.0,0.0,0.0,0.0,0.0,0.0,0.0,0.0,0.0,0.0,31,0.7467330098152161,0.08256892114877701,0.2725313603878021,27.253136038780212,0.73309326171875,18.793780278785682,0.7050033807754517,0.7050033807754517,0.21132969856262207,0.6648344993591309,0.20345202088356018,0.20748212933540344,0.004030108451843262,0.20748212933540344,True,0.26690673828125,0.6476985216140747,0.004030108451843262,0.20865631103515625,,,1.1504941044073718,0.0,0.20865631103515625,0.5948663570880105,0.15622593462467194,0.15622593462467194,13.848249594605267,0.20304276562385568,4.239136219024658,a iccv on the sign,0.19164982438087463,0.19048303365707397,0.2067399024963379,0.015090078115463257,0.2067399024963379,"63,0,512,341",0.3727529048919678,0.2813928425312042,/cluster/users/grad/2025/25t8103/project/data/flowedit_compatible_118/eval_masks/fe_166_luna_3_iccv_eval_mask.png,fixed_eval_mask,0.0,0.0,0.0,0.0,ledits_pp,ledits_pp,,0.08680503815412521,0.08680503815412521,18.382240237408485,0.12047251813588788,,/cluster/users/grad/2025/25t8103/project/outputs/flowedit118_metric_runs/fe_166_luna_3_iccv/ledits_pp/seed_10/result.png,3.684622287750244,fe_166_luna_3_iccv/ledits_pp/seed_10,,10,/cluster/users/grad/2025/25t8103/project/_baselines/src/FlowEdit/Data/Images/luna.png,0.10129014402627945,"A neon sign for a restaurant called Luna, which is located on a street corner. The sign is illuminated with red and orange colors.",16.970760208653314,0.14173006606635524,0.6499660940658145,0.6499660940658145,"A neon sign for a restaurant called ICCV, which is located on a street corner. The sign is illuminated with red and orange colors.",fe_166_luna_3_iccv
0.0,0.0,0.0,0.0,0.0,0.0,0.0,0.0,0.0,0.0,31,0.94935142993927,0.031157968565821648,0.04700884595513344,4.700884595513344,0.73309326171875,26.128327380434932,0.8161471486091614,0.8161471486091614,0.09273119270801544,0.9541638493537903,0.3104413151741028,0.21753740310668945,-0.09290391206741333,0.21753740310668945,True,0.26690673828125,0.958672285079956,-0.09290391206741333,0.20865631103515625,,,1.9677830574008293,0.0,0.20865631103515625,0.30140041683425356,0.05409401282668114,0.05409401282668114,21.236127684659483,0.08673484680773837,12.176613807678223,a eccv on the sign,0.3352789282798767,0.1856648176908493,0.21767748892307281,-0.1176014393568039,0.21767748892307281,"63,0,512,341",0.06492167711257935,0.048207011073827744,/cluster/users/grad/2025/25t8103/project/data/flowedit_compatible_118/eval_masks/fe_167_luna_4_eccv_eval_mask.png,fixed_eval_mask,0.0,0.0,0.0,0.0,instruct_pix2pix,instruct_pix2pix,,0.03162923827767372,0.03162923827767372,26.142120253985844,0.04930534333131529,,/cluster/users/grad/2025/25t8103/project/outputs/flowedit118_metric_runs/fe_167_luna_4_eccv/instruct_pix2pix/seed_10/result.png,6.187985897064209,fe_167_luna_4_eccv/instruct_pix2pix/seed_10,,10,/cluster/users/grad/2025/25t8103/project/_baselines/src/FlowEdit/Data/Images/luna.png,0.03631666675209999,"A neon sign for a restaurant called Luna, which is located on a street corner. The sign is illuminated with red and orange colors.",24.56742009325883,0.05910564967253759,0.8181254285173772,0.8181254285173772,"A neon sign for a restaurant called ECCV, which is located on a street corner. The sign is illuminated with red and orange colors.",fe_167_luna_4_eccv
0.0,0.0,0.0,0.0,0.0,0.0,0.0,0.0,0.0,0.0,31,0.7587765455245972,0.0802108645439148,0.22691620886325836,22.691620886325836,0.73309326171875,18.965694471048813,0.7186243534088135,0.7186243534088135,0.2331654280424118,0.7267460823059082,0.20099154114723206,0.1965443342924118,-0.0044472068548202515,0.1965443342924118,True,0.26690673828125,0.6588586568832397,-0.0044472068548202515,0.20865631103515625,,,1.1390965717576167,0.0,0.20865631103515625,0.620571136056163,0.16294577717781067,0.16294577717781067,13.847439681197049,0.20306169917382258,4.605996131896973,a eccv on the sign,0.1954493224620819,0.17154636979103088,0.19532927870750427,-0.00012004375457763672,0.19532927870750427,"63,0,512,341",0.3048551082611084,0.2325432300567627,/cluster/users/grad/2025/25t8103/project/data/flowedit_compatible_118/eval_masks/fe_167_luna_4_eccv_eval_mask.png,fixed_eval_mask,0.0,0.0,0.0,0.0,ledits_pp,ledits_pp,,0.08419200778007507,0.08419200778007507,18.57205744871322,0.11786832924724298,,/cluster/users/grad/2025/25t8103/project/outputs/flowedit118_metric_runs/fe_167_luna_4_eccv/ledits_pp/seed_10/result.png,4.043551921844482,fe_167_luna_4_eccv/ledits_pp/seed_10,,10,/cluster/users/grad/2025/25t8103/project/_baselines/src/FlowEdit/Data/Images/luna.png,0.10062450915575027,"A neon sign for a restaurant called Luna, which is located on a street corner. The sign is illuminated with red and orange colors.",17.077917606886928,0.1399922905974831,0.6664797891674222,0.6664797891674222,"A neon sign for a restaurant called ECCV, which is located on a street corner. The sign is illuminated with red and orange colors.",fe_167_luna_4_eccv
0.0,0.0,0.0,0.0,0.0,0.0,0.0,0.0,0.0,0.0,31,0.9534995555877686,0.03451449051499367,0.04933393374085426,4.933393374085426,0.73309326171875,25.36674534813225,0.8025522232055664,0.8025522232055664,0.0440598726272583,0.9707566499710083,0.3263240456581116,0.22136275470256805,-0.10496129095554352,0.22136275470256805,True,0.26690673828125,0.9647033214569092,-0.10496129095554352,0.20865631103515625,,,1.8642577336509116,0.0,0.20865631103515625,0.3095908442721855,0.047936297953128815,0.047936297953128815,22.140552535471528,0.07815780844825772,12.386024475097656,a welcome on the sign,0.3434669077396393,0.17128987610340118,0.21575619280338287,-0.1277107149362564,0.21575619280338287,"63,0,512,341",0.06270742416381836,0.05051816254854202,/cluster/users/grad/2025/25t8103/project/data/flowedit_compatible_118/eval_masks/fe_168_luna_5_welcome_eval_mask.png,fixed_eval_mask,0.0,0.0,0.0,0.0,instruct_pix2pix,instruct_pix2pix,,0.03480025380849838,0.03480025380849838,25.407740998773328,0.05365533985622408,,/cluster/users/grad/2025/25t8103/project/outputs/flowedit118_metric_runs/fe_168_luna_5_welcome/instruct_pix2pix/seed_10/result.png,6.643944263458252,fe_168_luna_5_welcome/instruct_pix2pix/seed_10,,10,/cluster/users/grad/2025/25t8103/project/_baselines/src/FlowEdit/Data/Images/luna.png,0.03754116967320442,"A neon sign for a restaurant called Luna, which is located on a street corner. The sign is illuminated with red and orange colors.",24.49428892870156,0.05960539269550286,0.8098212045013159,0.8098212045013159,"A neon sign for a restaurant with the word WELCOME, which is located on a street corner. The sign is illuminated with red and orange colors.",fe_168_luna_5_welcome
0.0,0.0,0.0,0.0,0.0,0.0,0.0,0.0,0.0,0.0,31,0.6894673109054565,0.09289161115884781,0.314261257648468,31.4261257648468,0.73309326171875,17.871999646908638,0.680142879486084,0.680142879486084,0.24013552069664001,0.46548259258270264,0.07671533524990082,0.1166752278804779,0.03995989263057709,0.1166752278804779,True,0.26690673828125,0.46105703711509705,0.03995989263057709,0.20865631103515625,,,1.0512864056938687,0.0,0.20865631103515625,0.5332187648542909,0.16527153551578522,0.16527153551578522,13.164222069481312,0.21967917885086038,3.497964382171631,a welcome on the sign,0.14074331521987915,0.14444385468959808,0.16445225477218628,0.02370893955230713,0.16445225477218628,"63,0,512,341",0.42791450023651123,0.32939523458480835,/cluster/users/grad/2025/25t8103/project/data/flowedit_compatible_118/eval_masks/fe_168_luna_5_welcome_eval_mask.png,fixed_eval_mask,0.0,0.0,0.0,0.0,ledits_pp,ledits_pp,,0.09489137679338455,0.09489137679338455,17.73131374209791,0.1298477154113611,,/cluster/users/grad/2025/25t8103/project/outputs/flowedit118_metric_runs/fe_168_luna_5_welcome/ledits_pp/seed_10/result.png,3.3273181915283203,fe_168_luna_5_welcome/ledits_pp/seed_10,,10,/cluster/users/grad/2025/25t8103/project/_baselines/src/FlowEdit/Data/Images/luna.png,0.10957662016153336,"A neon sign for a restaurant called Luna, which is located on a street corner. The sign is illuminated with red and orange colors.",16.30562824900691,0.15300956749414793,0.6246194598105167,0.6246194598105167,"A neon sign for a restaurant with the word WELCOME, which is located on a street corner. The sign is illuminated with red and orange colors.",fe_168_luna_5_welcome
0.0,0.0,0.0,0.0,0.0,0.0,0.0,0.0,0.0,0.0,31,0.947282075881958,0.03892207145690918,0.05128774791955948,5.128774791955948,0.73309326171875,24.824306029991977,0.801811158657074,0.801811158657074,0.23188915848731995,0.9206616878509521,0.286820650100708,0.21208354830741882,-0.07473710179328918,0.21208354830741882,True,0.26690673828125,0.9615362882614136,-0.07473710179328918,0.20865631103515625,,,1.7230244655044933,0.0,0.20865631103515625,0.33997586749058467,0.050916582345962524,0.050916582345962524,21.500138250768806,0.08413817495110201,11.28740119934082,a hi on the sign,0.2894658148288727,0.15982311964035034,0.19479718804359436,-0.09466862678527832,0.19479718804359436,"63,0,512,341",0.06237711384892464,0.0512847863137722,/cluster/users/grad/2025/25t8103/project/data/flowedit_compatible_118/eval_masks/fe_169_luna_6_hi_eval_mask.png,fixed_eval_mask,0.0,0.0,0.0,0.0,instruct_pix2pix,instruct_pix2pix,,0.03935447335243225,0.03935447335243225,24.840269536180926,0.05727782565418018,,/cluster/users/grad/2025/25t8103/project/outputs/flowedit118_metric_runs/fe_169_luna_6_hi/instruct_pix2pix/seed_10/result.png,6.5509233474731445,fe_169_luna_6_hi/instruct_pix2pix/seed_10,,10,/cluster/users/grad/2025/25t8103/project/_baselines/src/FlowEdit/Data/Images/luna.png,0.04176698252558708,"A neon sign for a restaurant called Luna, which is located on a street corner. The sign is illuminated with red and orange colors.",23.900507799440646,0.06382261727568286,0.8083310269548408,0.8083310269548408,"A neon sign for a restaurant with the word HI, which is located on a street corner. The sign is illuminated with red and orange colors.",fe_169_luna_6_hi
0.0,0.0,0.0,0.0,0.0,0.0,0.0,0.0,0.0,0.0,31,0.7399746179580688,0.08320032805204391,0.28343653678894043,28.343653678894043,0.73309326171875,18.5216314527169,0.7020504474639893,0.7020504474639893,0.20680394768714905,0.7128581404685974,0.20756451785564423,0.17371731996536255,-0.03384719789028168,0.17371731996536255,True,0.26690673828125,0.6266292929649353,-0.03384719789028168,0.20865631103515625,,,1.4748330846171172,0.0,0.20865631103515625,0.3649310760905335,0.15732066333293915,0.15732066333293915,13.666968475493814,0.20732495329803563,5.938777923583984,a hi on the sign,0.21930177509784698,0.17071424424648285,0.19048453867435455,-0.02881723642349243,0.19048453867435455,"63,0,512,341",0.38096290826797485,0.29150670766830444,/cluster/users/grad/2025/25t8103/project/data/flowedit_compatible_118/eval_masks/fe_169_luna_6_hi_eval_mask.png,fixed_eval_mask,0.0,0.0,0.0,0.0,ledits_pp,ledits_pp,,0.08665952831506729,0.08665952831506729,18.178549676449023,0.12333107476915749,,/cluster/users/grad/2025/25t8103/project/outputs/flowedit118_metric_runs/fe_169_luna_6_hi/ledits_pp/seed_10/result.png,4.026745796203613,fe_169_luna_6_hi/ledits_pp/seed_10,,10,/cluster/users/grad/2025/25t8103/project/_baselines/src/FlowEdit/Data/Images/luna.png,0.10140339285135269,"A neon sign for a restaurant called Luna, which is located on a street corner. The sign is illuminated with red and orange colors.",16.776653181756803,0.14493301970822603,0.6579506342620106,0.6579506342620106,"A neon sign for a restaurant with the word HI, which is located on a street corner. The sign is illuminated with red and orange colors.",fe_169_luna_6_hi
0.0,0.0,0.0,0.0,0.0,0.0,0.0,0.0,0.0,0.0,31,0.9511309862136841,0.03680158779025078,0.05257319658994675,5.257319658994675,0.73309326171875,25.14323249921943,0.8065130710601807,0.8065130710601807,0.1994118094444275,0.9498986601829529,0.29952335357666016,0.23978205025196075,-0.0597413033246994,0.23978205025196075,True,0.26690673828125,0.961911141872406,-0.0597413033246994,0.20865631103515625,,,1.5334221851881717,0.0,0.20865631103515625,0.31183955537679625,0.051563821732997894,0.051563821732997894,21.14771053240855,0.08762226460781541,9.792922019958496,a heart on the sign,0.31100913882255554,0.19635826349258423,0.24036256968975067,-0.07064656913280487,0.24036256968975067,"63,0,512,341",0.06690100580453873,0.051943909376859665,/cluster/users/grad/2025/25t8103/project/data/flowedit_compatible_118/eval_masks/fe_170_luna_7_heart_eval_mask.png,fixed_eval_mask,0.0,0.0,0.0,0.0,instruct_pix2pix,instruct_pix2pix,,0.03732919692993164,0.03732919692993164,25.142242488248037,0.0553207265937778,,/cluster/users/grad/2025/25t8103/project/outputs/flowedit118_metric_runs/fe_170_luna_7_heart/instruct_pix2pix/seed_10/result.png,6.386318206787109,fe_170_luna_7_heart/instruct_pix2pix/seed_10,,10,/cluster/users/grad/2025/25t8103/project/_baselines/src/FlowEdit/Data/Images/luna.png,0.04029934108257294,"A neon sign for a restaurant called Luna, which is located on a street corner. The sign is illuminated with red and orange colors.",23.953627443549582,0.06343349316115256,0.8107232334524869,0.8107232334524869,"A neon sign for a restaurant with an heart on it, which is located on a street corner. The sign is illuminated with red and orange colors.",fe_170_luna_7_heart
0.0,0.0,0.0,0.0,0.0,0.0,0.0,0.0,0.0,0.0,31,0.6957827806472778,0.08002472668886185,0.2897709608078003,28.97709608078003,0.73309326171875,18.86195580241937,0.6993851065635681,0.6993851065635681,0.30446353554725647,0.6296200752258301,0.1286536604166031,0.18957114219665527,0.060917481780052185,0.18957114219665527,True,0.26690673828125,0.5530397891998291,0.060917481780052185,0.20865631103515625,,,0.9266197276778266,0.0,0.20865631103515625,0.39200702036637536,0.16072210669517517,0.16072210669517517,13.054712587352416,0.22246637111655998,3.5407488346099854,a heart on the sign,0.10315864533185959,0.2011188268661499,0.15486839413642883,0.051709748804569244,0.15486839413642883,"63,0,512,341",0.4283081293106079,0.2991999685764313,/cluster/users/grad/2025/25t8103/project/data/flowedit_compatible_118/eval_masks/fe_170_luna_7_heart_eval_mask.png,fixed_eval_mask,0.0,0.0,0.0,0.0,ledits_pp,ledits_pp,,0.08392103761434555,0.08392103761434555,18.460262155802294,0.11939520682953914,,/cluster/users/grad/2025/25t8103/project/outputs/flowedit118_metric_runs/fe_170_luna_7_heart/ledits_pp/seed_10/result.png,3.821145534515381,fe_170_luna_7_heart/ledits_pp/seed_10,,10,/cluster/users/grad/2025/25t8103/project/_baselines/src/FlowEdit/Data/Images/luna.png,0.0999460443854332,"A neon sign for a restaurant called Luna, which is located on a street corner. The sign is illuminated with red and orange colors.",16.653965726740758,0.14699471267003156,0.6408416870666115,0.6408416870666115,"A neon sign for a restaurant with an heart on it, which is located on a street corner. The sign is illuminated with red and orange colors.",fe_170_luna_7_heart
0.0,0.0,0.0,0.0,0.0,0.0,0.0,0.0,0.0,0.0,31,1.0,0.10632756352424622,0.025425616651773453,2.5425616651773453,0.0371856689453125,16.002891493144453,0.8525275588035583,0.8525275588035583,0.20031818747520447,0.7159230709075928,0.24788030982017517,0.3176530599594116,0.06977275013923645,0.3176530599594116,True,0.9628143310546875,0.4922577142715454,0.06977275013923645,0.9031715393066406,,,8.921719645962499,0.0,0.9031715393066406,0.01267945311939044,0.10954046249389648,0.10954046249389648,15.447197245086038,0.16890407896984477,4.354663372039795,a wooden statue of a woman,0.24788030982017517,0.2952551543712616,0.3176530599594116,0.06977275013923645,0.3176530599594116,"0,0,512,512",0.29157307744026184,0.055099986493587494,/cluster/users/grad/2025/25t8103/project/data/flowedit_compatible_118/eval_masks/fe_171_meditation_1_wooden_statue_eval_mask.png,fixed_eval_mask,0.0,0.0,0.0,0.0,instruct_pix2pix,instruct_pix2pix,,0.10282400995492935,0.10282400995492935,15.776509001930314,0.16262022211238408,,/cluster/users/grad/2025/25t8103/project/outputs/flowedit118_metric_runs/fe_171_meditation_1_wooden_statue/instruct_pix2pix/seed_10/result.png,0.48809686303138733,fe_171_meditation_1_wooden_statue/instruct_pix2pix/seed_10,,10,/cluster/users/grad/2025/25t8103/project/_baselines/src/FlowEdit/Data/Images/meditation.png,0.1088901162147522,A woman sitting on the floor in a room and meditating.,15.47801397149087,0.16830588484533285,0.7385338612445312,0.7385338612445312,A wooden statue of a woman sitting on the floor in a room and meditating.,fe_171_meditation_1_wooden_statue
0.0,0.0,0.0,0.0,0.0,0.0,0.0,0.0,0.0,0.0,31,1.0,0.10082363337278366,0.033377330750226974,3.3377330750226974,0.0371856689453125,18.798865203594406,0.8658366799354553,0.8658366799354553,0.1634523570537567,0.5491744875907898,0.17049133777618408,0.23904985189437866,0.06855851411819458,0.23904985189437866,True,0.9628143310546875,0.25542178750038147,0.06855851411819458,0.9031715393066406,,,2.8756376226342404,0.0,0.9031715393066406,0.0003041041387728553,0.135340616106987,0.135340616106987,14.960730640322478,0.17863373052751963,2.1818220615386963,a wooden statue of a woman,0.17049133777618408,0.28125065565109253,0.23904985189437866,0.06855851411819458,0.23904985189437866,"0,0,512,512",0.43634045124053955,0.06751618534326553,/cluster/users/grad/2025/25t8103/project/data/flowedit_compatible_118/eval_masks/fe_171_meditation_1_wooden_statue_eval_mask.png,fixed_eval_mask,0.0,0.0,0.0,0.0,ledits_pp,ledits_pp,,0.08842911571264267,0.08842911571264267,19.926246978224423,0.10085272823241864,,/cluster/users/grad/2025/25t8103/project/outputs/flowedit118_metric_runs/fe_171_meditation_1_wooden_statue/ledits_pp/seed_10/result.png,0.7587263584136963,fe_171_meditation_1_wooden_statue/ledits_pp/seed_10,,10,/cluster/users/grad/2025/25t8103/project/_baselines/src/FlowEdit/Data/Images/meditation.png,0.13079823553562164,A woman sitting on the floor in a room and meditating.,15.257097483587007,0.17264147022042828,0.7099502814897207,0.7099502814897207,A wooden statue of a woman sitting on the floor in a room and meditating.,fe_171_meditation_1_wooden_statue
0.0,0.0,0.0,0.0,0.0,0.0,0.0,0.0,0.0,0.0,31,0.9923607110977173,0.05412678420543671,0.14696887135505676,14.696887135505676,0.793731689453125,22.908765759602684,0.7566232085227966,0.7566232085227966,0.07423054426908493,0.9884516000747681,0.26686373353004456,0.2591424584388733,-0.007721275091171265,0.2591424584388733,True,0.206268310546875,0.9471960067749023,-0.007721275091171265,0.1556854248046875,,,0.6047698815807315,0.0,0.1556854248046875,0.004508477898657257,0.10302504152059555,0.10302504152059555,16.549764884165103,0.14876876433211006,6.0060272216796875,a glass with whipped cream,0.26882290840148926,0.20365506410598755,0.2659803628921509,-0.002842545509338379,0.2659803628921509,"103,102,443,512",0.1775592863559723,0.15099722146987915,/cluster/users/grad/2025/25t8103/project/data/flowedit_compatible_118/eval_masks/fe_180_milk_4_whipped_cream_eval_mask.png,fixed_eval_mask,0.0,0.0,0.0,0.0,instruct_pix2pix,instruct_pix2pix,,0.05441327765583992,0.05441327765583992,22.610625314226667,0.07404039623990899,,/cluster/users/grad/2025/25t8103/project/outputs/flowedit118_metric_runs/fe_180_milk_4_whipped_cream/instruct_pix2pix/seed_10/result.png,9.931095123291016,fe_180_milk_4_whipped_cream/instruct_pix2pix/seed_10,,10,/cluster/users/grad/2025/25t8103/project/_baselines/src/FlowEdit/Data/Images/milk.png,0.0619814395904541,"A glass of milk placed on a wooden table. The glass is filled with milk, and a straw is inserted into it.",20.929022622866334,0.08985636974934881,0.7651589535053325,0.7651589535053325,"A glass of milk placed on a wooden table. The glass is filled with milk, and a straw is inserted into it. There is whipped cream on top of the milk.",fe_180_milk_4_whipped_cream
0.0,0.0,0.0,0.0,0.0,0.0,0.0,0.0,0.0,0.0,31,0.8987696766853333,0.03539538010954857,0.13325172662734985,13.325172662734985,0.793731689453125,23.833746036434725,0.7912178039550781,0.7912178039550781,0.24448756873607635,0.7623643279075623,0.19341441988945007,0.2362561672925949,0.042841747403144836,0.2362561672925949,True,0.206268310546875,0.1339527666568756,0.042841747403144836,0.1556854248046875,,,0.7925878433128454,0.0,0.1556854248046875,0.00622365970792904,0.17552073299884796,0.17552073299884796,12.633895860234185,0.23350985114373468,4.457513332366943,a glass with whipped cream,0.1864316463470459,0.2368794083595276,0.2343011349439621,0.0478694885969162,0.2343011349439621,"103,102,443,512",0.259799599647522,0.15681487321853638,/cluster/users/grad/2025/25t8103/project/data/flowedit_compatible_118/eval_masks/fe_180_milk_4_whipped_cream_eval_mask.png,fixed_eval_mask,0.0,0.0,0.0,0.0,ledits_pp,ledits_pp,,0.03758745640516281,0.03758745640516281,23.16098846233722,0.0694945227673938,,/cluster/users/grad/2025/25t8103/project/outputs/flowedit118_metric_runs/fe_180_milk_4_whipped_cream/ledits_pp/seed_10/result.png,5.623999118804932,fe_180_milk_4_whipped_cream/ledits_pp/seed_10,,10,/cluster/users/grad/2025/25t8103/project/_baselines/src/FlowEdit/Data/Images/milk.png,0.05906165763735771,"A glass of milk placed on a wooden table. The glass is filled with milk, and a straw is inserted into it.",19.007807924652877,0.11210103020530689,0.7434110711526435,0.7434110711526435,"A glass of milk placed on a wooden table. The glass is filled with milk, and a straw is inserted into it. There is whipped cream on top of the milk.",fe_180_milk_4_whipped_cream
0.0,0.0,0.0,0.0,0.0,0.0,0.0,0.0,0.0,0.0,31,0.4294735789299011,0.14811120927333832,0.46765145659446716,46.765145659446716,0.8399162292480469,13.135993237029698,0.5087549090385437,0.5087549090385437,0.2967415452003479,0.7921331524848938,0.20343603193759918,0.24468526244163513,0.04124923050403595,0.24468526244163513,True,0.16008377075195312,0.28516989946365356,0.04124923050403595,0.10044097900390625,,,1.7257269837241855,0.0,0.10044097900390625,0.0016710976072920622,0.24161046743392944,0.24161046743392944,10.283864423914292,0.30606014439161444,17.173616409301758,a plate with strawberries,0.20059527456760406,0.25647038221359253,0.24646873772144318,0.04587346315383911,0.24646873772144318,"0,112,512,512",0.5395634174346924,0.4918675422668457,/cluster/users/grad/2025/25t8103/project/data/flowedit_compatible_118/eval_masks/fe_186_muffins_1_strawberries_eval_mask.png,fixed_eval_mask,0.0,0.0,0.0,0.0,instruct_pix2pix,instruct_pix2pix,,0.14738517999649048,0.14738517999649048,13.170611572102198,0.21951763816799344,,/cluster/users/grad/2025/25t8103/project/outputs/flowedit118_metric_runs/fe_186_muffins_1_strawberries/instruct_pix2pix/seed_10/result.png,9.951525688171387,fe_186_muffins_1_strawberries/instruct_pix2pix/seed_10,,10,/cluster/users/grad/2025/25t8103/project/_baselines/src/FlowEdit/Data/Images/muffins.png,0.15684925019741058,"A plate of white muffins, decorated with a few raspberries.",12.777237218229624,0.22968791163660648,0.47544362948407787,0.47544362948407787,"A plate of white muffins, decorated with a few strawberries.",fe_186_muffins_1_strawberries
0.0,0.0,0.0,0.0,0.0,0.0,0.0,0.0,0.0,0.0,31,0.6248968839645386,0.08748740702867508,0.2571575343608856,25.715753436088562,0.8399162292480469,16.32639053514499,0.7561107873916626,0.7561107873916626,0.315210223197937,0.8063470721244812,0.18880143761634827,0.23237469792366028,0.04357326030731201,0.23237469792366028,True,0.16008377075195312,0.4396675229072571,0.04357326030731201,0.10044097900390625,,,1.7518735233950682,0.0,0.10044097900390625,0.0001519179642992784,0.1242147907614708,0.1242147907614708,14.908634612860396,0.17970835523238898,10.77112865447998,a plate with strawberries,0.19295305013656616,0.25786271691322327,0.23424676060676575,0.041293710470199585,0.23424676060676575,"0,112,512,512",0.30145519971847534,0.2740511894226074,/cluster/users/grad/2025/25t8103/project/data/flowedit_compatible_118/eval_masks/fe_186_muffins_1_strawberries_eval_mask.png,fixed_eval_mask,0.0,0.0,0.0,0.0,ledits_pp,ledits_pp,,0.08905254304409027,0.08905254304409027,16.201948619251517,0.15484691915916204,,/cluster/users/grad/2025/25t8103/project/outputs/flowedit118_metric_runs/fe_186_muffins_1_strawberries/ledits_pp/seed_10/result.png,6.148348331451416,fe_186_muffins_1_strawberries/ledits_pp/seed_10,,10,/cluster/users/grad/2025/25t8103/project/_baselines/src/FlowEdit/Data/Images/muffins.png,0.0925842896103859,"A plate of white muffins, decorated with a few raspberries.",16.053210484943907,0.157521368348299,0.7172639632494455,0.7172639632494455,"A plate of white muffins, decorated with a few strawberries.",fe_186_muffins_1_strawberries
0.0,0.0,0.0,0.0,0.0,0.0,0.0,0.0,0.0,0.0,31,0.9913272857666016,0.07037074863910675,0.10673274099826813,10.673274099826813,0.6493301391601562,20.63883012299845,0.8718145489692688,0.8718145489692688,0.14556795358657837,0.9553326368331909,0.28988900780677795,0.2823905348777771,-0.0074984729290008545,0.2823905348777771,True,0.35066986083984375,0.8057135343551636,-0.0074984729290008545,0.280059814453125,,,1.2141506515202867,0.0,0.280059814453125,0.12155388471177944,0.09309607744216919,0.09309607744216919,17.49985984195283,0.13335429504274923,9.01582145690918,a glass sculpture of a parrot,0.2776615023612976,0.22253744304180145,0.26617956161499023,-0.011481940746307373,0.26617956161499023,"57,0,512,512",0.16690832376480103,0.1152348741889,/cluster/users/grad/2025/25t8103/project/data/flowedit_compatible_118/eval_masks/fe_187_parrot_1_glass_sculpture_eval_mask.png,fixed_eval_mask,0.0,0.0,0.0,0.0,instruct_pix2pix,instruct_pix2pix,,0.07129550725221634,0.07129550725221634,20.470263804061975,0.094729841313198,,/cluster/users/grad/2025/25t8103/project/outputs/flowedit118_metric_runs/fe_187_parrot_1_glass_sculpture/instruct_pix2pix/seed_10/result.png,7.425620079040527,fe_187_parrot_1_glass_sculpture/instruct_pix2pix/seed_10,,10,/cluster/users/grad/2025/25t8103/project/_baselines/src/FlowEdit/Data/Images/parrot.png,0.07740094512701035,"A colorful parrot perched on a tree branch. The parrot is predominantly blue, with a mix of red, green, and yellow colors. It sitting comfortably on the branch. The tree itself is filled with green leaves, creating a lush and vibrant backdrop for the parrot.",19.41537259104859,0.10696245701009847,0.8188902719991591,0.8188902719991591,"A glass sculpture of a colorful parrot perched on a tree branch. The glass sculpture of the parrot is predominantly red, with a mix of blue, green, and yellow colors. It sitting comfortably on the branch. The tree itself is filled with green leaves, creating a lush and vibrant backdrop for the glass sculpture of the parrot.",fe_187_parrot_1_glass_sculpture
0.0,0.0,0.0,0.0,0.0,0.0,0.0,0.0,0.0,0.0,31,0.9958280324935913,0.035286061465740204,0.08326920866966248,8.326920866966248,0.6493301391601562,24.868861157726066,0.8804147243499756,0.8804147243499756,0.12593506276607513,0.8762272000312805,0.31135866045951843,0.316354364156723,0.00499570369720459,0.316354364156723,True,0.35066986083984375,0.7898814678192139,0.00499570369720459,0.280059814453125,,,1.4234369002901668,0.0,0.280059814453125,0.08519941157240929,0.0845794603228569,0.0845794603228569,16.925972394382185,0.1424627686579769,10.286940574645996,a glass sculpture of a parrot,0.29788047075271606,0.244158074259758,0.30400773882865906,0.006127268075942993,0.30400773882865906,"57,0,512,512",0.1532094031572342,0.0903870239853859,/cluster/users/grad/2025/25t8103/project/data/flowedit_compatible_118/eval_masks/fe_187_parrot_1_glass_sculpture_eval_mask.png,fixed_eval_mask,0.0,0.0,0.0,0.0,ledits_pp,ledits_pp,,0.03572993353009224,0.03572993353009224,24.84339501899299,0.057257218823794975,,/cluster/users/grad/2025/25t8103/project/outputs/flowedit118_metric_runs/fe_187_parrot_1_glass_sculpture/ledits_pp/seed_10/result.png,7.226832866668701,fe_187_parrot_1_glass_sculpture/ledits_pp/seed_10,,10,/cluster/users/grad/2025/25t8103/project/_baselines/src/FlowEdit/Data/Images/parrot.png,0.04941071942448616,"A colorful parrot perched on a tree branch. The parrot is predominantly blue, with a mix of red, green, and yellow colors. It sitting comfortably on the branch. The tree itself is filled with green leaves, creating a lush and vibrant backdrop for the parrot.",20.945150274763783,0.08968968242555227,0.8143414429295843,0.8143414429295843,"A glass sculpture of a colorful parrot perched on a tree branch. The glass sculpture of the parrot is predominantly red, with a mix of blue, green, and yellow colors. It sitting comfortably on the branch. The tree itself is filled with green leaves, creating a lush and vibrant backdrop for the glass sculpture of the parrot.",fe_187_parrot_1_glass_sculpture
0.0,0.0,0.0,0.0,0.0,0.0,0.0,0.0,0.0,0.0,31,0.9557027220726013,0.0842406302690506,0.18336263298988342,18.336263298988342,0.6493301391601562,18.31518390520526,0.7797224521636963,0.7797224521636963,0.20053549110889435,0.7292152643203735,0.20107237994670868,0.27656692266464233,0.07549454271793365,0.27656692266464233,True,0.35066986083984375,0.0570589043200016,0.07549454271793365,0.280059814453125,,,1.129786783950506,0.0,0.280059814453125,0.0004494932984635502,0.13806647062301636,0.13806647062301636,13.224405563944057,0.21816230916656573,10.466686248779297,a origami of a parrot,0.1922621876001358,0.2636561393737793,0.26703715324401855,0.07477496564388275,0.26703715324401855,"57,0,512,512",0.3202827572822571,0.20578153431415558,/cluster/users/grad/2025/25t8103/project/data/flowedit_compatible_118/eval_masks/fe_188_parrot_2_origami_eval_mask.png,fixed_eval_mask,0.0,0.0,0.0,0.0,instruct_pix2pix,instruct_pix2pix,,0.08501549810171127,0.08501549810171127,18.21768329720248,0.12277666577407492,,/cluster/users/grad/2025/25t8103/project/outputs/flowedit118_metric_runs/fe_188_parrot_2_origami/instruct_pix2pix/seed_10/result.png,9.264302253723145,fe_188_parrot_2_origami/instruct_pix2pix/seed_10,,10,/cluster/users/grad/2025/25t8103/project/_baselines/src/FlowEdit/Data/Images/parrot.png,0.09987292438745499,"A colorful parrot perched on a tree branch. The parrot is predominantly blue, with a mix of red, green, and yellow colors. It sitting comfortably on the branch. The tree itself is filled with green leaves, creating a lush and vibrant backdrop for the parrot.",16.165105059683057,0.15550513943883182,0.7186861541444922,0.7186861541444922,"An origami of a colorful parrot perched on a tree branch. The origami of the parrot is predominantly red, with a mix of blue, green, and yellow colors. It sitting comfortably on the branch. The tree itself is filled with green leaves, creating a lush and vibrant backdrop for the origami of the parrot.",fe_188_parrot_2_origami
0.0,0.0,0.0,0.0,0.0,0.0,0.0,0.0,0.0,0.0,31,0.9806267619132996,0.04392708092927933,0.12582926452159882,12.582926452159882,0.6493301391601562,21.783508643213732,0.8644058704376221,0.8644058704376221,0.2802788019180298,0.7500852346420288,0.19541776180267334,0.30301132798194885,0.10759356617927551,0.30301132798194885,True,0.35066986083984375,0.10769732296466827,0.10759356617927551,0.280059814453125,,,1.135228136606572,0.0,0.280059814453125,0.06228887435981258,0.12280861288309097,0.12280861288309097,13.926528471036901,0.20122112671238934,6.2369465827941895,a origami of a parrot,0.17697745561599731,0.2509220242500305,0.28073787689208984,0.10376042127609253,0.28073787689208984,"57,0,512,512",0.2600436806678772,0.1412743479013443,/cluster/users/grad/2025/25t8103/project/data/flowedit_compatible_118/eval_masks/fe_188_parrot_2_origami_eval_mask.png,fixed_eval_mask,0.0,0.0,0.0,0.0,ledits_pp,ledits_pp,,0.045429527759552,0.045429527759552,21.51426083469174,0.08400148394883204,,/cluster/users/grad/2025/25t8103/project/outputs/flowedit118_metric_runs/fe_188_parrot_2_origami/ledits_pp/seed_10/result.png,5.494002819061279,fe_188_parrot_2_origami/ledits_pp/seed_10,,10,/cluster/users/grad/2025/25t8103/project/_baselines/src/FlowEdit/Data/Images/parrot.png,0.06710029393434525,"A colorful parrot perched on a tree branch. The parrot is predominantly blue, with a mix of red, green, and yellow colors. It sitting comfortably on the branch. The tree itself is filled with green leaves, creating a lush and vibrant backdrop for the parrot.",17.84635339410646,0.12813929501315316,0.7911444501275396,0.7911444501275396,"An origami of a colorful parrot perched on a tree branch. The origami of the parrot is predominantly red, with a mix of blue, green, and yellow colors. It sitting comfortably on the branch. The tree itself is filled with green leaves, creating a lush and vibrant backdrop for the origami of the parrot.",fe_188_parrot_2_origami
0.0,0.0,0.0,0.0,0.0,0.0,0.0,0.0,0.0,0.0,31,0.9840170741081238,0.06735116243362427,0.12440108507871628,12.440108507871628,0.6493301391601562,20.58672493206383,0.8848274946212769,0.8848274946212769,0.28381484746932983,0.7776098251342773,0.2946840226650238,0.381930410861969,0.08724638819694519,0.381930410861969,True,0.35066986083984375,0.172766774892807,0.08724638819694519,0.280059814453125,,,1.2407497657786795,0.0,0.280059814453125,0.09722676255857034,0.09936846047639847,0.09936846047639847,16.002285368314453,0.15844762417087044,7.994057655334473,a lego of a parrot,0.27983060479164124,0.3186380863189697,0.36829328536987305,0.08846268057823181,0.36829328536987305,"57,0,512,512",0.21918456256389618,0.13924665749073029,/cluster/users/grad/2025/25t8103/project/data/flowedit_compatible_118/eval_masks/fe_190_parrot_4_lego_parrot_eval_mask.png,fixed_eval_mask,0.0,0.0,0.0,0.0,instruct_pix2pix,instruct_pix2pix,,0.06711364537477493,0.06711364537477493,20.52421750899548,0.09414323648811485,,/cluster/users/grad/2025/25t8103/project/outputs/flowedit118_metric_runs/fe_190_parrot_4_lego_parrot/instruct_pix2pix/seed_10/result.png,6.442924976348877,fe_190_parrot_4_lego_parrot/instruct_pix2pix/seed_10,,10,/cluster/users/grad/2025/25t8103/project/_baselines/src/FlowEdit/Data/Images/parrot.png,0.0761469379067421,"A colorful parrot perched on a tree branch. The parrot is predominantly blue, with a mix of red, green, and yellow colors. It sitting comfortably on the branch. The tree itself is filled with green leaves, creating a lush and vibrant backdrop for the parrot.",18.725102352672632,0.11580968553959571,0.8261759252914969,0.8261759252914969,"A colorful lego parrot perched on a tree branch. The lego parrot is predominantly blue, with a mix of red, green, and yellow colors. It sitting comfortably on the branch. The tree itself is filled with green leaves, creating a lush and vibrant backdrop for the lego parrot.",fe_190_parrot_4_lego_parrot
0.0,0.0,0.0,0.0,0.0,0.0,0.0,0.0,0.0,0.0,31,0.9548699259757996,0.04717131331562996,0.1311853677034378,13.11853677034378,0.6493301391601562,21.854027725879277,0.8473290205001831,0.8473290205001831,0.2969259023666382,0.7468447685241699,0.23980088531970978,0.34050363302230835,0.10070274770259857,0.34050363302230835,True,0.35066986083984375,0.05099029093980789,0.10070274770259857,0.280059814453125,,,1.3330864811155114,0.0,0.280059814453125,0.13512040971995207,0.15328152477741241,0.15328152477741241,12.68173423927145,0.2322273081133064,8.650565147399902,a lego of a parrot,0.22932085394859314,0.2775445580482483,0.3326704800128937,0.10334962606430054,0.3326704800128937,"57,0,512,512",0.28716835379600525,0.15381518006324768,/cluster/users/grad/2025/25t8103/project/data/flowedit_compatible_118/eval_masks/fe_190_parrot_4_lego_parrot_eval_mask.png,fixed_eval_mask,0.0,0.0,0.0,0.0,ledits_pp,ledits_pp,,0.049652669578790665,0.049652669578790665,21.380485006722203,0.0853052479548856,,/cluster/users/grad/2025/25t8103/project/outputs/flowedit118_metric_runs/fe_190_parrot_4_lego_parrot/ledits_pp/seed_10/result.png,6.4891252517700195,fe_190_parrot_4_lego_parrot/ledits_pp/seed_10,,10,/cluster/users/grad/2025/25t8103/project/_baselines/src/FlowEdit/Data/Images/parrot.png,0.07867495715618134,"A colorful parrot perched on a tree branch. The parrot is predominantly blue, with a mix of red, green, and yellow colors. It sitting comfortably on the branch. The tree itself is filled with green leaves, creating a lush and vibrant backdrop for the parrot.",16.915959348983506,0.14262709364578863,0.7393197248294312,0.7393197248294312,"A colorful lego parrot perched on a tree branch. The lego parrot is predominantly blue, with a mix of red, green, and yellow colors. It sitting comfortably on the branch. The tree itself is filled with green leaves, creating a lush and vibrant backdrop for the lego parrot.",fe_190_parrot_4_lego_parrot
0.0,0.0,0.0,0.0,0.0,0.0,0.0,0.0,0.0,0.0,31,0.9463819861412048,0.21705074608325958,0.38233482837677,38.233482837677,0.4805145263671875,10.950204593500084,0.6142517328262329,0.6142517328262329,0.30260297656059265,0.6829843521118164,0.19848033785820007,0.2920452654361725,0.09356492757797241,0.2920452654361725,True,0.5194854736328125,0.23325799405574799,0.09356492757797241,0.438232421875,,,2.503358890322369,0.0,0.438232421875,0.12439937325905293,0.2123185098171234,0.2123185098171234,11.134352815523116,0.2775123782017636,3.1705992221832275,a glass sculpture of a parrot,0.19592136144638062,0.3354378342628479,0.2868266701698303,0.09090530872344971,0.2868266701698303,"7,0,512,504",0.6253485679626465,0.43678173422813416,/cluster/users/grad/2025/25t8103/project/data/flowedit_compatible_118/eval_masks/fe_191_parrot2_1_glass_sculpture_eval_mask.png,fixed_eval_mask,0.0,0.0,0.0,0.0,instruct_pix2pix,instruct_pix2pix,,0.22024507820606232,0.22024507820606232,10.903488818601097,0.28498733429622214,,/cluster/users/grad/2025/25t8103/project/outputs/flowedit118_metric_runs/fe_191_parrot2_1_glass_sculpture/instruct_pix2pix/seed_10/result.png,1.2665380239486694,fe_191_parrot2_1_glass_sculpture/instruct_pix2pix/seed_10,,10,/cluster/users/grad/2025/25t8103/project/_baselines/src/FlowEdit/Data/Images/parrot2.png,0.2167714387178421,"A colorful parrot perched on top of a tall, brightly colored flower. The parrot is positioned towards the center of the scene, with its vibrant colors contrasting beautifully with the flower''s hues.",11.003153306214124,0.2817359937446063,0.617341724958238,0.617341724958238,"A glass sculpture of a colorful parrot perched on top of a tall, brightly colored flower. The glass sculpture of the parrot is positioned towards the center of the scene, with its vibrant colors contrasting beautifully with the flower''s hues.",fe_191_parrot2_1_glass_sculpture
0.0,0.0,0.0,0.0,0.0,0.0,0.0,0.0,0.0,0.0,31,0.9921184778213501,0.05097446218132973,0.0712638646364212,7.12638646364212,0.4805145263671875,23.10134920721977,0.8990058898925781,0.8990058898925781,0.14594943821430206,0.8874140977859497,0.2801530659198761,0.2744996249675751,-0.005653440952301025,0.2744996249675751,True,0.5194854736328125,0.6361576318740845,-0.005653440952301025,0.438232421875,,,2.6150778894791498,0.0,0.438232421875,0.4774025069637883,0.08108650147914886,0.08108650147914886,17.504526271133166,0.1332826706876537,7.117593288421631,a glass sculpture of a parrot,0.2812504768371582,0.2777298390865326,0.2806662917137146,-0.0005841851234436035,0.2806662917137146,"7,0,512,504",0.17609699070453644,0.07864509522914886,/cluster/users/grad/2025/25t8103/project/data/flowedit_compatible_118/eval_masks/fe_191_parrot2_1_glass_sculpture_eval_mask.png,fixed_eval_mask,0.0,0.0,0.0,0.0,ledits_pp,ledits_pp,,0.04939138516783714,0.04939138516783714,23.371964825501266,0.06782686727359938,,/cluster/users/grad/2025/25t8103/project/outputs/flowedit118_metric_runs/fe_191_parrot2_1_glass_sculpture/ledits_pp/seed_10/result.png,2.7217519283294678,fe_191_parrot2_1_glass_sculpture/ledits_pp/seed_10,,10,/cluster/users/grad/2025/25t8103/project/_baselines/src/FlowEdit/Data/Images/parrot2.png,0.06328122317790985,"A colorful parrot perched on top of a tall, brightly colored flower. The parrot is positioned towards the center of the scene, with its vibrant colors contrasting beautifully with the flower''s hues.",19.842513053748636,0.10182967257059046,0.7994224350971176,0.7994224350971176,"A glass sculpture of a colorful parrot perched on top of a tall, brightly colored flower. The glass sculpture of the parrot is positioned towards the center of the scene, with its vibrant colors contrasting beautifully with the flower''s hues.",fe_191_parrot2_1_glass_sculpture
0.0,0.0,0.0,0.0,0.0,0.0,0.0,0.0,0.0,0.0,31,0.9911940097808838,0.028158091008663177,0.0461939200758934,4.61939200758934,0.8908042907714844,25.90838252380596,0.858709990978241,0.858709990978241,0.04972776025533676,0.9919649958610535,0.30465036630630493,0.30487942695617676,0.00022906064987182617,0.30487942695617676,True,0.10919570922851562,0.9858295917510986,0.00022906064987182617,0.07303237915039062,,,1.5367490187693027,0.0,0.07303237915039062,0.04126403760773048,0.04339097812771797,0.04339097812771797,21.36287851102398,0.08547833900167565,11.528287887573242,a parrots wearing a hat,0.26440227031707764,0.2138216644525528,0.2662266194820404,0.0018243491649627686,0.2662266194820404,"198,131,495,364",0.054871223866939545,0.04700477421283722,/cluster/users/grad/2025/25t8103/project/data/flowedit_compatible_118/eval_masks/fe_192_parrots_1_top_hat_eval_mask.png,fixed_eval_mask,0.0,0.0,0.0,0.0,instruct_pix2pix,instruct_pix2pix,,0.02787395380437374,0.02787395380437374,26.004625425664685,0.050092041154546116,,/cluster/users/grad/2025/25t8103/project/outputs/flowedit118_metric_runs/fe_192_parrots_1_top_hat/instruct_pix2pix/seed_10/result.png,7.501737594604492,fe_192_parrots_1_top_hat/instruct_pix2pix/seed_10,,10,/cluster/users/grad/2025/25t8103/project/_baselines/src/FlowEdit/Data/Images/parrots.png,0.02900720201432705,"Two colorful parrots sitting on a wooden stump or log. They are positioned close to each other, with one parrot on the left side and the other on the right side of the stump. The parrot''s wings have blue feathers and their body is yellow.",25.436987950501692,0.05347497651052048,0.8591486200568886,0.8591486200568886,"Two colorful parrots sitting on a wooden stump or log. They are positioned close to each other, with one parrot on the left side and the other on the right side of the stump. The parrot''s wings have blue feathers and their body is yellow. Both parrots have a top hat on their head.",fe_192_parrots_1_top_hat
0.0,0.0,0.0,0.0,0.0,0.0,0.0,0.0,0.0,0.0,31,0.8976963758468628,0.07649968564510345,0.2447102814912796,24.47102814912796,0.8908042907714844,18.224046868756073,0.7308184504508972,0.7308184504508972,0.23510923981666565,0.6811267733573914,0.1331605762243271,0.1638278216123581,0.030667245388031006,0.1638278216123581,True,0.10919570922851562,0.03703555464744568,0.030667245388031006,0.07303237915039062,,,1.1178198922767588,0.0,0.07303237915039062,0.0031339775398276314,0.19318658113479614,0.19318658113479614,11.071219248633145,0.2795368310873346,19.9647159576416,a parrots wearing a hat,0.1471424102783203,0.17606548964977264,0.15464657545089722,0.007504165172576904,0.15464657545089722,"198,131,495,364",0.3060149848461151,0.262673020362854,/cluster/users/grad/2025/25t8103/project/data/flowedit_compatible_118/eval_masks/fe_192_parrots_1_top_hat_eval_mask.png,fixed_eval_mask,0.0,0.0,0.0,0.0,ledits_pp,ledits_pp,,0.07906609028577805,0.07906609028577805,17.877172624574147,0.12768543746680974,,/cluster/users/grad/2025/25t8103/project/outputs/flowedit118_metric_runs/fe_192_parrots_1_top_hat/ledits_pp/seed_10/result.png,17.86040496826172,fe_192_parrots_1_top_hat/ledits_pp/seed_10,,10,/cluster/users/grad/2025/25t8103/project/_baselines/src/FlowEdit/Data/Images/parrots.png,0.08740059286355972,"Two colorful parrots sitting on a wooden stump or log. They are positioned close to each other, with one parrot on the left side and the other on the right side of the stump. The parrot''s wings have blue feathers and their body is yellow.",16.81525661967819,0.14429031084514038,0.7062545912711203,0.7062545912711203,"Two colorful parrots sitting on a wooden stump or log. They are positioned close to each other, with one parrot on the left side and the other on the right side of the stump. The parrot''s wings have blue feathers and their body is yellow. Both parrots have a top hat on their head.",fe_192_parrots_1_top_hat
0.0,0.0,0.0,0.0,0.0,0.0,0.0,0.0,0.0,0.0,31,0.9623627662658691,0.04947889596223831,0.09149293601512909,9.149293601512909,0.7915840148925781,20.973264403569747,0.8435841202735901,0.8435841202735901,0.3266018033027649,0.7705760598182678,0.23623795807361603,0.33755362033843994,0.10131566226482391,0.33755362033843994,True,0.20841598510742188,0.3060021996498108,0.10131566226482391,0.15691757202148438,,,1.1974670552873596,0.0,0.15691757202148438,0.0649811595964507,0.10198948532342911,0.10198948532342911,15.776171924186976,0.1626265331206307,11.634431838989258,a origami wooden of a parrot,0.21910099685192108,0.306386798620224,0.3169414699077606,0.09784047305583954,0.3169414699077606,"176,87,512,512",0.14042559266090393,0.09854058921337128,/cluster/users/grad/2025/25t8103/project/data/flowedit_compatible_118/eval_masks/fe_193_parrots_2_origami_eval_mask.png,fixed_eval_mask,0.0,0.0,0.0,0.0,instruct_pix2pix,instruct_pix2pix,,0.05017615482211113,0.05017615482211113,20.944038715474832,0.08970116101706206,,/cluster/users/grad/2025/25t8103/project/outputs/flowedit118_metric_runs/fe_193_parrots_2_origami/instruct_pix2pix/seed_10/result.png,9.71586799621582,fe_193_parrots_2_origami/instruct_pix2pix/seed_10,,10,/cluster/users/grad/2025/25t8103/project/_baselines/src/FlowEdit/Data/Images/parrots.png,0.05830657482147217,"Two colorful parrots sitting on a wooden stump or log. They are positioned close to each other, with one parrot on the left side and the other on the right side of the stump. The parrot''s wings have blue feathers and their body is yellow.",19.612307742056657,0.10456458373510236,0.8079199727685269,0.8079199727685269,"Two colorful origami parrots sitting on a wooden stump or log. They are positioned close to each other, with one origami parrot on the left side and the other on the right side of the stump. The origami parrot''s wings have blue feathers and their body is yellow.",fe_193_parrots_2_origami
0.0,0.0,0.0,0.0,0.0,0.0,0.0,0.0,0.0,0.0,31,0.9617773294448853,0.07704374194145203,0.22479873895645142,22.47987389564514,0.7915840148925781,17.690637301863266,0.7792533040046692,0.7792533040046692,0.27333348989486694,0.678052544593811,0.19645196199417114,0.2962214946746826,0.09976953268051147,0.2962214946746826,True,0.20841598510742188,0.13421213626861572,0.09976953268051147,0.15691757202148438,,,1.0459404078836225,0.0,0.15691757202148438,0.00019448158502491795,0.1453036367893219,0.1453036367893219,13.384338873296912,0.21418204276170752,8.720959663391113,a origami wooden of a parrot,0.19491472840309143,0.30932188034057617,0.2835729122161865,0.08865818381309509,0.2835729122161865,"176,87,512,512",0.30317553877830505,0.24029380083084106,/cluster/users/grad/2025/25t8103/project/data/flowedit_compatible_118/eval_masks/fe_193_parrots_2_origami_eval_mask.png,fixed_eval_mask,0.0,0.0,0.0,0.0,ledits_pp,ledits_pp,,0.08091986179351807,0.08091986179351807,17.253987591935033,0.1371831024590399,,/cluster/users/grad/2025/25t8103/project/outputs/flowedit118_metric_runs/fe_193_parrots_2_origami/ledits_pp/seed_10/result.png,8.337912559509277,fe_193_parrots_2_origami/ledits_pp/seed_10,,10,/cluster/users/grad/2025/25t8103/project/_baselines/src/FlowEdit/Data/Images/parrots.png,0.0910227969288826,"Two colorful parrots sitting on a wooden stump or log. They are positioned close to each other, with one parrot on the left side and the other on the right side of the stump. The parrot''s wings have blue feathers and their body is yellow.",16.37054487935516,0.15187026684650068,0.7243873595341889,0.7243873595341889,"Two colorful origami parrots sitting on a wooden stump or log. They are positioned close to each other, with one origami parrot on the left side and the other on the right side of the stump. The origami parrot''s wings have blue feathers and their body is yellow.",fe_193_parrots_2_origami
0.0,0.0,0.0,0.0,0.0,0.0,0.0,0.0,0.0,0.0,31,0.9582094550132751,0.044118959456682205,0.10466637462377548,10.466637462377548,0.7915840148925781,21.896938376505055,0.8493293523788452,0.8493293523788452,0.2682800889015198,0.8531989455223083,0.30878379940986633,0.33501094579696655,0.02622714638710022,0.33501094579696655,True,0.20841598510742188,0.7689807415008545,0.02622714638710022,0.15691757202148438,,,1.0533785272875738,0.0,0.15691757202148438,0.018670232162392122,0.06753183156251907,0.06753183156251907,18.979740047135042,0.11246386318502083,10.110272407531738,a sculpture wooden of a parrot,0.28627508878707886,0.29629945755004883,0.31127554178237915,0.025000452995300293,0.31127554178237915,"176,87,512,512",0.1500808298587799,0.11261136829853058,/cluster/users/grad/2025/25t8103/project/data/flowedit_compatible_118/eval_masks/fe_194_parrots_3_sculpture_eval_mask.png,fixed_eval_mask,0.0,0.0,0.0,0.0,instruct_pix2pix,instruct_pix2pix,,0.044616252183914185,0.044616252183914185,21.862605629820912,0.08069929087967218,,/cluster/users/grad/2025/25t8103/project/outputs/flowedit118_metric_runs/fe_194_parrots_3_sculpture/instruct_pix2pix/seed_10/result.png,9.59794807434082,fe_194_parrots_3_sculpture/instruct_pix2pix/seed_10,,10,/cluster/users/grad/2025/25t8103/project/_baselines/src/FlowEdit/Data/Images/parrots.png,0.04821211099624634,"Two colorful parrots sitting on a wooden stump or log. They are positioned close to each other, with one parrot on the left side and the other on the right side of the stump. The parrot''s wings have blue feathers and their body is yellow.",21.26378177895837,0.08645913994319027,0.8236620639634321,0.8236620639634321,"A sculpture of two colorful parrots sitting on a wooden stump or log. They are positioned close to each other, with one parrot on the left side and the other on the right side of the stump. The parrot''s wings have blue feathers and their body is yellow.",fe_194_parrots_3_sculpture
0.0,0.0,0.0,0.0,0.0,0.0,0.0,0.0,0.0,0.0,31,0.9600308537483215,0.06823917478322983,0.1752898097038269,17.52898097038269,0.7915840148925781,19.74915440375424,0.7923174500465393,0.7923174500465393,0.2985892593860626,0.7971295714378357,0.28679391741752625,0.3306252360343933,0.043831318616867065,0.3306252360343933,True,0.20841598510742188,0.26336753368377686,0.043831318616867065,0.15691757202148438,,,1.1935126779018599,0.0,0.15691757202148438,0.004278594870548195,0.12509912252426147,0.12509912252426147,14.665532893490624,0.18480910138503553,11.973603248596191,a sculpture wooden of a parrot,0.282802551984787,0.30268943309783936,0.32416239380836487,0.04135984182357788,0.32416239380836487,"176,87,512,512",0.25017744302749634,0.1872352510690689,/cluster/users/grad/2025/25t8103/project/data/flowedit_compatible_118/eval_masks/fe_194_parrots_3_sculpture_eval_mask.png,fixed_eval_mask,0.0,0.0,0.0,0.0,ledits_pp,ledits_pp,,0.06871906667947769,0.06871906667947769,19.710305468756065,0.10339147392259954,,/cluster/users/grad/2025/25t8103/project/outputs/flowedit118_metric_runs/fe_194_parrots_3_sculpture/ledits_pp/seed_10/result.png,10.032238006591797,fe_194_parrots_3_sculpture/ledits_pp/seed_10,,10,/cluster/users/grad/2025/25t8103/project/_baselines/src/FlowEdit/Data/Images/parrots.png,0.07756609469652176,"Two colorful parrots sitting on a wooden stump or log. They are positioned close to each other, with one parrot on the left side and the other on the right side of the stump. The parrot''s wings have blue feathers and their body is yellow.",18.424886872690397,0.11988246282512224,0.7326610590148407,0.7326610590148407,"A sculpture of two colorful parrots sitting on a wooden stump or log. They are positioned close to each other, with one parrot on the left side and the other on the right side of the stump. The parrot''s wings have blue feathers and their body is yellow.",fe_194_parrots_3_sculpture
0.0,0.0,0.0,0.0,0.0,0.0,0.0,0.0,0.0,0.0,31,0.9932857751846313,0.062300242483615875,0.09603733569383621,9.603733569383621,0.7816925048828125,21.040461933323336,0.538576602935791,0.538576602935791,-0.037746623158454895,0.9755563735961914,0.31929710507392883,0.313924640417099,-0.005372464656829834,0.313924640417099,True,0.2183074951171875,0.9862076640129089,-0.005372464656829834,0.17243194580078125,,,1.0224035480475884,0.0,0.17243194580078125,0.032100349542055664,0.06699541956186295,0.06699541956186295,20.6402454120895,0.092894014003137,16.386608123779297,a parrots wearing a crown,0.31396979093551636,0.2013595998287201,0.3079306483268738,-0.006039142608642578,0.3079306483268738,"0,8,338,365",0.12429234385490417,0.10192593932151794,/cluster/users/grad/2025/25t8103/project/data/flowedit_compatible_118/eval_masks/fe_195_parrots2_1_crown_eval_mask.png,fixed_eval_mask,0.0,0.0,0.0,0.0,instruct_pix2pix,instruct_pix2pix,,0.062395792454481125,0.062395792454481125,21.04293993483593,0.08868557849311941,,/cluster/users/grad/2025/25t8103/project/outputs/flowedit118_metric_runs/fe_195_parrots2_1_crown/instruct_pix2pix/seed_10/result.png,16.02753448486328,fe_195_parrots2_1_crown/instruct_pix2pix/seed_10,,10,/cluster/users/grad/2025/25t8103/project/_baselines/src/FlowEdit/Data/Images/parrots2.png,0.06318890303373337,"Two colorful parrots perched on a rocky surface. The parrots are positioned close to each other, with one parrot on the left side and the other on the right side of the rock. The parrot colors are predominantly red.",20.970783849252236,0.08942538272664054,0.5374932527053854,0.5374932527053854,"Two colorful parrots perched on a rocky surface. Both parrots have a crown on their head. The birds are positioned close to each other, with one parrot on the left side and the other on the right side of the rock. The parrot colors are predominantly red.",fe_195_parrots2_1_crown
0.0,0.0,0.0,0.0,0.0,0.0,0.0,0.0,0.0,0.0,31,0.8439573049545288,0.1230526864528656,0.3328368663787842,33.28368663787842,0.7816925048828125,15.313552482593703,0.40593740344047546,0.40593740344047546,0.17701667547225952,0.5643607378005981,0.14136220514774323,0.1799597442150116,0.03859753906726837,0.1799597442150116,True,0.2183074951171875,0.08328153938055038,0.03859753906726837,0.17243194580078125,,,1.1052169012540933,0.0,0.17243194580078125,0.0021016769169505773,0.15374937653541565,0.15374937653541565,13.82504258009633,0.20358598192199037,17.850055694580078,a parrots wearing a crown,0.16317278146743774,0.17571748793125153,0.18350869417190552,0.020335912704467773,0.18350869417190552,"0,8,338,365",0.4290183484554291,0.3499568700790405,/cluster/users/grad/2025/25t8103/project/data/flowedit_compatible_118/eval_masks/fe_195_parrots2_1_crown_eval_mask.png,fixed_eval_mask,0.0,0.0,0.0,0.0,ledits_pp,ledits_pp,,0.12365114688873291,0.12365114688873291,15.28164946981036,0.17215416193499214,,/cluster/users/grad/2025/25t8103/project/outputs/flowedit118_metric_runs/fe_195_parrots2_1_crown/ledits_pp/seed_10/result.png,16.150726318359375,fe_195_parrots2_1_crown/ledits_pp/seed_10,,10,/cluster/users/grad/2025/25t8103/project/_baselines/src/FlowEdit/Data/Images/parrots2.png,0.12884104251861572,"Two colorful parrots perched on a rocky surface. The parrots are positioned close to each other, with one parrot on the left side and the other on the right side of the rock. The parrot colors are predominantly red.",14.993037091942519,0.17797055115428856,0.39176677005616234,0.39176677005616234,"Two colorful parrots perched on a rocky surface. Both parrots have a crown on their head. The birds are positioned close to each other, with one parrot on the left side and the other on the right side of the rock. The parrot colors are predominantly red.",fe_195_parrots2_1_crown
0.0,0.0,0.0,0.0,0.0,0.0,0.0,0.0,0.0,0.0,31,0.9695959091186523,0.1232265904545784,0.29645004868507385,29.645004868507385,0.4398460388183594,15.460749514722902,0.4666268825531006,0.4666268825531006,0.36572784185409546,0.746875524520874,0.19936314225196838,0.3081815838813782,0.10881844162940979,0.3081815838813782,True,0.5601539611816406,0.07940968126058578,0.10881844162940979,0.4732933044433594,,,2.619689449485455,0.0,0.4732933044433594,0.9962521459486907,0.12506531178951263,0.12506531178951263,14.365582443863945,0.1913026023031691,4.161879539489746,a origami of a penguin,0.2153763771057129,0.27950578927993774,0.31856483221054077,0.10318845510482788,0.31856483221054077,"36,0,512,512",0.6377319097518921,0.3496538996696472,/cluster/users/grad/2025/25t8103/project/data/flowedit_compatible_118/eval_masks/fe_196_penguins_1_origami_eval_mask.png,fixed_eval_mask,0.0,0.0,0.0,0.0,instruct_pix2pix,instruct_pix2pix,,0.12576241791248322,0.12576241791248322,15.185609659031476,0.17406823152252118,,/cluster/users/grad/2025/25t8103/project/outputs/flowedit118_metric_runs/fe_196_penguins_1_origami/instruct_pix2pix/seed_10/result.png,1.5886919498443604,fe_196_penguins_1_origami/instruct_pix2pix/seed_10,,10,/cluster/users/grad/2025/25t8103/project/_baselines/src/FlowEdit/Data/Images/penguins.png,0.12543250620365143,"Two penguins standing in a lake. They are positioned close to each other, with one penguin on the left side and the other on the right side of the picture.",14.7781614644565,0.18242818057743257,0.4467291725971724,0.4467291725971724,"Two origami penguins standing in a lake. They are positioned close to each other, with one origami penguin on the left side and the other on the right side of the picture.",fe_196_penguins_1_origami
0.0,0.0,0.0,0.0,0.0,0.0,0.0,0.0,0.0,0.0,31,0.967434287071228,0.15035395324230194,0.23383738100528717,23.383738100528717,0.4398460388183594,14.839824437313505,0.5827893614768982,0.5827893614768982,0.31735992431640625,0.6265193819999695,0.15493568778038025,0.27179718017578125,0.116861492395401,0.27179718017578125,True,0.5601539611816406,0.10426966845989227,0.116861492395401,0.4732933044433594,,,1.4453124752275925,0.0,0.4732933044433594,0.29853873991504865,0.1852262020111084,0.1852262020111084,11.219001793779743,0.27482099667692866,5.107654571533203,a origami of a penguin,0.15493199229240417,0.30749884247779846,0.27298077940940857,0.1180487871170044,0.27298077940940857,"36,0,512,512",0.513014554977417,0.2622442841529846,/cluster/users/grad/2025/25t8103/project/data/flowedit_compatible_118/eval_masks/fe_196_penguins_1_origami_eval_mask.png,fixed_eval_mask,0.0,0.0,0.0,0.0,ledits_pp,ledits_pp,,0.1456758826971054,0.1456758826971054,14.830771856386303,0.18132655360417402,,/cluster/users/grad/2025/25t8103/project/outputs/flowedit118_metric_runs/fe_196_penguins_1_origami/ledits_pp/seed_10/result.png,3.533944845199585,fe_196_penguins_1_origami/ledits_pp/seed_10,,10,/cluster/users/grad/2025/25t8103/project/_baselines/src/FlowEdit/Data/Images/penguins.png,0.1643947809934616,"Two penguins standing in a lake. They are positioned close to each other, with one penguin on the left side and the other on the right side of the picture.",12.752002302670626,0.23035618894322488,0.5294243164330077,0.5294243164330077,"Two origami penguins standing in a lake. They are positioned close to each other, with one origami penguin on the left side and the other on the right side of the picture.",fe_196_penguins_1_origami
0.0,0.0,0.0,0.0,0.0,0.0,0.0,0.0,0.0,0.0,31,0.9680283069610596,0.10859852284193039,0.14097148180007935,14.097148180007935,0.4398460388183594,16.21115547509454,0.7067075967788696,0.7067075967788696,0.27807676792144775,0.8368039131164551,0.23104040324687958,0.27450162172317505,0.04346121847629547,0.27450162172317505,True,0.5601539611816406,0.8137325048446655,0.04346121847629547,0.4732933044433594,,,1.0268064355655049,0.0,0.4732933044433594,0.08690185458326281,0.10705765336751938,0.10705765336751938,15.756564952353873,0.16299405050609478,7.054891586303711,a sculpture of a penguin,0.23847027122974396,0.23817095160484314,0.28020161390304565,0.0417313426733017,0.28020161390304565,"36,0,512,512",0.2877264618873596,0.16273532807826996,/cluster/users/grad/2025/25t8103/project/data/flowedit_compatible_118/eval_masks/fe_197_penguins_2_sculpture_eval_mask.png,fixed_eval_mask,0.0,0.0,0.0,0.0,instruct_pix2pix,instruct_pix2pix,,0.11151332408189774,0.11151332408189774,16.125296605394272,0.15621947347943146,,/cluster/users/grad/2025/25t8103/project/outputs/flowedit118_metric_runs/fe_197_penguins_2_sculpture/instruct_pix2pix/seed_10/result.png,6.8707122802734375,fe_197_penguins_2_sculpture/instruct_pix2pix/seed_10,,10,/cluster/users/grad/2025/25t8103/project/_baselines/src/FlowEdit/Data/Images/penguins.png,0.10940452665090561,"Two penguins standing in a lake. They are positioned close to each other, with one penguin on the left side and the other on the right side of the picture.",15.946871784932672,0.15946170771637405,0.6851035300090736,0.6851035300090736,"A sculpture of two penguins standing in a lake. They are positioned close to each other, with one penguin on the left side and the other on the right side of the picture.",fe_197_penguins_2_sculpture
0.0,0.0,0.0,0.0,0.0,0.0,0.0,0.0,0.0,0.0,31,0.9646292924880981,0.15110376477241516,0.2147465944290161,21.47465944290161,0.4398460388183594,14.973053266070686,0.6057627201080322,0.6057627201080322,0.2577616572380066,0.7339763045310974,0.1915634572505951,0.248701274394989,0.05713781714439392,0.248701274394989,True,0.5601539611816406,0.5897975564002991,0.05713781714439392,0.4732933044433594,,,1.6019093977376877,0.0,0.4732933044433594,0.040936238121720626,0.18822939693927765,0.18822939693927765,10.84193626738617,0.28701406960110304,7.765883445739746,a sculpture of a penguin,0.19788187742233276,0.27725762128829956,0.2526330351829529,0.05475115776062012,0.2526330351829529,"36,0,512,512",0.49009543657302856,0.2475621998310089,/cluster/users/grad/2025/25t8103/project/data/flowedit_compatible_118/eval_masks/fe_197_penguins_2_sculpture_eval_mask.png,fixed_eval_mask,0.0,0.0,0.0,0.0,ledits_pp,ledits_pp,,0.15082696080207825,0.15082696080207825,14.615408506561769,0.1858786778410029,,/cluster/users/grad/2025/25t8103/project/outputs/flowedit118_metric_runs/fe_197_penguins_2_sculpture/ledits_pp/seed_10/result.png,4.847891807556152,fe_197_penguins_2_sculpture/ledits_pp/seed_10,,10,/cluster/users/grad/2025/25t8103/project/_baselines/src/FlowEdit/Data/Images/penguins.png,0.16852928698062897,"Two penguins standing in a lake. They are positioned close to each other, with one penguin on the left side and the other on the right side of the picture.",12.427048760693681,0.23913743240982002,0.5191779207708505,0.5191779207708505,"A sculpture of two penguins standing in a lake. They are positioned close to each other, with one penguin on the left side and the other on the right side of the picture.",fe_197_penguins_2_sculpture
0.0,0.0,0.0,0.0,0.0,0.0,0.0,0.0,0.0,0.0,31,1.0,0.019247276708483696,0.0014999709092080593,0.14999709092080593,0.07379531860351562,32.12963079647196,0.9695793986320496,0.9695793986320496,0.31454092264175415,0.939368724822998,0.2177533209323883,0.23127397894859314,0.013520658016204834,0.23127397894859314,True,0.9262046813964844,0.9860751032829285,0.013520658016204834,0.8500022888183594,,,2.6993998729232342,0.0,0.8500022888183594,0.0007539616646396467,0.047788068652153015,0.047788068652153015,21.969119912913175,0.07971572574773012,8.442610740661621,a red cake,0.2177533209323883,0.2601606249809265,0.23127397894859314,0.013520658016204834,0.23127397894859314,"0,0,512,512",0.12056690454483032,0.002788631245493889,/cluster/users/grad/2025/25t8103/project/data/flowedit_compatible_118/eval_masks/fe_199_piece_of_cake_2_red_velvet_cake_eval_mask.png,fixed_eval_mask,0.0,0.0,0.0,0.0,instruct_pix2pix,instruct_pix2pix,,0.017377832904458046,0.017377832904458046,32.782540536749224,0.022954771455679788,,/cluster/users/grad/2025/25t8103/project/outputs/flowedit118_metric_runs/fe_199_piece_of_cake_2_red_velvet_cake/instruct_pix2pix/seed_10/result.png,3.1275880336761475,fe_199_piece_of_cake_2_red_velvet_cake/instruct_pix2pix/seed_10,,10,/cluster/users/grad/2025/25t8103/project/_baselines/src/FlowEdit/Data/Images/piece_of_cake.png,0.04322659969329834,"A delicious chocolate cake with chocolate frosting, sitting on a dining table.",22.6118318079117,0.07403011254181122,0.8149418145231618,0.8149418145231618,"A delicious red velvet cake with white frosting, sitting on a dining table.",fe_199_piece_of_cake_2_red_velvet_cake
0.0,0.0,0.0,0.0,0.0,0.0,0.0,0.0,0.0,0.0,31,1.0,0.034159645438194275,0.0032451548613607883,0.32451548613607883,0.07379531860351562,26.376355397158655,0.9580740928649902,0.9580740928649902,0.09124517440795898,0.9314697980880737,0.21551278233528137,0.17266026139259338,-0.04285252094268799,0.17266026139259338,True,0.9262046813964844,0.9323776960372925,-0.04285252094268799,0.8500022888183594,,,2.795652708981438,0.0,0.8500022888183594,0.0003814686993712498,0.08391716331243515,0.08391716331243515,17.38799818071845,0.13508281145852008,8.443690299987793,a red cake,0.21551278233528137,0.2266848385334015,0.17266026139259338,-0.04285252094268799,0.17266026139259338,"0,0,512,512",0.2108677625656128,0.009993207640945911,/cluster/users/grad/2025/25t8103/project/data/flowedit_compatible_118/eval_masks/fe_199_piece_of_cake_2_red_velvet_cake_eval_mask.png,fixed_eval_mask,0.0,0.0,0.0,0.0,ledits_pp,ledits_pp,,0.034583523869514465,0.034583523869514465,25.89195310269245,0.05074606189810472,,/cluster/users/grad/2025/25t8103/project/outputs/flowedit118_metric_runs/fe_199_piece_of_cake_2_red_velvet_cake/ledits_pp/seed_10/result.png,3.0202929973602295,fe_199_piece_of_cake_2_red_velvet_cake/ledits_pp/seed_10,,10,/cluster/users/grad/2025/25t8103/project/_baselines/src/FlowEdit/Data/Images/piece_of_cake.png,0.0765172466635704,"A delicious chocolate cake with chocolate frosting, sitting on a dining table.",17.98696473145674,0.12608161508625226,0.7475518610760755,0.7475518610760755,"A delicious red velvet cake with white frosting, sitting on a dining table.",fe_199_piece_of_cake_2_red_velvet_cake
0.0,0.0,0.0,0.0,0.0,0.0,0.0,0.0,0.0,0.0,31,0.9993438720703125,0.05901704356074333,0.014282310381531715,1.4282310381531715,0.2227935791015625,22.518410244934056,0.7703551650047302,0.7703551650047302,0.23152348399162292,0.8661839962005615,0.29013440012931824,0.3175257742404938,0.027391374111175537,0.3175257742404938,True,0.7772064208984375,0.6939202547073364,0.027391374111175537,0.6814956665039062,,,0.8986887465143789,0.0,0.6814956665039062,0.12287713406101315,0.1128922626376152,0.1128922626376152,15.356815559541673,0.17067079914511418,9.467432975769043,a sculpture of a rabbit,0.29013440012931824,0.25231611728668213,0.3175257742404938,0.027391374111175537,0.3175257742404938,"0,0,512,512",0.17106062173843384,0.0215451717376709,/cluster/users/grad/2025/25t8103/project/data/flowedit_compatible_118/eval_masks/fe_213_rabbit_1_sculpture_eval_mask.png,fixed_eval_mask,0.0,0.0,0.0,0.0,instruct_pix2pix,instruct_pix2pix,,0.05811731517314911,0.05811731517314911,22.465875462286856,0.0752846138025678,,/cluster/users/grad/2025/25t8103/project/outputs/flowedit118_metric_runs/fe_213_rabbit_1_sculpture/instruct_pix2pix/seed_10/result.png,10.53471851348877,fe_213_rabbit_1_sculpture/instruct_pix2pix/seed_10,,10,/cluster/users/grad/2025/25t8103/project/_baselines/src/FlowEdit/Data/Images/rabbit.png,0.09544622898101807,A small brown and white rabbit sitting in a grassy field. The rabbit is surrounded by a variety of white flowers.,16.644183382567924,0.14716035637155772,0.6825886761094937,0.6825886761094937,A small sculpture of a rabbit sitting in a grassy field. The rabbit is surrounded by a variety of white flowers.,fe_213_rabbit_1_sculpture
0.0,0.0,0.0,0.0,0.0,0.0,0.0,0.0,0.0,0.0,31,0.999354362487793,0.08244538307189941,0.04948398098349571,4.948398098349571,0.2227935791015625,17.046900136391155,0.6820216178894043,0.6820216178894043,0.26368555426597595,0.7492495179176331,0.24049150943756104,0.31047308444976807,0.06998157501220703,0.31047308444976807,True,0.7772064208984375,0.5055900812149048,0.06998157501220703,0.6814956665039062,,,1.1747314542559713,0.0,0.6814956665039062,0.04042541281835992,0.12164462357759476,0.12164462357759476,14.25044577623255,0.1938553143196906,10.217604637145996,a sculpture of a rabbit,0.24049150943756104,0.2634226083755493,0.31047308444976807,0.06998157501220703,0.31047308444976807,"0,0,512,512",0.32911354303359985,0.07573780417442322,/cluster/users/grad/2025/25t8103/project/data/flowedit_compatible_118/eval_masks/fe_213_rabbit_1_sculpture_eval_mask.png,fixed_eval_mask,0.0,0.0,0.0,0.0,ledits_pp,ledits_pp,,0.08761546015739441,0.08761546015739441,16.537725471402688,0.1489751139994539,,/cluster/users/grad/2025/25t8103/project/outputs/flowedit118_metric_runs/fe_213_rabbit_1_sculpture/ledits_pp/seed_10/result.png,8.697821617126465,fe_213_rabbit_1_sculpture/ledits_pp/seed_10,,10,/cluster/users/grad/2025/25t8103/project/_baselines/src/FlowEdit/Data/Images/rabbit.png,0.11080619692802429,A small brown and white rabbit sitting in a grassy field. The rabbit is surrounded by a variety of white flowers.,14.8572764077631,0.1807740881679119,0.5652149132885339,0.5652149132885339,A small sculpture of a rabbit sitting in a grassy field. The rabbit is surrounded by a variety of white flowers.,fe_213_rabbit_1_sculpture
0.0,0.0,0.0,0.0,0.0,0.0,0.0,0.0,0.0,0.0,31,0.9987608194351196,0.011178293265402317,0.01291593536734581,1.291593536734581,0.4715919494628906,36.317609377077055,0.9829115271568298,0.9829115271568298,0.11900733411312103,0.9899728298187256,0.2165975272655487,0.20462258160114288,-0.011974945664405823,0.20462258160114288,True,0.5284080505371094,0.9429601430892944,-0.011974945664405823,0.46120452880859375,,,2.2998544554980334,0.0,0.46120452880859375,0.0030355163686291375,0.033679716289043427,0.033679716289043427,25.161674153712994,0.05519710398828823,6.423083305358887,a wooden of a object,0.2165975272655487,0.16287055611610413,0.20462258160114288,-0.011974945664405823,0.20462258160114288,"0,0,512,512",0.06387157738208771,0.014537140727043152,/cluster/users/grad/2025/25t8103/project/data/flowedit_compatible_118/eval_masks/fe_221_rocks_6_colorful_wooden_blocks_eval_mask.png,fixed_eval_mask,0.0,0.0,0.0,0.0,instruct_pix2pix,instruct_pix2pix,,0.011755624786019325,0.011755624786019325,35.994347319481236,0.01585924959045069,,/cluster/users/grad/2025/25t8103/project/outputs/flowedit118_metric_runs/fe_221_rocks_6_colorful_wooden_blocks/instruct_pix2pix/seed_10/result.png,2.7928216457366943,fe_221_rocks_6_colorful_wooden_blocks/instruct_pix2pix/seed_10,,10,/cluster/users/grad/2025/25t8103/project/_baselines/src/FlowEdit/Data/Images/rocks.png,0.021867116913199425,"A stack of gray rocks, laying on top of each other on a brown and gray beach. The rocks are arranged in a pyramid shape, creating an impressive and natural display. The brown and gray beach setting provides a serene and picturesque backdrop for this unique rock formation.",28.12288487954783,0.039251454630854964,0.9196057919490115,0.9196057919490115,"A stack of colorful wooden blocks, laying on top of each other on a brown and gray beach. The colorful wooden blocks are arranged in a pyramid shape, creating an impressive and natural display. The brown and gray beach setting provides a serene and picturesque backdrop for this unique colorful wooden blocks formation.",fe_221_rocks_6_colorful_wooden_blocks
0.0,0.0,0.0,0.0,0.0,0.0,0.0,0.0,0.0,0.0,31,0.9868194460868835,0.05073672905564308,0.10530596971511841,10.53059697151184,0.4715919494628906,23.038165713676193,0.9246121048927307,0.9246121048927307,0.18478921055793762,0.9525316953659058,0.1779712438583374,0.19695499539375305,0.01898375153541565,0.19695499539375305,True,0.5284080505371094,0.6104437112808228,0.01898375153541565,0.46120452880859375,,,2.4532674271574324,0.0,0.46120452880859375,0.0002315925294866917,0.10671818256378174,0.10671818256378174,16.099779587122995,0.1566790828441136,5.244182109832764,a wooden of a object,0.1779712438583374,0.20105424523353577,0.19695499539375305,0.01898375153541565,0.19695499539375305,"0,0,512,512",0.2547627091407776,0.12201781570911407,/cluster/users/grad/2025/25t8103/project/data/flowedit_compatible_118/eval_masks/fe_221_rocks_6_colorful_wooden_blocks_eval_mask.png,fixed_eval_mask,0.0,0.0,0.0,0.0,ledits_pp,ledits_pp,,0.053818479180336,0.053818479180336,22.509606593517116,0.07490652848531322,,/cluster/users/grad/2025/25t8103/project/outputs/flowedit118_metric_runs/fe_221_rocks_6_colorful_wooden_blocks/ledits_pp/seed_10/result.png,2.13763165473938,fe_221_rocks_6_colorful_wooden_blocks/ledits_pp/seed_10,,10,/cluster/users/grad/2025/25t8103/project/_baselines/src/FlowEdit/Data/Images/rocks.png,0.0782160684466362,"A stack of gray rocks, laying on top of each other on a brown and gray beach. The rocks are arranged in a pyramid shape, creating an impressive and natural display. The brown and gray beach setting provides a serene and picturesque backdrop for this unique rock formation.",18.433000526484044,0.11977053063629703,0.7653790132821041,0.7653790132821041,"A stack of colorful wooden blocks, laying on top of each other on a brown and gray beach. The colorful wooden blocks are arranged in a pyramid shape, creating an impressive and natural display. The brown and gray beach setting provides a serene and picturesque backdrop for this unique colorful wooden blocks formation.",fe_221_rocks_6_colorful_wooden_blocks
0.0,0.0,0.0,0.0,0.0,0.0,0.0,0.0,0.0,0.0,31,0.9999999403953552,0.0493580587208271,0.002154427580535412,0.21544275805354118,0.033260345458984375,22.740445401306705,0.7504083514213562,0.7504083514213562,-0.006906470283865929,0.9890484809875488,0.3584311008453369,0.276607871055603,-0.08182322978973389,0.276607871055603,True,0.9667396545410156,0.9766068458557129,-0.08182322978973389,0.9206466674804688,,,0.6472098676784589,0.0,0.9206466674804688,0.8090303386894946,0.03155903518199921,0.03155903518199921,27.713732724734093,0.041144649189546675,8.671589851379395,a cvpr on the billboard,0.3584311008453369,0.22975951433181763,0.276607871055603,-0.08182322978973389,0.276607871055603,"0,0,512,512",0.02790701575577259,0.00451675895601511,/cluster/users/grad/2025/25t8103/project/data/flowedit_compatible_118/eval_masks/fe_222_sign_1_cvpr_eval_mask.png,fixed_eval_mask,0.0,0.0,0.0,0.0,instruct_pix2pix,instruct_pix2pix,,0.049623940140008926,0.049623940140008926,23.24498580861401,0.06882571147969421,,/cluster/users/grad/2025/25t8103/project/outputs/flowedit118_metric_runs/fe_222_sign_1_cvpr/instruct_pix2pix/seed_10/result.png,13.398420333862305,fe_222_sign_1_cvpr/instruct_pix2pix/seed_10,,10,/cluster/users/grad/2025/25t8103/project/_baselines/src/FlowEdit/Data/Images/sign.png,0.032992538064718246,"A large white billboard with a bold message written in black letters. The message reads, ""LOVE IS ALL YOU NEED."" The billboard is prominently displayed in the scene, capturing the viewer''s attention.",27.13444424381543,0.04398228494046976,0.9222386687834432,0.9222386687834432,"A large white billboard with a bold message written in black letters. The message reads, ""CVPR IS ALL YOU NEED."" The billboard is prominently displayed in the scene, capturing the viewer''s attention.",fe_222_sign_1_cvpr
0.0,0.0,0.0,0.0,0.0,0.0,0.0,0.0,0.0,0.0,31,0.9999999403953552,0.060445718467235565,0.0029025492258369923,0.2902549225836992,0.033260345458984375,21.252956069362785,0.6868517398834229,0.6868517398834229,0.23720407485961914,0.5685142874717712,0.23446135222911835,0.3133200705051422,0.07885871827602386,0.3133200705051422,True,0.9667396545410156,0.9065747261047363,0.07885871827602386,0.9206466674804688,,,0.6027202924425163,0.0,0.9206466674804688,0.7361503592412427,0.11481517553329468,0.11481517553329468,15.639047961686858,0.16521428754915604,6.096227645874023,a cvpr on the billboard,0.23446135222911835,0.3012670874595642,0.3133200705051422,0.07885871827602386,0.3133200705051422,"0,0,512,512",0.2367527335882187,0.009162100963294506,/cluster/users/grad/2025/25t8103/project/data/flowedit_compatible_118/eval_masks/fe_222_sign_1_cvpr_eval_mask.png,fixed_eval_mask,0.0,0.0,0.0,0.0,ledits_pp,ledits_pp,,0.0656929686665535,0.0656929686665535,20.655893501185524,0.09272681118649531,,/cluster/users/grad/2025/25t8103/project/outputs/flowedit118_metric_runs/fe_222_sign_1_cvpr/ledits_pp/seed_10/result.png,10.114521980285645,fe_222_sign_1_cvpr/ledits_pp/seed_10,,10,/cluster/users/grad/2025/25t8103/project/_baselines/src/FlowEdit/Data/Images/sign.png,0.1109171211719513,"A large white billboard with a bold message written in black letters. The message reads, ""LOVE IS ALL YOU NEED."" The billboard is prominently displayed in the scene, capturing the viewer''s attention.",15.88177622146079,0.16066126750738044,0.7251156786819647,0.7251156786819647,"A large white billboard with a bold message written in black letters. The message reads, ""CVPR IS ALL YOU NEED."" The billboard is prominently displayed in the scene, capturing the viewer''s attention.",fe_222_sign_1_cvpr
0.0,0.0,0.0,0.0,0.0,0.0,0.0,0.0,0.0,0.0,31,0.9999999403953552,0.03597477450966835,0.001514687668532133,0.1514687668532133,0.033260345458984375,25.393965981491885,0.7819919586181641,0.7819919586181641,0.0015009623020887375,0.986687958240509,0.35782986879348755,0.2767951786518097,-0.08103469014167786,0.2767951786518097,True,0.9667396545410156,0.9747899770736694,-0.08103469014167786,0.9206466674804688,,,0.6523887886994475,0.0,0.9206466674804688,0.8062334778032834,0.04227684438228607,0.04227684438228607,25.807185676539234,0.05124372786646357,8.6355562210083,a eccv on the billboard,0.35782986879348755,0.22687813639640808,0.2767951786518097,-0.08103469014167786,0.2767951786518097,"0,0,512,512",0.03028305619955063,0.003938380628824234,/cluster/users/grad/2025/25t8103/project/data/flowedit_compatible_118/eval_masks/fe_223_sign_2_eccv_eval_mask.png,fixed_eval_mask,0.0,0.0,0.0,0.0,instruct_pix2pix,instruct_pix2pix,,0.03896583616733551,0.03896583616733551,25.18202702484452,0.05506791694884161,,/cluster/users/grad/2025/25t8103/project/outputs/flowedit118_metric_runs/fe_223_sign_2_eccv/instruct_pix2pix/seed_10/result.png,13.236824989318848,fe_223_sign_2_eccv/instruct_pix2pix/seed_10,,10,/cluster/users/grad/2025/25t8103/project/_baselines/src/FlowEdit/Data/Images/sign.png,0.042014092206954956,"A large white billboard with a bold message written in black letters. The message reads, ""LOVE IS ALL YOU NEED."" The billboard is prominently displayed in the scene, capturing the viewer''s attention.",25.754155822357504,0.05155754255175054,0.9198136732241603,0.9198136732241603,"A large white billboard with a bold message written in black letters. The message reads, ""ECCV IS ALL YOU NEED."" The billboard is prominently displayed in the scene, capturing the viewer''s attention.",fe_223_sign_2_eccv
0.0,0.0,0.0,0.0,0.0,0.0,0.0,0.0,0.0,0.0,31,0.9999999403953552,0.05434649437665939,0.0028483860660344362,0.2848386066034436,0.033260345458984375,21.981351820033396,0.7042995095252991,0.7042995095252991,0.33901065587997437,0.5976384878158569,0.22878678143024445,0.3447471857070923,0.11596040427684784,0.3447471857070923,True,0.9667396545410156,0.8812780380249023,0.11596040427684784,0.9206466674804688,,,0.6345624703634516,0.0,0.9206466674804688,0.728911668917967,0.11194584518671036,0.11194584518671036,15.643664439527903,0.16512650086538755,5.911468982696533,a eccv on the billboard,0.22878678143024445,0.3085731863975525,0.3447471857070923,0.11596040427684784,0.3447471857070923,"0,0,512,512",0.24436098337173462,0.008192652836441994,/cluster/users/grad/2025/25t8103/project/data/flowedit_compatible_118/eval_masks/fe_223_sign_2_eccv_eval_mask.png,fixed_eval_mask,0.0,0.0,0.0,0.0,ledits_pp,ledits_pp,,0.05925511196255684,0.05925511196255684,21.51800060559731,0.08396532430375966,,/cluster/users/grad/2025/25t8103/project/outputs/flowedit118_metric_runs/fe_223_sign_2_eccv/ledits_pp/seed_10/result.png,9.315818786621094,fe_223_sign_2_eccv/ledits_pp/seed_10,,10,/cluster/users/grad/2025/25t8103/project/_baselines/src/FlowEdit/Data/Images/sign.png,0.10776468366384506,"A large white billboard with a bold message written in black letters. The message reads, ""LOVE IS ALL YOU NEED."" The billboard is prominently displayed in the scene, capturing the viewer''s attention.",15.907009991391444,0.16019520053334058,0.7136355481422519,0.7136355481422519,"A large white billboard with a bold message written in black letters. The message reads, ""ECCV IS ALL YOU NEED."" The billboard is prominently displayed in the scene, capturing the viewer''s attention.",fe_223_sign_2_eccv
0.0,0.0,0.0,0.0,0.0,0.0,0.0,0.0,0.0,0.0,31,0.9999999403953552,0.05061517655849457,0.0023480921518057585,0.23480921518057585,0.033260345458984375,22.20699320132816,0.7344824075698853,0.7344824075698853,0.018635373562574387,0.984750509262085,0.3572227656841278,0.27151113748550415,-0.08571162819862366,0.27151113748550415,True,0.9667396545410156,0.955680251121521,-0.08571162819862366,0.9206466674804688,,,0.6642316771581536,0.0,0.9206466674804688,0.79986492197794,0.07182636857032776,0.07182636857032776,21.43177327805729,0.08480302341643604,8.91418743133545,a iccv on the billboard,0.3572227656841278,0.22945937514305115,0.27151113748550415,-0.08571162819862366,0.27151113748550415,"0,0,512,512",0.04648001864552498,0.005651364102959633,/cluster/users/grad/2025/25t8103/project/data/flowedit_compatible_118/eval_masks/fe_224_sign_3_iccv_eval_mask.png,fixed_eval_mask,0.0,0.0,0.0,0.0,instruct_pix2pix,instruct_pix2pix,,0.05047447234392166,0.05047447234392166,22.948162520374403,0.07121834448054092,,/cluster/users/grad/2025/25t8103/project/outputs/flowedit118_metric_runs/fe_224_sign_3_iccv/instruct_pix2pix/seed_10/result.png,13.42029857635498,fe_224_sign_3_iccv/instruct_pix2pix/seed_10,,10,/cluster/users/grad/2025/25t8103/project/_baselines/src/FlowEdit/Data/Images/sign.png,0.07013201713562012,"A large white billboard with a bold message written in black letters. The message reads, ""LOVE IS ALL YOU NEED."" The billboard is prominently displayed in the scene, capturing the viewer''s attention.",21.534549191006384,0.08380550365489767,0.9041288226526982,0.9041288226526982,"A large white billboard with a bold message written in black letters. The message reads, ""ICCV IS ALL YOU NEED."" The billboard is prominently displayed in the scene, capturing the viewer''s attention.",fe_224_sign_3_iccv
0.0,0.0,0.0,0.0,0.0,0.0,0.0,0.0,0.0,0.0,31,0.9999999403953552,0.05988259240984917,0.0035877302289009094,0.35877302289009094,0.033260345458984375,21.17784389350142,0.6555048823356628,0.6555048823356628,0.18647941946983337,0.7262241840362549,0.29589420557022095,0.29276034235954285,-0.0031338632106781006,0.29276034235954285,True,0.9667396545410156,0.8594399094581604,-0.0031338632106781006,0.9206466674804688,,,0.5183002848284689,0.0,0.9206466674804688,0.7276064671710685,0.1313907355070114,0.1313907355070114,15.14182461009961,0.17494791439344476,5.102232456207275,a iccv on the billboard,0.29589420557022095,0.25827449560165405,0.29276034235954285,-0.0031338632106781006,0.29276034235954285,"0,0,512,512",0.3408083915710449,0.010513948276638985,/cluster/users/grad/2025/25t8103/project/data/flowedit_compatible_118/eval_masks/fe_224_sign_3_iccv_eval_mask.png,fixed_eval_mask,0.0,0.0,0.0,0.0,ledits_pp,ledits_pp,,0.06588689237833023,0.06588689237833023,20.33412700701302,0.09622626955700556,,/cluster/users/grad/2025/25t8103/project/outputs/flowedit118_metric_runs/fe_224_sign_3_iccv/ledits_pp/seed_10/result.png,9.844162940979004,fe_224_sign_3_iccv/ledits_pp/seed_10,,10,/cluster/users/grad/2025/25t8103/project/_baselines/src/FlowEdit/Data/Images/sign.png,0.1261928230524063,"A large white billboard with a bold message written in black letters. The message reads, ""LOVE IS ALL YOU NEED."" The billboard is prominently displayed in the scene, capturing the viewer''s attention.",15.389099683792688,0.170037619314942,0.6873850267814439,0.6873850267814439,"A large white billboard with a bold message written in black letters. The message reads, ""ICCV IS ALL YOU NEED."" The billboard is prominently displayed in the scene, capturing the viewer''s attention.",fe_224_sign_3_iccv
0.0,0.0,0.0,0.0,0.0,0.0,0.0,0.0,0.0,0.0,31,0.9999999403953552,0.04392990097403526,0.0020323705393821,0.20323705393821,0.033260345458984375,24.03477271952657,0.7681064009666443,0.7681064009666443,-0.055920690298080444,0.9916839599609375,0.3562522232532501,0.30859988927841187,-0.04765233397483826,0.30859988927841187,True,0.9667396545410156,0.9769945740699768,-0.04765233397483826,0.9206466674804688,,,0.6472480945776168,0.0,0.9206466674804688,0.8077541414258604,0.030249636620283127,0.030249636620283127,28.126414996404947,0.03923550530683223,8.938947677612305,a flow on the billboard,0.3562522232532501,0.22918018698692322,0.30859988927841187,-0.04765233397483826,0.30859988927841187,"0,0,512,512",0.02740274928510189,0.004726020153611898,/cluster/users/grad/2025/25t8103/project/data/flowedit_compatible_118/eval_masks/fe_225_sign_4_flow_eval_mask.png,fixed_eval_mask,0.0,0.0,0.0,0.0,instruct_pix2pix,instruct_pix2pix,,0.045976728200912476,0.045976728200912476,24.01778009749396,0.06296670899147946,,/cluster/users/grad/2025/25t8103/project/outputs/flowedit118_metric_runs/fe_225_sign_4_flow/instruct_pix2pix/seed_10/result.png,13.810697555541992,fe_225_sign_4_flow/instruct_pix2pix/seed_10,,10,/cluster/users/grad/2025/25t8103/project/_baselines/src/FlowEdit/Data/Images/sign.png,0.03149762377142906,"A large white billboard with a bold message written in black letters. The message reads, ""LOVE IS ALL YOU NEED."" The billboard is prominently displayed in the scene, capturing the viewer''s attention.",27.614805367575805,0.04161594219584234,0.9207456023836144,0.9207456023836144,"A large white billboard with a bold message written in black letters. The message reads, ""FLOW IS ALL YOU NEED."" The billboard is prominently displayed in the scene, capturing the viewer''s attention.",fe_225_sign_4_flow
0.0,0.0,0.0,0.0,0.0,0.0,0.0,0.0,0.0,0.0,31,0.9999999403953552,0.05419761687517166,0.002694039372727275,0.2694039372727275,0.033260345458984375,22.172055859648246,0.7238101959228516,0.7238101959228516,0.13285937905311584,0.641909122467041,0.2815314829349518,0.28701984882354736,0.005488365888595581,0.28701984882354736,True,0.9667396545410156,0.8667867183685303,0.005488365888595581,0.9206466674804688,,,0.6241114156983443,0.0,0.9206466674804688,0.7227171399922102,0.12571805715560913,0.12571805715560913,15.459802151214294,0.1686591442440117,4.929476737976074,a flow on the billboard,0.2815314829349518,0.2348613142967224,0.28701984882354736,0.005488365888595581,0.28701984882354736,"0,0,512,512",0.29135552048683167,0.008777008391916752,/cluster/users/grad/2025/25t8103/project/data/flowedit_compatible_118/eval_masks/fe_225_sign_4_flow_eval_mask.png,fixed_eval_mask,0.0,0.0,0.0,0.0,ledits_pp,ledits_pp,,0.060825034976005554,0.060825034976005554,21.251739948319916,0.08657908716667113,,/cluster/users/grad/2025/25t8103/project/outputs/flowedit118_metric_runs/fe_225_sign_4_flow/ledits_pp/seed_10/result.png,7.898392200469971,fe_225_sign_4_flow/ledits_pp/seed_10,,10,/cluster/users/grad/2025/25t8103/project/_baselines/src/FlowEdit/Data/Images/sign.png,0.12056857347488403,"A large white billboard with a bold message written in black letters. The message reads, ""LOVE IS ALL YOU NEED."" The billboard is prominently displayed in the scene, capturing the viewer''s attention.",15.721334283432665,0.1636565101075887,0.7054335395149038,0.7054335395149038,"A large white billboard with a bold message written in black letters. The message reads, ""FLOW IS ALL YOU NEED."" The billboard is prominently displayed in the scene, capturing the viewer''s attention.",fe_225_sign_4_flow
0.0,0.0,0.0,0.0,0.0,0.0,0.0,0.0,0.0,0.0,31,0.8778249025344849,0.11672734469175339,0.2461242377758026,24.61242377758026,0.6632728576660156,16.2009706873429,0.784975528717041,0.784975528717041,0.06265708804130554,0.9838377237319946,0.22598546743392944,0.14205902814865112,-0.08392643928527832,0.14205902814865112,True,0.3367271423339844,0.8573112487792969,-0.08392643928527832,0.2891960144042969,,,2.510863213654715,0.0,0.2891960144042969,0.2896677263193996,0.10293692350387573,0.10293692350387573,17.998494331431893,0.12591436610238813,4.870279788970947,a cvpr on the sign,0.22448401153087616,0.1521715521812439,0.13514137268066406,-0.0893426388502121,0.13514137268066406,"161,0,512,470",0.27187418937683105,0.2480413019657135,/cluster/users/grad/2025/25t8103/project/data/flowedit_compatible_118/eval_masks/fe_235_stop_1_cvpr_eval_mask.png,fixed_eval_mask,0.0,0.0,0.0,0.0,instruct_pix2pix,instruct_pix2pix,,0.11249956488609314,0.11249956488609314,16.422351620542255,0.15096713699192946,,/cluster/users/grad/2025/25t8103/project/outputs/flowedit118_metric_runs/fe_235_stop_1_cvpr/instruct_pix2pix/seed_10/result.png,1.939683437347412,fe_235_stop_1_cvpr/instruct_pix2pix/seed_10,,10,/cluster/users/grad/2025/25t8103/project/_baselines/src/FlowEdit/Data/Images/stop.png,0.10973411798477173,A stop sign prominently placed in a field of yellow flowers.,16.822493447887734,0.14417014246216184,0.8147126797001004,0.8147126797001004,A sign that says CVPR prominently placed in a field of yellow flowers.,fe_235_stop_1_cvpr
0.0,0.0,0.0,0.0,0.0,0.0,0.0,0.0,0.0,0.0,31,0.9353578090667725,0.05752669647336006,0.08882685005664825,8.882685005664825,0.6632728576660156,22.23032584877281,0.969781756401062,0.969781756401062,0.22028355300426483,0.535552978515625,0.16926220059394836,0.2778480350971222,0.10858583450317383,0.2778480350971222,True,0.3367271423339844,0.9256598949432373,0.10858583450317383,0.2891960144042969,,,3.4196249399112886,0.0,0.2891960144042969,0.12645922095738085,0.052847687155008316,0.052847687155008316,19.10434328452125,0.11086203231207488,4.285889148712158,a cvpr on the sign,0.1906432956457138,0.24946074187755585,0.2714976966381073,0.0808544009923935,0.2714976966381073,"161,0,512,470",0.11097190529108047,0.08843705803155899,/cluster/users/grad/2025/25t8103/project/data/flowedit_compatible_118/eval_masks/fe_235_stop_1_cvpr_eval_mask.png,fixed_eval_mask,0.0,0.0,0.0,0.0,ledits_pp,ledits_pp,,0.056360915303230286,0.056360915303230286,22.404344442231082,0.07581982503377582,,/cluster/users/grad/2025/25t8103/project/outputs/flowedit118_metric_runs/fe_235_stop_1_cvpr/ledits_pp/seed_10/result.png,1.2533214092254639,fe_235_stop_1_cvpr/ledits_pp/seed_10,,10,/cluster/users/grad/2025/25t8103/project/_baselines/src/FlowEdit/Data/Images/stop.png,0.05534490570425987,A stop sign prominently placed in a field of yellow flowers.,21.16878559072143,0.08740991953831251,0.9303365713986289,0.9303365713986289,A sign that says CVPR prominently placed in a field of yellow flowers.,fe_235_stop_1_cvpr
0.0,0.0,0.0,0.0,0.0,0.0,0.0,0.0,0.0,0.0,31,0.9527301788330078,0.043409984558820724,0.09754213690757751,9.754213690757751,0.6632728576660156,23.175696757696148,0.9225264191627502,0.9225264191627502,0.025046244263648987,0.9437294006347656,0.24834281206130981,0.19183826446533203,-0.05650454759597778,0.19183826446533203,True,0.3367271423339844,0.9385405778884888,-0.05650454759597778,0.2891960144042969,,,3.611275968559679,0.0,0.2891960144042969,0.32191898273337644,0.095851831138134,0.095851831138134,17.01790856837796,0.140962817483091,6.742751121520996,a iccv on the sign,0.24314412474632263,0.20597907900810242,0.20430141687393188,-0.03884270787239075,0.20430141687393188,"161,0,512,470",0.15238720178604126,0.09938772022724152,/cluster/users/grad/2025/25t8103/project/data/flowedit_compatible_118/eval_masks/fe_236_stop_2_iccv_eval_mask.png,fixed_eval_mask,0.0,0.0,0.0,0.0,instruct_pix2pix,instruct_pix2pix,,0.042891617864370346,0.042891617864370346,23.31109260190904,0.06830387928225046,,/cluster/users/grad/2025/25t8103/project/outputs/flowedit118_metric_runs/fe_236_stop_2_iccv/instruct_pix2pix/seed_10/result.png,1.867138147354126,fe_236_stop_2_iccv/instruct_pix2pix/seed_10,,10,/cluster/users/grad/2025/25t8103/project/_baselines/src/FlowEdit/Data/Images/stop.png,0.05820750072598457,A stop sign prominently placed in a field of yellow flowers.,20.427436916344682,0.09519807227685105,0.8745491662877267,0.8745491662877267,A sign that says ICCV prominently placed in a field of yellow flowers.,fe_236_stop_2_iccv
0.0,0.0,0.0,0.0,0.0,0.0,0.0,0.0,0.0,0.0,31,0.9311310648918152,0.06412102282047272,0.104667067527771,10.4667067527771,0.6632728576660156,21.706702707899204,0.9665446281433105,0.9665446281433105,0.16146233677864075,0.5776177644729614,0.16131427884101868,0.23496633768081665,0.07365205883979797,0.23496633768081665,True,0.3367271423339844,0.45695480704307556,0.07365205883979797,0.2891960144042969,,,2.890384339731642,0.0,0.2891960144042969,0.14689161203519277,0.09372512251138687,0.09372512251138687,15.224054345997708,0.17329948922660934,3.0143744945526123,a iccv on the sign,0.18374040722846985,0.21112719178199768,0.21403110027313232,0.030290693044662476,0.21403110027313232,"161,0,512,470",0.2119317203760147,0.10498363524675369,/cluster/users/grad/2025/25t8103/project/data/flowedit_compatible_118/eval_masks/fe_236_stop_2_iccv_eval_mask.png,fixed_eval_mask,0.0,0.0,0.0,0.0,ledits_pp,ledits_pp,,0.06297910213470459,0.06297910213470459,21.867313455141243,0.0806555630360154,,/cluster/users/grad/2025/25t8103/project/outputs/flowedit118_metric_runs/fe_236_stop_2_iccv/ledits_pp/seed_10/result.png,1.0428974628448486,fe_236_stop_2_iccv/ledits_pp/seed_10,,10,/cluster/users/grad/2025/25t8103/project/_baselines/src/FlowEdit/Data/Images/stop.png,0.07187071442604065,A stop sign prominently placed in a field of yellow flowers.,18.758430551039098,0.11536616935314292,0.8911472482538614,0.8911472482538614,A sign that says ICCV prominently placed in a field of yellow flowers.,fe_236_stop_2_iccv
0.0,0.0,0.0,0.0,0.0,0.0,0.0,0.0,0.0,0.0,31,0.9794867038726807,0.015280665829777718,0.015315159223973751,1.531515922397375,0.6632728576660156,34.10715519293967,0.9808170199394226,0.9808170199394226,0.0024003395810723305,0.9880772829055786,0.22826266288757324,0.17105504870414734,-0.0572076141834259,0.17105504870414734,True,0.3367271423339844,0.9876430034637451,-0.0572076141834259,0.2891960144042969,,,3.451863720101168,0.0,0.2891960144042969,0.25616335360303916,0.03267417103052139,0.03267417103052139,25.454348025044116,0.05336820535285267,5.014834403991699,a eccv on the sign,0.22499847412109375,0.17186984419822693,0.16614407300949097,-0.05885440111160278,0.16614407300949097,"161,0,512,470",0.02865622006356716,0.01536724902689457,/cluster/users/grad/2025/25t8103/project/data/flowedit_compatible_118/eval_masks/fe_237_stop_3_eccv_eval_mask.png,fixed_eval_mask,0.0,0.0,0.0,0.0,instruct_pix2pix,instruct_pix2pix,,0.015330280177295208,0.015330280177295208,34.06133267099784,0.019812230245874005,,/cluster/users/grad/2025/25t8103/project/outputs/flowedit118_metric_runs/fe_237_stop_3_eccv/instruct_pix2pix/seed_10/result.png,1.452790379524231,fe_237_stop_3_eccv/instruct_pix2pix/seed_10,,10,/cluster/users/grad/2025/25t8103/project/_baselines/src/FlowEdit/Data/Images/stop.png,0.020346062257885933,A stop sign prominently placed in a field of yellow flowers.,29.575480299815172,0.03320672036788174,0.9719002520552563,0.9719002520552563,A sign that says ECCV prominently placed in a field of yellow flowers.,fe_237_stop_3_eccv
0.0,0.0,0.0,0.0,0.0,0.0,0.0,0.0,0.0,0.0,31,0.9409312009811401,0.05719776079058647,0.09008833765983582,9.008833765983582,0.6632728576660156,22.421201681764728,0.9696391820907593,0.9696391820907593,0.22343257069587708,0.5077289938926697,0.15570160746574402,0.3070562481880188,0.15135464072227478,0.3070562481880188,True,0.3367271423339844,0.651373028755188,0.15135464072227478,0.2891960144042969,,,3.358871834708832,0.0,0.2891960144042969,0.11631557425703394,0.08119288831949234,0.08119288831949234,15.837163090162669,0.16148859107129276,3.8977911472320557,a eccv on the sign,0.1786986142396927,0.256132572889328,0.28481370210647583,0.10611508786678314,0.28481370210647583,"161,0,512,470",0.17599378526210785,0.08963608741760254,/cluster/users/grad/2025/25t8103/project/data/flowedit_compatible_118/eval_masks/fe_237_stop_3_eccv_eval_mask.png,fixed_eval_mask,0.0,0.0,0.0,0.0,ledits_pp,ledits_pp,,0.056147243827581406,0.056147243827581406,22.59384005767254,0.07418361572563388,,/cluster/users/grad/2025/25t8103/project/outputs/flowedit118_metric_runs/fe_237_stop_3_eccv/ledits_pp/seed_10/result.png,1.1604465246200562,fe_237_stop_3_eccv/ledits_pp/seed_10,,10,/cluster/users/grad/2025/25t8103/project/_baselines/src/FlowEdit/Data/Images/stop.png,0.0633903443813324,A stop sign prominently placed in a field of yellow flowers.,19.410609669536633,0.10702112612911052,0.9014103618993314,0.9014103618993314,A sign that says ECCV prominently placed in a field of yellow flowers.,fe_237_stop_3_eccv
0.0,0.0,0.0,0.0,0.0,0.0,0.0,0.0,0.0,0.0,31,0.992286205291748,0.024736907333135605,0.019027646631002426,1.9027646631002426,0.7422637939453125,30.537634732801813,0.9842320084571838,0.9842320084571838,0.0173715278506279,0.9956764578819275,0.27031567692756653,0.21804821491241455,-0.05226746201515198,0.21804821491241455,True,0.2577362060546875,0.9953836798667908,-0.05226746201515198,0.20154571533203125,,,4.59754470291577,0.0,0.20154571533203125,0.41931332096755874,0.033591464161872864,0.033591464161872864,27.104285560434636,0.04413526331568647,6.004960060119629,a cvpr on the sign,0.2649293541908264,0.1768174171447754,0.21013042330741882,-0.05479893088340759,0.21013042330741882,"64,0,455,342",0.012195518240332603,0.014000046998262405,/cluster/users/grad/2025/25t8103/project/data/flowedit_compatible_118/eval_masks/fe_238_stop_arrow_1_cvpr_eval_mask.png,fixed_eval_mask,0.0,0.0,0.0,0.0,instruct_pix2pix,instruct_pix2pix,,0.02484455518424511,0.02484455518424511,30.522593290403194,0.029776272856071335,,/cluster/users/grad/2025/25t8103/project/outputs/flowedit118_metric_runs/fe_238_stop_arrow_1_cvpr/instruct_pix2pix/seed_10/result.png,1.3061232566833496,fe_238_stop_arrow_1_cvpr/instruct_pix2pix/seed_10,,10,/cluster/users/grad/2025/25t8103/project/_baselines/src/FlowEdit/Data/Images/stop_arrow.png,0.02660745196044445,A stop sign above a blue sign with arrow pointing up.,29.583997550850288,0.03317417432353408,0.9802897575554971,0.9802897575554971,A sign that says CVPR above a blue sign with arrow pointing up.,fe_238_stop_arrow_1_cvpr
0.0,0.0,0.0,0.0,0.0,0.0,0.0,0.0,0.0,0.0,31,0.82716304063797,0.04268065094947815,0.07163988053798676,7.1639880537986755,0.7422637939453125,21.974614447714742,0.9479655623435974,0.9479655623435974,0.1276925802230835,0.6962968111038208,0.24991972744464874,0.2701394557952881,0.020219728350639343,0.2701394557952881,True,0.2577362060546875,0.7663836479187012,0.020219728350639343,0.20154571533203125,,,4.114986058408977,0.0,0.20154571533203125,0.4536661997955862,0.08892625570297241,0.08892625570297241,16.390910861005455,0.15151459069423667,4.726846218109131,a cvpr on the sign,0.2633141279220581,0.3105093836784363,0.3140871524810791,0.050773024559020996,0.3140871524810791,"64,0,455,342",0.10376618802547455,0.0698365718126297,/cluster/users/grad/2025/25t8103/project/data/flowedit_compatible_118/eval_masks/fe_238_stop_arrow_1_cvpr_eval_mask.png,fixed_eval_mask,0.0,0.0,0.0,0.0,ledits_pp,ledits_pp,,0.04188281297683716,0.04188281297683716,22.13695405548608,0.07819019517991198,,/cluster/users/grad/2025/25t8103/project/outputs/flowedit118_metric_runs/fe_238_stop_arrow_1_cvpr/ledits_pp/seed_10/result.png,1.1486907005310059,fe_238_stop_arrow_1_cvpr/ledits_pp/seed_10,,10,/cluster/users/grad/2025/25t8103/project/_baselines/src/FlowEdit/Data/Images/stop_arrow.png,0.05136420950293541,A stop sign above a blue sign with arrow pointing up.,20.218955666005463,0.09751068710785721,0.9079562442483884,0.9079562442483884,A sign that says CVPR above a blue sign with arrow pointing up.,fe_238_stop_arrow_1_cvpr
0.0,0.0,0.0,0.0,0.0,0.0,0.0,0.0,0.0,0.0,31,0.971164882183075,0.0700102299451828,0.09902552515268326,9.902552515268326,0.7422637939453125,21.31121322146935,0.9602203369140625,0.9602203369140625,0.026069888845086098,0.9588338136672974,0.24685463309288025,0.21044164896011353,-0.036412984132766724,0.21044164896011353,True,0.2577362060546875,0.9718185663223267,-0.036412984132766724,0.20154571533203125,,,4.328747845065827,0.0,0.20154571533203125,0.4222659650982322,0.08936188369989395,0.08936188369989395,19.386148607050533,0.10732294208576047,6.745372772216797,a iccv on the sign,0.266676664352417,0.19527791440486908,0.22224435210227966,-0.04443231225013733,0.22224435210227966,"64,0,455,342",0.06465964019298553,0.08813074976205826,/cluster/users/grad/2025/25t8103/project/data/flowedit_compatible_118/eval_masks/fe_239_stop_arrow_2_iccv_eval_mask.png,fixed_eval_mask,0.0,0.0,0.0,0.0,instruct_pix2pix,instruct_pix2pix,,0.07084878534078598,0.07084878534078598,21.306331049297373,0.08603664119794244,,/cluster/users/grad/2025/25t8103/project/outputs/flowedit118_metric_runs/fe_239_stop_arrow_2_iccv/instruct_pix2pix/seed_10/result.png,1.558273434638977,fe_239_stop_arrow_2_iccv/instruct_pix2pix/seed_10,,10,/cluster/users/grad/2025/25t8103/project/_baselines/src/FlowEdit/Data/Images/stop_arrow.png,0.07458002120256424,A stop sign above a blue sign with arrow pointing up.,20.845027303967193,0.09072952449821453,0.9561486367750673,0.9561486367750673,A sign that says ICCV above a blue sign with arrow pointing up.,fe_239_stop_arrow_2_iccv
0.0,0.0,0.0,0.0,0.0,0.0,0.0,0.0,0.0,0.0,31,0.877596914768219,0.04686286300420761,0.07649731636047363,7.649731636047363,0.7422637939453125,21.8041929852632,0.9506164789199829,0.9506164789199829,0.04300085827708244,0.813330888748169,0.25475677847862244,0.22707059979438782,-0.02768617868423462,0.22707059979438782,True,0.2577362060546875,0.6139402389526367,-0.02768617868423462,0.20154571533203125,,,2.639828907277763,0.0,0.20154571533203125,0.4348904114774577,0.1252262443304062,0.1252262443304062,14.771861783450124,0.18256053963927363,2.588273525238037,a iccv on the sign,0.26320695877075195,0.21653339266777039,0.2353738248348236,-0.027833133935928345,0.2353738248348236,"64,0,455,342",0.14422065019607544,0.07246749103069305,/cluster/users/grad/2025/25t8103/project/data/flowedit_compatible_118/eval_masks/fe_239_stop_arrow_2_iccv_eval_mask.png,fixed_eval_mask,0.0,0.0,0.0,0.0,ledits_pp,ledits_pp,,0.04616285860538483,0.04616285860538483,21.934161357867737,0.08003720831503615,,/cluster/users/grad/2025/25t8103/project/outputs/flowedit118_metric_runs/fe_239_stop_arrow_2_iccv/ledits_pp/seed_10/result.png,0.9804701805114746,fe_239_stop_arrow_2_iccv/ledits_pp/seed_10,,10,/cluster/users/grad/2025/25t8103/project/_baselines/src/FlowEdit/Data/Images/stop_arrow.png,0.06209774315357208,A stop sign above a blue sign with arrow pointing up.,19.26940070374357,0.10877521861697037,0.8989766297569485,0.8989766297569485,A sign that says ICCV above a blue sign with arrow pointing up.,fe_239_stop_arrow_2_iccv
0.0,0.0,0.0,0.0,0.0,0.0,0.0,0.0,0.0,0.0,31,0.9932869076728821,0.017425863072276115,0.014413781464099884,1.4413781464099884,0.7422637939453125,32.703664708421186,0.9845923185348511,0.9845923185348511,0.005323272198438644,0.9955155253410339,0.2676638662815094,0.22309662401676178,-0.04456724226474762,0.22309662401676178,True,0.2577362060546875,0.9959951639175415,-0.04456724226474762,0.20154571533203125,,,4.3155212053869425,0.0,0.20154571533203125,0.4185373055229587,0.02916007488965988,0.02916007488965988,28.384047585627915,0.03808882897967333,6.261900901794434,a eccv on the sign,0.2620757818222046,0.1879248321056366,0.2160312831401825,-0.046044498682022095,0.2160312831401825,"64,0,455,342",0.01015854999423027,0.011371316388249397,/cluster/users/grad/2025/25t8103/project/data/flowedit_compatible_118/eval_masks/fe_240_stop_arrow_3_eccv_eval_mask.png,fixed_eval_mask,0.0,0.0,0.0,0.0,instruct_pix2pix,instruct_pix2pix,,0.01785457320511341,0.01785457320511341,32.583736271223934,0.023486223339552897,,/cluster/users/grad/2025/25t8103/project/outputs/flowedit118_metric_runs/fe_240_stop_arrow_3_eccv/instruct_pix2pix/seed_10/result.png,1.4510184526443481,fe_240_stop_arrow_3_eccv/instruct_pix2pix/seed_10,,10,/cluster/users/grad/2025/25t8103/project/_baselines/src/FlowEdit/Data/Images/stop_arrow.png,0.020133143290877342,A stop sign above a blue sign with arrow pointing up.,31.350005041251197,0.027070716327487265,0.9813280339977863,0.9813280339977863,A sign that says ECCV above a blue sign with arrow pointing up.,fe_240_stop_arrow_3_eccv
0.0,0.0,0.0,0.0,0.0,0.0,0.0,0.0,0.0,0.0,31,0.9312046766281128,0.04189831018447876,0.05604791268706322,5.604791268706322,0.7422637939453125,22.974213276827165,0.955106258392334,0.955106258392334,0.09718693047761917,0.8787820935249329,0.26049429178237915,0.24648413062095642,-0.01401016116142273,0.24648413062095642,True,0.2577362060546875,0.7484006285667419,-0.01401016116142273,0.20154571533203125,,,2.395383374598988,0.0,0.20154571533203125,0.43456864897603814,0.12337248027324677,0.12337248027324677,14.519628292080295,0.18793972428644945,3.007018804550171,a eccv on the sign,0.26502275466918945,0.22026261687278748,0.2555387020111084,-0.009484052658081055,0.2555387020111084,"64,0,455,342",0.12512555718421936,0.05349348485469818,/cluster/users/grad/2025/25t8103/project/data/flowedit_compatible_118/eval_masks/fe_240_stop_arrow_3_eccv_eval_mask.png,fixed_eval_mask,0.0,0.0,0.0,0.0,ledits_pp,ledits_pp,,0.04119193181395531,0.04119193181395531,23.10897561320566,0.06991191838410622,,/cluster/users/grad/2025/25t8103/project/outputs/flowedit118_metric_runs/fe_240_stop_arrow_3_eccv/ledits_pp/seed_10/result.png,1.25533926486969,fe_240_stop_arrow_3_eccv/ledits_pp/seed_10,,10,/cluster/users/grad/2025/25t8103/project/_baselines/src/FlowEdit/Data/Images/stop_arrow.png,0.05775507912039757,A stop sign above a blue sign with arrow pointing up.,19.577611487568575,0.10498310795504971,0.9025046380149898,0.9025046380149898,A sign that says ECCV above a blue sign with arrow pointing up.,fe_240_stop_arrow_3_eccv
0.0,0.0,0.0,0.0,0.0,0.0,0.0,0.0,0.0,0.0,31,0.9936271905899048,0.02028806321322918,0.011763231828808784,1.1763231828808784,0.7422637939453125,32.15585957590606,0.9833247661590576,0.9833247661590576,-0.04049868881702423,0.9936635494232178,0.2679927945137024,0.226602241396904,-0.0413905531167984,0.226602241396904,True,0.2577362060546875,0.991309642791748,-0.0413905531167984,0.20154571533203125,,,4.494311594337711,0.0,0.20154571533203125,0.41848052390506113,0.03685500845313072,0.03685500845313072,22.841100377668234,0.07210161309917831,6.7675371170043945,a love on the sign,0.2621971070766449,0.15742173790931702,0.2137381136417389,-0.048458993434906006,0.2137381136417389,"64,0,455,342",0.01548108272254467,0.009371474385261536,/cluster/users/grad/2025/25t8103/project/data/flowedit_compatible_118/eval_masks/fe_241_stop_arrow_4_love_eval_mask.png,fixed_eval_mask,0.0,0.0,0.0,0.0,instruct_pix2pix,instruct_pix2pix,,0.020376460626721382,0.020376460626721382,32.133554471454595,0.024735590153426423,,/cluster/users/grad/2025/25t8103/project/outputs/flowedit118_metric_runs/fe_241_stop_arrow_4_love/instruct_pix2pix/seed_10/result.png,1.5058006048202515,fe_241_stop_arrow_4_love/instruct_pix2pix/seed_10,,10,/cluster/users/grad/2025/25t8103/project/_baselines/src/FlowEdit/Data/Images/stop_arrow.png,0.023697635158896446,A stop sign above a blue sign with arrow pointing up.,28.13524611627955,0.03919563404650504,0.9723641404043256,0.9723641404043256,A sign that says LOVE above a blue sign with arrow pointing up.,fe_241_stop_arrow_4_love
0.0,0.0,0.0,0.0,0.0,0.0,0.0,0.0,0.0,0.0,31,0.8231037259101868,0.0683288723230362,0.1608279049396515,16.08279049396515,0.7422637939453125,18.45076435475328,0.9274558424949646,0.9274558424949646,0.2580171823501587,0.7311535477638245,0.14767912030220032,0.24215492606163025,0.09447580575942993,0.24215492606163025,True,0.2577362060546875,0.3994225561618805,0.09447580575942993,0.20154571533203125,,,1.7838416721501014,0.0,0.20154571533203125,0.44921830639361016,0.1366727650165558,0.1366727650165558,12.033027554420821,0.25023532758871475,1.7561116218566895,a love on the sign,0.15706095099449158,0.22211796045303345,0.24327516555786133,0.08621421456336975,0.24327516555786133,"64,0,455,342",0.25903743505477905,0.16204112768173218,/cluster/users/grad/2025/25t8103/project/data/flowedit_compatible_118/eval_masks/fe_241_stop_arrow_4_love_eval_mask.png,fixed_eval_mask,0.0,0.0,0.0,0.0,ledits_pp,ledits_pp,,0.06768875569105148,0.06768875569105148,18.392874922160914,0.12032510626379243,,/cluster/users/grad/2025/25t8103/project/outputs/flowedit118_metric_runs/fe_241_stop_arrow_4_love/ledits_pp/seed_10/result.png,0.984454870223999,fe_241_stop_arrow_4_love/ledits_pp/seed_10,,10,/cluster/users/grad/2025/25t8103/project/_baselines/src/FlowEdit/Data/Images/stop_arrow.png,0.08159217983484268,A stop sign above a blue sign with arrow pointing up.,16.165353282248223,0.15550069552638598,0.8633699141853269,0.8633699141853269,A sign that says LOVE above a blue sign with arrow pointing up.,fe_241_stop_arrow_4_love
0.0,0.0,0.0,0.0,0.0,0.0,0.0,0.0,0.0,0.0,31,0.9923315048217773,0.03134216368198395,0.02701852098107338,2.701852098107338,0.7422637939453125,28.88559491550774,0.9827423095703125,0.9827423095703125,-0.04026477038860321,0.9954026341438293,0.2675449252128601,0.20717056095600128,-0.060374364256858826,0.20717056095600128,True,0.2577362060546875,0.9951059818267822,-0.060374364256858826,0.20154571533203125,,,4.2068429671913306,0.0,0.20154571533203125,0.41787485331415375,0.03845038637518883,0.03845038637518883,26.514141890669585,0.0472381526735815,6.128496170043945,a home on the sign,0.2629114091396332,0.16427555680274963,0.19618406891822815,-0.06672734022140503,0.19618406891822815,"64,0,455,342",0.011914752423763275,0.018879365175962448,/cluster/users/grad/2025/25t8103/project/data/flowedit_compatible_118/eval_masks/fe_242_stop_arrow_5_home_eval_mask.png,fixed_eval_mask,0.0,0.0,0.0,0.0,instruct_pix2pix,instruct_pix2pix,,0.03152947127819061,0.03152947127819061,28.84844196832216,0.036105877270482443,,/cluster/users/grad/2025/25t8103/project/outputs/flowedit118_metric_runs/fe_242_stop_arrow_5_home/instruct_pix2pix/seed_10/result.png,1.4567922353744507,fe_242_stop_arrow_5_home/instruct_pix2pix/seed_10,,10,/cluster/users/grad/2025/25t8103/project/_baselines/src/FlowEdit/Data/Images/stop_arrow.png,0.0329243466258049,A stop sign above a blue sign with arrow pointing up.,28.266300475897083,0.03860868200108979,0.9789210516222565,0.9789210516222565,A sign that says HOME above a blue sign with arrow pointing up.,fe_242_stop_arrow_5_home
0.0,0.0,0.0,0.0,0.0,0.0,0.0,0.0,0.0,0.0,31,0.7380359172821045,0.06398580968379974,0.17343765497207642,17.34376549720764,0.7422637939453125,18.57561042291565,0.9329133033752441,0.9329133033752441,0.17936131358146667,0.7241101264953613,0.17440839111804962,0.19656039774417877,0.02215200662612915,0.19656039774417877,True,0.2577362060546875,0.22952023148536682,0.02215200662612915,0.20154571533203125,,,4.68343839333329,0.0,0.20154571533203125,0.46383010939925046,0.15501029789447784,0.15501029789447784,11.829012682608433,0.2561824447857115,2.2972159385681152,a home on the sign,0.15866060554981232,0.2171425223350525,0.18250542879104614,0.023844823241233826,0.18250542879104614,"64,0,455,342",0.28723323345184326,0.17530536651611328,/cluster/users/grad/2025/25t8103/project/data/flowedit_compatible_118/eval_masks/fe_242_stop_arrow_5_home_eval_mask.png,fixed_eval_mask,0.0,0.0,0.0,0.0,ledits_pp,ledits_pp,,0.06327901780605316,0.06327901780605316,18.656210806438928,0.11673187453362333,,/cluster/users/grad/2025/25t8103/project/outputs/flowedit118_metric_runs/fe_242_stop_arrow_5_home/ledits_pp/seed_10/result.png,0.49049773812294006,fe_242_stop_arrow_5_home/ledits_pp/seed_10,,10,/cluster/users/grad/2025/25t8103/project/_baselines/src/FlowEdit/Data/Images/stop_arrow.png,0.08176705986261368,A stop sign above a blue sign with arrow pointing up.,16.17850660376503,0.15526539403846978,0.8623859638972018,0.8623859638972018,A sign that says HOME above a blue sign with arrow pointing up.,fe_242_stop_arrow_5_home
0.0,0.0,0.0,0.0,0.0,0.0,0.0,0.0,0.0,0.0,31,0.7041710615158081,0.03495486453175545,0.07895109802484512,7.895109802484512,0.7422637939453125,20.802624985060348,0.9440274238586426,0.9440274238586426,0.2688101828098297,0.7595493793487549,0.203781858086586,0.26016464829444885,0.056382790207862854,0.26016464829444885,True,0.2577362060546875,0.6820436716079712,0.056382790207862854,0.20154571533203125,,,3.9431690621455,0.0,0.20154571533203125,0.41492220918348033,0.0518391951918602,0.0518391951918602,21.74868494431468,0.08176468214307502,8.237692832946777,a beer on the sign,0.21569597721099854,0.2241668701171875,0.2451540231704712,0.029458045959472656,0.2451540231704712,"64,0,455,342",0.09283130615949631,0.07783950865268707,/cluster/users/grad/2025/25t8103/project/data/flowedit_compatible_118/eval_masks/fe_243_stop_arrow_6_beer_eval_mask.png,fixed_eval_mask,0.0,0.0,0.0,0.0,instruct_pix2pix,instruct_pix2pix,,0.03497255966067314,0.03497255966067314,20.843733783355958,0.0907430371323942,,/cluster/users/grad/2025/25t8103/project/outputs/flowedit118_metric_runs/fe_243_stop_arrow_6_beer/instruct_pix2pix/seed_10/result.png,2.089104652404785,fe_243_stop_arrow_6_beer/instruct_pix2pix/seed_10,,10,/cluster/users/grad/2025/25t8103/project/_baselines/src/FlowEdit/Data/Images/stop_arrow.png,0.03837196156382561,A stop sign above a blue sign with arrow pointing up.,21.011575918616018,0.08900639352008066,0.935807682344377,0.935807682344377,A sign that says BEER above a blue sign with arrow pointing up.,fe_243_stop_arrow_6_beer
0.0,0.0,0.0,0.0,0.0,0.0,0.0,0.0,0.0,0.0,31,0.6918416023254395,0.06897436082363129,0.16889800131320953,16.889800131320953,0.7422637939453125,17.533394276761328,0.9095458984375,0.9095458984375,0.2908055782318115,0.5844886302947998,0.0854489728808403,0.20484960079193115,0.11940062791109085,0.20484960079193115,True,0.2577362060546875,0.12567898631095886,0.11940062791109085,0.20154571533203125,,,6.193175307241518,0.0,0.20154571533203125,0.39351553923609794,0.15540967881679535,0.15540967881679535,12.45614890589551,0.23833759610964467,3.6420514583587646,a beer on the sign,0.11670349538326263,0.19593581557273865,0.22440646588802338,0.10770297050476074,0.22440646588802338,"64,0,455,342",0.2617127299308777,0.17103682458400726,/cluster/users/grad/2025/25t8103/project/data/flowedit_compatible_118/eval_masks/fe_243_stop_arrow_6_beer_eval_mask.png,fixed_eval_mask,0.0,0.0,0.0,0.0,ledits_pp,ledits_pp,,0.06807626783847809,0.06807626783847809,17.683855154480828,0.13055912844932438,,/cluster/users/grad/2025/25t8103/project/outputs/flowedit118_metric_runs/fe_243_stop_arrow_6_beer/ledits_pp/seed_10/result.png,0.5880749821662903,fe_243_stop_arrow_6_beer/ledits_pp/seed_10,,10,/cluster/users/grad/2025/25t8103/project/_baselines/src/FlowEdit/Data/Images/stop_arrow.png,0.08567795157432556,A stop sign above a blue sign with arrow pointing up.,16.01036947715383,0.1583002228112228,0.8494162030046261,0.8494162030046261,A sign that says BEER above a blue sign with arrow pointing up.,fe_243_stop_arrow_6_beer
0.0,0.0,0.0,0.0,0.0,0.0,0.0,0.0,0.0,0.0,31,0.9498929381370544,0.03722113370895386,0.11499352753162384,11.499352753162384,0.3474884033203125,27.658239662220275,0.9816099405288696,0.9816099405288696,-0.09607191383838654,0.920048713684082,0.353323757648468,0.19740211963653564,-0.15592163801193237,0.19740211963653564,True,0.6525115966796875,0.7069789171218872,-0.15592163801193237,0.56072998046875,,,157.6969361040099,0.0,0.56072998046875,0.0037008816806356807,0.07381165772676468,0.07381165772676468,20.436912403253707,0.0950942767787111,6.539376258850098,a cvpr on the sticker,0.353323757648468,0.1905669867992401,0.19740211963653564,-0.15592163801193237,0.19740211963653564,"0,0,512,512",0.0940408781170845,0.11534234881401062,/cluster/users/grad/2025/25t8103/project/data/flowedit_compatible_118/eval_masks/fe_244_stop_sticker_1_cvpr_eval_mask.png,fixed_eval_mask,0.0,0.0,0.0,0.0,instruct_pix2pix,instruct_pix2pix,,0.03793732449412346,0.03793732449412346,27.539987372077658,0.04197595942552322,,/cluster/users/grad/2025/25t8103/project/outputs/flowedit118_metric_runs/fe_244_stop_sticker_1_cvpr/instruct_pix2pix/seed_10/result.png,0.041467998176813126,fe_244_stop_sticker_1_cvpr/instruct_pix2pix/seed_10,,10,/cluster/users/grad/2025/25t8103/project/_baselines/src/FlowEdit/Data/Images/stop_sticker.png,0.058053139597177505,A STOP! sticker with a red and yellow color scheme which is placed on a white background.,22.332435083288168,0.07645013309614374,0.9495071451009435,0.9495071451009435,A CVPR! sticker with a red and yellow color scheme which is placed on a white background.,fe_244_stop_sticker_1_cvpr
0.0,0.0,0.0,0.0,0.0,0.0,0.0,0.0,0.0,0.0,31,0.9583842754364014,0.04778125882148743,0.10904610902070999,10.904610902071,0.3474884033203125,25.546432508625223,0.9742465019226074,0.9742465019226074,0.27134498953819275,0.4476231038570404,0.13764166831970215,0.2600959241390228,0.12245425581932068,0.2600959241390228,True,0.6525115966796875,0.18770702183246613,0.12245425581932068,0.56072998046875,,,2.5459824129527973,0.0,0.56072998046875,0.0014762708174594537,0.11420165747404099,0.11420165747404099,15.231092551976428,0.1731591209379466,1.713131070137024,a cvpr on the sticker,0.13764166831970215,0.26329952478408813,0.2600959241390228,0.12245425581932068,0.2600959241390228,"0,0,512,512",0.29480108618736267,0.10107336938381195,/cluster/users/grad/2025/25t8103/project/data/flowedit_compatible_118/eval_masks/fe_244_stop_sticker_1_cvpr_eval_mask.png,fixed_eval_mask,0.0,0.0,0.0,0.0,ledits_pp,ledits_pp,,0.04694240912795067,0.04694240912795067,25.640645634627028,0.05223573599847221,,/cluster/users/grad/2025/25t8103/project/outputs/flowedit118_metric_runs/fe_244_stop_sticker_1_cvpr/ledits_pp/seed_10/result.png,0.672876238822937,fe_244_stop_sticker_1_cvpr/ledits_pp/seed_10,,10,/cluster/users/grad/2025/25t8103/project/_baselines/src/FlowEdit/Data/Images/stop_sticker.png,0.08465670794248581,A STOP! sticker with a red and yellow color scheme which is placed on a white background.,17.444488345014175,0.13420712802604898,0.8075138780921248,0.8075138780921248,A CVPR! sticker with a red and yellow color scheme which is placed on a white background.,fe_244_stop_sticker_1_cvpr
0.0,0.0,0.0,0.0,0.0,0.0,0.0,0.0,0.0,0.0,31,0.9450628757476807,0.053030796349048615,0.1356886923313141,13.568869233131409,0.3474884033203125,24.7125886786066,0.9805119633674622,0.9805119633674622,-0.07136255502700806,0.9326506853103638,0.34782230854034424,0.21577027440071106,-0.13205203413963318,0.21577027440071106,True,0.6525115966796875,0.8501800298690796,-0.13205203413963318,0.56072998046875,,,286.56089141499285,0.0,0.56072998046875,0.0054288668771089585,0.06639473885297775,0.06639473885297775,21.919796299509073,0.08016968644704434,6.249919414520264,a eccv on the sticker,0.34782230854034424,0.20127226412296295,0.21577027440071106,-0.13205203413963318,0.21577027440071106,"0,0,512,512",0.08341746032238007,0.13196493685245514,/cluster/users/grad/2025/25t8103/project/data/flowedit_compatible_118/eval_masks/fe_245_stop_sticker_2_eccv_eval_mask.png,fixed_eval_mask,0.0,0.0,0.0,0.0,instruct_pix2pix,instruct_pix2pix,,0.05377182736992836,0.05377182736992836,24.638684134822547,0.058622696799383665,,/cluster/users/grad/2025/25t8103/project/outputs/flowedit118_metric_runs/fe_245_stop_sticker_2_eccv/instruct_pix2pix/seed_10/result.png,0.02181009203195572,fe_245_stop_sticker_2_eccv/instruct_pix2pix/seed_10,,10,/cluster/users/grad/2025/25t8103/project/_baselines/src/FlowEdit/Data/Images/stop_sticker.png,0.0608498640358448,A STOP! sticker with a red and yellow color scheme which is placed on a white background.,22.912803410274588,0.07150885587502247,0.9633885743056604,0.9633885743056604,A ECCV! sticker with a red and yellow color scheme which is placed on a white background.,fe_245_stop_sticker_2_eccv
0.0,0.0,0.0,0.0,0.0,0.0,0.0,0.0,0.0,0.0,31,0.955957293510437,0.04731694981455803,0.10959232598543167,10.959232598543167,0.3474884033203125,25.799040170382796,0.9740886688232422,0.9740886688232422,0.21844300627708435,0.58986496925354,0.14950577914714813,0.1852872222661972,0.03578144311904907,0.1852872222661972,True,0.6525115966796875,0.16558976471424103,0.03578144311904907,0.56072998046875,,,2.6959337496723235,0.0,0.56072998046875,0.0005510503973005334,0.10801150649785995,0.10801150649785995,15.909142040484856,0.1601558836490814,1.8463294506072998,a eccv on the sticker,0.14950577914714813,0.18933674693107605,0.1852872222661972,0.03578144311904907,0.1852872222661972,"0,0,512,512",0.2791433334350586,0.09539905935525894,/cluster/users/grad/2025/25t8103/project/data/flowedit_compatible_118/eval_masks/fe_245_stop_sticker_2_eccv_eval_mask.png,fixed_eval_mask,0.0,0.0,0.0,0.0,ledits_pp,ledits_pp,,0.04583780840039253,0.04583780840039253,26.015140290782533,0.05003143799277089,,/cluster/users/grad/2025/25t8103/project/outputs/flowedit118_metric_runs/fe_245_stop_sticker_2_eccv/ledits_pp/seed_10/result.png,0.6848571300506592,fe_245_stop_sticker_2_eccv/ledits_pp/seed_10,,10,/cluster/users/grad/2025/25t8103/project/_baselines/src/FlowEdit/Data/Images/stop_sticker.png,0.08070046454668045,A STOP! sticker with a red and yellow color scheme which is placed on a white background.,18.101665080492104,0.12442760618381285,0.8144243956802262,0.8144243956802262,A ECCV! sticker with a red and yellow color scheme which is placed on a white background.,fe_245_stop_sticker_2_eccv
0.0,0.0,0.0,0.0,0.0,0.0,0.0,0.0,0.0,0.0,31,0.9365648031234741,0.05412289500236511,0.13911224901676178,13.911224901676178,0.3474884033203125,24.69199001134088,0.9804826378822327,0.9804826378822327,-0.07961085438728333,0.9169842004776001,0.3435680866241455,0.20933294296264648,-0.13423514366149902,0.20933294296264648,True,0.6525115966796875,0.7270655632019043,-0.13423514366149902,0.56072998046875,,,277.74877976313996,0.0,0.56072998046875,0.005231577228692718,0.08136405050754547,0.08136405050754547,19.851036897867694,0.1017297916674719,6.282431125640869,a iccv on the sticker,0.3435680866241455,0.2170085608959198,0.20933294296264648,-0.13423514366149902,0.20933294296264648,"0,0,512,512",0.10480789095163345,0.13432469964027405,/cluster/users/grad/2025/25t8103/project/data/flowedit_compatible_118/eval_masks/fe_246_stop_sticker_3_iccv_eval_mask.png,fixed_eval_mask,0.0,0.0,0.0,0.0,instruct_pix2pix,instruct_pix2pix,,0.054829373955726624,0.054829373955726624,24.61570884597497,0.058777966592809386,,/cluster/users/grad/2025/25t8103/project/outputs/flowedit118_metric_runs/fe_246_stop_sticker_3_iccv/instruct_pix2pix/seed_10/result.png,0.022619113326072693,fe_246_stop_sticker_3_iccv/instruct_pix2pix/seed_10,,10,/cluster/users/grad/2025/25t8103/project/_baselines/src/FlowEdit/Data/Images/stop_sticker.png,0.06970817595720291,A STOP! sticker with a red and yellow color scheme which is placed on a white background.,21.354544218041585,0.08556039661949236,0.9490227621503969,0.9490227621503969,A ICCV! sticker with a red and yellow color scheme which is placed on a white background.,fe_246_stop_sticker_3_iccv
0.0,0.0,0.0,0.0,0.0,0.0,0.0,0.0,0.0,0.0,31,0.9560571312904358,0.04821433871984482,0.11029118299484253,11.029118299484253,0.3474884033203125,25.51828133679702,0.9737516641616821,0.9737516641616821,0.21177227795124054,0.5716719627380371,0.11481135338544846,0.15723010897636414,0.04241875559091568,0.15723010897636414,True,0.6525115966796875,0.13796310126781464,0.04241875559091568,0.56072998046875,,,2.064532966062481,0.0,0.56072998046875,2.040927397409383e-05,0.12032335251569748,0.12032335251569748,15.06162574436087,0.1765707301019318,1.4108028411865234,a iccv on the sticker,0.11481135338544846,0.17390763759613037,0.15723010897636414,0.04241875559091568,0.15723010897636414,"0,0,512,512",0.3086717426776886,0.10119478404521942,/cluster/users/grad/2025/25t8103/project/data/flowedit_compatible_118/eval_masks/fe_246_stop_sticker_3_iccv_eval_mask.png,fixed_eval_mask,0.0,0.0,0.0,0.0,ledits_pp,ledits_pp,,0.04733676090836525,0.04733676090836525,25.606587044653114,0.05244096173288066,,/cluster/users/grad/2025/25t8103/project/outputs/flowedit118_metric_runs/fe_246_stop_sticker_3_iccv/ledits_pp/seed_10/result.png,0.6833520531654358,fe_246_stop_sticker_3_iccv/ledits_pp/seed_10,,10,/cluster/users/grad/2025/25t8103/project/_baselines/src/FlowEdit/Data/Images/stop_sticker.png,0.08826252818107605,A STOP! sticker with a red and yellow color scheme which is placed on a white background.,17.28390150902678,0.13671146100913714,0.8050782602417892,0.8050782602417892,A ICCV! sticker with a red and yellow color scheme which is placed on a white background.,fe_246_stop_sticker_3_iccv
0.0,0.0,0.0,0.0,0.0,0.0,0.0,0.0,0.0,0.0,31,0.9358783960342407,0.19311833381652832,0.1822396069765091,18.22396069765091,0.39011383056640625,12.078421109828923,0.6637228727340698,0.6637228727340698,-0.05743885785341263,0.7727632522583008,0.3057861924171448,0.275124728679657,-0.030661463737487793,0.275124728679657,True,0.6098861694335938,0.8153777122497559,-0.030661463737487793,0.520050048828125,,,1.776064234212429,0.0,0.520050048828125,0.00045478551728184966,0.2509717345237732,0.2509717345237732,10.322978357220356,0.3046850057646556,3.0082719326019287,a home on the neon sign,0.3057861924171448,0.24418018758296967,0.275124728679657,-0.030661463737487793,0.275124728679657,"0,0,512,512",0.45760640501976013,0.21623864769935608,/cluster/users/grad/2025/25t8103/project/data/flowedit_compatible_118/eval_masks/fe_247_this_must_be_the_place_1_home_eval_mask.png,fixed_eval_mask,0.0,0.0,0.0,0.0,instruct_pix2pix,instruct_pix2pix,,0.18779465556144714,0.18779465556144714,12.290161627941963,0.2429360235810714,,/cluster/users/grad/2025/25t8103/project/outputs/flowedit118_metric_runs/fe_247_this_must_be_the_place_1_home/instruct_pix2pix/seed_10/result.png,1.693785548210144,fe_247_this_must_be_the_place_1_home/instruct_pix2pix/seed_10,,10,/cluster/users/grad/2025/25t8103/project/_baselines/src/FlowEdit/Data/Images/this_must_be_the_place.png,0.22064989805221558,"A large, colorful wall with a neon sign that reads ""this must be the place.""",11.157518401823701,0.2767732286164152,0.6361279882931868,0.6361279882931868,"A large, colorful wall with a neon sign that reads ""home must be the place.""",fe_247_this_must_be_the_place_1_home
0.0,0.0,0.0,0.0,0.0,0.0,0.0,0.0,0.0,0.0,31,0.9602877497673035,0.07549270242452621,0.12288986146450043,12.288986146450043,0.39011383056640625,19.521162214591797,0.8829965591430664,0.8829965591430664,0.1560051292181015,0.5736123919487,0.14889498054981232,0.2041400969028473,0.05524511635303497,0.2041400969028473,True,0.6098861694335938,0.24282044172286987,0.05524511635303497,0.520050048828125,,,2.42288257228072,0.0,0.520050048828125,0.10694794906402207,0.11657749861478806,0.11657749861478806,15.368684548287243,0.1704377422575843,4.644492149353027,a home on the neon sign,0.14889498054981232,0.17279216647148132,0.2041400969028473,0.05524511635303497,0.2041400969028473,"0,0,512,512",0.35604149103164673,0.16342633962631226,/cluster/users/grad/2025/25t8103/project/data/flowedit_compatible_118/eval_masks/fe_247_this_must_be_the_place_1_home_eval_mask.png,fixed_eval_mask,0.0,0.0,0.0,0.0,ledits_pp,ledits_pp,,0.0768083930015564,0.0768083930015564,19.471070649131175,0.10627875727781427,,/cluster/users/grad/2025/25t8103/project/outputs/flowedit118_metric_runs/fe_247_this_must_be_the_place_1_home/ledits_pp/seed_10/result.png,1.9169282913208008,fe_247_this_must_be_the_place_1_home/ledits_pp/seed_10,,10,/cluster/users/grad/2025/25t8103/project/_baselines/src/FlowEdit/Data/Images/this_must_be_the_place.png,0.09749030321836472,"A large, colorful wall with a neon sign that reads ""this must be the place.""",16.87652063769828,0.14327617148506339,0.7940490719126758,0.7940490719126758,"A large, colorful wall with a neon sign that reads ""home must be the place.""",fe_247_this_must_be_the_place_1_home
0.0,0.0,0.0,0.0,0.0,0.0,0.0,0.0,0.0,0.0,31,0.9557802677154541,0.18074913322925568,0.15035419166088104,15.035419166088104,0.39011383056640625,13.067347021596571,0.727514922618866,0.727514922618866,-0.05855522304773331,0.95652174949646,0.28888508677482605,0.2365148812532425,-0.05237020552158356,0.2365148812532425,True,0.6098861694335938,0.839141845703125,-0.05237020552158356,0.520050048828125,,,3.26641767098345,0.0,0.520050048828125,0.00040343876533067307,0.22893022000789642,0.22893022000789642,11.06138247230522,0.27985358608048083,3.972966432571411,a cvpr on the neon sign,0.28888508677482605,0.220633864402771,0.2365148812532425,-0.05237020552158356,0.2365148812532425,"0,0,512,512",0.322563111782074,0.16277846693992615,/cluster/users/grad/2025/25t8103/project/data/flowedit_compatible_118/eval_masks/fe_248_this_must_be_the_place_2_cvpr_eval_mask.png,fixed_eval_mask,0.0,0.0,0.0,0.0,instruct_pix2pix,instruct_pix2pix,,0.17742961645126343,0.17742961645126343,13.242627083121295,0.2177051214653502,,/cluster/users/grad/2025/25t8103/project/outputs/flowedit118_metric_runs/fe_248_this_must_be_the_place_2_cvpr/instruct_pix2pix/seed_10/result.png,1.2163069248199463,fe_248_this_must_be_the_place_2_cvpr/instruct_pix2pix/seed_10,,10,/cluster/users/grad/2025/25t8103/project/_baselines/src/FlowEdit/Data/Images/this_must_be_the_place.png,0.2042125016450882,"A large, colorful wall with a neon sign that reads ""this must be the place.""",11.973852236621138,0.2519459538585133,0.7188539711971959,0.7188539711971959,"A large, colorful wall with a neon sign that reads ""cvpr must be the place.""",fe_248_this_must_be_the_place_2_cvpr
0.0,0.0,0.0,0.0,0.0,0.0,0.0,0.0,0.0,0.0,31,0.9585244059562683,0.07351774722337723,0.09590977430343628,9.590977430343628,0.39011383056640625,19.72223211437558,0.8934836387634277,0.8934836387634277,0.0812465101480484,0.5446699857711792,0.11107201874256134,0.13480335474014282,0.023731335997581482,0.13480335474014282,True,0.6098861694335938,0.36759239435195923,0.023731335997581482,0.520050048828125,,,1.8569038007639158,0.0,0.520050048828125,0.07779766445631126,0.11035940051078796,0.11035940051078796,15.777379652251915,0.16260392231365892,3.617783546447754,a cvpr on the neon sign,0.11107201874256134,0.17883701622486115,0.13480335474014282,0.023731335997581482,0.13480335474014282,"0,0,512,512",0.3307163417339325,0.1299208402633667,/cluster/users/grad/2025/25t8103/project/data/flowedit_compatible_118/eval_masks/fe_248_this_must_be_the_place_2_cvpr_eval_mask.png,fixed_eval_mask,0.0,0.0,0.0,0.0,ledits_pp,ledits_pp,,0.07391809672117233,0.07391809672117233,19.76594798733403,0.10273125665522734,,/cluster/users/grad/2025/25t8103/project/outputs/flowedit118_metric_runs/fe_248_this_must_be_the_place_2_cvpr/ledits_pp/seed_10/result.png,1.948288083076477,fe_248_this_must_be_the_place_2_cvpr/ledits_pp/seed_10,,10,/cluster/users/grad/2025/25t8103/project/_baselines/src/FlowEdit/Data/Images/this_must_be_the_place.png,0.09286937117576599,"A large, colorful wall with a neon sign that reads ""this must be the place.""",17.25486585673174,0.137169232031996,0.7970475335256603,0.7970475335256603,"A large, colorful wall with a neon sign that reads ""cvpr must be the place.""",fe_248_this_must_be_the_place_2_cvpr
0.0,0.0,0.0,0.0,0.0,0.0,0.0,0.0,0.0,0.0,31,0.9548500180244446,0.1905878484249115,0.15829738974571228,15.829738974571228,0.39011383056640625,12.136366946330634,0.6996079087257385,0.6996079087257385,-0.07717148214578629,0.9589031934738159,0.2920369505882263,0.25324684381484985,-0.038790106773376465,0.25324684381484985,True,0.6098861694335938,0.8401570916175842,-0.038790106773376465,0.520050048828125,,,3.398705100514281,0.0,0.520050048828125,0.0001246992547385717,0.2569896876811981,0.2569896876811981,10.042070365990162,0.31469981071916797,3.9253551959991455,a eccv on the neon sign,0.2920369505882263,0.21770992875099182,0.25324684381484985,-0.038790106773376465,0.25324684381484985,"0,0,512,512",0.3416052460670471,0.17126616835594177,/cluster/users/grad/2025/25t8103/project/data/flowedit_compatible_118/eval_masks/fe_249_this_must_be_the_place_3_eccv_eval_mask.png,fixed_eval_mask,0.0,0.0,0.0,0.0,instruct_pix2pix,instruct_pix2pix,,0.18716013431549072,0.18716013431549072,12.303829430570119,0.2425540488269067,,/cluster/users/grad/2025/25t8103/project/outputs/flowedit118_metric_runs/fe_249_this_must_be_the_place_3_eccv/instruct_pix2pix/seed_10/result.png,1.1549561023712158,fe_249_this_must_be_the_place_3_eccv/instruct_pix2pix/seed_10,,10,/cluster/users/grad/2025/25t8103/project/_baselines/src/FlowEdit/Data/Images/this_must_be_the_place.png,0.22347497940063477,"A large, colorful wall with a neon sign that reads ""this must be the place.""",10.983221711221125,0.2823832383906553,0.6772738374194981,0.6772738374194981,"A large, colorful wall with a neon sign that reads ""eccv must be the place.""",fe_249_this_must_be_the_place_3_eccv
0.0,0.0,0.0,0.0,0.0,0.0,0.0,0.0,0.0,0.0,31,0.9508193731307983,0.07058242708444595,0.08846341073513031,8.846341073513031,0.39011383056640625,19.88664563355137,0.9010723829269409,0.9010723829269409,0.15149164199829102,0.6137521266937256,0.13576529920101166,0.19902822375297546,0.0632629245519638,0.19902822375297546,True,0.6098861694335938,0.39997726678848267,0.0632629245519638,0.520050048828125,,,2.1982918081314917,0.0,0.520050048828125,0.04723901179508245,0.09891131520271301,0.09891131520271301,17.020302184773296,0.1409239769683784,4.389848232269287,a eccv on the neon sign,0.13576529920101166,0.2216445505619049,0.19902822375297546,0.0632629245519638,0.19902822375297546,"0,0,512,512",0.26809149980545044,0.11969099193811417,/cluster/users/grad/2025/25t8103/project/data/flowedit_compatible_118/eval_masks/fe_249_this_must_be_the_place_3_eccv_eval_mask.png,fixed_eval_mask,0.0,0.0,0.0,0.0,ledits_pp,ledits_pp,,0.07134690135717392,0.07134690135717392,19.92772731157176,0.10083554139934675,,/cluster/users/grad/2025/25t8103/project/outputs/flowedit118_metric_runs/fe_249_this_must_be_the_place_3_eccv/ledits_pp/seed_10/result.png,1.9969360828399658,fe_249_this_must_be_the_place_3_eccv/ledits_pp/seed_10,,10,/cluster/users/grad/2025/25t8103/project/_baselines/src/FlowEdit/Data/Images/this_must_be_the_place.png,0.08568175882101059,"A large, colorful wall with a neon sign that reads ""this must be the place.""",18.17927727509384,0.12332074401799305,0.8247513653663652,0.8247513653663652,"A large, colorful wall with a neon sign that reads ""eccv must be the place.""",fe_249_this_must_be_the_place_3_eccv
0.0,0.0,0.0,0.0,0.0,0.0,0.0,0.0,0.0,0.0,31,0.9160020351409912,0.24860306084156036,0.22103235125541687,22.103235125541687,0.39011383056640625,10.14610244908357,0.46806252002716064,0.46806252002716064,-0.06293561309576035,0.8373842835426331,0.32868003845214844,0.27786973118782043,-0.050810307264328,0.27786973118782043,True,0.6098861694335938,0.8111051321029663,-0.050810307264328,0.520050048828125,,,2.507793770226517,0.0,0.520050048828125,0.00030074526142831996,0.2985032796859741,0.2985032796859741,8.937485948420452,0.3573762624851061,3.592424154281616,a iccv on the neon sign,0.32868003845214844,0.2535296678543091,0.27786973118782043,-0.050810307264328,0.27786973118782043,"0,0,512,512",0.47875142097473145,0.25626927614212036,/cluster/users/grad/2025/25t8103/project/data/flowedit_compatible_118/eval_masks/fe_250_this_must_be_the_place_4_iccv_eval_mask.png,fixed_eval_mask,0.0,0.0,0.0,0.0,instruct_pix2pix,instruct_pix2pix,,0.24370840191841125,0.24370840191841125,10.299763958370864,0.30550041327315874,,/cluster/users/grad/2025/25t8103/project/outputs/flowedit118_metric_runs/fe_250_this_must_be_the_place_4_iccv/instruct_pix2pix/seed_10/result.png,1.4325038194656372,fe_250_this_must_be_the_place_4_iccv/instruct_pix2pix/seed_10,,10,/cluster/users/grad/2025/25t8103/project/_baselines/src/FlowEdit/Data/Images/this_must_be_the_place.png,0.2722044885158539,"A large, colorful wall with a neon sign that reads ""this must be the place.""",9.538420925485374,0.33348703441909805,0.4936966472534635,0.4936966472534635,"A large, colorful wall with a neon sign that reads ""iccv must be the place.""",fe_250_this_must_be_the_place_4_iccv
0.0,0.0,0.0,0.0,0.0,0.0,0.0,0.0,0.0,0.0,31,0.9571440815925598,0.07422751933336258,0.10677073895931244,10.677073895931244,0.39011383056640625,19.654702610532297,0.886547863483429,0.886547863483429,0.13042183220386505,0.5317822098731995,0.07717782258987427,0.14727699756622314,0.07009917497634888,0.14727699756622314,True,0.6098861694335938,0.22370252013206482,0.07009917497634888,0.520050048828125,,,2.4059856240476183,0.0,0.520050048828125,0.07128396220879056,0.11092209070920944,0.11092209070920944,15.763505831007931,0.1628638542827086,4.3872833251953125,a iccv on the neon sign,0.07717782258987427,0.20167994499206543,0.14727699756622314,0.07009917497634888,0.14727699756622314,"0,0,512,512",0.3191524147987366,0.1412586271762848,/cluster/users/grad/2025/25t8103/project/data/flowedit_compatible_118/eval_masks/fe_250_this_must_be_the_place_4_iccv_eval_mask.png,fixed_eval_mask,0.0,0.0,0.0,0.0,ledits_pp,ledits_pp,,0.07498859614133835,0.07498859614133835,19.65106981250329,0.10409898844215092,,/cluster/users/grad/2025/25t8103/project/outputs/flowedit118_metric_runs/fe_250_this_must_be_the_place_4_iccv/ledits_pp/seed_10/result.png,1.8234869241714478,fe_250_this_must_be_the_place_4_iccv/ledits_pp/seed_10,,10,/cluster/users/grad/2025/25t8103/project/_baselines/src/FlowEdit/Data/Images/this_must_be_the_place.png,0.09367582201957703,"A large, colorful wall with a neon sign that reads ""this must be the place.""",17.21356995941251,0.1378229374944528,0.7992525210411159,0.7992525210411159,"A large, colorful wall with a neon sign that reads ""iccv must be the place.""",fe_250_this_must_be_the_place_4_iccv
0.0,0.0,0.0,0.0,0.0,0.0,0.0,0.0,0.0,0.0,31,0.9950703382492065,0.029908478260040283,0.08795110881328583,8.795110881328583,0.3748130798339844,28.310559030526733,0.958244264125824,0.958244264125824,0.23354512453079224,0.6346172094345093,0.18804794549942017,0.24385571479797363,0.05580776929855347,0.24385571479797363,True,0.6251869201660156,0.1415540874004364,0.05580776929855347,0.5337486267089844,,,6.577885403130707,0.0,0.5337486267089844,0.00612497230540527,0.10694165527820587,0.10694165527820587,15.109339209944144,0.17560344816650666,5.903179168701172,a origami of a dog,0.18804794549942017,0.27340102195739746,0.24385571479797363,0.05580776929855347,0.24385571479797363,"0,0,512,512",0.36996039748191833,0.11557814478874207,/cluster/users/grad/2025/25t8103/project/data/flowedit_compatible_118/eval_masks/fe_266_yellow_bulldog_10_origami_lion_eval_mask.png,fixed_eval_mask,0.0,0.0,0.0,0.0,instruct_pix2pix,instruct_pix2pix,,0.031063063070178032,0.031063063070178032,27.964000180109135,0.0399760602510782,,/cluster/users/grad/2025/25t8103/project/outputs/flowedit118_metric_runs/fe_266_yellow_bulldog_10_origami_lion/instruct_pix2pix/seed_10/result.png,0.8974280953407288,fe_266_yellow_bulldog_10_origami_lion/instruct_pix2pix/seed_10,,10,/cluster/users/grad/2025/25t8103/project/_baselines/src/FlowEdit/Data/Images/yellow_bulldog.png,0.07156316190958023,"A small, yellow, shiny dog figurine positioned in the center of the scene, and it appears to be a decorative piece.",17.643682701270983,0.13116436617036362,0.7943426621753099,0.7943426621753099,"A small, yellow, origami lion positioned in the center of the scene, and it appears to be a decorative piece.",fe_266_yellow_bulldog_10_origami_lion
0.0,0.0,0.0,0.0,0.0,0.0,0.0,0.0,0.0,0.0,31,0.9971207976341248,0.044825151562690735,0.055798131972551346,5.579813197255135,0.3748130798339844,25.847099976672308,0.9762723445892334,0.9762723445892334,0.25046032667160034,0.6608468294143677,0.2080555260181427,0.2684340476989746,0.06037852168083191,0.2684340476989746,True,0.6251869201660156,0.14936117827892303,0.06037852168083191,0.5337486267089844,,,3.0727468478398485,0.0,0.5337486267089844,2.8587968753350152e-05,0.07526186108589172,0.07526186108589172,18.104797252377484,0.12438274510388189,3.1477885246276855,a origami of a dog,0.2080555260181427,0.2867124080657959,0.2684340476989746,0.06037852168083191,0.2684340476989746,"0,0,512,512",0.20632678270339966,0.06958012282848358,/cluster/users/grad/2025/25t8103/project/data/flowedit_compatible_118/eval_masks/fe_266_yellow_bulldog_10_origami_lion_eval_mask.png,fixed_eval_mask,0.0,0.0,0.0,0.0,ledits_pp,ledits_pp,,0.04415386542677879,0.04415386542677879,25.934199933555398,0.050499840138171714,,/cluster/users/grad/2025/25t8103/project/outputs/flowedit118_metric_runs/fe_266_yellow_bulldog_10_origami_lion/ledits_pp/seed_10/result.png,1.0244216918945312,fe_266_yellow_bulldog_10_origami_lion/ledits_pp/seed_10,,10,/cluster/users/grad/2025/25t8103/project/_baselines/src/FlowEdit/Data/Images/yellow_bulldog.png,0.06075771525502205,"A small, yellow, shiny dog figurine positioned in the center of the scene, and it appears to be a decorative piece.",20.24719229368609,0.09719420802403593,0.861750863476316,0.861750863476316,"A small, yellow, origami lion positioned in the center of the scene, and it appears to be a decorative piece.",fe_266_yellow_bulldog_10_origami_lion
0.0,0.0,0.0,0.0,0.0,0.0,0.0,0.0,0.0,0.0,31,0.9950703382492065,0.029908478260040283,0.08795110881328583,8.795110881328583,0.3748130798339844,28.310559030526733,0.958244264125824,0.958244264125824,0.29829341173171997,0.6346172094345093,0.18804794549942017,0.26448026299476624,0.07643231749534607,0.26448026299476624,True,0.6251869201660156,0.1415540874004364,0.07643231749534607,0.5337486267089844,,,6.577885403130707,0.0,0.5337486267089844,0.00612497230540527,0.10694165527820587,0.10694165527820587,15.109339209944144,0.17560344816650666,5.903179168701172,a origami of a dog,0.18804794549942017,0.27340102195739746,0.26448026299476624,0.07643231749534607,0.26448026299476624,"0,0,512,512",0.36996039748191833,0.11557814478874207,/cluster/users/grad/2025/25t8103/project/data/flowedit_compatible_118/eval_masks/fe_267_yellow_bulldog_11_origami_cat_eval_mask.png,fixed_eval_mask,0.0,0.0,0.0,0.0,instruct_pix2pix,instruct_pix2pix,,0.031063063070178032,0.031063063070178032,27.964000180109135,0.0399760602510782,,/cluster/users/grad/2025/25t8103/project/outputs/flowedit118_metric_runs/fe_267_yellow_bulldog_11_origami_cat/instruct_pix2pix/seed_10/result.png,0.8974280953407288,fe_267_yellow_bulldog_11_origami_cat/instruct_pix2pix/seed_10,,10,/cluster/users/grad/2025/25t8103/project/_baselines/src/FlowEdit/Data/Images/yellow_bulldog.png,0.07156316190958023,"A small, yellow, shiny dog figurine positioned in the center of the scene, and it appears to be a decorative piece.",17.643682701270983,0.13116436617036362,0.7943426621753099,0.7943426621753099,"A small, yellow, origami cat positioned in the center of the scene, and it appears to be a decorative piece.",fe_267_yellow_bulldog_11_origami_cat
0.0,0.0,0.0,0.0,0.0,0.0,0.0,0.0,0.0,0.0,31,0.9971207976341248,0.044825151562690735,0.055798131972551346,5.579813197255135,0.3748130798339844,25.847099976672308,0.9762723445892334,0.9762723445892334,0.2971760928630829,0.6608468294143677,0.2080555260181427,0.27796176075935364,0.06990623474121094,0.27796176075935364,True,0.6251869201660156,0.14936117827892303,0.06990623474121094,0.5337486267089844,,,3.0727468478398485,0.0,0.5337486267089844,2.8587968753350152e-05,0.07526186108589172,0.07526186108589172,18.104797252377484,0.12438274510388189,3.1477885246276855,a origami of a dog,0.2080555260181427,0.2867124080657959,0.27796176075935364,0.06990623474121094,0.27796176075935364,"0,0,512,512",0.20632678270339966,0.06958012282848358,/cluster/users/grad/2025/25t8103/project/data/flowedit_compatible_118/eval_masks/fe_267_yellow_bulldog_11_origami_cat_eval_mask.png,fixed_eval_mask,0.0,0.0,0.0,0.0,ledits_pp,ledits_pp,,0.04415386542677879,0.04415386542677879,25.934199933555398,0.050499840138171714,,/cluster/users/grad/2025/25t8103/project/outputs/flowedit118_metric_runs/fe_267_yellow_bulldog_11_origami_cat/ledits_pp/seed_10/result.png,1.0244216918945312,fe_267_yellow_bulldog_11_origami_cat/ledits_pp/seed_10,,10,/cluster/users/grad/2025/25t8103/project/_baselines/src/FlowEdit/Data/Images/yellow_bulldog.png,0.06075771525502205,"A small, yellow, shiny dog figurine positioned in the center of the scene, and it appears to be a decorative piece.",20.24719229368609,0.09719420802403593,0.861750863476316,0.861750863476316,"A small, yellow, origami cat positioned in the center of the scene, and it appears to be a decorative piece.",fe_267_yellow_bulldog_11_origami_cat
0.0,0.0,0.0,0.0,0.0,0.0,0.0,0.0,0.0,0.0,31,0.9950703382492065,0.029908478260040283,0.08795110881328583,8.795110881328583,0.3748130798339844,28.310559030526733,0.958244264125824,0.958244264125824,0.19864854216575623,0.6346172094345093,0.18804794549942017,0.2172238975763321,0.029175952076911926,0.2172238975763321,True,0.6251869201660156,0.1415540874004364,0.029175952076911926,0.5337486267089844,,,6.577885403130707,0.0,0.5337486267089844,0.00612497230540527,0.10694165527820587,0.10694165527820587,15.109339209944144,0.17560344816650666,5.903179168701172,a origami of a dog,0.18804794549942017,0.27340102195739746,0.2172238975763321,0.029175952076911926,0.2172238975763321,"0,0,512,512",0.36996039748191833,0.11557814478874207,/cluster/users/grad/2025/25t8103/project/data/flowedit_compatible_118/eval_masks/fe_268_yellow_bulldog_12_origami_bear_eval_mask.png,fixed_eval_mask,0.0,0.0,0.0,0.0,instruct_pix2pix,instruct_pix2pix,,0.031063063070178032,0.031063063070178032,27.964000180109135,0.0399760602510782,,/cluster/users/grad/2025/25t8103/project/outputs/flowedit118_metric_runs/fe_268_yellow_bulldog_12_origami_bear/instruct_pix2pix/seed_10/result.png,0.8974280953407288,fe_268_yellow_bulldog_12_origami_bear/instruct_pix2pix/seed_10,,10,/cluster/users/grad/2025/25t8103/project/_baselines/src/FlowEdit/Data/Images/yellow_bulldog.png,0.07156316190958023,"A small, yellow, shiny dog figurine positioned in the center of the scene, and it appears to be a decorative piece.",17.643682701270983,0.13116436617036362,0.7943426621753099,0.7943426621753099,"A small, yellow, origami bear positioned in the center of the scene, and it appears to be a decorative piece.",fe_268_yellow_bulldog_12_origami_bear
0.0,0.0,0.0,0.0,0.0,0.0,0.0,0.0,0.0,0.0,31,0.9971207976341248,0.044825151562690735,0.055798131972551346,5.579813197255135,0.3748130798339844,25.847099976672308,0.9762723445892334,0.9762723445892334,0.24133697152137756,0.6608468294143677,0.2080555260181427,0.2556670308113098,0.047611504793167114,0.2556670308113098,True,0.6251869201660156,0.14936117827892303,0.047611504793167114,0.5337486267089844,,,3.0727468478398485,0.0,0.5337486267089844,2.8587968753350152e-05,0.07526186108589172,0.07526186108589172,18.104797252377484,0.12438274510388189,3.1477885246276855,a origami of a dog,0.2080555260181427,0.2867124080657959,0.2556670308113098,0.047611504793167114,0.2556670308113098,"0,0,512,512",0.20632678270339966,0.06958012282848358,/cluster/users/grad/2025/25t8103/project/data/flowedit_compatible_118/eval_masks/fe_268_yellow_bulldog_12_origami_bear_eval_mask.png,fixed_eval_mask,0.0,0.0,0.0,0.0,ledits_pp,ledits_pp,,0.04415386542677879,0.04415386542677879,25.934199933555398,0.050499840138171714,,/cluster/users/grad/2025/25t8103/project/outputs/flowedit118_metric_runs/fe_268_yellow_bulldog_12_origami_bear/ledits_pp/seed_10/result.png,1.0244216918945312,fe_268_yellow_bulldog_12_origami_bear/ledits_pp/seed_10,,10,/cluster/users/grad/2025/25t8103/project/_baselines/src/FlowEdit/Data/Images/yellow_bulldog.png,0.06075771525502205,"A small, yellow, shiny dog figurine positioned in the center of the scene, and it appears to be a decorative piece.",20.24719229368609,0.09719420802403593,0.861750863476316,0.861750863476316,"A small, yellow, origami bear positioned in the center of the scene, and it appears to be a decorative piece.",fe_268_yellow_bulldog_12_origami_bear
0.0,0.0,0.0,0.0,0.0,0.0,0.0,0.0,0.0,0.0,31,0.9950703382492065,0.029908478260040283,0.08795110881328583,8.795110881328583,0.3748130798339844,28.310559030526733,0.958244264125824,0.958244264125824,0.19046151638031006,0.6346172094345093,0.18804794549942017,0.19082647562026978,0.0027785301208496094,0.19082647562026978,True,0.6251869201660156,0.1415540874004364,0.0027785301208496094,0.5337486267089844,,,6.577885403130707,0.0,0.5337486267089844,0.00612497230540527,0.10694165527820587,0.10694165527820587,15.109339209944144,0.17560344816650666,5.903179168701172,a origami of a dog,0.18804794549942017,0.27340102195739746,0.19082647562026978,0.0027785301208496094,0.19082647562026978,"0,0,512,512",0.36996039748191833,0.11557814478874207,/cluster/users/grad/2025/25t8103/project/data/flowedit_compatible_118/eval_masks/fe_269_yellow_bulldog_13_origami_deer_eval_mask.png,fixed_eval_mask,0.0,0.0,0.0,0.0,instruct_pix2pix,instruct_pix2pix,,0.031063063070178032,0.031063063070178032,27.964000180109135,0.0399760602510782,,/cluster/users/grad/2025/25t8103/project/outputs/flowedit118_metric_runs/fe_269_yellow_bulldog_13_origami_deer/instruct_pix2pix/seed_10/result.png,0.8974280953407288,fe_269_yellow_bulldog_13_origami_deer/instruct_pix2pix/seed_10,,10,/cluster/users/grad/2025/25t8103/project/_baselines/src/FlowEdit/Data/Images/yellow_bulldog.png,0.07156316190958023,"A small, yellow, shiny dog figurine positioned in the center of the scene, and it appears to be a decorative piece.",17.643682701270983,0.13116436617036362,0.7943426621753099,0.7943426621753099,"A small, yellow, origami deer positioned in the center of the scene, and it appears to be a decorative piece.",fe_269_yellow_bulldog_13_origami_deer
0.0,0.0,0.0,0.0,0.0,0.0,0.0,0.0,0.0,0.0,31,0.9971207976341248,0.044825151562690735,0.055798131972551346,5.579813197255135,0.3748130798339844,25.847099976672308,0.9762723445892334,0.9762723445892334,0.263548880815506,0.6608468294143677,0.2080555260181427,0.2469462752342224,0.03889074921607971,0.2469462752342224,True,0.6251869201660156,0.14936117827892303,0.03889074921607971,0.5337486267089844,,,3.0727468478398485,0.0,0.5337486267089844,2.8587968753350152e-05,0.07526186108589172,0.07526186108589172,18.104797252377484,0.12438274510388189,3.1477885246276855,a origami of a dog,0.2080555260181427,0.2867124080657959,0.2469462752342224,0.03889074921607971,0.2469462752342224,"0,0,512,512",0.20632678270339966,0.06958012282848358,/cluster/users/grad/2025/25t8103/project/data/flowedit_compatible_118/eval_masks/fe_269_yellow_bulldog_13_origami_deer_eval_mask.png,fixed_eval_mask,0.0,0.0,0.0,0.0,ledits_pp,ledits_pp,,0.04415386542677879,0.04415386542677879,25.934199933555398,0.050499840138171714,,/cluster/users/grad/2025/25t8103/project/outputs/flowedit118_metric_runs/fe_269_yellow_bulldog_13_origami_deer/ledits_pp/seed_10/result.png,1.0244216918945312,fe_269_yellow_bulldog_13_origami_deer/ledits_pp/seed_10,,10,/cluster/users/grad/2025/25t8103/project/_baselines/src/FlowEdit/Data/Images/yellow_bulldog.png,0.06075771525502205,"A small, yellow, shiny dog figurine positioned in the center of the scene, and it appears to be a decorative piece.",20.24719229368609,0.09719420802403593,0.861750863476316,0.861750863476316,"A small, yellow, origami deer positioned in the center of the scene, and it appears to be a decorative piece.",fe_269_yellow_bulldog_13_origami_deer
0.0,0.0,0.0,0.0,0.0,0.0,0.0,0.0,0.0,0.0,31,0.9950703382492065,0.029908478260040283,0.08795110881328583,8.795110881328583,0.3748130798339844,28.310559030526733,0.958244264125824,0.958244264125824,0.22920489311218262,0.6346172094345093,0.18804794549942017,0.21215130388736725,0.024103358387947083,0.21215130388736725,True,0.6251869201660156,0.1415540874004364,0.024103358387947083,0.5337486267089844,,,6.577885403130707,0.0,0.5337486267089844,0.00612497230540527,0.10694165527820587,0.10694165527820587,15.109339209944144,0.17560344816650666,5.903179168701172,a origami of a dog,0.18804794549942017,0.27340102195739746,0.21215130388736725,0.024103358387947083,0.21215130388736725,"0,0,512,512",0.36996039748191833,0.11557814478874207,/cluster/users/grad/2025/25t8103/project/data/flowedit_compatible_118/eval_masks/fe_270_yellow_bulldog_14_origami_rabbit_eval_mask.png,fixed_eval_mask,0.0,0.0,0.0,0.0,instruct_pix2pix,instruct_pix2pix,,0.031063063070178032,0.031063063070178032,27.964000180109135,0.0399760602510782,,/cluster/users/grad/2025/25t8103/project/outputs/flowedit118_metric_runs/fe_270_yellow_bulldog_14_origami_rabbit/instruct_pix2pix/seed_10/result.png,0.8974280953407288,fe_270_yellow_bulldog_14_origami_rabbit/instruct_pix2pix/seed_10,,10,/cluster/users/grad/2025/25t8103/project/_baselines/src/FlowEdit/Data/Images/yellow_bulldog.png,0.07156316190958023,"A small, yellow, shiny dog figurine positioned in the center of the scene, and it appears to be a decorative piece.",17.643682701270983,0.13116436617036362,0.7943426621753099,0.7943426621753099,"A small, yellow, origami rabbit positioned in the center of the scene, and it appears to be a decorative piece.",fe_270_yellow_bulldog_14_origami_rabbit
0.0,0.0,0.0,0.0,0.0,0.0,0.0,0.0,0.0,0.0,31,0.9971207976341248,0.044825151562690735,0.055798131972551346,5.579813197255135,0.3748130798339844,25.847099976672308,0.9762723445892334,0.9762723445892334,0.2682754099369049,0.6608468294143677,0.2080555260181427,0.2465568482875824,0.0385013222694397,0.2465568482875824,True,0.6251869201660156,0.14936117827892303,0.0385013222694397,0.5337486267089844,,,3.0727468478398485,0.0,0.5337486267089844,2.8587968753350152e-05,0.07526186108589172,0.07526186108589172,18.104797252377484,0.12438274510388189,3.1477885246276855,a origami of a dog,0.2080555260181427,0.2867124080657959,0.2465568482875824,0.0385013222694397,0.2465568482875824,"0,0,512,512",0.20632678270339966,0.06958012282848358,/cluster/users/grad/2025/25t8103/project/data/flowedit_compatible_118/eval_masks/fe_270_yellow_bulldog_14_origami_rabbit_eval_mask.png,fixed_eval_mask,0.0,0.0,0.0,0.0,ledits_pp,ledits_pp,,0.04415386542677879,0.04415386542677879,25.934199933555398,0.050499840138171714,,/cluster/users/grad/2025/25t8103/project/outputs/flowedit118_metric_runs/fe_270_yellow_bulldog_14_origami_rabbit/ledits_pp/seed_10/result.png,1.0244216918945312,fe_270_yellow_bulldog_14_origami_rabbit/ledits_pp/seed_10,,10,/cluster/users/grad/2025/25t8103/project/_baselines/src/FlowEdit/Data/Images/yellow_bulldog.png,0.06075771525502205,"A small, yellow, shiny dog figurine positioned in the center of the scene, and it appears to be a decorative piece.",20.24719229368609,0.09719420802403593,0.861750863476316,0.861750863476316,"A small, yellow, origami rabbit positioned in the center of the scene, and it appears to be a decorative piece.",fe_270_yellow_bulldog_14_origami_rabbit
0.0,0.0,0.0,0.0,0.0,0.0,0.0,0.0,0.0,0.0,31,0.9950703382492065,0.029908478260040283,0.08795110881328583,8.795110881328583,0.3748130798339844,28.310559030526733,0.958244264125824,0.958244264125824,0.2677099108695984,0.6346172094345093,0.18804794549942017,0.25772807002067566,0.0696801245212555,0.25772807002067566,True,0.6251869201660156,0.1415540874004364,0.0696801245212555,0.5337486267089844,,,6.577885403130707,0.0,0.5337486267089844,0.00612497230540527,0.10694165527820587,0.10694165527820587,15.109339209944144,0.17560344816650666,5.903179168701172,a origami of a dog,0.18804794549942017,0.27340102195739746,0.25772807002067566,0.0696801245212555,0.25772807002067566,"0,0,512,512",0.36996039748191833,0.11557814478874207,/cluster/users/grad/2025/25t8103/project/data/flowedit_compatible_118/eval_masks/fe_271_yellow_bulldog_15_origami_wolf_eval_mask.png,fixed_eval_mask,0.0,0.0,0.0,0.0,instruct_pix2pix,instruct_pix2pix,,0.031063063070178032,0.031063063070178032,27.964000180109135,0.0399760602510782,,/cluster/users/grad/2025/25t8103/project/outputs/flowedit118_metric_runs/fe_271_yellow_bulldog_15_origami_wolf/instruct_pix2pix/seed_10/result.png,0.8974280953407288,fe_271_yellow_bulldog_15_origami_wolf/instruct_pix2pix/seed_10,,10,/cluster/users/grad/2025/25t8103/project/_baselines/src/FlowEdit/Data/Images/yellow_bulldog.png,0.07156316190958023,"A small, yellow, shiny dog figurine positioned in the center of the scene, and it appears to be a decorative piece.",17.643682701270983,0.13116436617036362,0.7943426621753099,0.7943426621753099,"A small, yellow, origami wolf positioned in the center of the scene, and it appears to be a decorative piece.",fe_271_yellow_bulldog_15_origami_wolf
0.0,0.0,0.0,0.0,0.0,0.0,0.0,0.0,0.0,0.0,31,0.9971207976341248,0.044825151562690735,0.055798131972551346,5.579813197255135,0.3748130798339844,25.847099976672308,0.9762723445892334,0.9762723445892334,0.3269968032836914,0.6608468294143677,0.2080555260181427,0.30375492572784424,0.09569939970970154,0.30375492572784424,True,0.6251869201660156,0.14936117827892303,0.09569939970970154,0.5337486267089844,,,3.0727468478398485,0.0,0.5337486267089844,2.8587968753350152e-05,0.07526186108589172,0.07526186108589172,18.104797252377484,0.12438274510388189,3.1477885246276855,a origami of a dog,0.2080555260181427,0.2867124080657959,0.30375492572784424,0.09569939970970154,0.30375492572784424,"0,0,512,512",0.20632678270339966,0.06958012282848358,/cluster/users/grad/2025/25t8103/project/data/flowedit_compatible_118/eval_masks/fe_271_yellow_bulldog_15_origami_wolf_eval_mask.png,fixed_eval_mask,0.0,0.0,0.0,0.0,ledits_pp,ledits_pp,,0.04415386542677879,0.04415386542677879,25.934199933555398,0.050499840138171714,,/cluster/users/grad/2025/25t8103/project/outputs/flowedit118_metric_runs/fe_271_yellow_bulldog_15_origami_wolf/ledits_pp/seed_10/result.png,1.0244216918945312,fe_271_yellow_bulldog_15_origami_wolf/ledits_pp/seed_10,,10,/cluster/users/grad/2025/25t8103/project/_baselines/src/FlowEdit/Data/Images/yellow_bulldog.png,0.06075771525502205,"A small, yellow, shiny dog figurine positioned in the center of the scene, and it appears to be a decorative piece.",20.24719229368609,0.09719420802403593,0.861750863476316,0.861750863476316,"A small, yellow, origami wolf positioned in the center of the scene, and it appears to be a decorative piece.",fe_271_yellow_bulldog_15_origami_wolf
0.0,0.0,0.0,0.0,0.0,0.0,0.0,0.0,0.0,0.0,31,0.9950703382492065,0.029908478260040283,0.08795110881328583,8.795110881328583,0.3748130798339844,28.310559030526733,0.958244264125824,0.958244264125824,0.13941358029842377,0.6346172094345093,0.18804794549942017,0.19224333763122559,0.00419539213180542,0.19224333763122559,True,0.6251869201660156,0.1415540874004364,0.00419539213180542,0.5337486267089844,,,6.577885403130707,0.0,0.5337486267089844,0.00612497230540527,0.10694165527820587,0.10694165527820587,15.109339209944144,0.17560344816650666,5.903179168701172,a origami of a dog,0.18804794549942017,0.27340102195739746,0.19224333763122559,0.00419539213180542,0.19224333763122559,"0,0,512,512",0.36996039748191833,0.11557814478874207,/cluster/users/grad/2025/25t8103/project/data/flowedit_compatible_118/eval_masks/fe_272_yellow_bulldog_16_origami_cow_eval_mask.png,fixed_eval_mask,0.0,0.0,0.0,0.0,instruct_pix2pix,instruct_pix2pix,,0.031063063070178032,0.031063063070178032,27.964000180109135,0.0399760602510782,,/cluster/users/grad/2025/25t8103/project/outputs/flowedit118_metric_runs/fe_272_yellow_bulldog_16_origami_cow/instruct_pix2pix/seed_10/result.png,0.8974280953407288,fe_272_yellow_bulldog_16_origami_cow/instruct_pix2pix/seed_10,,10,/cluster/users/grad/2025/25t8103/project/_baselines/src/FlowEdit/Data/Images/yellow_bulldog.png,0.07156316190958023,"A small, yellow, shiny dog figurine positioned in the center of the scene, and it appears to be a decorative piece.",17.643682701270983,0.13116436617036362,0.7943426621753099,0.7943426621753099,"A small, yellow, origami cow positioned in the center of the scene, and it appears to be a decorative piece.",fe_272_yellow_bulldog_16_origami_cow
0.0,0.0,0.0,0.0,0.0,0.0,0.0,0.0,0.0,0.0,31,0.9971207976341248,0.044825151562690735,0.055798131972551346,5.579813197255135,0.3748130798339844,25.847099976672308,0.9762723445892334,0.9762723445892334,0.16331696510314941,0.6608468294143677,0.2080555260181427,0.22312021255493164,0.01506468653678894,0.22312021255493164,True,0.6251869201660156,0.14936117827892303,0.01506468653678894,0.5337486267089844,,,3.0727468478398485,0.0,0.5337486267089844,2.8587968753350152e-05,0.07526186108589172,0.07526186108589172,18.104797252377484,0.12438274510388189,3.1477885246276855,a origami of a dog,0.2080555260181427,0.2867124080657959,0.22312021255493164,0.01506468653678894,0.22312021255493164,"0,0,512,512",0.20632678270339966,0.06958012282848358,/cluster/users/grad/2025/25t8103/project/data/flowedit_compatible_118/eval_masks/fe_272_yellow_bulldog_16_origami_cow_eval_mask.png,fixed_eval_mask,0.0,0.0,0.0,0.0,ledits_pp,ledits_pp,,0.04415386542677879,0.04415386542677879,25.934199933555398,0.050499840138171714,,/cluster/users/grad/2025/25t8103/project/outputs/flowedit118_metric_runs/fe_272_yellow_bulldog_16_origami_cow/ledits_pp/seed_10/result.png,1.0244216918945312,fe_272_yellow_bulldog_16_origami_cow/ledits_pp/seed_10,,10,/cluster/users/grad/2025/25t8103/project/_baselines/src/FlowEdit/Data/Images/yellow_bulldog.png,0.06075771525502205,"A small, yellow, shiny dog figurine positioned in the center of the scene, and it appears to be a decorative piece.",20.24719229368609,0.09719420802403593,0.861750863476316,0.861750863476316,"A small, yellow, origami cow positioned in the center of the scene, and it appears to be a decorative piece.",fe_272_yellow_bulldog_16_origami_cow
0.0,0.0,0.0,0.0,0.0,0.0,0.0,0.0,0.0,0.0,31,0.9950703382492065,0.029908478260040283,0.08795110881328583,8.795110881328583,0.3748130798339844,28.310559030526733,0.958244264125824,0.958244264125824,0.22296959161758423,0.6346172094345093,0.18804794549942017,0.2135542333126068,0.025506287813186646,0.2135542333126068,True,0.6251869201660156,0.1415540874004364,0.025506287813186646,0.5337486267089844,,,6.577885403130707,0.0,0.5337486267089844,0.00612497230540527,0.10694165527820587,0.10694165527820587,15.109339209944144,0.17560344816650666,5.903179168701172,a origami of a dog,0.18804794549942017,0.27340102195739746,0.2135542333126068,0.025506287813186646,0.2135542333126068,"0,0,512,512",0.36996039748191833,0.11557814478874207,/cluster/users/grad/2025/25t8103/project/data/flowedit_compatible_118/eval_masks/fe_273_yellow_bulldog_17_origami_horse_eval_mask.png,fixed_eval_mask,0.0,0.0,0.0,0.0,instruct_pix2pix,instruct_pix2pix,,0.031063063070178032,0.031063063070178032,27.964000180109135,0.0399760602510782,,/cluster/users/grad/2025/25t8103/project/outputs/flowedit118_metric_runs/fe_273_yellow_bulldog_17_origami_horse/instruct_pix2pix/seed_10/result.png,0.8974280953407288,fe_273_yellow_bulldog_17_origami_horse/instruct_pix2pix/seed_10,,10,/cluster/users/grad/2025/25t8103/project/_baselines/src/FlowEdit/Data/Images/yellow_bulldog.png,0.07156316190958023,"A small, yellow, shiny dog figurine positioned in the center of the scene, and it appears to be a decorative piece.",17.643682701270983,0.13116436617036362,0.7943426621753099,0.7943426621753099,"A small, yellow, origami horse positioned in the center of the scene, and it appears to be a decorative piece.",fe_273_yellow_bulldog_17_origami_horse
0.0,0.0,0.0,0.0,0.0,0.0,0.0,0.0,0.0,0.0,31,0.9971207976341248,0.044825151562690735,0.055798131972551346,5.579813197255135,0.3748130798339844,25.847099976672308,0.9762723445892334,0.9762723445892334,0.251708984375,0.6608468294143677,0.2080555260181427,0.24475353956222534,0.03669801354408264,0.24475353956222534,True,0.6251869201660156,0.14936117827892303,0.03669801354408264,0.5337486267089844,,,3.0727468478398485,0.0,0.5337486267089844,2.8587968753350152e-05,0.07526186108589172,0.07526186108589172,18.104797252377484,0.12438274510388189,3.1477885246276855,a origami of a dog,0.2080555260181427,0.2867124080657959,0.24475353956222534,0.03669801354408264,0.24475353956222534,"0,0,512,512",0.20632678270339966,0.06958012282848358,/cluster/users/grad/2025/25t8103/project/data/flowedit_compatible_118/eval_masks/fe_273_yellow_bulldog_17_origami_horse_eval_mask.png,fixed_eval_mask,0.0,0.0,0.0,0.0,ledits_pp,ledits_pp,,0.04415386542677879,0.04415386542677879,25.934199933555398,0.050499840138171714,,/cluster/users/grad/2025/25t8103/project/outputs/flowedit118_metric_runs/fe_273_yellow_bulldog_17_origami_horse/ledits_pp/seed_10/result.png,1.0244216918945312,fe_273_yellow_bulldog_17_origami_horse/ledits_pp/seed_10,,10,/cluster/users/grad/2025/25t8103/project/_baselines/src/FlowEdit/Data/Images/yellow_bulldog.png,0.06075771525502205,"A small, yellow, shiny dog figurine positioned in the center of the scene, and it appears to be a decorative piece.",20.24719229368609,0.09719420802403593,0.861750863476316,0.861750863476316,"A small, yellow, origami horse positioned in the center of the scene, and it appears to be a decorative piece.",fe_273_yellow_bulldog_17_origami_horse
