avg_beta_t,avg_cos_anchor_region,avg_cos_base_anchor,avg_cos_base_region,avg_cos_rec_base,avg_cos_rec_edit_total,avg_edit_norm,avg_mask_area,avg_rec_energy,avg_rec_norm,bg_dilate_px,bg_dino_source,bg_l1,bg_lpips,bg_lpips_x100,bg_mask_area,bg_psnr,bg_ssim,bg_ssim_luma,clip_direction_similarity,clip_image_source_similarity,clip_source_score,clip_t,clip_target_minus_source,clip_target_score,complete,dilated_edit_mask_area,dino_source_similarity,edit_score,eval_mask_area,failure_flag,failure_note,family,family_label,fill_texture_ratio,final_mask_area,fixed_eval_mask_area,flowedit_idx,inside_blue_ratio,inside_l1,inside_mask_l1,inside_mask_psnr,inside_mask_rmse,inside_texture_energy,local_clip_prompt,local_clip_source_score,local_clip_t,local_clip_t_full_prompt,local_clip_target_minus_source,local_clip_target_score,local_crop_box,lpips_full,lpips_outside,mask_path,mask_source,max_beta_t,max_edit_norm,max_rec_energy,max_rec_norm,method,method_display,missing,outside_l1,outside_mask_l1,outside_mask_psnr,outside_mask_rmse,peak_gpu_memory_gb,result_image,ring_texture_energy,run,runtime_seconds,seed,source_image,source_l1,source_prompt,source_psnr,source_rmse,source_ssim,source_ssim_luma,target_prompt,task
0.0,0.0,0.0,0.0,0.0,0.0,0.0,0.0,0.0,0.0,31,0.9996911287307739,0.009403679519891739,0.009243449196219444,0.9243449196219444,0.37699127197265625,36.708570981864234,0.9873581528663635,0.9873581528663635,0.24227775633335114,0.9875472187995911,0.259174108505249,0.25268393754959106,-0.006490170955657959,0.25268393754959106,True,0.6230087280273438,0.8937762975692749,-0.006490170955657959,0.5634307861328125,,,F4,T4_local_recolor,0.8937229151165118,0.0,0.5634307861328125,0,6.770480704129993e-06,0.025863219052553177,0.025863219052553177,27.30984835298718,0.043103008329678436,13.143211364746094,a black bear,0.259174108505249,0.21922114491462708,0.25268393754959106,-0.006490170955657959,0.25268393754959106,"0,0,512,512",0.08452752232551575,0.011308069340884686,/cluster/users/grad/2025/25t8103/project/data/flowedit_compatible_135/eval_masks/fe_000_bear_1_black_bear_eval_mask.png,fixed_eval_mask,0.0,0.0,0.0,0.0,fluxabl_adaptive,FLUX w/o adaptive controller,,0.009572132490575314,0.009572132490575314,36.605186430378545,0.014782254615883582,,/cluster/users/grad/2025/25t8103/project/outputs/flowedit135_ablation_metric_runs_20260624/fe_000_bear_1_black_bear/fluxabl_adaptive/seed_10/result.png,14.706136703491211,fe_000_bear_1_black_bear/fluxabl_adaptive/seed_10,,10,/cluster/users/grad/2025/25t8103/project/_baselines/src/FlowEdit/Data/Images/bear.png,0.018751036375761032,"A large brown bear walking through a stream of water. The stream appears to be shallow, as the bear is able to walk through it without any difficulty.",29.422662230597854,0.03379612350003126,0.954040781608417,0.954040781608417,"A large black bear walking through a stream of water. The stream appears to be shallow, as the black bear is able to walk through it without any difficulty.",fe_000_bear_1_black_bear
0.0,0.0,0.0,0.0,0.0,0.0,0.0,0.0,0.0,0.0,31,0.999602735042572,0.02980085462331772,0.015370686538517475,1.5370686538517475,0.37699127197265625,27.16136603605717,0.8876970410346985,0.8876970410346985,0.21654300391674042,0.9887465238571167,0.2570474147796631,0.2477174699306488,-0.009329944849014282,0.2477174699306488,True,0.6230087280273438,0.9025716781616211,-0.009329944849014282,0.5634307861328125,,,F4,T4_local_recolor,0.845483834845303,0.0,0.5634307861328125,0,0.0016452268111035884,0.0494072362780571,0.0494072362780571,22.985272221469263,0.07091471942232971,15.32280445098877,a black bear,0.2570474147796631,0.21447895467281342,0.2477174699306488,-0.009329944849014282,0.2477174699306488,"0,0,512,512",0.08338157087564468,0.01906348019838333,/cluster/users/grad/2025/25t8103/project/data/flowedit_compatible_135/eval_masks/fe_000_bear_1_black_bear_eval_mask.png,fixed_eval_mask,0.0,0.0,0.0,0.0,fluxabl_nofinal,FLUX w/o final restore,,0.03104022517800331,0.03104022517800331,26.82363169142029,0.04558462804222757,,/cluster/users/grad/2025/25t8103/project/outputs/flowedit135_ablation_metric_runs_20260624/fe_000_bear_1_black_bear/fluxabl_nofinal/seed_10/result.png,18.123119354248047,fe_000_bear_1_black_bear/fluxabl_nofinal/seed_10,,10,/cluster/users/grad/2025/25t8103/project/_baselines/src/FlowEdit/Data/Images/bear.png,0.04138876870274544,"A large brown bear walking through a stream of water. The stream appears to be shallow, as the bear is able to walk through it without any difficulty.",24.27057829420313,0.06116050818008803,0.83008112530486,0.83008112530486,"A large black bear walking through a stream of water. The stream appears to be shallow, as the black bear is able to walk through it without any difficulty.",fe_000_bear_1_black_bear
0.0,0.0,0.0,0.0,0.0,0.0,0.0,0.0,0.0,0.0,31,0.9996911287307739,0.009403679519891739,0.009243449196219444,0.9243449196219444,0.37699127197265625,36.708570981864234,0.9873581528663635,0.9873581528663635,0.3391636610031128,0.9897613525390625,0.2502627372741699,0.24954940378665924,-0.0007133334875106812,0.24954940378665924,True,0.6230087280273438,0.9431352019309998,-0.0007133334875106812,0.5634307861328125,,,F4,T4_local_recolor,0.8847671755433124,0.0,0.5634307861328125,0,0.0,0.025085115805268288,0.025085115805268288,27.3879419352552,0.04271721230913997,13.011507034301758,a black bear,0.2502627372741699,0.22309496998786926,0.24954940378665924,-0.0007133334875106812,0.24954940378665924,"0,0,512,512",0.07060246169567108,0.011308069340884686,/cluster/users/grad/2025/25t8103/project/data/flowedit_compatible_135/eval_masks/fe_000_bear_1_black_bear_eval_mask.png,fixed_eval_mask,0.0,0.0,0.0,0.0,fluxabl_opsupport,FLUX w/o operation support,,0.009572132490575314,0.009572132490575314,36.605186430378545,0.014782254615883582,,/cluster/users/grad/2025/25t8103/project/outputs/flowedit135_ablation_metric_runs_20260624/fe_000_bear_1_black_bear/fluxabl_opsupport/seed_10/result.png,14.706136703491211,fe_000_bear_1_black_bear/fluxabl_opsupport/seed_10,,10,/cluster/users/grad/2025/25t8103/project/_baselines/src/FlowEdit/Data/Images/bear.png,0.01831263117492199,"A large brown bear walking through a stream of water. The stream appears to be shallow, as the bear is able to walk through it without any difficulty.",29.494181262894436,0.033518990998426014,0.9603905635092126,0.9603905635092126,"A large black bear walking through a stream of water. The stream appears to be shallow, as the black bear is able to walk through it without any difficulty.",fe_000_bear_1_black_bear
0.0,0.0,0.0,0.0,0.0,0.0,0.0,0.0,0.0,0.0,31,0.9996911287307739,0.009403679519891739,0.009243449196219444,0.9243449196219444,0.37699127197265625,36.708570981864234,0.9873581528663635,0.9873581528663635,0.33522236347198486,0.9893997311592102,0.24982351064682007,0.24928854405879974,-0.0005349665880203247,0.24928854405879974,True,0.6230087280273438,0.9420578479766846,-0.0005349665880203247,0.5634307861328125,,,F4,T4_local_recolor,0.8852424518994259,0.0,0.5634307861328125,0,0.0,0.024958277121186256,0.024958277121186256,27.435749222725775,0.04248274188701381,13.0184965133667,a black bear,0.24982351064682007,0.22312048077583313,0.24928854405879974,-0.0005349665880203247,0.24928854405879974,"0,0,512,512",0.071346715092659,0.011308069340884686,/cluster/users/grad/2025/25t8103/project/data/flowedit_compatible_135/eval_masks/fe_000_bear_1_black_bear_eval_mask.png,fixed_eval_mask,0.0,0.0,0.0,0.0,ours_flux,Ours (FLUX),,0.009572132490575314,0.009572132490575314,36.605186430378545,0.014782254615883582,,/cluster/users/grad/2025/25t8103/project/outputs/flowedit135_ablation_metric_runs_20260624/fe_000_bear_1_black_bear/ours_flux/seed_10/result.png,14.706136703491211,fe_000_bear_1_black_bear/ours_flux/seed_10,,10,/cluster/users/grad/2025/25t8103/project/_baselines/src/FlowEdit/Data/Images/bear.png,0.018241161480545998,"A large brown bear walking through a stream of water. The stream appears to be shallow, as the bear is able to walk through it without any difficulty.",29.53790846765239,0.03335067103638319,0.9611438986878764,0.9611438986878764,"A large black bear walking through a stream of water. The stream appears to be shallow, as the black bear is able to walk through it without any difficulty.",fe_000_bear_1_black_bear
0.0,0.0,0.0,0.0,0.0,0.0,0.0,0.0,0.0,0.0,31,0.9998993873596191,0.005175611469894648,0.0028305836021900177,0.28305836021900177,0.37699127197265625,41.94252804489115,0.9964674115180969,0.9964674115180969,0.2215997874736786,0.9927393198013306,0.2626054584980011,0.2502463161945343,-0.012359142303466797,0.2502463161945343,True,0.6230087280273438,0.907063901424408,-0.012359142303466797,0.5634307861328125,,,F4,T4_local_recolor,0.83061358878345,0.0,0.5634307861328125,0,0.0016384563303994584,0.025372570380568504,0.025372570380568504,26.46977244653567,0.04748007296370167,15.65254020690918,a black bear,0.2626054584980011,0.21657153964042664,0.2502463161945343,-0.012359142303466797,0.2502463161945343,"0,0,512,512",0.05291752889752388,0.0034942561760544777,/cluster/users/grad/2025/25t8103/project/data/flowedit_compatible_135/eval_masks/fe_000_bear_1_black_bear_eval_mask.png,fixed_eval_mask,0.0,0.0,0.0,0.0,ours_sd3,Ours (SD3),,0.005278764292597771,0.005278764292597771,41.79888414759126,0.008129349449778975,,/cluster/users/grad/2025/25t8103/project/outputs/flowedit135_ablation_metric_runs_20260624/fe_000_bear_1_black_bear/ours_sd3/seed_10/result.png,18.84455108642578,fe_000_bear_1_black_bear/ours_sd3/seed_10,,10,/cluster/users/grad/2025/25t8103/project/_baselines/src/FlowEdit/Data/Images/bear.png,0.016600238159298897,"A large brown bear walking through a stream of water. The stream appears to be shallow, as the bear is able to walk through it without any difficulty.",28.863822488076657,0.03604199944107785,0.9175289449443969,0.9175289449443969,"A large black bear walking through a stream of water. The stream appears to be shallow, as the black bear is able to walk through it without any difficulty.",fe_000_bear_1_black_bear
0.0,0.0,0.0,0.0,0.0,0.0,0.0,0.0,0.0,0.0,31,0.9998993873596191,0.005175611469894648,0.0028305836021900177,0.28305836021900177,0.37699127197265625,41.94252804489115,0.9964674115180969,0.9964674115180969,0.21137595176696777,0.99271559715271,0.2618130147457123,0.24882853031158447,-0.012984484434127808,0.24882853031158447,True,0.6230087280273438,0.8845422863960266,-0.012984484434127808,0.5634307861328125,,,F4,T4_local_recolor,0.8197603697662301,0.0,0.5634307861328125,0,0.0027014218009478673,0.026634367182850838,0.026634367182850838,25.996117519704285,0.05014113079120852,15.448016166687012,a black bear,0.2618130147457123,0.21593473851680756,0.24882853031158447,-0.012984484434127808,0.24882853031158447,"0,0,512,512",0.06202618032693863,0.0034942561760544777,/cluster/users/grad/2025/25t8103/project/data/flowedit_compatible_135/eval_masks/fe_000_bear_1_black_bear_eval_mask.png,fixed_eval_mask,0.0,0.0,0.0,0.0,sd3abl_adaptive,SD3 w/o adaptive controller,,0.005278764292597771,0.005278764292597771,41.79888414759126,0.008129349449778975,,/cluster/users/grad/2025/25t8103/project/outputs/flowedit135_ablation_metric_runs_20260624/fe_000_bear_1_black_bear/sd3abl_adaptive/seed_10/result.png,18.84455108642578,fe_000_bear_1_black_bear/sd3abl_adaptive/seed_10,,10,/cluster/users/grad/2025/25t8103/project/_baselines/src/FlowEdit/Data/Images/bear.png,0.01731116883456707,"A large brown bear walking through a stream of water. The stream appears to be shallow, as the bear is able to walk through it without any difficulty.",28.400145541309563,0.038018302589665,0.9115021839060894,0.9115021839060894,"A large black bear walking through a stream of water. The stream appears to be shallow, as the black bear is able to walk through it without any difficulty.",fe_000_bear_1_black_bear
0.0,0.0,0.0,0.0,0.0,0.0,0.0,0.0,0.0,0.0,31,0.999358057975769,0.03878259286284447,0.030305521562695503,3.0305521562695503,0.37699127197265625,24.945495029800444,0.800330638885498,0.800330638885498,0.1714988797903061,0.9890846610069275,0.26608529686927795,0.252853125333786,-0.013232171535491943,0.252853125333786,True,0.6230087280273438,0.9139688014984131,-0.013232171535491943,0.5634307861328125,,,F4,T4_local_recolor,0.8488228908918809,0.0,0.5634307861328125,0,0.0008124576844955991,0.052207328379154205,0.052207328379154205,22.518241588110023,0.07483209787564837,15.335622787475586,a black bear,0.26608529686927795,0.2159063220024109,0.252853125333786,-0.013232171535491943,0.252853125333786,"0,0,512,512",0.1204085648059845,0.036917105317115784,/cluster/users/grad/2025/25t8103/project/data/flowedit_compatible_135/eval_masks/fe_000_bear_1_black_bear_eval_mask.png,fixed_eval_mask,0.0,0.0,0.0,0.0,sd3abl_nofinal,SD3 w/o final restore,,0.040057480335235596,0.040057480335235596,24.671722796509652,0.058400136227603976,,/cluster/users/grad/2025/25t8103/project/outputs/flowedit135_ablation_metric_runs_20260624/fe_000_bear_1_black_bear/sd3abl_nofinal/seed_10/result.png,18.06692886352539,fe_000_bear_1_black_bear/sd3abl_nofinal/seed_10,,10,/cluster/users/grad/2025/25t8103/project/_baselines/src/FlowEdit/Data/Images/bear.png,0.04690307751297951,"A large brown bear walking through a stream of water. The stream appears to be shallow, as the bear is able to walk through it without any difficulty.",23.331006934351382,0.06814745684351843,0.7477072197713414,0.7477072197713414,"A large black bear walking through a stream of water. The stream appears to be shallow, as the black bear is able to walk through it without any difficulty.",fe_000_bear_1_black_bear
0.0,0.0,0.0,0.0,0.0,0.0,0.0,0.0,0.0,0.0,31,0.9998993873596191,0.005175611469894648,0.0028305836021900177,0.28305836021900177,0.37699127197265625,41.94252804489115,0.9964674115180969,0.9964674115180969,0.0640416070818901,0.9985746145248413,0.2663304805755615,0.24118158221244812,-0.025148898363113403,0.24118158221244812,True,0.6230087280273438,0.9899630546569824,-0.025148898363113403,0.5634307861328125,,,F4,T4_local_recolor,0.8950523341564126,0.0,0.5634307861328125,0,1.3540961408259987e-05,0.020604006946086884,0.020604006946086884,29.095123579659642,0.035094884787956304,16.866859436035156,a black bear,0.2663304805755615,0.21036118268966675,0.24118158221244812,-0.025148898363113403,0.24118158221244812,"0,0,512,512",0.02711007371544838,0.0034942561760544777,/cluster/users/grad/2025/25t8103/project/data/flowedit_compatible_135/eval_masks/fe_000_bear_1_black_bear_eval_mask.png,fixed_eval_mask,0.0,0.0,0.0,0.0,sd3abl_opsupport,SD3 w/o operation support,,0.005278764292597771,0.005278764292597771,41.79888414759126,0.008129349449778975,,/cluster/users/grad/2025/25t8103/project/outputs/flowedit135_ablation_metric_runs_20260624/fe_000_bear_1_black_bear/sd3abl_opsupport/seed_10/result.png,18.84455108642578,fe_000_bear_1_black_bear/sd3abl_opsupport/seed_10,,10,/cluster/users/grad/2025/25t8103/project/_baselines/src/FlowEdit/Data/Images/bear.png,0.013913477770984173,"A large brown bear walking through a stream of water. The stream appears to be shallow, as the bear is able to walk through it without any difficulty.",31.409810323392037,0.02688496552000547,0.9246851880401262,0.9246851880401262,"A large black bear walking through a stream of water. The stream appears to be shallow, as the black bear is able to walk through it without any difficulty.",fe_000_bear_1_black_bear
0.0,0.0,0.0,0.0,0.0,0.0,0.0,0.0,0.0,0.0,31,0.9996911287307739,0.009403679519891739,0.009243449196219444,0.9243449196219444,0.37699127197265625,36.708570981864234,0.9873581528663635,0.9873581528663635,0.2613855004310608,0.703087568283081,0.22627019882202148,0.3125757575035095,0.08630555868148804,0.3125757575035095,True,0.6230087280273438,0.42662718892097473,0.08630555868148804,0.5634307861328125,,,F5,T5_same_color_material,0.8107844938872831,0.0,0.5634307861328125,3,0.0850778605280975,0.13839581608772278,0.13839581608772278,13.18221384611826,0.21922461078392608,11.84461784362793,a sculpture of a bear,0.22627019882202148,0.264793336391449,0.3125757575035095,0.08630555868148804,0.3125757575035095,"0,0,512,512",0.3588082790374756,0.011741804890334606,/cluster/users/grad/2025/25t8103/project/data/flowedit_compatible_135/eval_masks/fe_003_bear_4_sculpture_eval_mask.png,fixed_eval_mask,0.0,0.0,0.0,0.0,fluxabl_adaptive,FLUX w/o adaptive controller,,0.009806937538087368,0.009806937538087368,36.39535011839332,0.015143717313066574,,/cluster/users/grad/2025/25t8103/project/outputs/flowedit135_ablation_metric_runs_20260624/fe_003_bear_4_sculpture/fluxabl_adaptive/seed_10/result.png,14.60883617401123,fe_003_bear_4_sculpture/fluxabl_adaptive/seed_10,,10,/cluster/users/grad/2025/25t8103/project/_baselines/src/FlowEdit/Data/Images/bear.png,0.08225786685943604,"A large brown bear walking through a stream of water. The stream appears to be shallow, as the bear is able to walk through it without any difficulty.",15.657780007691871,0.16485836926940672,0.7083623532822209,0.7083623532822209,"A large sculpture of a brown bear walking through a stream of water. The stream appears to be shallow, as the sculpture of the bear is able to walk through it without any difficulty.",fe_003_bear_4_sculpture
0.0,0.0,0.0,0.0,0.0,0.0,0.0,0.0,0.0,0.0,31,0.9990329742431641,0.03850892186164856,0.0211658775806427,2.11658775806427,0.37699127197265625,25.88830483473972,0.8689280152320862,0.8689280152320862,0.23102980852127075,0.7349007725715637,0.24440713226795197,0.3121466338634491,0.06773950159549713,0.3121466338634491,True,0.6230087280273438,0.4694057106971741,0.06773950159549713,0.5634307861328125,,,F5,T5_same_color_material,0.7194794123038902,0.0,0.5634307861328125,3,0.1383073798239675,0.15564803779125214,0.15564803779125214,12.725117164069557,0.23107030723833075,11.819914817810059,a sculpture of a bear,0.24440713226795197,0.23905757069587708,0.3121466338634491,0.06773950159549713,0.3121466338634491,"0,0,512,512",0.380166232585907,0.026372982189059258,/cluster/users/grad/2025/25t8103/project/data/flowedit_compatible_135/eval_masks/fe_003_bear_4_sculpture_eval_mask.png,fixed_eval_mask,0.0,0.0,0.0,0.0,fluxabl_nofinal,FLUX w/o final restore,,0.039346206933259964,0.039346206933259964,25.665126858642747,0.05208871659631659,,/cluster/users/grad/2025/25t8103/project/outputs/flowedit135_ablation_metric_runs_20260624/fe_003_bear_4_sculpture/fluxabl_nofinal/seed_10/result.png,16.42842674255371,fe_003_bear_4_sculpture/fluxabl_nofinal/seed_10,,10,/cluster/users/grad/2025/25t8103/project/_baselines/src/FlowEdit/Data/Images/bear.png,0.10487423092126846,"A large brown bear walking through a stream of water. The stream appears to be shallow, as the bear is able to walk through it without any difficulty.",15.04899215696259,0.17682773829774573,0.6133911098543362,0.6133911098543362,"A large sculpture of a brown bear walking through a stream of water. The stream appears to be shallow, as the sculpture of the bear is able to walk through it without any difficulty.",fe_003_bear_4_sculpture
0.0,0.0,0.0,0.0,0.0,0.0,0.0,0.0,0.0,0.0,31,0.9996911287307739,0.009403679519891739,0.009243449196219444,0.9243449196219444,0.37699127197265625,36.708570981864234,0.9873581528663635,0.9873581528663635,0.18671712279319763,0.6874016523361206,0.21826212108135223,0.27626290917396545,0.05800078809261322,0.27626290917396545,True,0.6230087280273438,0.41478610038757324,0.05800078809261322,0.5634307861328125,,,F5,T5_same_color_material,0.7459761729238154,0.0,0.5634307861328125,3,0.17924170616113744,0.15290847420692444,0.15290847420692444,12.530801706563679,0.2362979286385774,10.796731948852539,a sculpture of a bear,0.21826212108135223,0.2198067605495453,0.27626290917396545,0.05800078809261322,0.27626290917396545,"0,0,512,512",0.36771708726882935,0.011638093739748001,/cluster/users/grad/2025/25t8103/project/data/flowedit_compatible_135/eval_masks/fe_003_bear_4_sculpture_eval_mask.png,fixed_eval_mask,0.0,0.0,0.0,0.0,fluxabl_opsupport,FLUX w/o operation support,,0.009776805527508259,0.009776805527508259,36.3969603247608,0.015140910202801817,,/cluster/users/grad/2025/25t8103/project/outputs/flowedit135_ablation_metric_runs_20260624/fe_003_bear_4_sculpture/fluxabl_opsupport/seed_10/result.png,14.47329330444336,fe_003_bear_4_sculpture/fluxabl_opsupport/seed_10,,10,/cluster/users/grad/2025/25t8103/project/_baselines/src/FlowEdit/Data/Images/bear.png,0.09042158722877502,"A large brown bear walking through a stream of water. The stream appears to be shallow, as the bear is able to walk through it without any difficulty.",15.008601855416542,0.17765192068523472,0.670878166106334,0.670878166106334,"A large sculpture of a brown bear walking through a stream of water. The stream appears to be shallow, as the sculpture of the bear is able to walk through it without any difficulty.",fe_003_bear_4_sculpture
0.0,0.0,0.0,0.0,0.0,0.0,0.0,0.0,0.0,0.0,31,0.9996911287307739,0.009403679519891739,0.009243449196219444,0.9243449196219444,0.37699127197265625,36.708570981864234,0.9873581528663635,0.9873581528663635,0.20753464102745056,0.7439498901367188,0.24254825711250305,0.3002360761165619,0.05768781900405884,0.3002360761165619,True,0.6230087280273438,0.47943541407585144,0.05768781900405884,0.5634307861328125,,,F5,T5_same_color_material,0.7665525656625074,0.0,0.5634307861328125,3,0.1382396750169262,0.1445566862821579,0.1445566862821579,12.884645953430564,0.22686510595180331,11.214756965637207,a sculpture of a bear,0.24254825711250305,0.23264765739440918,0.3002360761165619,0.05768781900405884,0.3002360761165619,"0,0,512,512",0.35742396116256714,0.011529265902936459,/cluster/users/grad/2025/25t8103/project/data/flowedit_compatible_135/eval_masks/fe_003_bear_4_sculpture_eval_mask.png,fixed_eval_mask,0.0,0.0,0.0,0.0,ours_flux,Ours (FLUX),,0.0097038634121418,0.0097038634121418,36.47371932164535,0.015007696344929182,,/cluster/users/grad/2025/25t8103/project/outputs/flowedit135_ablation_metric_runs_20260624/fe_003_bear_4_sculpture/ours_flux/seed_10/result.png,14.630121231079102,fe_003_bear_4_sculpture/ours_flux/seed_10,,10,/cluster/users/grad/2025/25t8103/project/_baselines/src/FlowEdit/Data/Images/bear.png,0.08568411320447922,"A large brown bear walking through a stream of water. The stream appears to be shallow, as the bear is able to walk through it without any difficulty.",15.361540358216462,0.1705779858677971,0.6967882307781971,0.6967882307781971,"A large sculpture of a brown bear walking through a stream of water. The stream appears to be shallow, as the sculpture of the bear is able to walk through it without any difficulty.",fe_003_bear_4_sculpture
0.0,0.0,0.0,0.0,0.0,0.0,0.0,0.0,0.0,0.0,31,0.9998993873596191,0.005175611469894648,0.0028305836021900177,0.28305836021900177,0.37699127197265625,41.94252804489115,0.9964674115180969,0.9964674115180969,0.2732880711555481,0.8007676005363464,0.27733200788497925,0.347514808177948,0.07018280029296875,0.347514808177948,True,0.6230087280273438,0.551008939743042,0.07018280029296875,0.5634307861328125,,,F5,T5_same_color_material,0.9887270940598345,0.0,0.5634307861328125,3,0.019465132024373732,0.09472984075546265,0.09472984075546265,16.101837977552364,0.15664195728448896,18.580760955810547,a sculpture of a bear,0.27733200788497925,0.2736051678657532,0.347514808177948,0.07018280029296875,0.347514808177948,"0,0,512,512",0.24782387912273407,0.0034812819212675095,/cluster/users/grad/2025/25t8103/project/data/flowedit_compatible_135/eval_masks/fe_003_bear_4_sculpture_eval_mask.png,fixed_eval_mask,0.0,0.0,0.0,0.0,ours_sd3,Ours (SD3),,0.005274892318993807,0.005274892318993807,41.80841118112986,0.008120437740185355,,/cluster/users/grad/2025/25t8103/project/outputs/flowedit135_ablation_metric_runs_20260624/fe_003_bear_4_sculpture/ours_sd3/seed_10/result.png,18.7926082611084,fe_003_bear_4_sculpture/ours_sd3/seed_10,,10,/cluster/users/grad/2025/25t8103/project/_baselines/src/FlowEdit/Data/Images/bear.png,0.05567656457424164,"A large brown bear walking through a stream of water. The stream appears to be shallow, as the bear is able to walk through it without any difficulty.",18.584397715294415,0.11770098958343862,0.747405024828754,0.747405024828754,"A large sculpture of a brown bear walking through a stream of water. The stream appears to be shallow, as the sculpture of the bear is able to walk through it without any difficulty.",fe_003_bear_4_sculpture
0.0,0.0,0.0,0.0,0.0,0.0,0.0,0.0,0.0,0.0,31,0.9998993873596191,0.005175611469894648,0.0028305836021900177,0.28305836021900177,0.37699127197265625,41.94252804489115,0.9964674115180969,0.9964674115180969,0.2543129622936249,0.777796745300293,0.266885370016098,0.3358679711818695,0.06898260116577148,0.3358679711818695,True,0.6230087280273438,0.5643514394760132,0.06898260116577148,0.5634307861328125,,,F5,T5_same_color_material,0.9775381676677581,0.0,0.5634307861328125,3,0.0028503723764387273,0.0963670089840889,0.0963670089840889,16.09452942558548,0.15677381570224555,18.370195388793945,a sculpture of a bear,0.266885370016098,0.2679001986980438,0.3358679711818695,0.06898260116577148,0.3358679711818695,"0,0,512,512",0.2505665421485901,0.0034820321016013622,/cluster/users/grad/2025/25t8103/project/data/flowedit_compatible_135/eval_masks/fe_003_bear_4_sculpture_eval_mask.png,fixed_eval_mask,0.0,0.0,0.0,0.0,sd3abl_adaptive,SD3 w/o adaptive controller,,0.005275017581880093,0.005275017581880093,41.80828419534298,0.008120556460058288,,/cluster/users/grad/2025/25t8103/project/outputs/flowedit135_ablation_metric_runs_20260624/fe_003_bear_4_sculpture/sd3abl_adaptive/seed_10/result.png,18.79230499267578,fe_003_bear_4_sculpture/sd3abl_adaptive/seed_10,,10,/cluster/users/grad/2025/25t8103/project/_baselines/src/FlowEdit/Data/Images/bear.png,0.05659906938672066,"A large brown bear walking through a stream of water. The stream appears to be shallow, as the bear is able to walk through it without any difficulty.",18.577105410534756,0.11779984783793639,0.7468305910391916,0.7468305910391916,"A large sculpture of a brown bear walking through a stream of water. The stream appears to be shallow, as the sculpture of the bear is able to walk through it without any difficulty.",fe_003_bear_4_sculpture
0.0,0.0,0.0,0.0,0.0,0.0,0.0,0.0,0.0,0.0,31,0.9993652105331421,0.03835107013583183,0.029632603749632835,2.9632603749632835,0.37699127197265625,24.929534634015738,0.8016024827957153,0.8016024827957153,0.26889777183532715,0.7997703552246094,0.2861059904098511,0.3552016019821167,0.06909561157226562,0.3552016019821167,True,0.6230087280273438,0.5443428754806519,0.06909561157226562,0.5634307861328125,,,F5,T5_same_color_material,1.0323439631507816,0.0,0.5634307861328125,3,0.017535545023696683,0.11136630922555923,0.11136630922555923,15.711442346326862,0.16384299671451757,18.676191329956055,a sculpture of a bear,0.2861059904098511,0.27869531512260437,0.3552016019821167,0.06909561157226562,0.3552016019821167,"0,0,512,512",0.2965676784515381,0.03626997023820877,/cluster/users/grad/2025/25t8103/project/data/flowedit_compatible_135/eval_masks/fe_003_bear_4_sculpture_eval_mask.png,fixed_eval_mask,0.0,0.0,0.0,0.0,sd3abl_nofinal,SD3 w/o final restore,,0.039678897708654404,0.039678897708654404,24.64673948930749,0.05856835490490788,,/cluster/users/grad/2025/25t8103/project/outputs/flowedit135_ablation_metric_runs_20260624/fe_003_bear_4_sculpture/sd3abl_nofinal/seed_10/result.png,18.091054916381836,fe_003_bear_4_sculpture/sd3abl_nofinal/seed_10,,10,/cluster/users/grad/2025/25t8103/project/_baselines/src/FlowEdit/Data/Images/bear.png,0.08006978780031204,"A large brown bear walking through a stream of water. The stream appears to be shallow, as the bear is able to walk through it without any difficulty.",17.7930169886497,0.12892856549240153,0.6059829852539248,0.6059829852539248,"A large sculpture of a brown bear walking through a stream of water. The stream appears to be shallow, as the sculpture of the bear is able to walk through it without any difficulty.",fe_003_bear_4_sculpture
0.0,0.0,0.0,0.0,0.0,0.0,0.0,0.0,0.0,0.0,31,0.9998993873596191,0.005175611469894648,0.0028305836021900177,0.28305836021900177,0.37699127197265625,41.94252804489115,0.9964674115180969,0.9964674115180969,0.27268552780151367,0.8004021644592285,0.27898427844047546,0.3490738272666931,0.07008954882621765,0.3490738272666931,True,0.6230087280273438,0.5404820442199707,0.07008954882621765,0.5634307861328125,,,F5,T5_same_color_material,0.9907495716210177,0.0,0.5634307861328125,3,0.016926201760324982,0.09502138942480087,0.09502138942480087,16.074376237433544,0.1571379880017259,18.618961334228516,a sculpture of a bear,0.27898427844047546,0.2749421000480652,0.3490738272666931,0.07008954882621765,0.3490738272666931,"0,0,512,512",0.24726316332817078,0.0034818376880139112,/cluster/users/grad/2025/25t8103/project/data/flowedit_compatible_135/eval_masks/fe_003_bear_4_sculpture_eval_mask.png,fixed_eval_mask,0.0,0.0,0.0,0.0,sd3abl_opsupport,SD3 w/o operation support,,0.005274915136396885,0.005274915136396885,41.80840543074982,0.008120443116217119,,/cluster/users/grad/2025/25t8103/project/outputs/flowedit135_ablation_metric_runs_20260624/fe_003_bear_4_sculpture/sd3abl_opsupport/seed_10/result.png,18.792802810668945,fe_003_bear_4_sculpture/sd3abl_opsupport/seed_10,,10,/cluster/users/grad/2025/25t8103/project/_baselines/src/FlowEdit/Data/Images/bear.png,0.055840831249952316,"A large brown bear walking through a stream of water. The stream appears to be shallow, as the bear is able to walk through it without any difficulty.",18.556994221880405,0.11807291598236573,0.7468575479482181,0.7468575479482181,"A large sculpture of a brown bear walking through a stream of water. The stream appears to be shallow, as the sculpture of the bear is able to walk through it without any difficulty.",fe_003_bear_4_sculpture
0.0,0.0,0.0,0.0,0.0,0.0,0.0,0.0,0.0,0.0,31,0.9999688863754272,0.00037410660297609866,0.0006462802994064987,0.06462802994064987,0.3699378967285156,54.884050509039135,0.9986878037452698,0.9986878037452698,0.22760401666164398,0.8209357261657715,0.23693671822547913,0.2776029706001282,0.04066625237464905,0.2776029706001282,True,0.6300621032714844,0.4032899737358093,0.04066625237464905,0.5396537780761719,,,F2,T2_container_insertion,2.156573226276655,0.0,0.5396537780761719,10,2.8275145440279357e-05,0.04768872633576393,0.04768872633576393,19.82773024624705,0.10200312747525829,5.170135021209717,a glass with cocktail,0.23693671822547913,0.2754596769809723,0.2776029706001282,0.04066625237464905,0.2776029706001282,"0,0,512,512",0.14813555777072906,0.0037424536421895027,/cluster/users/grad/2025/25t8103/project/data/flowedit_compatible_135/eval_masks/fe_010_beer_glass_1_cocktail_eval_mask.png,fixed_eval_mask,0.0,0.0,0.0,0.0,fluxabl_adaptive,FLUX w/o adaptive controller,,0.0011292393319308758,0.0011292393319308758,43.23396293409479,0.006891311056092128,,/cluster/users/grad/2025/25t8103/project/outputs/flowedit135_ablation_metric_runs_20260624/fe_010_beer_glass_1_cocktail/fluxabl_adaptive/seed_10/result.png,2.3973844051361084,fe_010_beer_glass_1_cocktail/fluxabl_adaptive/seed_10,,10,/cluster/users/grad/2025/25t8103/project/_baselines/src/FlowEdit/Data/Images/beer_glass.png,0.026255235075950623,A wine glass filled with beer.,22.48970202287098,0.07507838099810157,0.8904786107816249,0.8904786107816249,"A wine glass filled with a vibrant red cocktail, garnished with an orange wedge.",fe_010_beer_glass_1_cocktail
0.0,0.0,0.0,0.0,0.0,0.0,0.0,0.0,0.0,0.0,31,0.9952734708786011,0.0074969325214624405,0.012237469665706158,1.2237469665706158,0.3699378967285156,41.46236305961044,0.9950513243675232,0.9950513243675232,0.11408913135528564,0.9002354145050049,0.25475308299064636,0.2213297188282013,-0.03342336416244507,0.2213297188282013,True,0.6300621032714844,0.4678683280944824,-0.03342336416244507,0.5396537780761719,,,F2,T2_container_insertion,1.5281501410255993,0.0,0.5396537780761719,10,0.0001060317954010476,0.03777864947915077,0.03777864947915077,22.888177424702146,0.07171188340839599,3.9198126792907715,a glass with cocktail,0.25475308299064636,0.24745766818523407,0.2213297188282013,-0.03342336416244507,0.2213297188282013,"0,0,512,512",0.10015733540058136,0.01735585369169712,/cluster/users/grad/2025/25t8103/project/data/flowedit_compatible_135/eval_masks/fe_010_beer_glass_1_cocktail_eval_mask.png,fixed_eval_mask,0.0,0.0,0.0,0.0,fluxabl_nofinal,FLUX w/o final restore,,0.008562336675822735,0.008562336675822735,38.79791763254855,0.011484289144662176,,/cluster/users/grad/2025/25t8103/project/outputs/flowedit135_ablation_metric_runs_20260624/fe_010_beer_glass_1_cocktail/fluxabl_nofinal/seed_10/result.png,2.565070390701294,fe_010_beer_glass_1_cocktail/fluxabl_nofinal/seed_10,,10,/cluster/users/grad/2025/25t8103/project/_baselines/src/FlowEdit/Data/Images/beer_glass.png,0.024329030886292458,A wine glass filled with beer.,25.473037659185742,0.05325349517987636,0.9328430058979945,0.9328430058979945,"A wine glass filled with a vibrant red cocktail, garnished with an orange wedge.",fe_010_beer_glass_1_cocktail
0.0,0.0,0.0,0.0,0.0,0.0,0.0,0.0,0.0,0.0,31,0.9999688863754272,0.0004410182300489396,0.004882390610873699,0.4882390610873699,0.3699378967285156,50.37550882541329,0.9975000619888306,0.9975000619888306,0.2762225866317749,0.7379995584487915,0.2416556030511856,0.34309518337249756,0.10143958032131195,0.34309518337249756,True,0.6300621032714844,0.3494226634502411,0.10143958032131195,0.5396537780761719,,,F2,T2_container_insertion,2.1515536889655302,0.0,0.5396537780761719,10,0.004354372397803021,0.08095675706863403,0.08095675706863403,15.932732413596897,0.1597214996942358,5.809628009796143,a glass with cocktail,0.2416556030511856,0.29864418506622314,0.34309518337249756,0.10143958032131195,0.34309518337249756,"0,0,512,512",0.22329023480415344,0.022641897201538086,/cluster/users/grad/2025/25t8103/project/data/flowedit_compatible_135/eval_masks/fe_010_beer_glass_1_cocktail_eval_mask.png,fixed_eval_mask,0.0,0.0,0.0,0.0,fluxabl_opsupport,FLUX w/o operation support,,0.00375676853582263,0.00375676853582263,29.6728695585454,0.032836474447604715,,/cluster/users/grad/2025/25t8103/project/outputs/flowedit135_ablation_metric_runs_20260624/fe_010_beer_glass_1_cocktail/fluxabl_opsupport/seed_10/result.png,2.7002012729644775,fe_010_beer_glass_1_cocktail/fluxabl_opsupport/seed_10,,10,/cluster/users/grad/2025/25t8103/project/_baselines/src/FlowEdit/Data/Images/beer_glass.png,0.04541805014014244,A wine glass filled with beer.,18.457752690443737,0.11942970662563837,0.8532694419004783,0.8532694419004783,"A wine glass filled with a vibrant red cocktail, garnished with an orange wedge.",fe_010_beer_glass_1_cocktail
0.0,0.0,0.0,0.0,0.0,0.0,0.0,0.0,0.0,0.0,31,0.9999688863754272,0.0003384401788935065,0.00035304404445923865,0.035304404445923865,0.3699378967285156,57.479537071077765,0.9989789724349976,0.9989789724349976,0.142377108335495,0.9226201772689819,0.24696794152259827,0.21702039241790771,-0.029947549104690552,0.21702039241790771,True,0.6300621032714844,0.4689345955848694,-0.029947549104690552,0.5396537780761719,,,F2,T2_container_insertion,1.6298755152376285,0.0,0.5396537780761719,10,0.0001060317954010476,0.03088431991636753,0.03088431991636753,23.098309902740823,0.06999781842536276,3.8496291637420654,a glass with cocktail,0.24696794152259827,0.24110093712806702,0.21702039241790771,-0.029947549104690552,0.21702039241790771,"0,0,512,512",0.08352547883987427,0.0008779835770837963,/cluster/users/grad/2025/25t8103/project/data/flowedit_compatible_135/eval_masks/fe_010_beer_glass_1_cocktail_eval_mask.png,fixed_eval_mask,0.0,0.0,0.0,0.0,ours_flux,Ours (FLUX),,0.0007363251061178744,0.0007363251061178744,48.64682907001864,0.003695375256203665,,/cluster/users/grad/2025/25t8103/project/outputs/flowedit135_ablation_metric_runs_20260624/fe_010_beer_glass_1_cocktail/ours_flux/seed_10/result.png,2.3619160652160645,fe_010_beer_glass_1_cocktail/ours_flux/seed_10,,10,/cluster/users/grad/2025/25t8103/project/_baselines/src/FlowEdit/Data/Images/beer_glass.png,0.01700580306351185,A wine glass filled with beer.,25.76684392726454,0.05148228371544945,0.9378261062716772,0.9378261062716772,"A wine glass filled with a vibrant red cocktail, garnished with an orange wedge.",fe_010_beer_glass_1_cocktail
0.0,0.0,0.0,0.0,0.0,0.0,0.0,0.0,0.0,0.0,31,0.9999505877494812,0.00036117987474426627,0.00017597764963284135,0.017597764963284135,0.3699378967285156,56.900918749163566,0.9988568425178528,0.9988568425178528,0.3107870817184448,0.8964042663574219,0.20788201689720154,0.25115662813186646,0.04327461123466492,0.25115662813186646,True,0.6300621032714844,0.7693871259689331,0.04327461123466492,0.5396537780761719,,,F2,T2_container_insertion,1.4505145737026366,0.0,0.5396537780761719,10,0.0001625820862816063,0.042793430387973785,0.042793430387973785,19.299700655862956,0.108396427032797,3.3541340827941895,a glass with cocktail,0.20788201689720154,0.25511759519577026,0.25115662813186646,0.04327461123466492,0.25115662813186646,"0,0,512,512",0.09741689264774323,0.0008431840687990189,/cluster/users/grad/2025/25t8103/project/data/flowedit_compatible_135/eval_masks/fe_010_beer_glass_1_cocktail_eval_mask.png,fixed_eval_mask,0.0,0.0,0.0,0.0,ours_sd3,Ours (SD3),,0.0007813652046024799,0.0007813652046024799,48.069565690755205,0.003949314460988319,,/cluster/users/grad/2025/25t8103/project/outputs/flowedit135_ablation_metric_runs_20260624/fe_010_beer_glass_1_cocktail/ours_sd3/seed_10/result.png,2.31237530708313,fe_010_beer_glass_1_cocktail/ours_sd3/seed_10,,10,/cluster/users/grad/2025/25t8103/project/_baselines/src/FlowEdit/Data/Images/beer_glass.png,0.023453334346413612,A wine glass filled with beer.,21.97363534220486,0.07967429565908951,0.9208948502919526,0.9208948502919526,"A wine glass filled with a vibrant red cocktail, garnished with an orange wedge.",fe_010_beer_glass_1_cocktail
0.0,0.0,0.0,0.0,0.0,0.0,0.0,0.0,0.0,0.0,31,0.9999505877494812,0.00036099119461141527,0.00017487273726146668,0.017487273726146668,0.3699378967285156,56.890584718645,0.9988588094711304,0.9988588094711304,0.30259692668914795,0.9169021844863892,0.2226039618253708,0.251040518283844,0.028436556458473206,0.251040518283844,True,0.6300621032714844,0.8074837923049927,0.028436556458473206,0.5396537780761719,,,F2,T2_container_insertion,1.4310174099197854,0.0,0.5396537780761719,10,0.0001625820862816063,0.0426209382712841,0.0426209382712841,19.33284406321257,0.10798359870245222,3.306983470916748,a glass with cocktail,0.2226039618253708,0.2495354562997818,0.251040518283844,0.028436556458473206,0.251040518283844,"0,0,512,512",0.0958482027053833,0.0008177655399776995,/cluster/users/grad/2025/25t8103/project/data/flowedit_compatible_135/eval_masks/fe_010_beer_glass_1_cocktail_eval_mask.png,fixed_eval_mask,0.0,0.0,0.0,0.0,sd3abl_adaptive,SD3 w/o adaptive controller,,0.0007786137866787612,0.0007786137866787612,48.141769158277796,0.0039166209451358645,,/cluster/users/grad/2025/25t8103/project/outputs/flowedit135_ablation_metric_runs_20260624/fe_010_beer_glass_1_cocktail/sd3abl_adaptive/seed_10/result.png,2.31093168258667,fe_010_beer_glass_1_cocktail/sd3abl_adaptive/seed_10,,10,/cluster/users/grad/2025/25t8103/project/_baselines/src/FlowEdit/Data/Images/beer_glass.png,0.023358983919024467,A wine glass filled with beer.,22.006819852259998,0.07937048011680381,0.9238724607379001,0.9238724607379001,"A wine glass filled with a vibrant red cocktail, garnished with an orange wedge.",fe_010_beer_glass_1_cocktail
0.0,0.0,0.0,0.0,0.0,0.0,0.0,0.0,0.0,0.0,31,0.9958871603012085,0.005937974900007248,0.0030965344049036503,0.30965344049036503,0.3699378967285156,43.41034275772175,0.9943195581436157,0.9943195581436157,0.2855927348136902,0.8638890981674194,0.2081409990787506,0.258273720741272,0.05013272166252136,0.258273720741272,True,0.6300621032714844,0.7999536991119385,0.05013272166252136,0.5396537780761719,,,F2,T2_container_insertion,1.4432076088594072,0.0,0.5396537780761719,10,0.00018378844536181584,0.04508479684591293,0.04508479684591293,19.298971628195115,0.10840552538819007,3.314009666442871,a glass with cocktail,0.2081409990787506,0.2628233730792999,0.258273720741272,0.05013272166252136,0.258273720741272,"0,0,512,512",0.10171914100646973,0.004010174423456192,/cluster/users/grad/2025/25t8103/project/data/flowedit_compatible_135/eval_masks/fe_010_beer_glass_1_cocktail_eval_mask.png,fixed_eval_mask,0.0,0.0,0.0,0.0,sd3abl_nofinal,SD3 w/o final restore,,0.006154634524136782,0.006154634524136782,42.405518285828585,0.0075809579151520715,,/cluster/users/grad/2025/25t8103/project/outputs/flowedit135_ablation_metric_runs_20260624/fe_010_beer_glass_1_cocktail/sd3abl_nofinal/seed_10/result.png,2.2962806224823,fe_010_beer_glass_1_cocktail/sd3abl_nofinal/seed_10,,10,/cluster/users/grad/2025/25t8103/project/_baselines/src/FlowEdit/Data/Images/beer_glass.png,0.027163444086909294,A wine glass filled with beer.,21.9597382204153,0.07980187379840814,0.9185851776743684,0.9185851776743684,"A wine glass filled with a vibrant red cocktail, garnished with an orange wedge.",fe_010_beer_glass_1_cocktail
0.0,0.0,0.0,0.0,0.0,0.0,0.0,0.0,0.0,0.0,31,0.9999505877494812,0.00036204257048666477,0.00017094833310693502,0.017094833310693502,0.3699378967285156,56.97349727567048,0.9988552331924438,0.9988552331924438,0.2666480541229248,0.9829356074333191,0.2256363183259964,0.1878497451543808,-0.0377865731716156,0.1878497451543808,True,0.6300621032714844,0.9335149526596069,-0.0377865731716156,0.5396537780761719,,,F2,T2_container_insertion,1.2355912804781852,0.0,0.5396537780761719,10,0.00021913237716216503,0.018058856949210167,0.018058856949210167,26.190213897723666,0.04903309478094412,2.858835220336914,a glass with cocktail,0.2256363183259964,0.20145317912101746,0.1878497451543808,-0.0377865731716156,0.1878497451543808,"0,0,512,512",0.03902258723974228,0.000820062356069684,/cluster/users/grad/2025/25t8103/project/data/flowedit_compatible_135/eval_masks/fe_010_beer_glass_1_cocktail_eval_mask.png,fixed_eval_mask,0.0,0.0,0.0,0.0,sd3abl_opsupport,SD3 w/o operation support,,0.0007885576924309134,0.0007885576924309134,48.24775510149763,0.00386912040479354,,/cluster/users/grad/2025/25t8103/project/outputs/flowedit135_ablation_metric_runs_20260624/fe_010_beer_glass_1_cocktail/sd3abl_opsupport/seed_10/result.png,2.3137385845184326,fe_010_beer_glass_1_cocktail/sd3abl_opsupport/seed_10,,10,/cluster/users/grad/2025/25t8103/project/_baselines/src/FlowEdit/Data/Images/beer_glass.png,0.010108537040650845,A wine glass filled with beer.,28.84605477033587,0.036115801840851176,0.9669336684338519,0.9669336684338519,"A wine glass filled with a vibrant red cocktail, garnished with an orange wedge.",fe_010_beer_glass_1_cocktail
0.0,0.0,0.0,0.0,0.0,0.0,0.0,0.0,0.0,0.0,31,0.999811053276062,0.004742497578263283,0.010160429403185844,1.0160429403185844,0.8351860046386719,42.22868474233441,0.9892217516899109,0.9892217516899109,0.16685862839221954,0.9378958344459534,0.25200456380844116,0.2662043273448944,0.014199763536453247,0.2662043273448944,True,0.16481399536132812,0.9503607749938965,0.014199763536453247,0.11949539184570312,,,F4,T4_local_recolor,1.7054419148758884,0.0,0.11949539184570312,15,0.010981644054269752,0.09787040948867798,0.09787040948867798,15.429930631876243,0.16924017604112768,9.91573715209961,a green bicycle,0.17510521411895752,0.23745928704738617,0.20536166429519653,0.030256450176239014,0.20536166429519653,"143,263,512,512",0.048914361745119095,0.010557221248745918,/cluster/users/grad/2025/25t8103/project/data/flowedit_compatible_135/eval_masks/fe_015_bikes_5_green_bicycle_eval_mask.png,fixed_eval_mask,0.0,0.0,0.0,0.0,fluxabl_adaptive,FLUX w/o adaptive controller,,0.004731171298772097,0.004731171298772097,42.19795861610335,0.007764295739998103,,/cluster/users/grad/2025/25t8103/project/outputs/flowedit135_ablation_metric_runs_20260624/fe_015_bikes_5_green_bicycle/fluxabl_adaptive/seed_10/result.png,5.814174652099609,fe_015_bikes_5_green_bicycle/fluxabl_adaptive/seed_10,,10,/cluster/users/grad/2025/25t8103/project/_baselines/src/FlowEdit/Data/Images/bikes.png,0.01586088351905346,"A bicycle parked on the sidewalk in front of a red brick building. The bicycle is positioned close to the door of the building, making it easily accessible for the owner. The building has a red brick exterior, giving it a distinctive appearance.",24.589582057523643,0.05895503440161501,0.9805836622115104,0.9805836622115104,"A green bicycle parked on the sidewalk in front of a red brick building. The bicycle is positioned close to the door of the building, making it easily accessible for the owner. The building has a red brick exterior, giving it a distinctive appearance.",fe_015_bikes_5_green_bicycle
0.0,0.0,0.0,0.0,0.0,0.0,0.0,0.0,0.0,0.0,31,0.999467670917511,0.014251327142119408,0.013696819543838501,1.36968195438385,0.8351860046386719,33.86275286402829,0.9380539655685425,0.9380539655685425,0.15138453245162964,0.9946860074996948,0.24431449174880981,0.2451152503490448,0.0008007586002349854,0.2451152503490448,True,0.16481399536132812,0.9869550466537476,0.0008007586002349854,0.11949539184570312,,,F4,T4_local_recolor,1.634318026998105,0.0,0.11949539184570312,15,0.02624102154828412,0.06281275302171707,0.06281275302171707,19.339621671779526,0.10789937185537944,11.317609786987305,a green bicycle,0.23697032034397125,0.24678730964660645,0.2562218904495239,0.019251570105552673,0.2562218904495239,"143,263,512,512",0.03435739129781723,0.014229151420295238,/cluster/users/grad/2025/25t8103/project/data/flowedit_compatible_135/eval_masks/fe_015_bikes_5_green_bicycle_eval_mask.png,fixed_eval_mask,0.0,0.0,0.0,0.0,fluxabl_nofinal,FLUX w/o final restore,,0.014238251373171806,0.014238251373171806,33.86772494747097,0.020258801662076137,,/cluster/users/grad/2025/25t8103/project/outputs/flowedit135_ablation_metric_runs_20260624/fe_015_bikes_5_green_bicycle/fluxabl_nofinal/seed_10/result.png,6.924973964691162,fe_015_bikes_5_green_bicycle/fluxabl_nofinal/seed_10,,10,/cluster/users/grad/2025/25t8103/project/_baselines/src/FlowEdit/Data/Images/bikes.png,0.020042678341269493,"A bicycle parked on the sidewalk in front of a red brick building. The bicycle is positioned close to the door of the building, making it easily accessible for the owner. The building has a red brick exterior, giving it a distinctive appearance.",27.5632363629095,0.04186375516819177,0.9305196586198781,0.9305196586198781,"A green bicycle parked on the sidewalk in front of a red brick building. The bicycle is positioned close to the door of the building, making it easily accessible for the owner. The building has a red brick exterior, giving it a distinctive appearance.",fe_015_bikes_5_green_bicycle
0.0,0.0,0.0,0.0,0.0,0.0,0.0,0.0,0.0,0.0,31,0.999811053276062,0.004742497578263283,0.010160429403185844,1.0160429403185844,0.8351860046386719,42.22868474233441,0.9892217516899109,0.9892217516899109,0.1805838942527771,0.9304763078689575,0.2471676766872406,0.2639490067958832,0.016781330108642578,0.2639490067958832,True,0.16481399536132812,0.9627138376235962,0.016781330108642578,0.11949539184570312,,,F4,T4_local_recolor,1.7043526199175802,0.0,0.11949539184570312,15,0.010981644054269752,0.09639961272478104,0.09639961272478104,15.53649127890868,0.16717657984962148,9.909403800964355,a green bicycle,0.17178067564964294,0.2319067418575287,0.2004297822713852,0.02864910662174225,0.2004297822713852,"143,263,512,512",0.047264520078897476,0.010557221248745918,/cluster/users/grad/2025/25t8103/project/data/flowedit_compatible_135/eval_masks/fe_015_bikes_5_green_bicycle_eval_mask.png,fixed_eval_mask,0.0,0.0,0.0,0.0,fluxabl_opsupport,FLUX w/o operation support,,0.004731171298772097,0.004731171298772097,42.19795861610335,0.007764295739998103,,/cluster/users/grad/2025/25t8103/project/outputs/flowedit135_ablation_metric_runs_20260624/fe_015_bikes_5_green_bicycle/fluxabl_opsupport/seed_10/result.png,5.814174652099609,fe_015_bikes_5_green_bicycle/fluxabl_opsupport/seed_10,,10,/cluster/users/grad/2025/25t8103/project/_baselines/src/FlowEdit/Data/Images/bikes.png,0.015685129910707474,"A bicycle parked on the sidewalk in front of a red brick building. The bicycle is positioned close to the door of the building, making it easily accessible for the owner. The building has a red brick exterior, giving it a distinctive appearance.",24.694496099719426,0.05824721901483139,0.9815957467789385,0.9815957467789385,"A green bicycle parked on the sidewalk in front of a red brick building. The bicycle is positioned close to the door of the building, making it easily accessible for the owner. The building has a red brick exterior, giving it a distinctive appearance.",fe_015_bikes_5_green_bicycle
0.0,0.0,0.0,0.0,0.0,0.0,0.0,0.0,0.0,0.0,31,0.999811053276062,0.004742497578263283,0.010160429403185844,1.0160429403185844,0.8351860046386719,42.22868474233441,0.9892217516899109,0.9892217516899109,0.18224826455116272,0.9295685291290283,0.2459585964679718,0.2630578577518463,0.01709926128387451,0.2630578577518463,True,0.16481399536132812,0.9616655111312866,0.01709926128387451,0.11949539184570312,,,F4,T4_local_recolor,1.6994456257942947,0.0,0.11949539184570312,15,0.010981644054269752,0.09644196927547455,0.09644196927547455,15.529532271632755,0.1673105729408565,9.880873680114746,a green bicycle,0.17177936434745789,0.23050950467586517,0.20070594549179077,0.028926581144332886,0.20070594549179077,"143,263,512,512",0.04726596176624298,0.010557221248745918,/cluster/users/grad/2025/25t8103/project/data/flowedit_compatible_135/eval_masks/fe_015_bikes_5_green_bicycle_eval_mask.png,fixed_eval_mask,0.0,0.0,0.0,0.0,ours_flux,Ours (FLUX),,0.004731171298772097,0.004731171298772097,42.19795861610335,0.007764295739998103,,/cluster/users/grad/2025/25t8103/project/outputs/flowedit135_ablation_metric_runs_20260624/fe_015_bikes_5_green_bicycle/ours_flux/seed_10/result.png,5.814174652099609,fe_015_bikes_5_green_bicycle/ours_flux/seed_10,,10,/cluster/users/grad/2025/25t8103/project/_baselines/src/FlowEdit/Data/Images/bikes.png,0.015690190717577934,"A bicycle parked on the sidewalk in front of a red brick building. The bicycle is positioned close to the door of the building, making it easily accessible for the owner. The building has a red brick exterior, giving it a distinctive appearance.",24.687646591744944,0.05829316964933177,0.9816409105910474,0.9816409105910474,"A green bicycle parked on the sidewalk in front of a red brick building. The bicycle is positioned close to the door of the building, making it easily accessible for the owner. The building has a red brick exterior, giving it a distinctive appearance.",fe_015_bikes_5_green_bicycle
0.0,0.0,0.0,0.0,0.0,0.0,0.0,0.0,0.0,0.0,31,0.9999476075172424,0.003163383575156331,0.0027740823570638895,0.27740823570638895,0.8351860046386719,46.22223649091975,0.9955191612243652,0.9955191612243652,0.03208271414041519,0.9981776475906372,0.24888888001441956,0.24560223519802094,-0.0032866448163986206,0.24560223519802094,True,0.16481399536132812,0.9803847074508667,-0.0032866448163986206,0.11949539184570312,,,F4,T4_local_recolor,1.7059439173052275,0.0,0.11949539184570312,15,0.05966480446927374,0.05735806003212929,0.05735806003212929,18.833587389441576,0.11437224094914238,11.997514724731445,a green bicycle,0.22958886623382568,0.21329756081104279,0.2319440245628357,0.0023551583290100098,0.2319440245628357,"143,263,512,512",0.02521372213959694,0.0028939531184732914,/cluster/users/grad/2025/25t8103/project/data/flowedit_compatible_135/eval_masks/fe_015_bikes_5_green_bicycle_eval_mask.png,fixed_eval_mask,0.0,0.0,0.0,0.0,ours_sd3,Ours (SD3),,0.0031550738494843245,0.0031550738494843245,46.20844116902198,0.0048930307103309065,,/cluster/users/grad/2025/25t8103/project/outputs/flowedit135_ablation_metric_runs_20260624/fe_015_bikes_5_green_bicycle/ours_sd3/seed_10/result.png,7.032772064208984,fe_015_bikes_5_green_bicycle/ours_sd3/seed_10,,10,/cluster/users/grad/2025/25t8103/project/_baselines/src/FlowEdit/Data/Images/bikes.png,0.009632080793380737,"A bicycle parked on the sidewalk in front of a red brick building. The bicycle is positioned close to the door of the building, making it easily accessible for the owner. The building has a red brick exterior, giving it a distinctive appearance.",28.001895883093574,0.03980202845441562,0.9849858199888153,0.9849858199888153,"A green bicycle parked on the sidewalk in front of a red brick building. The bicycle is positioned close to the door of the building, making it easily accessible for the owner. The building has a red brick exterior, giving it a distinctive appearance.",fe_015_bikes_5_green_bicycle
0.0,0.0,0.0,0.0,0.0,0.0,0.0,0.0,0.0,0.0,31,0.9999476075172424,0.003163383575156331,0.0027740823570638895,0.27740823570638895,0.8351860046386719,46.22223649091975,0.9955191612243652,0.9955191612243652,-0.00042780209332704544,0.9983968734741211,0.24828583002090454,0.24439175426959991,-0.0038940757513046265,0.24439175426959991,True,0.16481399536132812,0.9851099252700806,-0.0038940757513046265,0.11949539184570312,,,F4,T4_local_recolor,1.7429731194256453,0.0,0.11949539184570312,15,0.05634477254588986,0.05153689906001091,0.05153689906001091,19.707508334562107,0.10342477464479612,12.257932662963867,a green bicycle,0.23647786676883698,0.2069583237171173,0.23287570476531982,-0.003602162003517151,0.23287570476531982,"143,263,512,512",0.022247029468417168,0.0028939531184732914,/cluster/users/grad/2025/25t8103/project/data/flowedit_compatible_135/eval_masks/fe_015_bikes_5_green_bicycle_eval_mask.png,fixed_eval_mask,0.0,0.0,0.0,0.0,sd3abl_adaptive,SD3 w/o adaptive controller,,0.0031550738494843245,0.0031550738494843245,46.20844116902198,0.0048930307103309065,,/cluster/users/grad/2025/25t8103/project/outputs/flowedit135_ablation_metric_runs_20260624/fe_015_bikes_5_green_bicycle/sd3abl_adaptive/seed_10/result.png,7.032772064208984,fe_015_bikes_5_green_bicycle/sd3abl_adaptive/seed_10,,10,/cluster/users/grad/2025/25t8103/project/_baselines/src/FlowEdit/Data/Images/bikes.png,0.008936476893723011,"A bicycle parked on the sidewalk in front of a red brick building. The bicycle is positioned close to the door of the building, making it easily accessible for the owner. The building has a red brick exterior, giving it a distinctive appearance.",28.862955040179493,0.03604559908592183,0.9841788429956333,0.9841788429956333,"A green bicycle parked on the sidewalk in front of a red brick building. The bicycle is positioned close to the door of the building, making it easily accessible for the owner. The building has a red brick exterior, giving it a distinctive appearance.",fe_015_bikes_5_green_bicycle
0.0,0.0,0.0,0.0,0.0,0.0,0.0,0.0,0.0,0.0,31,0.9979586005210876,0.017817463725805283,0.025865992531180382,2.586599253118038,0.8351860046386719,32.149964813454545,0.9011788368225098,0.9011788368225098,0.04408056288957596,0.9932276010513306,0.24815595149993896,0.24574777483940125,-0.0024081766605377197,0.24574777483940125,True,0.16481399536132812,0.9891601800918579,-0.0024081766605377197,0.11949539184570312,,,F4,T4_local_recolor,1.7264207026563174,0.0,0.11949539184570312,15,0.060654429369513166,0.09026902914047241,0.09026902914047241,17.23508417574939,0.13748198412864682,11.896577835083008,a green bicycle,0.24332715570926666,0.22190871834754944,0.2491723895072937,0.005845233798027039,0.2491723895072937,"143,263,512,512",0.05467747896909714,0.02706225775182247,/cluster/users/grad/2025/25t8103/project/data/flowedit_compatible_135/eval_masks/fe_015_bikes_5_green_bicycle_eval_mask.png,fixed_eval_mask,0.0,0.0,0.0,0.0,sd3abl_nofinal,SD3 w/o final restore,,0.017870964482426643,0.017870964482426643,32.116659321973465,0.024783750816235076,,/cluster/users/grad/2025/25t8103/project/outputs/flowedit135_ablation_metric_runs_20260624/fe_015_bikes_5_green_bicycle/sd3abl_nofinal/seed_10/result.png,6.8908915519714355,fe_015_bikes_5_green_bicycle/sd3abl_nofinal/seed_10,,10,/cluster/users/grad/2025/25t8103/project/_baselines/src/FlowEdit/Data/Images/bikes.png,0.026522196829319,"A bicycle parked on the sidewalk in front of a red brick building. The bicycle is positioned close to the door of the building, making it easily accessible for the owner. The building has a red brick exterior, giving it a distinctive appearance.",25.529266779447838,0.052909865925958005,0.8942236008527442,0.8942236008527442,"A green bicycle parked on the sidewalk in front of a red brick building. The bicycle is positioned close to the door of the building, making it easily accessible for the owner. The building has a red brick exterior, giving it a distinctive appearance.",fe_015_bikes_5_green_bicycle
0.0,0.0,0.0,0.0,0.0,0.0,0.0,0.0,0.0,0.0,31,0.9999476075172424,0.003163383575156331,0.0027740823570638895,0.27740823570638895,0.8351860046386719,46.22223649091975,0.9955191612243652,0.9955191612243652,0.05190323665738106,0.99813312292099,0.2488950490951538,0.24598480761051178,-0.002910241484642029,0.24598480761051178,True,0.16481399536132812,0.9785196185112,-0.002910241484642029,0.11949539184570312,,,F4,T4_local_recolor,1.7054246883405773,0.0,0.11949539184570312,15,0.05899441340782123,0.05730990320444107,0.05730990320444107,18.80035222880197,0.11481070626996036,11.993863105773926,a green bicycle,0.22783337533473969,0.2124970406293869,0.23057004809379578,0.0027366727590560913,0.23057004809379578,"143,263,512,512",0.025306297466158867,0.0028939531184732914,/cluster/users/grad/2025/25t8103/project/data/flowedit_compatible_135/eval_masks/fe_015_bikes_5_green_bicycle_eval_mask.png,fixed_eval_mask,0.0,0.0,0.0,0.0,sd3abl_opsupport,SD3 w/o operation support,,0.0031550738494843245,0.0031550738494843245,46.20844116902198,0.0048930307103309065,,/cluster/users/grad/2025/25t8103/project/outputs/flowedit135_ablation_metric_runs_20260624/fe_015_bikes_5_green_bicycle/sd3abl_opsupport/seed_10/result.png,7.032772064208984,fe_015_bikes_5_green_bicycle/sd3abl_opsupport/seed_10,,10,/cluster/users/grad/2025/25t8103/project/_baselines/src/FlowEdit/Data/Images/bikes.png,0.009626326151192188,"A bicycle parked on the sidewalk in front of a red brick building. The bicycle is positioned close to the door of the building, making it easily accessible for the owner. The building has a red brick exterior, giving it a distinctive appearance.",27.96910210134231,0.039952585992097556,0.9848939202544925,0.9848939202544925,"A green bicycle parked on the sidewalk in front of a red brick building. The bicycle is positioned close to the door of the building, making it easily accessible for the owner. The building has a red brick exterior, giving it a distinctive appearance.",fe_015_bikes_5_green_bicycle
0.0,0.0,0.0,0.0,0.0,0.0,0.0,0.0,0.0,0.0,31,0.9997017979621887,0.002998210024088621,0.005072308704257011,0.5072308704257011,0.834442138671875,42.49302280948345,0.9956359267234802,0.9956359267234802,-0.010143646970391273,0.9690930843353271,0.2242307811975479,0.21989621222019196,-0.004334568977355957,0.21989621222019196,True,0.165557861328125,0.9203803539276123,-0.004334568977355957,0.12115478515625,,,F4,T4_local_recolor,1.0196693627191404,0.0,0.12115478515625,17,0.003243073047858942,0.04572414234280586,0.04572414234280586,22.304908926503263,0.07669279290644199,7.249157905578613,a white red hull,0.2131807655096054,0.19652944803237915,0.22086423635482788,0.007683470845222473,0.22086423635482788,"44,123,351,426",0.018941527232527733,0.005357775837182999,/cluster/users/grad/2025/25t8103/project/data/flowedit_compatible_135/eval_masks/fe_017_boat_silhouette_1_sailboat_white_sails_red_hull_eval_mask.png,fixed_eval_mask,0.0,0.0,0.0,0.0,fluxabl_adaptive,FLUX w/o adaptive controller,,0.0031016420107334852,0.0031016420107334852,42.29846313729675,0.007674972766722966,,/cluster/users/grad/2025/25t8103/project/outputs/flowedit135_ablation_metric_runs_20260624/fe_017_boat_silhouette_1_sailboat_white_sails_red_hull/fluxabl_adaptive/seed_10/result.png,7.1093220710754395,fe_017_boat_silhouette_1_sailboat_white_sails_red_hull/fluxabl_adaptive/seed_10,,10,/cluster/users/grad/2025/25t8103/project/_baselines/src/FlowEdit/Data/Images/boat_silhouette.png,0.008265560492873192,"A serene scene of a lake with a silhouette of a sailboat floating on the water. The silhouette of the boat is positioned in the middle of the lake, slightly to the left. The sun is setting in the background, casting a warm glow over the scene.",31.166936085478763,0.02764732996227893,0.9580111461426685,0.9580111461426685,"A serene scene of a lake with a sailboat floating on the water. The sailboat has white sails and red hull. The boat is positioned in the middle of the lake, slightly to the left. The sun is setting in the background, casting a warm glow over the scene.",fe_017_boat_silhouette_1_sailboat_white_sails_red_hull
0.0,0.0,0.0,0.0,0.0,0.0,0.0,0.0,0.0,0.0,31,0.9997265338897705,0.011363489553332329,0.008667975664138794,0.8667975664138794,0.834442138671875,32.428395111318764,0.9687115550041199,0.9687115550041199,0.08036449551582336,0.9821495413780212,0.2273215353488922,0.23118992149829865,0.003868386149406433,0.23118992149829865,True,0.165557861328125,0.9065512418746948,0.003868386149406433,0.12115478515625,,,F4,T4_local_recolor,0.946719851986642,0.0,0.12115478515625,17,0.02128463476070529,0.06055888906121254,0.06055888906121254,20.51672554751161,0.09422447419689126,8.407086372375488,a white red hull,0.21484458446502686,0.18930412828922272,0.22786501049995422,0.013020426034927368,0.22786501049995422,"44,123,351,426",0.018547583371400833,0.009184645488858223,/cluster/users/grad/2025/25t8103/project/data/flowedit_compatible_135/eval_masks/fe_017_boat_silhouette_1_sailboat_white_sails_red_hull_eval_mask.png,fixed_eval_mask,0.0,0.0,0.0,0.0,fluxabl_nofinal,FLUX w/o final restore,,0.011792115867137909,0.011792115867137909,32.180830292454274,0.024601324265081544,,/cluster/users/grad/2025/25t8103/project/outputs/flowedit135_ablation_metric_runs_20260624/fe_017_boat_silhouette_1_sailboat_white_sails_red_hull/fluxabl_nofinal/seed_10/result.png,8.880226135253906,fe_017_boat_silhouette_1_sailboat_white_sails_red_hull/fluxabl_nofinal/seed_10,,10,/cluster/users/grad/2025/25t8103/project/_baselines/src/FlowEdit/Data/Images/boat_silhouette.png,0.01770043931901455,"A serene scene of a lake with a silhouette of a sailboat floating on the water. The silhouette of the boat is positioned in the middle of the lake, slightly to the left. The sun is setting in the background, casting a warm glow over the scene.",27.93837785800043,0.040094158888286865,0.927917517602163,0.927917517602163,"A serene scene of a lake with a sailboat floating on the water. The sailboat has white sails and red hull. The boat is positioned in the middle of the lake, slightly to the left. The sun is setting in the background, casting a warm glow over the scene.",fe_017_boat_silhouette_1_sailboat_white_sails_red_hull
0.0,0.0,0.0,0.0,0.0,0.0,0.0,0.0,0.0,0.0,31,0.9997017979621887,0.002998210024088621,0.005072308704257011,0.5072308704257011,0.834442138671875,42.49302280948345,0.9956359267234802,0.9956359267234802,0.00441716518253088,0.9677938222885132,0.22517356276512146,0.22252902388572693,-0.0026445388793945312,0.22252902388572693,True,0.165557861328125,0.9303947687149048,-0.0026445388793945312,0.12115478515625,,,F4,T4_local_recolor,1.0204459234885754,0.0,0.12115478515625,17,0.0009445843828715365,0.041494257748126984,0.041494257748126984,22.845838420540293,0.07206229330692442,7.254678726196289,a white red hull,0.21152763068675995,0.19541871547698975,0.21792471408843994,0.006397083401679993,0.21792471408843994,"44,123,351,426",0.017866525799036026,0.005357775837182999,/cluster/users/grad/2025/25t8103/project/data/flowedit_compatible_135/eval_masks/fe_017_boat_silhouette_1_sailboat_white_sails_red_hull_eval_mask.png,fixed_eval_mask,0.0,0.0,0.0,0.0,fluxabl_opsupport,FLUX w/o operation support,,0.0031016420107334852,0.0031016420107334852,42.29846313729675,0.007674972766722966,,/cluster/users/grad/2025/25t8103/project/outputs/flowedit135_ablation_metric_runs_20260624/fe_017_boat_silhouette_1_sailboat_white_sails_red_hull/fluxabl_opsupport/seed_10/result.png,7.1093220710754395,fe_017_boat_silhouette_1_sailboat_white_sails_red_hull/fluxabl_opsupport/seed_10,,10,/cluster/users/grad/2025/25t8103/project/_baselines/src/FlowEdit/Data/Images/boat_silhouette.png,0.007753090467303991,"A serene scene of a lake with a silhouette of a sailboat floating on the water. The silhouette of the boat is positioned in the middle of the lake, slightly to the left. The sun is setting in the background, casting a warm glow over the scene.",31.669024440035678,0.026094487880792838,0.95948256920585,0.95948256920585,"A serene scene of a lake with a sailboat floating on the water. The sailboat has white sails and red hull. The boat is positioned in the middle of the lake, slightly to the left. The sun is setting in the background, casting a warm glow over the scene.",fe_017_boat_silhouette_1_sailboat_white_sails_red_hull
0.0,0.0,0.0,0.0,0.0,0.0,0.0,0.0,0.0,0.0,31,0.9997017979621887,0.002998210024088621,0.005072308704257011,0.5072308704257011,0.834442138671875,42.49302280948345,0.9956359267234802,0.9956359267234802,0.0032936232164502144,0.9667532444000244,0.2257423996925354,0.22296839952468872,-0.0027740001678466797,0.22296839952468872,True,0.165557861328125,0.9308677315711975,-0.0027740001678466797,0.12115478515625,,,F4,T4_local_recolor,1.0215828626492849,0.0,0.12115478515625,17,0.0006926952141057934,0.04161398485302925,0.04161398485302925,22.82278695136243,0.07225379331490929,7.26276159286499,a white red hull,0.21169839799404144,0.1952105164527893,0.21836283802986145,0.006664440035820007,0.21836283802986145,"44,123,351,426",0.017998717725276947,0.005357775837182999,/cluster/users/grad/2025/25t8103/project/data/flowedit_compatible_135/eval_masks/fe_017_boat_silhouette_1_sailboat_white_sails_red_hull_eval_mask.png,fixed_eval_mask,0.0,0.0,0.0,0.0,ours_flux,Ours (FLUX),,0.0031016420107334852,0.0031016420107334852,42.29846313729675,0.007674972766722966,,/cluster/users/grad/2025/25t8103/project/outputs/flowedit135_ablation_metric_runs_20260624/fe_017_boat_silhouette_1_sailboat_white_sails_red_hull/ours_flux/seed_10/result.png,7.1093220710754395,fe_017_boat_silhouette_1_sailboat_white_sails_red_hull/ours_flux/seed_10,,10,/cluster/users/grad/2025/25t8103/project/_baselines/src/FlowEdit/Data/Images/boat_silhouette.png,0.007767595816403627,"A serene scene of a lake with a silhouette of a sailboat floating on the water. The silhouette of the boat is positioned in the middle of the lake, slightly to the left. The sun is setting in the background, casting a warm glow over the scene.",31.647720968935413,0.02615856714820654,0.9594905127062389,0.9594905127062389,"A serene scene of a lake with a sailboat floating on the water. The sailboat has white sails and red hull. The boat is positioned in the middle of the lake, slightly to the left. The sun is setting in the background, casting a warm glow over the scene.",fe_017_boat_silhouette_1_sailboat_white_sails_red_hull
0.0,0.0,0.0,0.0,0.0,0.0,0.0,0.0,0.0,0.0,31,0.9999419450759888,0.0016364131588488817,0.0012282057432457805,0.12282057432457805,0.834442138671875,47.61371101457597,0.9985109567642212,0.9985109567642212,0.052549537271261215,0.9926884770393372,0.23464654386043549,0.23444879055023193,-0.00019775331020355225,0.23444879055023193,True,0.165557861328125,0.9184417724609375,-0.00019775331020355225,0.12115478515625,,,F4,T4_local_recolor,1.0030163643232566,0.0,0.12115478515625,17,9.445843828715365e-05,0.03475741669535637,0.03475741669535637,20.09199975361817,0.09894640331969715,8.659292221069336,a white red hull,0.21437592804431915,0.18052449822425842,0.21910306811332703,0.0047271400690078735,0.21910306811332703,"44,123,351,426",0.023912863805890083,0.0013123959070071578,/cluster/users/grad/2025/25t8103/project/data/flowedit_compatible_135/eval_masks/fe_017_boat_silhouette_1_sailboat_white_sails_red_hull_eval_mask.png,fixed_eval_mask,0.0,0.0,0.0,0.0,ours_sd3,Ours (SD3),,0.0016954587772488594,0.0016954587772488594,47.42472561003716,0.004253669267564211,,/cluster/users/grad/2025/25t8103/project/outputs/flowedit135_ablation_metric_runs_20260624/fe_017_boat_silhouette_1_sailboat_white_sails_red_hull/ours_sd3/seed_10/result.png,8.633251190185547,fe_017_boat_silhouette_1_sailboat_white_sails_red_hull/ours_sd3/seed_10,,10,/cluster/users/grad/2025/25t8103/project/_baselines/src/FlowEdit/Data/Images/boat_silhouette.png,0.005701073911041021,"A serene scene of a lake with a silhouette of a sailboat floating on the water. The silhouette of the boat is positioned in the middle of the lake, slightly to the left. The sun is setting in the background, casting a warm glow over the scene.",29.20075947845877,0.03467065337357486,0.9638634791498302,0.9638634791498302,"A serene scene of a lake with a sailboat floating on the water. The sailboat has white sails and red hull. The boat is positioned in the middle of the lake, slightly to the left. The sun is setting in the background, casting a warm glow over the scene.",fe_017_boat_silhouette_1_sailboat_white_sails_red_hull
0.0,0.0,0.0,0.0,0.0,0.0,0.0,0.0,0.0,0.0,31,0.9999419450759888,0.0016364131588488817,0.0012282057432457805,0.12282057432457805,0.834442138671875,47.61371101457597,0.9985109567642212,0.9985109567642212,0.056573815643787384,0.9932154417037964,0.2342999130487442,0.2342144250869751,-8.5487961769104e-05,0.2342144250869751,True,0.165557861328125,0.9214056730270386,-8.5487961769104e-05,0.12115478515625,,,F4,T4_local_recolor,0.996284280131056,0.0,0.12115478515625,17,9.445843828715365e-05,0.03446625918149948,0.03446625918149948,20.16653014501491,0.09810101317658754,8.60117244720459,a white red hull,0.2164602279663086,0.18188481032848358,0.22096051275730133,0.004500284790992737,0.22096051275730133,"44,123,351,426",0.023792115971446037,0.0013123959070071578,/cluster/users/grad/2025/25t8103/project/data/flowedit_compatible_135/eval_masks/fe_017_boat_silhouette_1_sailboat_white_sails_red_hull_eval_mask.png,fixed_eval_mask,0.0,0.0,0.0,0.0,sd3abl_adaptive,SD3 w/o adaptive controller,,0.0016954587772488594,0.0016954587772488594,47.42472561003716,0.004253669267564211,,/cluster/users/grad/2025/25t8103/project/outputs/flowedit135_ablation_metric_runs_20260624/fe_017_boat_silhouette_1_sailboat_white_sails_red_hull/sd3abl_adaptive/seed_10/result.png,8.633251190185547,fe_017_boat_silhouette_1_sailboat_white_sails_red_hull/sd3abl_adaptive/seed_10,,10,/cluster/users/grad/2025/25t8103/project/_baselines/src/FlowEdit/Data/Images/boat_silhouette.png,0.005665799602866173,"A serene scene of a lake with a silhouette of a sailboat floating on the water. The silhouette of the boat is positioned in the middle of the lake, slightly to the left. The sun is setting in the background, casting a warm glow over the scene.",29.274294781763956,0.03437836837792068,0.9639334878075438,0.9639334878075438,"A serene scene of a lake with a sailboat floating on the water. The sailboat has white sails and red hull. The boat is positioned in the middle of the lake, slightly to the left. The sun is setting in the background, casting a warm glow over the scene.",fe_017_boat_silhouette_1_sailboat_white_sails_red_hull
0.0,0.0,0.0,0.0,0.0,0.0,0.0,0.0,0.0,0.0,31,0.9973450303077698,0.014892132952809334,0.013212444260716438,1.3212444260716438,0.834442138671875,31.24266521514775,0.9219430685043335,0.9219430685043335,0.0861121341586113,0.9751349687576294,0.22458577156066895,0.2303440123796463,0.005758240818977356,0.2303440123796463,True,0.165557861328125,0.9224299192428589,0.005758240818977356,0.12115478515625,,,F4,T4_local_recolor,1.024167529351123,0.0,0.12115478515625,17,6.297229219143577e-05,0.0433376170694828,0.0433376170694828,19.905958240355893,0.10108857813021176,8.61030101776123,a white red hull,0.21736685931682587,0.1831524819135666,0.22280794382095337,0.0054410845041275024,0.22280794382095337,"44,123,351,426",0.03661220148205757,0.013891913928091526,/cluster/users/grad/2025/25t8103/project/data/flowedit_compatible_135/eval_masks/fe_017_boat_silhouette_1_sailboat_white_sails_red_hull_eval_mask.png,fixed_eval_mask,0.0,0.0,0.0,0.0,sd3abl_nofinal,SD3 w/o final restore,,0.015335752628743649,0.015335752628743649,31.023001058977865,0.02810929459252342,,/cluster/users/grad/2025/25t8103/project/outputs/flowedit135_ablation_metric_runs_20260624/fe_017_boat_silhouette_1_sailboat_white_sails_red_hull/sd3abl_nofinal/seed_10/result.png,8.407121658325195,fe_017_boat_silhouette_1_sailboat_white_sails_red_hull/sd3abl_nofinal/seed_10,,10,/cluster/users/grad/2025/25t8103/project/_baselines/src/FlowEdit/Data/Images/boat_silhouette.png,0.018728310242295265,"A serene scene of a lake with a silhouette of a sailboat floating on the water. The silhouette of the boat is positioned in the middle of the lake, slightly to the left. The sun is setting in the background, casting a warm glow over the scene.",27.138865566019426,0.04395990261958304,0.8918306616339762,0.8918306616339762,"A serene scene of a lake with a sailboat floating on the water. The sailboat has white sails and red hull. The boat is positioned in the middle of the lake, slightly to the left. The sun is setting in the background, casting a warm glow over the scene.",fe_017_boat_silhouette_1_sailboat_white_sails_red_hull
0.0,0.0,0.0,0.0,0.0,0.0,0.0,0.0,0.0,0.0,31,0.9999419450759888,0.0016364131588488817,0.0012282057432457805,0.12282057432457805,0.834442138671875,47.61371101457597,0.9985109567642212,0.9985109567642212,0.0509255975484848,0.9927594065666199,0.23474110662937164,0.23443977534770966,-0.0003013312816619873,0.23443977534770966,True,0.165557861328125,0.9186838865280151,-0.0003013312816619873,0.12115478515625,,,F4,T4_local_recolor,1.0027589802731143,0.0,0.12115478515625,17,6.297229219143577e-05,0.03438492864370346,0.03438492864370346,20.1810881781015,0.09793672814792326,8.65707015991211,a white red hull,0.21368280053138733,0.18119549751281738,0.21890029311180115,0.005217492580413818,0.21890029311180115,"44,123,351,426",0.023822028189897537,0.0013123959070071578,/cluster/users/grad/2025/25t8103/project/data/flowedit_compatible_135/eval_masks/fe_017_boat_silhouette_1_sailboat_white_sails_red_hull_eval_mask.png,fixed_eval_mask,0.0,0.0,0.0,0.0,sd3abl_opsupport,SD3 w/o operation support,,0.0016954587772488594,0.0016954587772488594,47.42472561003716,0.004253669267564211,,/cluster/users/grad/2025/25t8103/project/outputs/flowedit135_ablation_metric_runs_20260624/fe_017_boat_silhouette_1_sailboat_white_sails_red_hull/sd3abl_opsupport/seed_10/result.png,8.633251190185547,fe_017_boat_silhouette_1_sailboat_white_sails_red_hull/sd3abl_opsupport/seed_10,,10,/cluster/users/grad/2025/25t8103/project/_baselines/src/FlowEdit/Data/Images/boat_silhouette.png,0.005655945744365454,"A serene scene of a lake with a silhouette of a sailboat floating on the water. The silhouette of the boat is positioned in the middle of the lake, slightly to the left. The sun is setting in the background, casting a warm glow over the scene.",29.288657376882718,0.03432156883296129,0.9639521201778307,0.9639521201778307,"A serene scene of a lake with a sailboat floating on the water. The sailboat has white sails and red hull. The boat is positioned in the middle of the lake, slightly to the left. The sun is setting in the background, casting a warm glow over the scene.",fe_017_boat_silhouette_1_sailboat_white_sails_red_hull
0.0,0.0,0.0,0.0,0.0,0.0,0.0,0.0,0.0,0.0,31,0.9990801811218262,0.006237031426280737,0.013367772102355957,1.3367772102355957,0.7172088623046875,39.331381724984354,0.9902670979499817,0.9902670979499817,-0.02907654084265232,0.9832331538200378,0.2764332890510559,0.2860458493232727,0.009612560272216797,0.2860458493232727,True,0.2827911376953125,0.7871513962745667,0.009612560272216797,0.2237396240234375,,,F3,T3_surface_decal,1.9183018143252035,0.0,0.2237396240234375,24,0.06339084771192798,0.08905480057001114,0.08905480057001114,14.90785017159955,0.17972458581100667,11.017295837402344,a volkswagen logo on the logo,0.2584591805934906,0.17126280069351196,0.2690959572792053,0.010636776685714722,0.2690959572792053,"54,108,464,512",0.07550838589668274,0.01413790788501501,/cluster/users/grad/2025/25t8103/project/data/flowedit_compatible_135/eval_masks/fe_024_bus_2_volkswagen_logo_eval_mask.png,fixed_eval_mask,0.0,0.0,0.0,0.0,fluxabl_adaptive,FLUX w/o adaptive controller,,0.0061124651692807674,0.0061124651692807674,39.52257330320051,0.010565044602126664,,/cluster/users/grad/2025/25t8103/project/outputs/flowedit135_ablation_metric_runs_20260624/fe_024_bus_2_volkswagen_logo/fluxabl_adaptive/seed_10/result.png,5.743254661560059,fe_024_bus_2_volkswagen_logo/fluxabl_adaptive/seed_10,,10,/cluster/users/grad/2025/25t8103/project/_baselines/src/FlowEdit/Data/Images/bus.png,0.024669962003827095,"A yellow van parked in front of a house, outside a garage. The van is of a classic model. The house has a brown exterior, and there is a tree nearby. There is a spare tire hanged between the headlights of the van.",21.35866069818427,0.08551985681975664,0.9304915497699596,0.9304915497699596,"A yellow van parked in front of a house, outside a garage. The van is of a classic model. The house has a brown exterior, and there is a tree nearby. There is a big Volkswagen logo on the front of the van, between its headlights.",fe_024_bus_2_volkswagen_logo
0.0,0.0,0.0,0.0,0.0,0.0,0.0,0.0,0.0,0.0,31,0.9965535402297974,0.021857716143131256,0.0325758159160614,3.25758159160614,0.7172088623046875,28.8030033385291,0.903826117515564,0.903826117515564,0.009748503565788269,0.9795293807983398,0.2771996855735779,0.29041099548339844,0.013211309909820557,0.29041099548339844,True,0.2827911376953125,0.9016295671463013,0.013211309909820557,0.2237396240234375,,,F3,T3_surface_decal,2.0261792246564836,0.0,0.2237396240234375,24,0.08066221100729729,0.055399879813194275,0.055399879813194275,17.733812216433737,0.12981037041354948,14.527188301086426,a volkswagen logo on the logo,0.26700490713119507,0.20006754994392395,0.28805920481681824,0.02105429768562317,0.28805920481681824,"54,108,464,512",0.06179143115878105,0.03653453290462494,/cluster/users/grad/2025/25t8103/project/data/flowedit_compatible_135/eval_masks/fe_024_bus_2_volkswagen_logo_eval_mask.png,fixed_eval_mask,0.0,0.0,0.0,0.0,fluxabl_nofinal,FLUX w/o final restore,,0.02185683697462082,0.02185683697462082,28.85228704093004,0.036089897445571055,,/cluster/users/grad/2025/25t8103/project/outputs/flowedit135_ablation_metric_runs_20260624/fe_024_bus_2_volkswagen_logo/fluxabl_nofinal/seed_10/result.png,7.169744968414307,fe_024_bus_2_volkswagen_logo/fluxabl_nofinal/seed_10,,10,/cluster/users/grad/2025/25t8103/project/_baselines/src/FlowEdit/Data/Images/bus.png,0.029361749067902565,"A yellow van parked in front of a house, outside a garage. The van is of a classic model. The house has a brown exterior, and there is a tree nearby. There is a spare tire hanged between the headlights of the van.",23.20459401570912,0.06914651543908258,0.8909508115375854,0.8909508115375854,"A yellow van parked in front of a house, outside a garage. The van is of a classic model. The house has a brown exterior, and there is a tree nearby. There is a big Volkswagen logo on the front of the van, between its headlights.",fe_024_bus_2_volkswagen_logo
0.0,0.0,0.0,0.0,0.0,0.0,0.0,0.0,0.0,0.0,31,0.9990801811218262,0.006237031426280737,0.013367772102355957,1.3367772102355957,0.7172088623046875,39.331381724984354,0.9902670979499817,0.9902670979499817,0.08248664438724518,0.9027525782585144,0.28232264518737793,0.3119979500770569,0.029675304889678955,0.3119979500770569,True,0.2827911376953125,0.623591423034668,0.029675304889678955,0.2237396240234375,,,F3,T3_surface_decal,2.174018500428163,0.0,0.2237396240234375,24,0.08391870694946464,0.1473454087972641,0.1473454087972641,11.261723830587798,0.2734725929629287,12.485941886901855,a volkswagen logo on the logo,0.26200348138809204,0.2144840955734253,0.2926487326622009,0.030645251274108887,0.2926487326622009,"54,108,464,512",0.10702954977750778,0.01413790788501501,/cluster/users/grad/2025/25t8103/project/data/flowedit_compatible_135/eval_masks/fe_024_bus_2_volkswagen_logo_eval_mask.png,fixed_eval_mask,0.0,0.0,0.0,0.0,fluxabl_opsupport,FLUX w/o operation support,,0.0061124651692807674,0.0061124651692807674,39.52257330320051,0.010565044602126664,,/cluster/users/grad/2025/25t8103/project/outputs/flowedit135_ablation_metric_runs_20260624/fe_024_bus_2_volkswagen_logo/fluxabl_opsupport/seed_10/result.png,5.743254661560059,fe_024_bus_2_volkswagen_logo/fluxabl_opsupport/seed_10,,10,/cluster/users/grad/2025/25t8103/project/_baselines/src/FlowEdit/Data/Images/bus.png,0.03771186247467995,"A yellow van parked in front of a house, outside a garage. The van is of a classic model. The house has a brown exterior, and there is a tree nearby. There is a spare tire hanged between the headlights of the van.",17.74186548670174,0.12969007029916288,0.9011100787904149,0.9011100787904149,"A yellow van parked in front of a house, outside a garage. The van is of a classic model. The house has a brown exterior, and there is a tree nearby. There is a big Volkswagen logo on the front of the van, between its headlights.",fe_024_bus_2_volkswagen_logo
0.0,0.0,0.0,0.0,0.0,0.0,0.0,0.0,0.0,0.0,31,0.9990801811218262,0.006237031426280737,0.013367772102355957,1.3367772102355957,0.7172088623046875,39.331381724984354,0.9902670979499817,0.9902670979499817,0.037892792373895645,0.9874328374862671,0.27549007534980774,0.2903522551059723,0.01486217975616455,0.2903522551059723,True,0.2827911376953125,0.899346113204956,0.01486217975616455,0.2237396240234375,,,F3,T3_surface_decal,2.440324437472508,0.0,0.2237396240234375,24,0.0814976471390575,0.046973735094070435,0.046973735094070435,17.860635993509757,0.12792876294216912,14.01540470123291,a volkswagen logo on the logo,0.25965988636016846,0.20295758545398712,0.28235843777656555,0.022698551416397095,0.28235843777656555,"54,108,464,512",0.037036631256341934,0.01413790788501501,/cluster/users/grad/2025/25t8103/project/data/flowedit_compatible_135/eval_masks/fe_024_bus_2_volkswagen_logo_eval_mask.png,fixed_eval_mask,0.0,0.0,0.0,0.0,ours_flux,Ours (FLUX),,0.0061124651692807674,0.0061124651692807674,39.52257330320051,0.010565044602126664,,/cluster/users/grad/2025/25t8103/project/outputs/flowedit135_ablation_metric_runs_20260624/fe_024_bus_2_volkswagen_logo/ours_flux/seed_10/result.png,5.743254661560059,fe_024_bus_2_volkswagen_logo/ours_flux/seed_10,,10,/cluster/users/grad/2025/25t8103/project/_baselines/src/FlowEdit/Data/Images/bus.png,0.015254748053848743,"A yellow van parked in front of a house, outside a garage. The van is of a classic model. The house has a brown exterior, and there is a tree nearby. There is a spare tire hanged between the headlights of the van.",24.261635775930795,0.06122350812891412,0.9649279485835988,0.9649279485835988,"A yellow van parked in front of a house, outside a garage. The van is of a classic model. The house has a brown exterior, and there is a tree nearby. There is a big Volkswagen logo on the front of the van, between its headlights.",fe_024_bus_2_volkswagen_logo
0.0,0.0,0.0,0.0,0.0,0.0,0.0,0.0,0.0,0.0,31,0.9998898506164551,0.0035316268913447857,0.004625413566827774,0.4625413566827774,0.7172088623046875,44.22730867022503,0.9969085454940796,0.9969085454940796,0.14714081585407257,0.9677486419677734,0.28268688917160034,0.31185612082481384,0.0291692316532135,0.31185612082481384,True,0.2827911376953125,0.8476501107215881,0.0291692316532135,0.2237396240234375,,,F3,T3_surface_decal,1.6520193734413362,0.0,0.2237396240234375,24,0.11090840892041193,0.11264330893754959,0.11264330893754959,13.38691630314172,0.2141184963300867,11.595389366149902,a volkswagen logo on the logo,0.2626067101955414,0.21470630168914795,0.294587105512619,0.03198039531707764,0.294587105512619,"54,108,464,512",0.0718497484922409,0.004826540593057871,/cluster/users/grad/2025/25t8103/project/data/flowedit_compatible_135/eval_masks/fe_024_bus_2_volkswagen_logo_eval_mask.png,fixed_eval_mask,0.0,0.0,0.0,0.0,ours_sd3,Ours (SD3),,0.0034661605022847652,0.0034661605022847652,44.41040116277997,0.006018384660039561,,/cluster/users/grad/2025/25t8103/project/outputs/flowedit135_ablation_metric_runs_20260624/fe_024_bus_2_volkswagen_logo/ours_sd3/seed_10/result.png,7.018918514251709,fe_024_bus_2_volkswagen_logo/ours_sd3/seed_10,,10,/cluster/users/grad/2025/25t8103/project/_baselines/src/FlowEdit/Data/Images/bus.png,0.027893418446183205,"A yellow van parked in front of a house, outside a garage. The van is of a classic model. The house has a brown exterior, and there is a tree nearby. There is a spare tire hanged between the headlights of the van.",19.87759905377053,0.10141916889987605,0.9174939994249879,0.9174939994249879,"A yellow van parked in front of a house, outside a garage. The van is of a classic model. The house has a brown exterior, and there is a tree nearby. There is a big Volkswagen logo on the front of the van, between its headlights.",fe_024_bus_2_volkswagen_logo
0.0,0.0,0.0,0.0,0.0,0.0,0.0,0.0,0.0,0.0,31,0.9998898506164551,0.0035316268913447857,0.004625413566827774,0.4625413566827774,0.7172088623046875,44.22730867022503,0.9969085454940796,0.9969085454940796,0.17481397092342377,0.9695355892181396,0.2775556147098541,0.3092416524887085,0.03168603777885437,0.3092416524887085,True,0.2827911376953125,0.8165284991264343,0.03168603777885437,0.2237396240234375,,,F3,T3_surface_decal,1.6463054134315833,0.0,0.2237396240234375,24,0.10804405646866262,0.1125933900475502,0.1125933900475502,13.418950345099955,0.2133302698638746,11.555283546447754,a volkswagen logo on the logo,0.26767757534980774,0.21092872321605682,0.2992056608200073,0.031528085470199585,0.2992056608200073,"54,108,464,512",0.07478928565979004,0.004826540593057871,/cluster/users/grad/2025/25t8103/project/data/flowedit_compatible_135/eval_masks/fe_024_bus_2_volkswagen_logo_eval_mask.png,fixed_eval_mask,0.0,0.0,0.0,0.0,sd3abl_adaptive,SD3 w/o adaptive controller,,0.0034661605022847652,0.0034661605022847652,44.41040116277997,0.006018384660039561,,/cluster/users/grad/2025/25t8103/project/outputs/flowedit135_ablation_metric_runs_20260624/fe_024_bus_2_volkswagen_logo/sd3abl_adaptive/seed_10/result.png,7.018918514251709,fe_024_bus_2_volkswagen_logo/sd3abl_adaptive/seed_10,,10,/cluster/users/grad/2025/25t8103/project/_baselines/src/FlowEdit/Data/Images/bus.png,0.027882248163223267,"A yellow van parked in front of a house, outside a garage. The van is of a classic model. The house has a brown exterior, and there is a tree nearby. There is a spare tire hanged between the headlights of the van.",19.909544914343904,0.10104684412937923,0.9186584952847836,0.9186584952847836,"A yellow van parked in front of a house, outside a garage. The van is of a classic model. The house has a brown exterior, and there is a tree nearby. There is a big Volkswagen logo on the front of the van, between its headlights.",fe_024_bus_2_volkswagen_logo
0.0,0.0,0.0,0.0,0.0,0.0,0.0,0.0,0.0,0.0,31,0.9945836663246155,0.026761183515191078,0.05770612880587578,5.770612880587578,0.7172088623046875,27.187492873322032,0.8463138341903687,0.8463138341903687,0.10049322247505188,0.9180022478103638,0.2891387343406677,0.3206089735031128,0.03147023916244507,0.3206089735031128,True,0.2827911376953125,0.8371557593345642,0.03147023916244507,0.2237396240234375,,,F3,T3_surface_decal,1.7050061045227476,0.0,0.2237396240234375,24,0.11084021005251313,0.11983724683523178,0.11983724683523178,13.339379534884067,0.21529355213522633,11.500899314880371,a volkswagen logo on the logo,0.256548136472702,0.2264716774225235,0.29778653383255005,0.04123839735984802,0.29778653383255005,"54,108,464,512",0.12969395518302917,0.060193683952093124,/cluster/users/grad/2025/25t8103/project/data/flowedit_compatible_135/eval_masks/fe_024_bus_2_volkswagen_logo_eval_mask.png,fixed_eval_mask,0.0,0.0,0.0,0.0,sd3abl_nofinal,SD3 w/o final restore,,0.026114562526345253,0.026114562526345253,27.41150594659386,0.04260148153659382,,/cluster/users/grad/2025/25t8103/project/outputs/flowedit135_ablation_metric_runs_20260624/fe_024_bus_2_volkswagen_logo/sd3abl_nofinal/seed_10/result.png,6.745371341705322,fe_024_bus_2_volkswagen_logo/sd3abl_nofinal/seed_10,,10,/cluster/users/grad/2025/25t8103/project/_baselines/src/FlowEdit/Data/Images/bus.png,0.047084033489227295,"A yellow van parked in front of a house, outside a garage. The van is of a classic model. The house has a brown exterior, and there is a tree nearby. There is a spare tire hanged between the headlights of the van.",19.288750943593787,0.10853316122805699,0.7953444651898292,0.7953444651898292,"A yellow van parked in front of a house, outside a garage. The van is of a classic model. The house has a brown exterior, and there is a tree nearby. There is a big Volkswagen logo on the front of the van, between its headlights.",fe_024_bus_2_volkswagen_logo
0.0,0.0,0.0,0.0,0.0,0.0,0.0,0.0,0.0,0.0,31,0.9998898506164551,0.0035316268913447857,0.004625413566827774,0.4625413566827774,0.7172088623046875,44.22730867022503,0.9969085454940796,0.9969085454940796,0.15917322039604187,0.9715774059295654,0.28182166814804077,0.3111006021499634,0.029278934001922607,0.3111006021499634,True,0.2827911376953125,0.8076551556587219,0.029278934001922607,0.2237396240234375,,,F3,T3_surface_decal,1.6582120104167608,0.0,0.2237396240234375,24,0.1321864557048353,0.13581104576587677,0.13581104576587677,12.164733976900084,0.2464695664565574,11.63885498046875,a volkswagen logo on the logo,0.27141672372817993,0.21895688772201538,0.30112332105636597,0.029706597328186035,0.30112332105636597,"54,108,464,512",0.08538812398910522,0.004826540593057871,/cluster/users/grad/2025/25t8103/project/data/flowedit_compatible_135/eval_masks/fe_024_bus_2_volkswagen_logo_eval_mask.png,fixed_eval_mask,0.0,0.0,0.0,0.0,sd3abl_opsupport,SD3 w/o operation support,,0.0034661605022847652,0.0034661605022847652,44.41040116277997,0.006018384660039561,,/cluster/users/grad/2025/25t8103/project/outputs/flowedit135_ablation_metric_runs_20260624/fe_024_bus_2_volkswagen_logo/sd3abl_opsupport/seed_10/result.png,7.018918514251709,fe_024_bus_2_volkswagen_logo/sd3abl_opsupport/seed_10,,10,/cluster/users/grad/2025/25t8103/project/_baselines/src/FlowEdit/Data/Images/bus.png,0.03307696059346199,"A yellow van parked in front of a house, outside a garage. The van is of a classic model. The house has a brown exterior, and there is a tree nearby. There is a spare tire hanged between the headlights of the van.",18.658330975824903,0.11670338451659511,0.9028025968792247,0.9028025968792247,"A yellow van parked in front of a house, outside a garage. The van is of a classic model. The house has a brown exterior, and there is a tree nearby. There is a big Volkswagen logo on the front of the van, between its headlights.",fe_024_bus_2_volkswagen_logo
0.0,0.0,0.0,0.0,0.0,0.0,0.0,0.0,0.0,0.0,31,0.999075174331665,0.006225262302905321,0.013555190525949001,1.3555190525949001,0.7335052490234375,39.36472171805639,0.9903324246406555,0.9903324246406555,0.38906022906303406,0.9503563046455383,0.267080157995224,0.3008384704589844,0.033758312463760376,0.3008384704589844,True,0.2664947509765625,0.817646861076355,0.033758312463760376,0.2092742919921875,,,F4,T4_local_recolor,1.5340776196860268,0.0,0.2092742919921875,25,0.07085308056872038,0.12310022115707397,0.12310022115707397,13.083943793560941,0.22171894851740204,10.571621894836426,a pink van,0.24451453983783722,0.26450473070144653,0.2868717312812805,0.0423571914434433,0.2868717312812805,"61,115,457,512",0.1019647866487503,0.014461951330304146,/cluster/users/grad/2025/25t8103/project/data/flowedit_compatible_135/eval_masks/fe_025_bus_3_pink_van_eval_mask.png,fixed_eval_mask,0.0,0.0,0.0,0.0,fluxabl_adaptive,FLUX w/o adaptive controller,,0.006099711172282696,0.006099711172282696,39.55369987538844,0.010527251686961371,,/cluster/users/grad/2025/25t8103/project/outputs/flowedit135_ablation_metric_runs_20260624/fe_025_bus_3_pink_van/fluxabl_adaptive/seed_10/result.png,6.891191005706787,fe_025_bus_3_pink_van/fluxabl_adaptive/seed_10,,10,/cluster/users/grad/2025/25t8103/project/_baselines/src/FlowEdit/Data/Images/bus.png,0.03058491088449955,"A yellow van parked in front of a house, outside a garage. The van is of a classic model. The house has a brown exterior, and there is a tree nearby. There is a spare tire hanged between the headlights of the van.",19.839948750811306,0.10185973980471547,0.9066694306351204,0.9066694306351204,"A pink van parked in front of a house, outside a garage. The van is of a classic model. The house has a brown exterior, and there is a tree nearby. There is a spare tire hanged between the headlights of the van.",fe_025_bus_3_pink_van
0.0,0.0,0.0,0.0,0.0,0.0,0.0,0.0,0.0,0.0,31,0.9978305101394653,0.02071705274283886,0.027911797165870667,2.7911797165870667,0.7335052490234375,29.14822867101444,0.909713625907898,0.909713625907898,0.44197118282318115,0.9818793535232544,0.2573661804199219,0.26612162590026855,0.00875544548034668,0.26612162590026855,True,0.2664947509765625,0.8678332567214966,0.00875544548034668,0.2092742919921875,,,F4,T4_local_recolor,1.4750625099099657,0.0,0.2092742919921875,25,0.07869121399927087,0.11986324936151505,0.11986324936151505,13.320704260216667,0.21575694642703083,12.083576202392578,a pink van,0.2506523132324219,0.22818860411643982,0.2635711431503296,0.012918829917907715,0.2635711431503296,"61,115,457,512",0.10640061646699905,0.029136380180716515,/cluster/users/grad/2025/25t8103/project/data/flowedit_compatible_135/eval_masks/fe_025_bus_3_pink_van_eval_mask.png,fixed_eval_mask,0.0,0.0,0.0,0.0,fluxabl_nofinal,FLUX w/o final restore,,0.0202471986413002,0.0202471986413002,29.36964209047721,0.03400305167641126,,/cluster/users/grad/2025/25t8103/project/outputs/flowedit135_ablation_metric_runs_20260624/fe_025_bus_3_pink_van/fluxabl_nofinal/seed_10/result.png,8.19190788269043,fe_025_bus_3_pink_van/fluxabl_nofinal/seed_10,,10,/cluster/users/grad/2025/25t8103/project/_baselines/src/FlowEdit/Data/Images/bus.png,0.041094280779361725,"A yellow van parked in front of a house, outside a garage. The van is of a classic model. The house has a brown exterior, and there is a tree nearby. There is a spare tire hanged between the headlights of the van.",19.723981921830486,0.1032288059578928,0.8450146725755097,0.8450146725755097,"A pink van parked in front of a house, outside a garage. The van is of a classic model. The house has a brown exterior, and there is a tree nearby. There is a spare tire hanged between the headlights of the van.",fe_025_bus_3_pink_van
0.0,0.0,0.0,0.0,0.0,0.0,0.0,0.0,0.0,0.0,31,0.999075174331665,0.006225262302905321,0.013555190525949001,1.3555190525949001,0.7335052490234375,39.36472171805639,0.9903324246406555,0.9903324246406555,0.4641534686088562,0.9793000221252441,0.2605690062046051,0.2760292887687683,0.015460282564163208,0.2760292887687683,True,0.2664947509765625,0.8789541721343994,0.015460282564163208,0.2092742919921875,,,F4,T4_local_recolor,1.7134957228733296,0.0,0.2092742919921875,25,0.07617572001458257,0.11618062853813171,0.11618062853813171,13.29421757720012,0.21641587810925975,11.808026313781738,a pink van,0.24213798344135284,0.23346075415611267,0.2606317698955536,0.018493786454200745,0.2606317698955536,"61,115,457,512",0.09093277156352997,0.014461951330304146,/cluster/users/grad/2025/25t8103/project/data/flowedit_compatible_135/eval_masks/fe_025_bus_3_pink_van_eval_mask.png,fixed_eval_mask,0.0,0.0,0.0,0.0,fluxabl_opsupport,FLUX w/o operation support,,0.006099711172282696,0.006099711172282696,39.55369987538844,0.010527251686961371,,/cluster/users/grad/2025/25t8103/project/outputs/flowedit135_ablation_metric_runs_20260624/fe_025_bus_3_pink_van/fluxabl_opsupport/seed_10/result.png,6.891191005706787,fe_025_bus_3_pink_van/fluxabl_opsupport/seed_10,,10,/cluster/users/grad/2025/25t8103/project/_baselines/src/FlowEdit/Data/Images/bus.png,0.029136819764971733,"A yellow van parked in front of a house, outside a garage. The van is of a classic model. The house has a brown exterior, and there is a tree nearby. There is a spare tire hanged between the headlights of the van.",20.048402977318503,0.09944428994249943,0.9110268490317791,0.9110268490317791,"A pink van parked in front of a house, outside a garage. The van is of a classic model. The house has a brown exterior, and there is a tree nearby. There is a spare tire hanged between the headlights of the van.",fe_025_bus_3_pink_van
0.0,0.0,0.0,0.0,0.0,0.0,0.0,0.0,0.0,0.0,31,0.999075174331665,0.006225262302905321,0.013555190525949001,1.3555190525949001,0.7335052490234375,39.36472171805639,0.9903324246406555,0.9903324246406555,0.4628254473209381,0.9798382520675659,0.2595830261707306,0.27406466007232666,0.01448163390159607,0.27406466007232666,True,0.2664947509765625,0.8772513270378113,0.01448163390159607,0.2092742919921875,,,F4,T4_local_recolor,1.6972936729663106,0.0,0.2092742919921875,25,0.07929274516952242,0.11565417051315308,0.11565417051315308,13.335193352810302,0.21539733830596575,11.696374893188477,a pink van,0.24449336528778076,0.2323320209980011,0.26064014434814453,0.01614677906036377,0.26064014434814453,"61,115,457,512",0.09103025496006012,0.014461951330304146,/cluster/users/grad/2025/25t8103/project/data/flowedit_compatible_135/eval_masks/fe_025_bus_3_pink_van_eval_mask.png,fixed_eval_mask,0.0,0.0,0.0,0.0,ours_flux,Ours (FLUX),,0.006099711172282696,0.006099711172282696,39.55369987538844,0.010527251686961371,,/cluster/users/grad/2025/25t8103/project/outputs/flowedit135_ablation_metric_runs_20260624/fe_025_bus_3_pink_van/ours_flux/seed_10/result.png,6.891191005706787,fe_025_bus_3_pink_van/ours_flux/seed_10,,10,/cluster/users/grad/2025/25t8103/project/_baselines/src/FlowEdit/Data/Images/bus.png,0.029026644304394722,"A yellow van parked in front of a house, outside a garage. The van is of a classic model. The house has a brown exterior, and there is a tree nearby. There is a spare tire hanged between the headlights of the van.",20.08901345347757,0.09898042798170363,0.9112660603843614,0.9112660603843614,"A pink van parked in front of a house, outside a garage. The van is of a classic model. The house has a brown exterior, and there is a tree nearby. There is a spare tire hanged between the headlights of the van.",fe_025_bus_3_pink_van
0.0,0.0,0.0,0.0,0.0,0.0,0.0,0.0,0.0,0.0,31,0.9998964071273804,0.003523960942402482,0.004663687199354172,0.4663687199354172,0.7335052490234375,44.26351903638901,0.9969284534454346,0.9969284534454346,0.5063061714172363,0.9695985317230225,0.24723103642463684,0.28237342834472656,0.03514239192008972,0.28237342834472656,True,0.2664947509765625,0.9547821283340454,0.03514239192008972,0.2092742919921875,,,F4,T4_local_recolor,1.527279943937688,0.0,0.2092742919921875,25,0.09586219467736055,0.06453103572130203,0.06453103572130203,17.48147012626136,0.13363693108298844,12.67849063873291,a pink van,0.24337831139564514,0.2563227415084839,0.2844768166542053,0.04109850525856018,0.2844768166542053,"61,115,457,512",0.04235836863517761,0.004890629090368748,/cluster/users/grad/2025/25t8103/project/data/flowedit_compatible_135/eval_masks/fe_025_bus_3_pink_van_eval_mask.png,fixed_eval_mask,0.0,0.0,0.0,0.0,ours_sd3,Ours (SD3),,0.003453813726082444,0.003453813726082444,44.44867522371511,0.005991923207584588,,/cluster/users/grad/2025/25t8103/project/outputs/flowedit135_ablation_metric_runs_20260624/fe_025_bus_3_pink_van/ours_sd3/seed_10/result.png,8.301353454589844,fe_025_bus_3_pink_van/ours_sd3/seed_10,,10,/cluster/users/grad/2025/25t8103/project/_baselines/src/FlowEdit/Data/Images/bus.png,0.016235707327723503,"A yellow van parked in front of a house, outside a garage. The van is of a classic model. The house has a brown exterior, and there is a tree nearby. There is a spare tire hanged between the headlights of the van.",24.241445705898084,0.061365985725043114,0.9668282746142096,0.9668282746142096,"A pink van parked in front of a house, outside a garage. The van is of a classic model. The house has a brown exterior, and there is a tree nearby. There is a spare tire hanged between the headlights of the van.",fe_025_bus_3_pink_van
0.0,0.0,0.0,0.0,0.0,0.0,0.0,0.0,0.0,0.0,31,0.9998964071273804,0.003523960942402482,0.004663687199354172,0.4663687199354172,0.7335052490234375,44.26351903638901,0.9969284534454346,0.9969284534454346,0.5000909566879272,0.9695719480514526,0.24824881553649902,0.28245821595191956,0.03420940041542053,0.28245821595191956,True,0.2664947509765625,0.9550362825393677,0.03420940041542053,0.2092742919921875,,,F4,T4_local_recolor,1.5288161431886589,0.0,0.2092742919921875,25,0.0979584396646008,0.06380774080753326,0.06380774080753326,17.636564066878332,0.13127190770372152,12.691243171691895,a pink van,0.2443481832742691,0.25755614042282104,0.2858749032020569,0.04152671992778778,0.2858749032020569,"61,115,457,512",0.0416300967335701,0.004890629090368748,/cluster/users/grad/2025/25t8103/project/data/flowedit_compatible_135/eval_masks/fe_025_bus_3_pink_van_eval_mask.png,fixed_eval_mask,0.0,0.0,0.0,0.0,sd3abl_adaptive,SD3 w/o adaptive controller,,0.003453813726082444,0.003453813726082444,44.44867522371511,0.005991923207584588,,/cluster/users/grad/2025/25t8103/project/outputs/flowedit135_ablation_metric_runs_20260624/fe_025_bus_3_pink_van/sd3abl_adaptive/seed_10/result.png,8.301353454589844,fe_025_bus_3_pink_van/sd3abl_adaptive/seed_10,,10,/cluster/users/grad/2025/25t8103/project/_baselines/src/FlowEdit/Data/Images/bus.png,0.0160843413323164,"A yellow van parked in front of a house, outside a garage. The van is of a classic model. The house has a brown exterior, and there is a tree nearby. There is a spare tire hanged between the headlights of the van.",24.395350075324018,0.0602882248106108,0.9660711860098582,0.9660711860098582,"A pink van parked in front of a house, outside a garage. The van is of a classic model. The house has a brown exterior, and there is a tree nearby. There is a spare tire hanged between the headlights of the van.",fe_025_bus_3_pink_van
0.0,0.0,0.0,0.0,0.0,0.0,0.0,0.0,0.0,0.0,31,0.9944827556610107,0.026285750791430473,0.05329912155866623,5.329912155866623,0.7335052490234375,27.348649185653446,0.8526134490966797,0.8526134490966797,0.34623563289642334,0.9256303310394287,0.24220214784145355,0.2829013168811798,0.04069916903972626,0.2829013168811798,True,0.2664947509765625,0.9495105743408203,0.04069916903972626,0.2092742919921875,,,F4,T4_local_recolor,1.5940691136715204,0.0,0.2092742919921875,25,0.09418519868756836,0.06968282908201218,0.06968282908201218,17.476045223268155,0.1337204221080228,12.598482131958008,a pink van,0.23721405863761902,0.27202779054641724,0.2813742160797119,0.044160157442092896,0.2813742160797119,"61,115,457,512",0.09369499236345291,0.05526432394981384,/cluster/users/grad/2025/25t8103/project/data/flowedit_compatible_135/eval_masks/fe_025_bus_3_pink_van_eval_mask.png,fixed_eval_mask,0.0,0.0,0.0,0.0,sd3abl_nofinal,SD3 w/o final restore,,0.025673823431134224,0.025673823431134224,27.566766215241834,0.041846745643849506,,/cluster/users/grad/2025/25t8103/project/outputs/flowedit135_ablation_metric_runs_20260624/fe_025_bus_3_pink_van/sd3abl_nofinal/seed_10/result.png,7.903347492218018,fe_025_bus_3_pink_van/sd3abl_nofinal/seed_10,,10,/cluster/users/grad/2025/25t8103/project/_baselines/src/FlowEdit/Data/Images/bus.png,0.0348837748169899,"A yellow van parked in front of a house, outside a garage. The van is of a classic model. The house has a brown exterior, and there is a tree nearby. There is a spare tire hanged between the headlights of the van.",22.901582856342113,0.0716012917090507,0.8488881970379402,0.8488881970379402,"A pink van parked in front of a house, outside a garage. The van is of a classic model. The house has a brown exterior, and there is a tree nearby. There is a spare tire hanged between the headlights of the van.",fe_025_bus_3_pink_van
0.0,0.0,0.0,0.0,0.0,0.0,0.0,0.0,0.0,0.0,31,0.9998964071273804,0.003523960942402482,0.004663687199354172,0.4663687199354172,0.7335052490234375,44.26351903638901,0.9969284534454346,0.9969284534454346,0.507439374923706,0.9697052240371704,0.24737700819969177,0.28255948424339294,0.03518247604370117,0.28255948424339294,True,0.2664947509765625,0.9547425508499146,0.03518247604370117,0.2092742919921875,,,F4,T4_local_recolor,1.5267765319486248,0.0,0.2092742919921875,25,0.0962814436748086,0.06452145427465439,0.06452145427465439,17.485938172917677,0.13356820553841822,12.674311637878418,a pink van,0.2433101236820221,0.25665712356567383,0.28474318981170654,0.04143306612968445,0.28474318981170654,"61,115,457,512",0.04237152636051178,0.004890629090368748,/cluster/users/grad/2025/25t8103/project/data/flowedit_compatible_135/eval_masks/fe_025_bus_3_pink_van_eval_mask.png,fixed_eval_mask,0.0,0.0,0.0,0.0,sd3abl_opsupport,SD3 w/o operation support,,0.003453813726082444,0.003453813726082444,44.44867522371511,0.005991923207584588,,/cluster/users/grad/2025/25t8103/project/outputs/flowedit135_ablation_metric_runs_20260624/fe_025_bus_3_pink_van/sd3abl_opsupport/seed_10/result.png,8.301353454589844,fe_025_bus_3_pink_van/sd3abl_opsupport/seed_10,,10,/cluster/users/grad/2025/25t8103/project/_baselines/src/FlowEdit/Data/Images/bus.png,0.016233699396252632,"A yellow van parked in front of a house, outside a garage. The van is of a classic model. The house has a brown exterior, and there is a tree nearby. There is a spare tire hanged between the headlights of the van.",24.245880351160423,0.06133466286343637,0.9667375175188668,0.9667375175188668,"A pink van parked in front of a house, outside a garage. The van is of a classic model. The house has a brown exterior, and there is a tree nearby. There is a spare tire hanged between the headlights of the van.",fe_025_bus_3_pink_van
0.0,0.0,0.0,0.0,0.0,0.0,0.0,0.0,0.0,0.0,31,0.9997941255569458,0.000876404345035553,0.003003847086802125,0.3003847086802125,0.6673011779785156,50.81091286534682,0.998309850692749,0.998309850692749,0.2362605333328247,0.9847061038017273,0.2666246294975281,0.2680293321609497,0.0014047026634216309,0.2680293321609497,True,0.3326988220214844,0.9774397611618042,0.0014047026634216309,0.2683830261230469,,,F4,T4_local_recolor,3.290327141272389,0.0,0.2683830261230469,28,0.0820552910240921,0.06955573707818985,0.06955573707818985,16.604991896129107,0.14782585691585579,8.45625114440918,a orange butterfly,0.2607673406600952,0.22127506136894226,0.263675332069397,0.002907991409301758,0.263675332069397,"0,0,423,403",0.05718639865517616,0.0031833588145673275,/cluster/users/grad/2025/25t8103/project/data/flowedit_compatible_135/eval_masks/fe_028_butterfly_1_orange_butterfly_eval_mask.png,fixed_eval_mask,0.0,0.0,0.0,0.0,fluxabl_adaptive,FLUX w/o adaptive controller,,0.0009155759471468627,0.0009155759471468627,50.6572541791878,0.0029318199183003576,,/cluster/users/grad/2025/25t8103/project/outputs/flowedit135_ablation_metric_runs_20260624/fe_028_butterfly_1_orange_butterfly/fluxabl_adaptive/seed_10/result.png,2.570033550262451,fe_028_butterfly_1_orange_butterfly/fluxabl_adaptive/seed_10,,10,/cluster/users/grad/2025/25t8103/project/_baselines/src/FlowEdit/Data/Images/butterfly.png,0.019337430596351624,A beautiful purple flower with a white and black butterfly perched on top of it. The butterfly is positioned towards the left side of the flower.,22.312787052500987,0.07662326386680059,0.9799960841695667,0.9799960841695667,A beautiful purple flower with an orange butterfly perched on top of it. The butterfly is positioned towards the right side of the flower.,fe_028_butterfly_1_orange_butterfly
0.0,0.0,0.0,0.0,0.0,0.0,0.0,0.0,0.0,0.0,31,0.9990705847740173,0.004583386704325676,0.0046125780791044235,0.46125780791044235,0.6673011779785156,41.691563334526975,0.9905334711074829,0.9905334711074829,0.24924367666244507,0.9804534912109375,0.2666303813457489,0.2721583843231201,0.005528002977371216,0.2721583843231201,True,0.3326988220214844,0.974780797958374,0.005528002977371216,0.2683830261230469,,,F4,T4_local_recolor,3.4014543829609267,0.0,0.2683830261230469,28,0.08489801719849335,0.06259898841381073,0.06259898841381073,17.676702639083757,0.13066668343873347,9.516963958740234,a orange butterfly,0.2646740674972534,0.22837063670158386,0.2738209366798401,0.00914686918258667,0.2738209366798401,"0,0,423,403",0.04893547296524048,0.005105618853121996,/cluster/users/grad/2025/25t8103/project/data/flowedit_compatible_135/eval_masks/fe_028_butterfly_1_orange_butterfly_eval_mask.png,fixed_eval_mask,0.0,0.0,0.0,0.0,fluxabl_nofinal,FLUX w/o final restore,,0.004759499337524176,0.004759499337524176,41.30592153534064,0.008604069766623909,,/cluster/users/grad/2025/25t8103/project/outputs/flowedit135_ablation_metric_runs_20260624/fe_028_butterfly_1_orange_butterfly/fluxabl_nofinal/seed_10/result.png,2.797910213470459,fe_028_butterfly_1_orange_butterfly/fluxabl_nofinal/seed_10,,10,/cluster/users/grad/2025/25t8103/project/_baselines/src/FlowEdit/Data/Images/butterfly.png,0.020282631739974022,A beautiful purple flower with a white and black butterfly perched on top of it. The butterfly is positioned towards the left side of the flower.,23.33812044751941,0.06809166873199518,0.9655139897622531,0.9655139897622531,A beautiful purple flower with an orange butterfly perched on top of it. The butterfly is positioned towards the right side of the flower.,fe_028_butterfly_1_orange_butterfly
0.0,0.0,0.0,0.0,0.0,0.0,0.0,0.0,0.0,0.0,31,0.9997941255569458,0.000876404345035553,0.003003847086802125,0.3003847086802125,0.6673011779785156,50.81091286534682,0.998309850692749,0.998309850692749,0.2396487146615982,0.9844557046890259,0.26624852418899536,0.26813191175460815,0.001883387565612793,0.26813191175460815,True,0.3326988220214844,0.9809190630912781,0.001883387565612793,0.2683830261230469,,,F4,T4_local_recolor,3.4491322511930513,0.0,0.2683830261230469,28,0.08208371828583612,0.06812416762113571,0.06812416762113571,16.731512380226825,0.14568820115022568,8.864385604858398,a orange butterfly,0.25995302200317383,0.2237422913312912,0.2638453245162964,0.0038923025131225586,0.2638453245162964,"0,0,423,403",0.0518827810883522,0.0031833588145673275,/cluster/users/grad/2025/25t8103/project/data/flowedit_compatible_135/eval_masks/fe_028_butterfly_1_orange_butterfly_eval_mask.png,fixed_eval_mask,0.0,0.0,0.0,0.0,fluxabl_opsupport,FLUX w/o operation support,,0.0009155759471468627,0.0009155759471468627,50.6572541791878,0.0029318199183003576,,/cluster/users/grad/2025/25t8103/project/outputs/flowedit135_ablation_metric_runs_20260624/fe_028_butterfly_1_orange_butterfly/fluxabl_opsupport/seed_10/result.png,2.570033550262451,fe_028_butterfly_1_orange_butterfly/fluxabl_opsupport/seed_10,,10,/cluster/users/grad/2025/25t8103/project/_baselines/src/FlowEdit/Data/Images/butterfly.png,0.018953224644064903,A beautiful purple flower with a white and black butterfly perched on top of it. The butterfly is positioned towards the left side of the flower.,22.439169921825656,0.07551643924700377,0.9845800016108371,0.9845800016108371,A beautiful purple flower with an orange butterfly perched on top of it. The butterfly is positioned towards the right side of the flower.,fe_028_butterfly_1_orange_butterfly
0.0,0.0,0.0,0.0,0.0,0.0,0.0,0.0,0.0,0.0,31,0.9997941255569458,0.000876404345035553,0.003003847086802125,0.3003847086802125,0.6673011779785156,50.81091286534682,0.998309850692749,0.998309850692749,0.23918089270591736,0.984653115272522,0.26611465215682983,0.2678239047527313,0.0017092525959014893,0.2678239047527313,True,0.3326988220214844,0.9810299873352051,0.0017092525959014893,0.2683830261230469,,,F4,T4_local_recolor,3.4477889609371566,0.0,0.2683830261230469,28,0.08208371828583612,0.06804773211479187,0.06804773211479187,16.741541400011787,0.14552008173886596,8.860933303833008,a orange butterfly,0.26021552085876465,0.22362597286701202,0.26429253816604614,0.004077017307281494,0.26429253816604614,"0,0,423,403",0.05191703513264656,0.0031833588145673275,/cluster/users/grad/2025/25t8103/project/data/flowedit_compatible_135/eval_masks/fe_028_butterfly_1_orange_butterfly_eval_mask.png,fixed_eval_mask,0.0,0.0,0.0,0.0,ours_flux,Ours (FLUX),,0.0009155759471468627,0.0009155759471468627,50.6572541791878,0.0029318199183003576,,/cluster/users/grad/2025/25t8103/project/outputs/flowedit135_ablation_metric_runs_20260624/fe_028_butterfly_1_orange_butterfly/ours_flux/seed_10/result.png,2.570033550262451,fe_028_butterfly_1_orange_butterfly/ours_flux/seed_10,,10,/cluster/users/grad/2025/25t8103/project/_baselines/src/FlowEdit/Data/Images/butterfly.png,0.018932705745100975,A beautiful purple flower with a white and black butterfly perched on top of it. The butterfly is positioned towards the left side of the flower.,22.449187613778683,0.0754293941223429,0.9845306200870813,0.9845306200870813,A beautiful purple flower with an orange butterfly perched on top of it. The butterfly is positioned towards the right side of the flower.,fe_028_butterfly_1_orange_butterfly
0.0,0.0,0.0,0.0,0.0,0.0,0.0,0.0,0.0,0.0,31,0.9998974800109863,0.0006042338209226727,0.0011000364320352674,0.11000364320352674,0.6673011779785156,54.71343339830032,0.9987837076187134,0.9987837076187134,0.029992155730724335,0.9769256114959717,0.2725944519042969,0.2558172345161438,-0.016777217388153076,0.2558172345161438,True,0.3326988220214844,0.9786230325698853,-0.016777217388153076,0.2683830261230469,,,F4,T4_local_recolor,3.2544972895352178,0.0,0.2683830261230469,28,0.0927013005472248,0.05434328690171242,0.05434328690171242,18.2144206806024,0.12282279212913425,9.346953392028809,a orange butterfly,0.2627331018447876,0.20533955097198486,0.25124868750572205,-0.011484414339065552,0.25124868750572205,"0,0,423,403",0.054091304540634155,0.0011559359263628721,/cluster/users/grad/2025/25t8103/project/data/flowedit_compatible_135/eval_masks/fe_028_butterfly_1_orange_butterfly_eval_mask.png,fixed_eval_mask,0.0,0.0,0.0,0.0,ours_sd3,Ours (SD3),,0.0006182651850394905,0.0006182651850394905,54.67218882000944,0.0018466753792154593,,/cluster/users/grad/2025/25t8103/project/outputs/flowedit135_ablation_metric_runs_20260624/fe_028_butterfly_1_orange_butterfly/ours_sd3/seed_10/result.png,2.872011423110962,fe_028_butterfly_1_orange_butterfly/ours_sd3/seed_10,,10,/cluster/users/grad/2025/25t8103/project/_baselines/src/FlowEdit/Data/Images/butterfly.png,0.015037148259580135,A beautiful purple flower with a white and black butterfly perched on top of it. The butterfly is positioned towards the left side of the flower.,23.9241954854089,0.06364880082300768,0.9570858240378184,0.9570858240378184,A beautiful purple flower with an orange butterfly perched on top of it. The butterfly is positioned towards the right side of the flower.,fe_028_butterfly_1_orange_butterfly
0.0,0.0,0.0,0.0,0.0,0.0,0.0,0.0,0.0,0.0,31,0.9998974800109863,0.0006042338209226727,0.0011000364320352674,0.11000364320352674,0.6673011779785156,54.71343339830032,0.9987837076187134,0.9987837076187134,0.041725289076566696,0.980243980884552,0.27196070551872253,0.256227970123291,-0.01573273539543152,0.256227970123291,True,0.3326988220214844,0.975365936756134,-0.01573273539543152,0.2683830261230469,,,F4,T4_local_recolor,3.2719705125871146,0.0,0.2683830261230469,28,0.09311349584251297,0.05449329689145088,0.05449329689145088,18.30699987922663,0.12152062822685719,9.397136688232422,a orange butterfly,0.2625891864299774,0.20172017812728882,0.24956369400024414,-0.013025492429733276,0.24956369400024414,"0,0,423,403",0.05044787377119064,0.0011559359263628721,/cluster/users/grad/2025/25t8103/project/data/flowedit_compatible_135/eval_masks/fe_028_butterfly_1_orange_butterfly_eval_mask.png,fixed_eval_mask,0.0,0.0,0.0,0.0,sd3abl_adaptive,SD3 w/o adaptive controller,,0.0006182651850394905,0.0006182651850394905,54.67218882000944,0.0018466753792154593,,/cluster/users/grad/2025/25t8103/project/outputs/flowedit135_ablation_metric_runs_20260624/fe_028_butterfly_1_orange_butterfly/sd3abl_adaptive/seed_10/result.png,2.872011423110962,fe_028_butterfly_1_orange_butterfly/sd3abl_adaptive/seed_10,,10,/cluster/users/grad/2025/25t8103/project/_baselines/src/FlowEdit/Data/Images/butterfly.png,0.015077411197125912,A beautiful purple flower with a white and black butterfly perched on top of it. The butterfly is positioned towards the left side of the flower.,24.016716725189124,0.06297441817914397,0.9581074192130324,0.9581074192130324,A beautiful purple flower with an orange butterfly perched on top of it. The butterfly is positioned towards the right side of the flower.,fe_028_butterfly_1_orange_butterfly
0.0,0.0,0.0,0.0,0.0,0.0,0.0,0.0,0.0,0.0,31,0.9973471760749817,0.006914678495377302,0.009819258004426956,0.9819258004426956,0.6673011779785156,39.432664743095586,0.9838343262672424,0.9838343262672424,0.03046235628426075,0.9719915390014648,0.26868313550949097,0.25236669182777405,-0.01631644368171692,0.25236669182777405,True,0.3326988220214844,0.964025616645813,-0.01631644368171692,0.2683830261230469,,,F4,T4_local_recolor,3.3943861165178726,0.0,0.2683830261230469,28,0.08403098571530097,0.0632241815328598,0.0632241815328598,17.90027716468768,0.12734624444823647,9.282662391662598,a orange butterfly,0.26469266414642334,0.20649714767932892,0.2544609606266022,-0.010231703519821167,0.2544609606266022,"0,0,423,403",0.06681109219789505,0.010337980464100838,/cluster/users/grad/2025/25t8103/project/data/flowedit_compatible_135/eval_masks/fe_028_butterfly_1_orange_butterfly_eval_mask.png,fixed_eval_mask,0.0,0.0,0.0,0.0,sd3abl_nofinal,SD3 w/o final restore,,0.007144501432776451,0.007144501432776451,39.06656255120223,0.011134529556487955,,/cluster/users/grad/2025/25t8103/project/outputs/flowedit135_ablation_metric_runs_20260624/fe_028_butterfly_1_orange_butterfly/sd3abl_nofinal/seed_10/result.png,2.734710216522217,fe_028_butterfly_1_orange_butterfly/sd3abl_nofinal/seed_10,,10,/cluster/users/grad/2025/25t8103/project/_baselines/src/FlowEdit/Data/Images/butterfly.png,0.02219533361494541,A beautiful purple flower with a white and black butterfly perched on top of it. The butterfly is positioned towards the left side of the flower.,23.52314804027213,0.06665651412053993,0.9404891753014443,0.9404891753014443,A beautiful purple flower with an orange butterfly perched on top of it. The butterfly is positioned towards the right side of the flower.,fe_028_butterfly_1_orange_butterfly
0.0,0.0,0.0,0.0,0.0,0.0,0.0,0.0,0.0,0.0,31,0.9998974800109863,0.0006042338209226727,0.0011000364320352674,0.11000364320352674,0.6673011779785156,54.71343339830032,0.9987837076187134,0.9987837076187134,0.02933974377810955,0.9769140481948853,0.271298885345459,0.2544556260108948,-0.01684325933456421,0.2544556260108948,True,0.3326988220214844,0.9784790873527527,-0.01684325933456421,0.2683830261230469,,,F4,T4_local_recolor,3.2514951533232073,0.0,0.2683830261230469,28,0.09309928221164096,0.055126260966062546,0.055126260966062546,18.0891946217453,0.1246063770184671,9.33833122253418,a orange butterfly,0.2635815441608429,0.2073139101266861,0.25344353914260864,-0.010138005018234253,0.25344353914260864,"0,0,423,403",0.05540153756737709,0.0011559359263628721,/cluster/users/grad/2025/25t8103/project/data/flowedit_compatible_135/eval_masks/fe_028_butterfly_1_orange_butterfly_eval_mask.png,fixed_eval_mask,0.0,0.0,0.0,0.0,sd3abl_opsupport,SD3 w/o operation support,,0.0006182651850394905,0.0006182651850394905,54.67218882000944,0.0018466753792154593,,/cluster/users/grad/2025/25t8103/project/outputs/flowedit135_ablation_metric_runs_20260624/fe_028_butterfly_1_orange_butterfly/sd3abl_opsupport/seed_10/result.png,2.872011423110962,fe_028_butterfly_1_orange_butterfly/sd3abl_opsupport/seed_10,,10,/cluster/users/grad/2025/25t8103/project/_baselines/src/FlowEdit/Data/Images/butterfly.png,0.015247284434735775,A beautiful purple flower with a white and black butterfly perched on top of it. The butterfly is positioned towards the left side of the flower.,23.799045301304666,0.06457251992118891,0.9560186152869018,0.9560186152869018,A beautiful purple flower with an orange butterfly perched on top of it. The butterfly is positioned towards the right side of the flower.,fe_028_butterfly_1_orange_butterfly
0.0,0.0,0.0,0.0,0.0,0.0,0.0,0.0,0.0,0.0,31,0.9999808073043823,0.001304817502386868,0.0019291656790301204,0.19291656790301204,0.4603729248046875,51.31064972367878,0.9978585839271545,0.9978585839271545,0.09747771173715591,0.9375956058502197,0.2728542387485504,0.29429712891578674,0.021442890167236328,0.29429712891578674,True,0.5396270751953125,0.8557363748550415,0.021442890167236328,0.45574188232421875,,,F2,T2_container_insertion,2.2683039499346114,0.0,0.45574188232421875,31,0.05249853519712062,0.05003902316093445,0.05003902316093445,19.534935885088696,0.10550018124768204,11.194317817687988,a cake with berries,0.2728542387485504,0.2851021885871887,0.29429712891578674,0.021442890167236328,0.29429712891578674,"0,0,512,512",0.09648330509662628,0.005864229053258896,/cluster/users/grad/2025/25t8103/project/data/flowedit_compatible_135/eval_masks/fe_031_cake_1_berries_eval_mask.png,fixed_eval_mask,0.0,0.0,0.0,0.0,fluxabl_adaptive,FLUX w/o adaptive controller,,0.0021985857747495174,0.0021985857747495174,40.23139960212574,0.009737108736397436,,/cluster/users/grad/2025/25t8103/project/outputs/flowedit135_ablation_metric_runs_20260624/fe_031_cake_1_berries/fluxabl_adaptive/seed_10/result.png,4.935104846954346,fe_031_cake_1_berries/fluxabl_adaptive/seed_10,,10,/cluster/users/grad/2025/25t8103/project/_baselines/src/FlowEdit/Data/Images/cake.png,0.0240014735609293,"A three-layer cake with white frosting, placed on a wooden table. The cake is adorned with a variety of fruits. The cake is presented on a white plate.",22.903789681301667,0.07158310227158823,0.9142948877559753,0.9142948877559753,"A three-layer cake with white frosting, placed on a wooden table. The cake is adorned with a variety of berries. The cake is presented on a white plate.",fe_031_cake_1_berries
0.0,0.0,0.0,0.0,0.0,0.0,0.0,0.0,0.0,0.0,31,0.9994440078735352,0.008747296407818794,0.005874461028724909,0.5874461028724909,0.4603729248046875,37.81400439804732,0.978117823600769,0.978117823600769,0.08475010842084885,0.9365298748016357,0.2763645052909851,0.2963974177837372,0.020032912492752075,0.2963974177837372,True,0.5396270751953125,0.8710578083992004,0.020032912492752075,0.45574188232421875,,,F2,T2_container_insertion,2.045499990292438,0.0,0.45574188232421875,31,0.03808487486398259,0.04605580121278763,0.04605580121278763,20.322156453376845,0.09635897626557731,10.549908638000488,a cake with berries,0.2763645052909851,0.280768483877182,0.2963974177837372,0.020032912492752075,0.2963974177837372,"0,0,512,512",0.07564640045166016,0.00962615106254816,/cluster/users/grad/2025/25t8103/project/data/flowedit_compatible_135/eval_masks/fe_031_cake_1_berries_eval_mask.png,fixed_eval_mask,0.0,0.0,0.0,0.0,fluxabl_nofinal,FLUX w/o final restore,,0.009843448176980019,0.009843448176980019,36.34177945270867,0.015237405575646427,,/cluster/users/grad/2025/25t8103/project/outputs/flowedit135_ablation_metric_runs_20260624/fe_031_cake_1_berries/fluxabl_nofinal/seed_10/result.png,5.157618522644043,fe_031_cake_1_berries/fluxabl_nofinal/seed_10,,10,/cluster/users/grad/2025/25t8103/project/_baselines/src/FlowEdit/Data/Images/cake.png,0.02634693682193756,"A three-layer cake with white frosting, placed on a wooden table. The cake is adorned with a variety of fruits. The cake is presented on a white plate.",23.60717356075854,0.06601480153377169,0.9160916125804208,0.9160916125804208,"A three-layer cake with white frosting, placed on a wooden table. The cake is adorned with a variety of berries. The cake is presented on a white plate.",fe_031_cake_1_berries
0.0,0.0,0.0,0.0,0.0,0.0,0.0,0.0,0.0,0.0,31,0.9999808073043823,0.001304817502386868,0.0019291656790301204,0.19291656790301204,0.4603729248046875,51.31064972367878,0.9978898763656616,0.9978898763656616,0.16471818089485168,0.921068549156189,0.2753354609012604,0.3073451519012451,0.03200969099998474,0.3073451519012451,True,0.5396270751953125,0.778476357460022,0.03200969099998474,0.45574188232421875,,,F2,T2_container_insertion,2.0105014359950526,0.0,0.45574188232421875,31,0.06551435506821797,0.11704615503549576,0.11704615503549576,14.3502806865615,0.1916399132847157,9.873254776000977,a cake with berries,0.2753354609012604,0.2926486134529114,0.3073451519012451,0.03200969099998474,0.3073451519012451,"0,0,512,512",0.1844085156917572,0.005807077512145042,/cluster/users/grad/2025/25t8103/project/data/flowedit_compatible_135/eval_masks/fe_031_cake_1_berries_eval_mask.png,fixed_eval_mask,0.0,0.0,0.0,0.0,fluxabl_opsupport,FLUX w/o operation support,,0.002636285498738289,0.002636285498738289,37.08955586158149,0.013980484003584695,,/cluster/users/grad/2025/25t8103/project/outputs/flowedit135_ablation_metric_runs_20260624/fe_031_cake_1_berries/fluxabl_opsupport/seed_10/result.png,4.910841941833496,fe_031_cake_1_berries/fluxabl_opsupport/seed_10,,10,/cluster/users/grad/2025/25t8103/project/_baselines/src/FlowEdit/Data/Images/cake.png,0.05477765575051308,"A three-layer cake with white frosting, placed on a wooden table. The cake is adorned with a variety of fruits. The cake is presented on a white plate.",17.73557583541763,0.12978401585430233,0.8351647841683224,0.8351647841683224,"A three-layer cake with white frosting, placed on a wooden table. The cake is adorned with a variety of berries. The cake is presented on a white plate.",fe_031_cake_1_berries
0.0,0.0,0.0,0.0,0.0,0.0,0.0,0.0,0.0,0.0,31,0.9999808073043823,0.001304817502386868,0.0019291656790301204,0.19291656790301204,0.4603729248046875,51.31064972367878,0.997886061668396,0.997886061668396,0.09970436990261078,0.9419689178466797,0.28163447976112366,0.30298253893852234,0.02134805917739868,0.30298253893852234,True,0.5396270751953125,0.8701180815696716,0.02134805917739868,0.45574188232421875,,,F2,T2_container_insertion,2.154599973294785,0.0,0.45574188232421875,31,0.037005105884322424,0.038656625896692276,0.038656625896692276,20.54458272241294,0.09392276382279571,10.441202163696289,a cake with berries,0.28163447976112366,0.2872055768966675,0.30298253893852234,0.02134805917739868,0.30298253893852234,"0,0,512,512",0.06505978107452393,0.003705160692334175,/cluster/users/grad/2025/25t8103/project/data/flowedit_compatible_135/eval_masks/fe_031_cake_1_berries_eval_mask.png,fixed_eval_mask,0.0,0.0,0.0,0.0,ours_flux,Ours (FLUX),,0.0017681516474112868,0.0017681516474112868,44.65172894933298,0.005853472098113753,,/cluster/users/grad/2025/25t8103/project/outputs/flowedit135_ablation_metric_runs_20260624/fe_031_cake_1_berries/ours_flux/seed_10/result.png,4.846004962921143,fe_031_cake_1_berries/ours_flux/seed_10,,10,/cluster/users/grad/2025/25t8103/project/_baselines/src/FlowEdit/Data/Images/cake.png,0.018579773604869843,"A three-layer cake with white frosting, placed on a wooden table. The cake is adorned with a variety of fruits. The cake is presented on a white plate.",23.937294241604242,0.0635528875856907,0.9327144605501444,0.9327144605501444,"A three-layer cake with white frosting, placed on a wooden table. The cake is adorned with a variety of berries. The cake is presented on a white plate.",fe_031_cake_1_berries
0.0,0.0,0.0,0.0,0.0,0.0,0.0,0.0,0.0,0.0,31,0.9999880790710449,0.0008179628639481962,0.0005353832384571433,0.05353832384571433,0.4603729248046875,54.62043953181491,0.9986453652381897,0.9986453652381897,0.10690679401159286,0.9554324150085449,0.2911005914211273,0.311959445476532,0.020858854055404663,0.311959445476532,True,0.5396270751953125,0.8635033369064331,0.020858854055404663,0.45574188232421875,,,F2,T2_container_insertion,1.7267961801395186,0.0,0.45574188232421875,31,0.005181217041935214,0.07464990019798279,0.07464990019798279,16.58892361530311,0.14809957738802523,8.914434432983398,a cake with berries,0.2911005914211273,0.28710007667541504,0.311959445476532,0.020858854055404663,0.311959445476532,"0,0,512,512",0.105328768491745,0.0009433645172975957,/cluster/users/grad/2025/25t8103/project/data/flowedit_compatible_135/eval_masks/fe_031_cake_1_berries_eval_mask.png,fixed_eval_mask,0.0,0.0,0.0,0.0,ours_sd3,Ours (SD3),,0.00107098207809031,0.00107098207809031,50.13309665000552,0.0031141904424113183,,/cluster/users/grad/2025/25t8103/project/outputs/flowedit135_ablation_metric_runs_20260624/fe_031_cake_1_berries/ours_sd3/seed_10/result.png,5.162412643432617,fe_031_cake_1_berries/ours_sd3/seed_10,,10,/cluster/users/grad/2025/25t8103/project/_baselines/src/FlowEdit/Data/Images/cake.png,0.03460397198796272,"A three-layer cake with white frosting, placed on a wooden table. The cake is adorned with a variety of fruits. The cake is presented on a white plate.",19.999442371149666,0.10000642014547355,0.885076121530566,0.885076121530566,"A three-layer cake with white frosting, placed on a wooden table. The cake is adorned with a variety of berries. The cake is presented on a white plate.",fe_031_cake_1_berries
0.0,0.0,0.0,0.0,0.0,0.0,0.0,0.0,0.0,0.0,31,0.9999880790710449,0.0008179628639481962,0.0005353832384571433,0.05353832384571433,0.4603729248046875,54.62043953181491,0.9986453056335449,0.9986453056335449,0.10522177070379257,0.9499307870864868,0.2878597378730774,0.309104859828949,0.021245121955871582,0.309104859828949,True,0.5396270751953125,0.8567784428596497,0.021245121955871582,0.45574188232421875,,,F2,T2_container_insertion,1.7392922674917477,0.0,0.45574188232421875,31,0.0038252280907340756,0.07413496822118759,0.07413496822118759,16.66079151720431,0.14687924252125092,8.965714454650879,a cake with berries,0.2878597378730774,0.2841081917285919,0.309104859828949,0.021245121955871582,0.309104859828949,"0,0,512,512",0.10688743740320206,0.0009788851020857692,/cluster/users/grad/2025/25t8103/project/data/flowedit_compatible_135/eval_masks/fe_031_cake_1_berries_eval_mask.png,fixed_eval_mask,0.0,0.0,0.0,0.0,sd3abl_adaptive,SD3 w/o adaptive controller,,0.0010743902530521154,0.0010743902530521154,50.11043813438688,0.003122324905671444,,/cluster/users/grad/2025/25t8103/project/outputs/flowedit135_ablation_metric_runs_20260624/fe_031_cake_1_berries/sd3abl_adaptive/seed_10/result.png,5.154806137084961,fe_031_cake_1_berries/sd3abl_adaptive/seed_10,,10,/cluster/users/grad/2025/25t8103/project/_baselines/src/FlowEdit/Data/Images/cake.png,0.034371163696050644,"A three-layer cake with white frosting, placed on a wooden table. The cake is adorned with a variety of fruits. The cake is presented on a white plate.",20.071258703778547,0.09918295991989601,0.8869645936265719,0.8869645936265719,"A three-layer cake with white frosting, placed on a wooden table. The cake is adorned with a variety of berries. The cake is presented on a white plate.",fe_031_cake_1_berries
0.0,0.0,0.0,0.0,0.0,0.0,0.0,0.0,0.0,0.0,31,0.9992756843566895,0.008856110274791718,0.005130679812282324,0.5130679812282324,0.4603729248046875,38.68283055891586,0.9721184968948364,0.9721184968948364,0.04173656553030014,0.9304260611534119,0.27829691767692566,0.29328566789627075,0.014988750219345093,0.29328566789627075,True,0.5396270751953125,0.8621393442153931,0.014988750219345093,0.45574188232421875,,,F2,T2_container_insertion,1.8035691937298703,0.0,0.45574188232421875,31,0.005407215200468737,0.07759387791156769,0.07759387791156769,16.5605129957545,0.14858478843027637,8.86457347869873,a cake with berries,0.27829691767692566,0.27516329288482666,0.29328566789627075,0.014988750219345093,0.29328566789627075,"0,0,512,512",0.11337527632713318,0.006707073654979467,/cluster/users/grad/2025/25t8103/project/data/flowedit_compatible_135/eval_masks/fe_031_cake_1_berries_eval_mask.png,fixed_eval_mask,0.0,0.0,0.0,0.0,sd3abl_nofinal,SD3 w/o final restore,,0.00912339799106121,0.00912339799106121,38.23560048597519,0.012252366401262793,,/cluster/users/grad/2025/25t8103/project/outputs/flowedit135_ablation_metric_runs_20260624/fe_031_cake_1_berries/sd3abl_nofinal/seed_10/result.png,4.915017127990723,fe_031_cake_1_berries/sd3abl_nofinal/seed_10,,10,/cluster/users/grad/2025/25t8103/project/_baselines/src/FlowEdit/Data/Images/cake.png,0.040328264236450195,"A three-layer cake with white frosting, placed on a wooden table. The cake is adorned with a variety of fruits. The cake is presented on a white plate.",19.938200294787933,0.10071403254203103,0.8657218976904117,0.8657218976904117,"A three-layer cake with white frosting, placed on a wooden table. The cake is adorned with a variety of berries. The cake is presented on a white plate.",fe_031_cake_1_berries
0.0,0.0,0.0,0.0,0.0,0.0,0.0,0.0,0.0,0.0,31,0.9999880790710449,0.0008179628639481962,0.0005353832384571433,0.05353832384571433,0.4603729248046875,54.62043953181491,0.9986453652381897,0.9986453652381897,0.12800031900405884,0.9760874509811401,0.28840765357017517,0.3080478310585022,0.019640177488327026,0.3080478310585022,True,0.5396270751953125,0.931843101978302,0.019640177488327026,0.45574188232421875,,,F2,T2_container_insertion,1.7157154609769434,0.0,0.45574188232421875,31,0.0014229513685444044,0.02786381170153618,0.02786381170153618,23.526076651397144,0.06663404341102058,8.85357666015625,a cake with berries,0.28840765357017517,0.28457963466644287,0.3080478310585022,0.019640177488327026,0.3080478310585022,"0,0,512,512",0.04253000393509865,0.0009334080386906862,/cluster/users/grad/2025/25t8103/project/data/flowedit_compatible_135/eval_masks/fe_031_cake_1_berries_eval_mask.png,fixed_eval_mask,0.0,0.0,0.0,0.0,sd3abl_opsupport,SD3 w/o operation support,,0.0010586590506136417,0.0010586590506136417,50.416388160672234,0.0030142591780995326,,/cluster/users/grad/2025/25t8103/project/outputs/flowedit135_ablation_metric_runs_20260624/fe_031_cake_1_berries/sd3abl_opsupport/seed_10/result.png,5.160282611846924,fe_031_cake_1_berries/sd3abl_opsupport/seed_10,,10,/cluster/users/grad/2025/25t8103/project/_baselines/src/FlowEdit/Data/Images/cake.png,0.01327489037066698,"A three-layer cake with white frosting, placed on a wooden table. The cake is adorned with a variety of fruits. The cake is presented on a white plate.",26.928285850171193,0.04503868558201555,0.9452936329539677,0.9452936329539677,"A three-layer cake with white frosting, placed on a wooden table. The cake is adorned with a variety of berries. The cake is presented on a white plate.",fe_031_cake_1_berries
0.0,0.0,0.0,0.0,0.0,0.0,0.0,0.0,0.0,0.0,31,0.9999808073043823,0.001304817502386868,0.0019291656790301204,0.19291656790301204,0.4603729248046875,51.31064972367878,0.9978901147842407,0.9978901147842407,0.19696150720119476,0.9400575160980225,0.24822762608528137,0.2749892771244049,0.026761651039123535,0.2749892771244049,True,0.5396270751953125,0.828984260559082,0.026761651039123535,0.45574188232421875,,,F2,T2_container_insertion,2.056244373607308,0.0,0.45574188232421875,33,0.005951284841382774,0.05519263818860054,0.05519263818860054,20.013023664178323,0.0998501718796023,10.179362297058105,a cake with cake,0.24822762608528137,0.22168117761611938,0.2749892771244049,0.026761651039123535,0.2749892771244049,"0,0,512,512",0.11172120273113251,0.006636325269937515,/cluster/users/grad/2025/25t8103/project/data/flowedit_compatible_135/eval_masks/fe_033_cake_3_wedding_cake_eval_mask.png,fixed_eval_mask,0.0,0.0,0.0,0.0,fluxabl_adaptive,FLUX w/o adaptive controller,,0.002369275316596031,0.002369275316596031,38.50609175565619,0.011876689763608098,,/cluster/users/grad/2025/25t8103/project/outputs/flowedit135_ablation_metric_runs_20260624/fe_033_cake_3_wedding_cake/fluxabl_adaptive/seed_10/result.png,4.95046329498291,fe_033_cake_3_wedding_cake/fluxabl_adaptive/seed_10,,10,/cluster/users/grad/2025/25t8103/project/_baselines/src/FlowEdit/Data/Images/cake.png,0.02644309215247631,"A three-layer cake with white frosting, placed on a wooden table. The cake is adorned with a variety of fruits. The cake is presented on a white plate.",23.35307051030015,0.06797457086367849,0.9119858406775684,0.9119858406775684,"A three-layer wedding cake with white frosting, placed on a wooden table. The cake is presented on a white plate.",fe_033_cake_3_wedding_cake
0.0,0.0,0.0,0.0,0.0,0.0,0.0,0.0,0.0,0.0,31,0.999530017375946,0.008427517488598824,0.0056707365438342094,0.5670736543834209,0.4603729248046875,37.92608407953897,0.9785922765731812,0.9785922765731812,0.22106418013572693,0.9525279402732849,0.2549116015434265,0.2812820076942444,0.02637040615081787,0.2812820076942444,True,0.5396270751953125,0.8621418476104736,0.02637040615081787,0.45574188232421875,,,F2,T2_container_insertion,1.9229382579028298,0.0,0.45574188232421875,33,0.008361931865740354,0.04922042414546013,0.04922042414546013,21.21651485734283,0.08693091625580422,10.270793914794922,a cake with cake,0.2549116015434265,0.22734108567237854,0.2812820076942444,0.02637040615081787,0.2812820076942444,"0,0,512,512",0.08310707658529282,0.012089253403246403,/cluster/users/grad/2025/25t8103/project/data/flowedit_compatible_135/eval_masks/fe_033_cake_3_wedding_cake_eval_mask.png,fixed_eval_mask,0.0,0.0,0.0,0.0,fluxabl_nofinal,FLUX w/o final restore,,0.009805552661418915,0.009805552661418915,35.86619390655233,0.016094974934443937,,/cluster/users/grad/2025/25t8103/project/outputs/flowedit135_ablation_metric_runs_20260624/fe_033_cake_3_wedding_cake/fluxabl_nofinal/seed_10/result.png,5.341197967529297,fe_033_cake_3_wedding_cake/fluxabl_nofinal/seed_10,,10,/cluster/users/grad/2025/25t8103/project/_baselines/src/FlowEdit/Data/Images/cake.png,0.027768559753894806,"A three-layer cake with white frosting, placed on a wooden table. The cake is adorned with a variety of fruits. The cake is presented on a white plate.",24.455079561572518,0.05987506831310572,0.9153759741566895,0.9153759741566895,"A three-layer wedding cake with white frosting, placed on a wooden table. The cake is presented on a white plate.",fe_033_cake_3_wedding_cake
0.0,0.0,0.0,0.0,0.0,0.0,0.0,0.0,0.0,0.0,31,0.9999808073043823,0.001304817502386868,0.0019291656790301204,0.19291656790301204,0.4603729248046875,51.31064972367878,0.9978943467140198,0.9978943467140198,0.1730753779411316,0.9096989631652832,0.25227874517440796,0.28190988302230835,0.02963113784790039,0.28190988302230835,True,0.5396270751953125,0.7596328854560852,0.02963113784790039,0.45574188232421875,,,F2,T2_container_insertion,2.0253886489534008,0.0,0.45574188232421875,33,0.03629363020005022,0.11029550433158875,0.11029550433158875,14.761630207073937,0.18277571422172295,9.753875732421875,a cake with cake,0.25227874517440796,0.23492000997066498,0.28190988302230835,0.02963113784790039,0.28190988302230835,"0,0,512,512",0.16214267909526825,0.00538845406845212,/cluster/users/grad/2025/25t8103/project/data/flowedit_compatible_135/eval_masks/fe_033_cake_3_wedding_cake_eval_mask.png,fixed_eval_mask,0.0,0.0,0.0,0.0,fluxabl_opsupport,FLUX w/o operation support,,0.0025534145534038544,0.0025534145534038544,37.50001210274159,0.013335195740630343,,/cluster/users/grad/2025/25t8103/project/outputs/flowedit135_ablation_metric_runs_20260624/fe_033_cake_3_wedding_cake/fluxabl_opsupport/seed_10/result.png,4.815804481506348,fe_033_cake_3_wedding_cake/fluxabl_opsupport/seed_10,,10,/cluster/users/grad/2025/25t8103/project/_baselines/src/FlowEdit/Data/Images/cake.png,0.05165598914027214,"A three-layer cake with white frosting, placed on a wooden table. The cake is adorned with a variety of fruits. The cake is presented on a white plate.",18.14692018660566,0.1237810010623427,0.8529902445589886,0.8529902445589886,"A three-layer wedding cake with white frosting, placed on a wooden table. The cake is presented on a white plate.",fe_033_cake_3_wedding_cake
0.0,0.0,0.0,0.0,0.0,0.0,0.0,0.0,0.0,0.0,31,0.9999808073043823,0.001304817502386868,0.0019291656790301204,0.19291656790301204,0.4603729248046875,51.31064972367878,0.9978959560394287,0.9978959560394287,0.19755178689956665,0.9527882933616638,0.25694283843040466,0.27866706252098083,0.021724224090576172,0.27866706252098083,True,0.5396270751953125,0.8643865585327148,0.021724224090576172,0.45574188232421875,,,F2,T2_container_insertion,2.0616019581396894,0.0,0.45574188232421875,33,0.006286096928099104,0.040592942386865616,0.040592942386865616,21.62537697110181,0.08293372101302564,10.072766304016113,a cake with cake,0.25694283843040466,0.22988322377204895,0.27866706252098083,0.021724224090576172,0.27866706252098083,"0,0,512,512",0.06625312566757202,0.004923842381685972,/cluster/users/grad/2025/25t8103/project/data/flowedit_compatible_135/eval_masks/fe_033_cake_3_wedding_cake_eval_mask.png,fixed_eval_mask,0.0,0.0,0.0,0.0,ours_flux,Ours (FLUX),,0.0017577250255271792,0.0017577250255271792,44.30583946732982,0.006091272472511478,,/cluster/users/grad/2025/25t8103/project/outputs/flowedit135_ablation_metric_runs_20260624/fe_033_cake_3_wedding_cake/ours_flux/seed_10/result.png,4.885892868041992,fe_033_cake_3_wedding_cake/ours_flux/seed_10,,10,/cluster/users/grad/2025/25t8103/project/_baselines/src/FlowEdit/Data/Images/cake.png,0.019456561654806137,"A three-layer cake with white frosting, placed on a wooden table. The cake is adorned with a variety of fruits. The cake is presented on a white plate.",25.01029893051831,0.05616749476158457,0.9357157300749606,0.9357157300749606,"A three-layer wedding cake with white frosting, placed on a wooden table. The cake is presented on a white plate.",fe_033_cake_3_wedding_cake
0.0,0.0,0.0,0.0,0.0,0.0,0.0,0.0,0.0,0.0,31,0.9999880790710449,0.0008179628639481962,0.0005353832384571433,0.05353832384571433,0.4603729248046875,54.62043953181491,0.9986448287963867,0.9986448287963867,0.18921799957752228,0.9678075313568115,0.264020711183548,0.27763301134109497,0.013612300157546997,0.27763301134109497,True,0.5396270751953125,0.8172563314437866,0.013612300157546997,0.45574188232421875,,,F2,T2_container_insertion,1.5351347577553804,0.0,0.45574188232421875,33,0.0064535029714572695,0.08491004258394241,0.08491004258394241,15.516239043064166,0.1675668276911271,7.9266204833984375,a cake with cake,0.264020711183548,0.2261129468679428,0.27763301134109497,0.013612300157546997,0.27763301134109497,"0,0,512,512",0.13144704699516296,0.0009675516630522907,/cluster/users/grad/2025/25t8103/project/data/flowedit_compatible_135/eval_masks/fe_033_cake_3_wedding_cake_eval_mask.png,fixed_eval_mask,0.0,0.0,0.0,0.0,ours_sd3,Ours (SD3),,0.001065164222382009,0.001065164222382009,50.21598934454536,0.003084611921816533,,/cluster/users/grad/2025/25t8103/project/outputs/flowedit135_ablation_metric_runs_20260624/fe_033_cake_3_wedding_cake/ours_sd3/seed_10/result.png,5.163468837738037,fe_033_cake_3_wedding_cake/ours_sd3/seed_10,,10,/cluster/users/grad/2025/25t8103/project/_baselines/src/FlowEdit/Data/Images/cake.png,0.039276789873838425,"A three-layer cake with white frosting, placed on a wooden table. The cake is adorned with a variety of fruits. The cake is presented on a white plate.",18.927292173476005,0.11314500639710502,0.8580105335764959,0.8580105335764959,"A three-layer wedding cake with white frosting, placed on a wooden table. The cake is presented on a white plate.",fe_033_cake_3_wedding_cake
0.0,0.0,0.0,0.0,0.0,0.0,0.0,0.0,0.0,0.0,31,0.9999880790710449,0.0008179628639481962,0.0005353832384571433,0.05353832384571433,0.4603729248046875,54.62043953181491,0.9986448884010315,0.9986448884010315,0.25390297174453735,0.9497729539871216,0.2505798637866974,0.2847195267677307,0.034139662981033325,0.2847195267677307,True,0.5396270751953125,0.7931917905807495,0.034139662981033325,0.45574188232421875,,,F2,T2_container_insertion,1.5494941140090859,0.0,0.45574188232421875,33,0.0017410228509249185,0.08040780574083328,0.08040780574083328,15.77788541931552,0.16259445439299197,8.001967430114746,a cake with cake,0.2505798637866974,0.22666025161743164,0.2847195267677307,0.034139662981033325,0.2847195267677307,"0,0,512,512",0.12465676665306091,0.0009557316661812365,/cluster/users/grad/2025/25t8103/project/data/flowedit_compatible_135/eval_masks/fe_033_cake_3_wedding_cake_eval_mask.png,fixed_eval_mask,0.0,0.0,0.0,0.0,sd3abl_adaptive,SD3 w/o adaptive controller,,0.0010622231056913733,0.0010622231056913733,50.27767857178392,0.003062781896573226,,/cluster/users/grad/2025/25t8103/project/outputs/flowedit135_ablation_metric_runs_20260624/fe_033_cake_3_wedding_cake/sd3abl_adaptive/seed_10/result.png,5.164245128631592,fe_033_cake_3_wedding_cake/sd3abl_adaptive/seed_10,,10,/cluster/users/grad/2025/25t8103/project/_baselines/src/FlowEdit/Data/Images/cake.png,0.03722332790493965,"A three-layer cake with white frosting, placed on a wooden table. The cake is adorned with a variety of fruits. The cake is presented on a white plate.",19.18885555186717,0.10978859376030257,0.8596436187286642,0.8596436187286642,"A three-layer wedding cake with white frosting, placed on a wooden table. The cake is presented on a white plate.",fe_033_cake_3_wedding_cake
0.0,0.0,0.0,0.0,0.0,0.0,0.0,0.0,0.0,0.0,31,0.9991586804389954,0.00966821238398552,0.005368866492062807,0.5368866492062807,0.4603729248046875,38.083433223735824,0.9718065857887268,0.9718065857887268,0.19375810027122498,0.9474450945854187,0.25381359457969666,0.27685415744781494,0.023040562868118286,0.27685415744781494,True,0.5396270751953125,0.8231302499771118,0.023040562868118286,0.45574188232421875,,,F2,T2_container_insertion,1.5758786558825209,0.0,0.45574188232421875,33,0.005080773415920315,0.0915561318397522,0.0915561318397522,15.267926348686302,0.172426368903713,7.722290992736816,a cake with cake,0.25381359457969666,0.23273718357086182,0.27685415744781494,0.023040562868118286,0.27685415744781494,"0,0,512,512",0.1409299075603485,0.007099026348441839,/cluster/users/grad/2025/25t8103/project/data/flowedit_compatible_135/eval_masks/fe_033_cake_3_wedding_cake_eval_mask.png,fixed_eval_mask,0.0,0.0,0.0,0.0,sd3abl_nofinal,SD3 w/o final restore,,0.009901737794280052,0.009901737794280052,37.709187580524684,0.013017890704459353,,/cluster/users/grad/2025/25t8103/project/outputs/flowedit135_ablation_metric_runs_20260624/fe_033_cake_3_wedding_cake/sd3abl_nofinal/seed_10/result.png,4.900308132171631,fe_033_cake_3_wedding_cake/sd3abl_nofinal/seed_10,,10,/cluster/users/grad/2025/25t8103/project/_baselines/src/FlowEdit/Data/Images/cake.png,0.04711506888270378,"A three-layer cake with white frosting, placed on a wooden table. The cake is adorned with a variety of fruits. The cake is presented on a white plate.",18.65127379463334,0.11679824314783305,0.8378182764334972,0.8378182764334972,"A three-layer wedding cake with white frosting, placed on a wooden table. The cake is presented on a white plate.",fe_033_cake_3_wedding_cake
0.0,0.0,0.0,0.0,0.0,0.0,0.0,0.0,0.0,0.0,31,0.9999880790710449,0.0008179628639481962,0.0005353832384571433,0.05353832384571433,0.4603729248046875,54.62043953181491,0.9986449480056763,0.9986449480056763,0.03662664443254471,0.9952297210693359,0.2862512171268463,0.2714645266532898,-0.014786690473556519,0.2714645266532898,True,0.5396270751953125,0.9753319025039673,-0.014786690473556519,0.45574188232421875,,,F2,T2_container_insertion,1.724517631051189,0.0,0.45574188232421875,33,0.0015485059010630284,0.018783187493681908,0.018783187493681908,28.809727954901128,0.03626716450696699,8.920269966125488,a cake with cake,0.2862512171268463,0.22829869389533997,0.2714645266532898,-0.014786690473556519,0.2714645266532898,"0,0,512,512",0.02012907713651657,0.0008799920324236155,/cluster/users/grad/2025/25t8103/project/data/flowedit_compatible_135/eval_masks/fe_033_cake_3_wedding_cake_eval_mask.png,fixed_eval_mask,0.0,0.0,0.0,0.0,sd3abl_opsupport,SD3 w/o operation support,,0.001050431514158845,0.001050431514158845,50.56587372840367,0.002962827135707467,,/cluster/users/grad/2025/25t8103/project/outputs/flowedit135_ablation_metric_runs_20260624/fe_033_cake_3_wedding_cake/sd3abl_opsupport/seed_10/result.png,5.172617435455322,fe_033_cake_3_wedding_cake/sd3abl_opsupport/seed_10,,10,/cluster/users/grad/2025/25t8103/project/_baselines/src/FlowEdit/Data/Images/cake.png,0.009131991304457188,"A three-layer cake with white frosting, placed on a wooden table. The cake is adorned with a variety of fruits. The cake is presented on a white plate.",32.18806098270785,0.024580853070731084,0.9630538808233512,0.9630538808233512,"A three-layer wedding cake with white frosting, placed on a wooden table. The cake is presented on a white plate.",fe_033_cake_3_wedding_cake
0.0,0.0,0.0,0.0,0.0,0.0,0.0,0.0,0.0,0.0,31,0.9999808073043823,0.001304817502386868,0.0019291656790301204,0.19291656790301204,0.4603729248046875,51.31064972367878,0.9978649020195007,0.9978649020195007,0.2807896137237549,0.9387460947036743,0.2645658552646637,0.3195822834968567,0.05501642823219299,0.3195822834968567,True,0.5396270751953125,0.8531597852706909,0.05501642823219299,0.45574188232421875,,,F2,T2_container_insertion,2.281606569364629,0.0,0.45574188232421875,34,0.0040344856449317824,0.051005858927965164,0.051005858927965164,19.81955732998539,0.10209915164678891,11.343116760253906,a cake with strawberries,0.2645658552646637,0.2684544324874878,0.3195822834968567,0.05501642823219299,0.3195822834968567,"0,0,512,512",0.11213050782680511,0.005927117075771093,/cluster/users/grad/2025/25t8103/project/data/flowedit_compatible_135/eval_masks/fe_034_cake_4_strawberries_eval_mask.png,fixed_eval_mask,0.0,0.0,0.0,0.0,fluxabl_adaptive,FLUX w/o adaptive controller,,0.002125417347997427,0.002125417347997427,40.720725829606835,0.00920372658314802,,/cluster/users/grad/2025/25t8103/project/outputs/flowedit135_ablation_metric_runs_20260624/fe_034_cake_4_strawberries/fluxabl_adaptive/seed_10/result.png,4.971548080444336,fe_034_cake_4_strawberries/fluxabl_adaptive/seed_10,,10,/cluster/users/grad/2025/25t8103/project/_baselines/src/FlowEdit/Data/Images/cake.png,0.024402277544140816,"A three-layer cake with white frosting, placed on a wooden table. The cake is adorned with a variety of fruits. The cake is presented on a white plate.",23.19042636644886,0.06925939310704694,0.9061015833567213,0.9061015833567213,"A three-layer wedding cake with white frosting, placed on a wooden table. The cake is adorned with a lot of strawberries. The cake is presented on a white plate.",fe_034_cake_4_strawberries
0.0,0.0,0.0,0.0,0.0,0.0,0.0,0.0,0.0,0.0,31,0.9994034767150879,0.009121362119913101,0.006840764544904232,0.6840764544904232,0.4603729248046875,36.736695666360596,0.977756679058075,0.977756679058075,0.22979989647865295,0.934202253818512,0.2590870261192322,0.3055495023727417,0.04646247625350952,0.3055495023727417,True,0.5396270751953125,0.8687364459037781,0.04646247625350952,0.45574188232421875,,,F2,T2_container_insertion,1.9090880519541744,0.0,0.45574188232421875,34,0.0051393655310956726,0.04837016016244888,0.04837016016244888,20.819011973497435,0.09100167818408428,10.19565200805664,a cake with strawberries,0.2590870261192322,0.2528283894062042,0.3055495023727417,0.04646247625350952,0.3055495023727417,"0,0,512,512",0.10051639378070831,0.011091401800513268,/cluster/users/grad/2025/25t8103/project/data/flowedit_compatible_135/eval_masks/fe_034_cake_4_strawberries_eval_mask.png,fixed_eval_mask,0.0,0.0,0.0,0.0,fluxabl_nofinal,FLUX w/o final restore,,0.010363155044615269,0.010363155044615269,35.24180533600281,0.017294568594561247,,/cluster/users/grad/2025/25t8103/project/outputs/flowedit135_ablation_metric_runs_20260624/fe_034_cake_4_strawberries/fluxabl_nofinal/seed_10/result.png,5.340587615966797,fe_034_cake_4_strawberries/fluxabl_nofinal/seed_10,,10,/cluster/users/grad/2025/25t8103/project/_baselines/src/FlowEdit/Data/Images/cake.png,0.0276845321059227,"A three-layer cake with white frosting, placed on a wooden table. The cake is adorned with a variety of fruits. The cake is presented on a white plate.",24.0484286174347,0.06274491988711206,0.9097931707496513,0.9097931707496513,"A three-layer wedding cake with white frosting, placed on a wooden table. The cake is adorned with a lot of strawberries. The cake is presented on a white plate.",fe_034_cake_4_strawberries
0.0,0.0,0.0,0.0,0.0,0.0,0.0,0.0,0.0,0.0,31,0.9999808073043823,0.001304817502386868,0.0019291656790301204,0.19291656790301204,0.4603729248046875,51.31064972367878,0.997885525226593,0.997885525226593,0.19562847912311554,0.8993527889251709,0.26878657937049866,0.31743255257606506,0.048645973205566406,0.31743255257606506,True,0.5396270751953125,0.8144537210464478,0.048645973205566406,0.45574188232421875,,,F2,T2_container_insertion,2.0334566807967884,0.0,0.45574188232421875,34,0.03271114087218548,0.11636156588792801,0.11636156588792801,14.42660845667069,0.18996324389134392,9.7428560256958,a cake with strawberries,0.26878657937049866,0.2777320146560669,0.31743255257606506,0.048645973205566406,0.31743255257606506,"0,0,512,512",0.16628238558769226,0.004536624997854233,/cluster/users/grad/2025/25t8103/project/data/flowedit_compatible_135/eval_masks/fe_034_cake_4_strawberries_eval_mask.png,fixed_eval_mask,0.0,0.0,0.0,0.0,fluxabl_opsupport,FLUX w/o operation support,,0.0024200603365898132,0.0024200603365898132,38.300833878809954,0.012160692477174818,,/cluster/users/grad/2025/25t8103/project/outputs/flowedit135_ablation_metric_runs_20260624/fe_034_cake_4_strawberries/fluxabl_opsupport/seed_10/result.png,4.791277885437012,fe_034_cake_4_strawberries/fluxabl_opsupport/seed_10,,10,/cluster/users/grad/2025/25t8103/project/_baselines/src/FlowEdit/Data/Images/cake.png,0.05434797704219818,"A three-layer cake with white frosting, placed on a wooden table. The cake is adorned with a variety of fruits. The cake is presented on a white plate.",17.818217125125418,0.128555050631775,0.8396097083057404,0.8396097083057404,"A three-layer wedding cake with white frosting, placed on a wooden table. The cake is adorned with a lot of strawberries. The cake is presented on a white plate.",fe_034_cake_4_strawberries
0.0,0.0,0.0,0.0,0.0,0.0,0.0,0.0,0.0,0.0,31,0.9999808073043823,0.001304817502386868,0.0019291656790301204,0.19291656790301204,0.4603729248046875,51.31064972367878,0.9978806972503662,0.9978806972503662,0.2356819212436676,0.9393652677536011,0.26275891065597534,0.3085218071937561,0.04576289653778076,0.3085218071937561,True,0.5396270751953125,0.866435170173645,0.04576289653778076,0.45574188232421875,,,F2,T2_container_insertion,2.07106313854975,0.0,0.45574188232421875,34,0.0038838202059094332,0.04002220556139946,0.04002220556139946,21.129622502164878,0.08780492472045932,10.053071022033691,a cake with strawberries,0.26275891065597534,0.2568754553794861,0.3085218071937561,0.04576289653778076,0.3085218071937561,"0,0,512,512",0.08750616014003754,0.003883990226313472,/cluster/users/grad/2025/25t8103/project/data/flowedit_compatible_135/eval_masks/fe_034_cake_4_strawberries_eval_mask.png,fixed_eval_mask,0.0,0.0,0.0,0.0,ours_flux,Ours (FLUX),,0.0017707627266645432,0.0017707627266645432,44.49448908676552,0.005960401916175582,,/cluster/users/grad/2025/25t8103/project/outputs/flowedit135_ablation_metric_runs_20260624/fe_034_cake_4_strawberries/ours_flux/seed_10/result.png,4.854063034057617,fe_034_cake_4_strawberries/ours_flux/seed_10,,10,/cluster/users/grad/2025/25t8103/project/_baselines/src/FlowEdit/Data/Images/cake.png,0.0192035473883152,"A three-layer cake with white frosting, placed on a wooden table. The cake is adorned with a variety of fruits. The cake is presented on a white plate.",24.518598673822453,0.059438804566645576,0.9284539087370557,0.9284539087370557,"A three-layer wedding cake with white frosting, placed on a wooden table. The cake is adorned with a lot of strawberries. The cake is presented on a white plate.",fe_034_cake_4_strawberries
0.0,0.0,0.0,0.0,0.0,0.0,0.0,0.0,0.0,0.0,31,0.9999880790710449,0.0008179628639481962,0.0005353832384571433,0.05353832384571433,0.4603729248046875,54.62043953181491,0.9986448884010315,0.9986448884010315,0.1813346892595291,0.9554120302200317,0.27087318897247314,0.3008342981338501,0.029961109161376953,0.3008342981338501,True,0.5396270751953125,0.8786010146141052,0.029961109161376953,0.45574188232421875,,,F2,T2_container_insertion,1.675377586175132,0.0,0.45574188232421875,34,0.0013978404620406796,0.06607970595359802,0.06607970595359802,16.703430719137224,0.1461599763403777,8.672506332397461,a cake with strawberries,0.27087318897247314,0.2493494600057602,0.3008342981338501,0.029961109161376953,0.3008342981338501,"0,0,512,512",0.0996292233467102,0.0009841510327532887,/cluster/users/grad/2025/25t8103/project/data/flowedit_compatible_135/eval_masks/fe_034_cake_4_strawberries_eval_mask.png,fixed_eval_mask,0.0,0.0,0.0,0.0,ours_sd3,Ours (SD3),,0.0010669049806892872,0.0010669049806892872,50.09071555500495,0.0031294226549926094,,/cluster/users/grad/2025/25t8103/project/outputs/flowedit135_ablation_metric_runs_20260624/fe_034_cake_4_strawberries/ours_sd3/seed_10/result.png,5.176448822021484,fe_034_cake_4_strawberries/ours_sd3/seed_10,,10,/cluster/users/grad/2025/25t8103/project/_baselines/src/FlowEdit/Data/Images/cake.png,0.030695954337716103,"A three-layer cake with white frosting, placed on a wooden table. The cake is adorned with a variety of fruits. The cake is presented on a white plate.",20.11386495895256,0.09869763633047399,0.8903328124480934,0.8903328124480934,"A three-layer wedding cake with white frosting, placed on a wooden table. The cake is adorned with a lot of strawberries. The cake is presented on a white plate.",fe_034_cake_4_strawberries
0.0,0.0,0.0,0.0,0.0,0.0,0.0,0.0,0.0,0.0,31,0.9999880790710449,0.0008179628639481962,0.0005353832384571433,0.05353832384571433,0.4603729248046875,54.62043953181491,0.9986448884010315,0.9986448884010315,0.18194282054901123,0.9543197154998779,0.2710422873497009,0.3014952838420868,0.030452996492385864,0.3014952838420868,True,0.5396270751953125,0.8747996687889099,0.030452996492385864,0.45574188232421875,,,F2,T2_container_insertion,1.6726224387043938,0.0,0.45574188232421875,34,0.0011383610948355236,0.06567340344190598,0.06567340344190598,16.679804177621804,0.14655808819350863,8.642040252685547,a cake with strawberries,0.2710422873497009,0.24889761209487915,0.3014952838420868,0.030452996492385864,0.3014952838420868,"0,0,512,512",0.09809159487485886,0.0009817203972488642,/cluster/users/grad/2025/25t8103/project/data/flowedit_compatible_135/eval_masks/fe_034_cake_4_strawberries_eval_mask.png,fixed_eval_mask,0.0,0.0,0.0,0.0,sd3abl_adaptive,SD3 w/o adaptive controller,,0.001065136631950736,0.001065136631950736,50.15959765990746,0.003104703398120663,,/cluster/users/grad/2025/25t8103/project/outputs/flowedit135_ablation_metric_runs_20260624/fe_034_cake_4_strawberries/sd3abl_adaptive/seed_10/result.png,5.1667609214782715,fe_034_cake_4_strawberries/sd3abl_adaptive/seed_10,,10,/cluster/users/grad/2025/25t8103/project/_baselines/src/FlowEdit/Data/Images/cake.png,0.03050983138382435,"A three-layer cake with white frosting, placed on a wooden table. The cake is adorned with a variety of fruits. The cake is presented on a white plate.",20.090286850483523,0.09896591799514166,0.8922377080499933,0.8922377080499933,"A three-layer wedding cake with white frosting, placed on a wooden table. The cake is adorned with a lot of strawberries. The cake is presented on a white plate.",fe_034_cake_4_strawberries
0.0,0.0,0.0,0.0,0.0,0.0,0.0,0.0,0.0,0.0,31,0.9991987347602844,0.00906409602612257,0.005200094543397427,0.5200094543397427,0.4603729248046875,38.53162816620247,0.9719556570053101,0.9719556570053101,0.15421557426452637,0.9371826648712158,0.2657424807548523,0.2958363890647888,0.030093908309936523,0.2958363890647888,True,0.5396270751953125,0.8709955811500549,0.030093908309936523,0.45574188232421875,,,F2,T2_container_insertion,1.746206625187517,0.0,0.45574188232421875,34,0.001247175023018331,0.06888709962368011,0.06888709962368011,16.706987101082966,0.14610014432285406,8.600008010864258,a cake with strawberries,0.2657424807548523,0.24585755169391632,0.2958363890647888,0.030093908309936523,0.2958363890647888,"0,0,512,512",0.10603916645050049,0.006857897154986858,/cluster/users/grad/2025/25t8103/project/data/flowedit_compatible_135/eval_masks/fe_034_cake_4_strawberries_eval_mask.png,fixed_eval_mask,0.0,0.0,0.0,0.0,sd3abl_nofinal,SD3 w/o final restore,,0.00931906420737505,0.00931906420737505,38.103248720625,0.012440492219900273,,/cluster/users/grad/2025/25t8103/project/outputs/flowedit135_ablation_metric_runs_20260624/fe_034_cake_4_strawberries/sd3abl_nofinal/seed_10/result.png,4.924965858459473,fe_034_cake_4_strawberries/sd3abl_nofinal/seed_10,,10,/cluster/users/grad/2025/25t8103/project/_baselines/src/FlowEdit/Data/Images/cake.png,0.036466725170612335,"A three-layer cake with white frosting, placed on a wooden table. The cake is adorned with a variety of fruits. The cake is presented on a white plate.",20.082355672917167,0.09905632609012378,0.8716690303725316,0.8716690303725316,"A three-layer wedding cake with white frosting, placed on a wooden table. The cake is adorned with a lot of strawberries. The cake is presented on a white plate.",fe_034_cake_4_strawberries
0.0,0.0,0.0,0.0,0.0,0.0,0.0,0.0,0.0,0.0,31,0.9999880790710449,0.0008179628639481962,0.0005353832384571433,0.05353832384571433,0.4603729248046875,54.62043953181491,0.9986450672149658,0.9986450672149658,0.20288315415382385,0.9844798445701599,0.2892833352088928,0.308805376291275,0.019522041082382202,0.308805376291275,True,0.5396270751953125,0.9405738711357117,0.019522041082382202,0.45574188232421875,,,F2,T2_container_insertion,1.7257405762522258,0.0,0.45574188232421875,34,0.001724282246589102,0.02373761311173439,0.02373761311173439,25.23234144834737,0.054749849233517715,8.927154541015625,a cake with strawberries,0.2892833352088928,0.24060992896556854,0.308805376291275,0.019522041082382202,0.308805376291275,"0,0,512,512",0.03638412803411484,0.0008856687927618623,/cluster/users/grad/2025/25t8103/project/data/flowedit_compatible_135/eval_masks/fe_034_cake_4_strawberries_eval_mask.png,fixed_eval_mask,0.0,0.0,0.0,0.0,sd3abl_opsupport,SD3 w/o operation support,,0.0010484158992767334,0.0010484158992767334,50.57751487800054,0.0029588589053002857,,/cluster/users/grad/2025/25t8103/project/outputs/flowedit135_ablation_metric_runs_20260624/fe_034_cake_4_strawberries/sd3abl_opsupport/seed_10/result.png,5.172941207885742,fe_034_cake_4_strawberries/sd3abl_opsupport/seed_10,,10,/cluster/users/grad/2025/25t8103/project/_baselines/src/FlowEdit/Data/Images/cake.png,0.011388835497200489,"A three-layer cake with white frosting, placed on a wooden table. The cake is adorned with a variety of fruits. The cake is presented on a white plate.",28.63003087066279,0.03702528894759308,0.9506739453568857,0.9506739453568857,"A three-layer wedding cake with white frosting, placed on a wooden table. The cake is adorned with a lot of strawberries. The cake is presented on a white plate.",fe_034_cake_4_strawberries
0.0,0.0,0.0,0.0,0.0,0.0,0.0,0.0,0.0,0.0,31,0.9998850226402283,0.0022391239181160927,0.004449944943189621,0.4449944943189621,0.4605751037597656,39.86661320797117,0.9948001503944397,0.9948001503944397,0.14525699615478516,0.9851586818695068,0.3039522171020508,0.2499009221792221,-0.054051294922828674,0.2499009221792221,True,0.5394248962402344,0.9669915437698364,-0.054051294922828674,0.4563407897949219,,,F2,T2_container_insertion,1.4375185948926523,0.0,0.4563407897949219,36,0.05187792053633377,0.033499158918857574,0.033499158918857574,21.347872557768763,0.08562614108633987,12.021924018859863,a blueberries with raspberries,0.3039522171020508,0.18967875838279724,0.2499009221792221,-0.054051294922828674,0.2499009221792221,"0,0,512,512",0.06623540818691254,0.011949382722377777,/cluster/users/grad/2025/25t8103/project/data/flowedit_compatible_135/eval_masks/fe_036_cake_red_blueberries_2_raspberries_eval_mask.png,fixed_eval_mask,0.0,0.0,0.0,0.0,fluxabl_adaptive,FLUX w/o adaptive controller,,0.005050515756011009,0.005050515756011009,32.32024238472301,0.024209614874772373,,/cluster/users/grad/2025/25t8103/project/outputs/flowedit135_ablation_metric_runs_20260624/fe_036_cake_red_blueberries_2_raspberries/fluxabl_adaptive/seed_10/result.png,8.362969398498535,fe_036_cake_red_blueberries_2_raspberries/fluxabl_adaptive/seed_10,,10,/cluster/users/grad/2025/25t8103/project/_baselines/src/FlowEdit/Data/Images/cake_red_blueberries.png,0.018032792955636978,"A slice of red velvet cake with white frosting, topped with blueberries.",24.359903693458236,0.06053475866293647,0.9470498712427198,0.9470498712427198,"A slice of red velvet cake with white frosting, topped with raspberries.",fe_036_cake_red_blueberries_2_raspberries
0.0,0.0,0.0,0.0,0.0,0.0,0.0,0.0,0.0,0.0,31,0.9994749426841736,0.01045895554125309,0.00878582801669836,0.878582801669836,0.4605751037597656,34.68406042037711,0.9845668077468872,0.9845668077468872,0.2679804563522339,0.9891541004180908,0.2888205051422119,0.24667881429195404,-0.042141690850257874,0.24667881429195404,True,0.5394248962402344,0.9792555570602417,-0.042141690850257874,0.4563407897949219,,,F2,T2_container_insertion,1.445126564042471,0.0,0.4563407897949219,36,0.05636687369908131,0.03963102027773857,0.03963102027773857,22.45858972431265,0.07534778914785227,12.57026481628418,a blueberries with raspberries,0.2888205051422119,0.19342997670173645,0.24667881429195404,-0.042141690850257874,0.24667881429195404,"0,0,512,512",0.05542418360710144,0.011364666745066643,/cluster/users/grad/2025/25t8103/project/data/flowedit_compatible_135/eval_masks/fe_036_cake_red_blueberries_2_raspberries_eval_mask.png,fixed_eval_mask,0.0,0.0,0.0,0.0,fluxabl_nofinal,FLUX w/o final restore,,0.011748140677809715,0.011748140677809715,33.58263981941156,0.02093476108973566,,/cluster/users/grad/2025/25t8103/project/outputs/flowedit135_ablation_metric_runs_20260624/fe_036_cake_red_blueberries_2_raspberries/fluxabl_nofinal/seed_10/result.png,8.698383331298828,fe_036_cake_red_blueberries_2_raspberries/fluxabl_nofinal/seed_10,,10,/cluster/users/grad/2025/25t8103/project/_baselines/src/FlowEdit/Data/Images/cake_red_blueberries.png,0.02447223849594593,"A slice of red velvet cake with white frosting, topped with blueberries.",25.483600283910675,0.05318877471599326,0.9364976203587303,0.9364976203587303,"A slice of red velvet cake with white frosting, topped with raspberries.",fe_036_cake_red_blueberries_2_raspberries
0.0,0.0,0.0,0.0,0.0,0.0,0.0,0.0,0.0,0.0,31,0.9986509084701538,0.0030055709648877382,0.015098214149475098,1.5098214149475098,0.4605751037597656,35.34150105764765,0.9883166551589966,0.9883166551589966,0.2857295870780945,0.9818521738052368,0.29043829441070557,0.2581462860107422,-0.03229200839996338,0.2581462860107422,True,0.5394248962402344,0.9570190906524658,-0.03229200839996338,0.4563407897949219,,,F2,T2_container_insertion,1.1646506176550615,0.0,0.4563407897949219,36,0.049119345967047576,0.043025556951761246,0.043025556951761246,18.673191975819165,0.11650388322751633,10.829862594604492,a blueberries with raspberries,0.29043829441070557,0.19040673971176147,0.2581462860107422,-0.03229200839996338,0.2581462860107422,"0,0,512,512",0.0854981392621994,0.023859400302171707,/cluster/users/grad/2025/25t8103/project/data/flowedit_compatible_135/eval_masks/fe_036_cake_red_blueberries_2_raspberries_eval_mask.png,fixed_eval_mask,0.0,0.0,0.0,0.0,fluxabl_opsupport,FLUX w/o operation support,,0.006294518243521452,0.006294518243521452,29.348396901344465,0.0340863229924108,,/cluster/users/grad/2025/25t8103/project/outputs/flowedit135_ablation_metric_runs_20260624/fe_036_cake_red_blueberries_2_raspberries/fluxabl_opsupport/seed_10/result.png,9.298808097839355,fe_036_cake_red_blueberries_2_raspberries/fluxabl_opsupport/seed_10,,10,/cluster/users/grad/2025/25t8103/project/_baselines/src/FlowEdit/Data/Images/cake_red_blueberries.png,0.023056387901306152,"A slice of red velvet cake with white frosting, topped with blueberries.",21.658560963392162,0.08261748149269407,0.9286432157549327,0.9286432157549327,"A slice of red velvet cake with white frosting, topped with raspberries.",fe_036_cake_red_blueberries_2_raspberries
0.0,0.0,0.0,0.0,0.0,0.0,0.0,0.0,0.0,0.0,31,0.9999512434005737,0.002374512841925025,0.0022424375638365746,0.22424375638365746,0.4605751037597656,39.36545939952185,0.9949857592582703,0.9949857592582703,0.2868199944496155,0.9899126291275024,0.28848034143447876,0.2465886026620865,-0.04189173877239227,0.2465886026620865,True,0.5394248962402344,0.9831825494766235,-0.04189173877239227,0.4563407897949219,,,F2,T2_container_insertion,1.3557551235751082,0.0,0.4563407897949219,36,0.056559137987243685,0.02356359176337719,0.02356359176337719,23.502149761525967,0.06681785226220074,11.439723014831543,a blueberries with raspberries,0.28848034143447876,0.18969103693962097,0.2465886026620865,-0.04189173877239227,0.2465886026620865,"0,0,512,512",0.037795692682266235,0.003462525550276041,/cluster/users/grad/2025/25t8103/project/data/flowedit_compatible_135/eval_masks/fe_036_cake_red_blueberries_2_raspberries_eval_mask.png,fixed_eval_mask,0.0,0.0,0.0,0.0,ours_flux,Ours (FLUX),,0.0031514561269432306,0.0031514561269432306,37.92966355910531,0.012691613034274737,,/cluster/users/grad/2025/25t8103/project/outputs/flowedit135_ablation_metric_runs_20260624/fe_036_cake_red_blueberries_2_raspberries/ours_flux/seed_10/result.png,8.437897682189941,fe_036_cake_red_blueberries_2_raspberries/ours_flux/seed_10,,10,/cluster/users/grad/2025/25t8103/project/_baselines/src/FlowEdit/Data/Images/cake_red_blueberries.png,0.012466348707675934,"A slice of red velvet cake with white frosting, topped with blueberries.",26.7264875076885,0.04609731442198913,0.9664197162510643,0.9664197162510643,"A slice of red velvet cake with white frosting, topped with raspberries.",fe_036_cake_red_blueberries_2_raspberries
0.0,0.0,0.0,0.0,0.0,0.0,0.0,0.0,0.0,0.0,31,0.9999950528144836,0.0006834494997747242,0.00019511237042024732,0.01951123704202473,0.4605751037597656,54.51563890161411,0.9990803003311157,0.9990803003311157,0.49083471298217773,0.9905632734298706,0.29281482100486755,0.27003151178359985,-0.0227833092212677,0.27003151178359985,True,0.5394248962402344,0.9718562364578247,-0.0227833092212677,0.4563407897949219,,,F2,T2_container_insertion,1.345683791156181,0.0,0.4563407897949219,36,0.04083526294231236,0.035571154206991196,0.035571154206991196,19.2127782825551,0.10948662936678565,11.633801460266113,a blueberries with raspberries,0.29281482100486755,0.19971227645874023,0.27003151178359985,-0.0227833092212677,0.27003151178359985,"0,0,512,512",0.056390151381492615,0.0036233991850167513,/cluster/users/grad/2025/25t8103/project/data/flowedit_compatible_135/eval_masks/fe_036_cake_red_blueberries_2_raspberries_eval_mask.png,fixed_eval_mask,0.0,0.0,0.0,0.0,ours_sd3,Ours (SD3),,0.0016830096719786525,0.0016830096719786525,37.571836503117886,0.013225380473029208,,/cluster/users/grad/2025/25t8103/project/outputs/flowedit135_ablation_metric_runs_20260624/fe_036_cake_red_blueberries_2_raspberries/ours_sd3/seed_10/result.png,8.645271301269531,fe_036_cake_red_blueberries_2_raspberries/ours_sd3/seed_10,,10,/cluster/users/grad/2025/25t8103/project/_baselines/src/FlowEdit/Data/Images/cake_red_blueberries.png,0.017147548496723175,"A slice of red velvet cake with white frosting, topped with blueberries.",22.545042156921753,0.07460155708236267,0.9507367225575231,0.9507367225575231,"A slice of red velvet cake with white frosting, topped with raspberries.",fe_036_cake_red_blueberries_2_raspberries
0.0,0.0,0.0,0.0,0.0,0.0,0.0,0.0,0.0,0.0,31,0.9999948740005493,0.0006841099821031094,0.00019843404879793525,0.019843404879793525,0.4605751037597656,54.41699303935577,0.9990761876106262,0.9990761876106262,0.483451247215271,0.9904122352600098,0.29209059476852417,0.2691505551338196,-0.02294003963470459,0.2691505551338196,True,0.5394248962402344,0.9695323705673218,-0.02294003963470459,0.4563407897949219,,,F2,T2_container_insertion,1.3506498705700793,0.0,0.4563407897949219,36,0.04086034089294223,0.03526386618614197,0.03526386618614197,19.238936253734085,0.10915740114927026,11.55073070526123,a blueberries with raspberries,0.29209059476852417,0.20252478122711182,0.2691505551338196,-0.02294003963470459,0.2691505551338196,"0,0,512,512",0.056774646043777466,0.0038029509596526623,/cluster/users/grad/2025/25t8103/project/data/flowedit_compatible_135/eval_masks/fe_036_cake_red_blueberries_2_raspberries_eval_mask.png,fixed_eval_mask,0.0,0.0,0.0,0.0,sd3abl_adaptive,SD3 w/o adaptive controller,,0.001620913972146809,0.001620913972146809,37.96306588358761,0.01264290008602002,,/cluster/users/grad/2025/25t8103/project/outputs/flowedit135_ablation_metric_runs_20260624/fe_036_cake_red_blueberries_2_raspberries/sd3abl_adaptive/seed_10/result.png,8.551980018615723,fe_036_cake_red_blueberries_2_raspberries/sd3abl_adaptive/seed_10,,10,/cluster/users/grad/2025/25t8103/project/_baselines/src/FlowEdit/Data/Images/cake_red_blueberries.png,0.016973555088043213,"A slice of red velvet cake with white frosting, topped with blueberries.",22.577186783325843,0.07432598285402915,0.9525773571576147,0.9525773571576147,"A slice of red velvet cake with white frosting, topped with raspberries.",fe_036_cake_red_blueberries_2_raspberries
0.0,0.0,0.0,0.0,0.0,0.0,0.0,0.0,0.0,0.0,31,0.9997515678405762,0.007779378909617662,0.0029797509778290987,0.29797509778290987,0.4605751037597656,40.12795036519001,0.9883269667625427,0.9883269667625427,0.4836193323135376,0.9889134168624878,0.2931625247001648,0.27355924248695374,-0.01960328221321106,0.27355924248695374,True,0.5394248962402344,0.967482328414917,-0.01960328221321106,0.4563407897949219,,,F2,T2_container_insertion,1.3449802420251702,0.0,0.4563407897949219,36,0.038887542110058765,0.05423768237233162,0.05423768237233162,18.760363770994985,0.11534049514218109,11.19922161102295,a blueberries with raspberries,0.2931625247001648,0.19775019586086273,0.27355924248695374,-0.01960328221321106,0.27355924248695374,"0,0,512,512",0.07602152973413467,0.006893595214933157,/cluster/users/grad/2025/25t8103/project/data/flowedit_compatible_135/eval_masks/fe_036_cake_red_blueberries_2_raspberries_eval_mask.png,fixed_eval_mask,0.0,0.0,0.0,0.0,sd3abl_nofinal,SD3 w/o final restore,,0.00900154560804367,0.00900154560804367,35.40897120012622,0.016964905311179408,,/cluster/users/grad/2025/25t8103/project/outputs/flowedit135_ablation_metric_runs_20260624/fe_036_cake_red_blueberries_2_raspberries/sd3abl_nofinal/seed_10/result.png,8.326681137084961,fe_036_cake_red_blueberries_2_raspberries/sd3abl_nofinal/seed_10,,10,/cluster/users/grad/2025/25t8103/project/_baselines/src/FlowEdit/Data/Images/cake_red_blueberries.png,0.029644638299942017,"A slice of red velvet cake with white frosting, topped with blueberries.",22.056954352317963,0.07891367745142672,0.9053127313515705,0.9053127313515705,"A slice of red velvet cake with white frosting, topped with raspberries.",fe_036_cake_red_blueberries_2_raspberries
0.0,0.0,0.0,0.0,0.0,0.0,0.0,0.0,0.0,0.0,31,0.9994045495986938,0.0017734436551108956,0.012254545465111732,1.2254545465111732,0.4605751037597656,37.295488525192816,0.9913913607597351,0.9913913607597351,0.4840390682220459,0.9846723079681396,0.2900519073009491,0.27920782566070557,-0.01084408164024353,0.27920782566070557,True,0.5394248962402344,0.953853964805603,-0.01084408164024353,0.4563407897949219,,,F2,T2_container_insertion,1.2678884112989175,0.0,0.4563407897949219,36,0.03562740852817508,0.054418325424194336,0.054418325424194336,16.589316419434045,0.14809287999572343,10.982297897338867,a blueberries with raspberries,0.2900519073009491,0.20031635463237762,0.27920782566070557,-0.01084408164024353,0.27920782566070557,"0,0,512,512",0.09697835147380829,0.019164914265275,/cluster/users/grad/2025/25t8103/project/data/flowedit_compatible_135/eval_masks/fe_036_cake_red_blueberries_2_raspberries_eval_mask.png,fixed_eval_mask,0.0,0.0,0.0,0.0,sd3abl_opsupport,SD3 w/o operation support,,0.0057437666691839695,0.0057437666691839695,28.92201275686837,0.035801346603233385,,/cluster/users/grad/2025/25t8103/project/outputs/flowedit135_ablation_metric_runs_20260624/fe_036_cake_red_blueberries_2_raspberries/sd3abl_opsupport/seed_10/result.png,8.661880493164062,fe_036_cake_red_blueberries_2_raspberries/sd3abl_opsupport/seed_10,,10,/cluster/users/grad/2025/25t8103/project/_baselines/src/FlowEdit/Data/Images/cake_red_blueberries.png,0.027955958619713783,"A slice of red velvet cake with white frosting, topped with blueberries.",19.70410238700996,0.10346533795453781,0.9196286748203657,0.9196286748203657,"A slice of red velvet cake with white frosting, topped with raspberries.",fe_036_cake_red_blueberries_2_raspberries
0.0,0.0,0.0,0.0,0.0,0.0,0.0,0.0,0.0,0.0,31,0.9992167353630066,0.002091901609674096,0.004187466111034155,0.4187466111034155,0.41024017333984375,49.19862438815468,0.9953334927558899,0.9953334927558899,0.3310888707637787,0.8166682720184326,0.27722012996673584,0.3502790033817291,0.07305887341499329,0.3502790033817291,True,0.5897598266601562,0.654741644859314,0.07305887341499329,0.502899169921875,,,F5,T5_same_color_material,1.6964152958323409,0.0,0.502899169921875,39,0.011150555252139087,0.11317217350006104,0.11317217350006104,14.299585841844083,0.19276168230849436,7.902713775634766,a bronze sculpture of a dog,0.27722012996673584,0.272046834230423,0.3502790033817291,0.07305887341499329,0.3502790033817291,"0,0,512,512",0.26195651292800903,0.005354250781238079,/cluster/users/grad/2025/25t8103/project/data/flowedit_compatible_135/eval_masks/fe_039_cat_and_dog_2_bronze_eval_mask.png,fixed_eval_mask,0.0,0.0,0.0,0.0,fluxabl_adaptive,FLUX w/o adaptive controller,,0.002315669087693095,0.002315669087693095,47.168462021966036,0.004381036776847179,,/cluster/users/grad/2025/25t8103/project/outputs/flowedit135_ablation_metric_runs_20260624/fe_039_cat_and_dog_2_bronze/fluxabl_adaptive/seed_10/result.png,4.658478260040283,fe_039_cat_and_dog_2_bronze/fluxabl_adaptive/seed_10,,10,/cluster/users/grad/2025/25t8103/project/_baselines/src/FlowEdit/Data/Images/cat_and_dog.png,0.058065298944711685,"A dog and a cat sitting together on a sidewalk. The dog is positioned on the left side of the scene, while the cat is on the right side. Both animals appear to be relaxed and enjoying each other''s company.",17.28255955000457,0.1367325843896055,0.7591228801639502,0.7591228801639502,"A bronze sculpture of a dog and a cat sitting together on a sidewalk. The dog is positioned on the left side of the scene, while the cat is on the right side. Both animals appear to be relaxed and enjoying each other''s company.",fe_039_cat_and_dog_2_bronze
0.0,0.0,0.0,0.0,0.0,0.0,0.0,0.0,0.0,0.0,31,0.998330295085907,0.009062955155968666,0.01092891301959753,1.092891301959753,0.41024017333984375,37.98756557918391,0.9534542560577393,0.9534542560577393,0.2733364701271057,0.7859649658203125,0.24848444759845734,0.30691227316856384,0.058427825570106506,0.30691227316856384,True,0.5897598266601562,0.6853159666061401,0.058427825570106506,0.502899169921875,,,F5,T5_same_color_material,1.3742824091733143,0.0,0.502899169921875,39,0.003830632926755264,0.10636750608682632,0.10636750608682632,14.851808763615303,0.1808879187121912,7.035232067108154,a bronze sculpture of a dog,0.24848444759845734,0.23723304271697998,0.30691227316856384,0.058427825570106506,0.30691227316856384,"0,0,512,512",0.2589903771877289,0.014508993364870548,/cluster/users/grad/2025/25t8103/project/data/flowedit_compatible_135/eval_masks/fe_039_cat_and_dog_2_bronze_eval_mask.png,fixed_eval_mask,0.0,0.0,0.0,0.0,fluxabl_nofinal,FLUX w/o final restore,,0.009460671804845333,0.009460671804845333,37.44958433665769,0.013412841210356343,,/cluster/users/grad/2025/25t8103/project/outputs/flowedit135_ablation_metric_runs_20260624/fe_039_cat_and_dog_2_bronze/fluxabl_nofinal/seed_10/result.png,5.119204044342041,fe_039_cat_and_dog_2_bronze/fluxabl_nofinal/seed_10,,10,/cluster/users/grad/2025/25t8103/project/_baselines/src/FlowEdit/Data/Images/cat_and_dog.png,0.05819502845406532,"A dog and a cat sitting together on a sidewalk. The dog is positioned on the left side of the scene, while the cat is on the right side. Both animals appear to be relaxed and enjoying each other''s company.",17.81346099270266,0.1286254627944213,0.7453927954318422,0.7453927954318422,"A bronze sculpture of a dog and a cat sitting together on a sidewalk. The dog is positioned on the left side of the scene, while the cat is on the right side. Both animals appear to be relaxed and enjoying each other''s company.",fe_039_cat_and_dog_2_bronze
0.0,0.0,0.0,0.0,0.0,0.0,0.0,0.0,0.0,0.0,31,0.9992167353630066,0.002091901609674096,0.004187466111034155,0.4187466111034155,0.41024017333984375,49.19862438815468,0.9953334927558899,0.9953334927558899,0.31528139114379883,0.848158061504364,0.2919456362724304,0.34702959656715393,0.05508396029472351,0.34702959656715393,True,0.5897598266601562,0.6914379596710205,0.05508396029472351,0.502899169921875,,,F5,T5_same_color_material,1.6060453520022362,0.0,0.502899169921875,39,0.0024349171673038413,0.10821402072906494,0.10821402072906494,14.40515744985465,0.19043296419894756,7.553492546081543,a bronze sculpture of a dog,0.2919456362724304,0.2607099711894989,0.34702959656715393,0.05508396029472351,0.34702959656715393,"0,0,512,512",0.24840781092643738,0.0052252477034926414,/cluster/users/grad/2025/25t8103/project/data/flowedit_compatible_135/eval_masks/fe_039_cat_and_dog_2_bronze_eval_mask.png,fixed_eval_mask,0.0,0.0,0.0,0.0,fluxabl_opsupport,FLUX w/o operation support,,0.0021930874790996313,0.0021930874790996313,48.66571997011523,0.003687346935662884,,/cluster/users/grad/2025/25t8103/project/outputs/flowedit135_ablation_metric_runs_20260624/fe_039_cat_and_dog_2_bronze/fluxabl_opsupport/seed_10/result.png,4.703162670135498,fe_039_cat_and_dog_2_bronze/fluxabl_opsupport/seed_10,,10,/cluster/users/grad/2025/25t8103/project/_baselines/src/FlowEdit/Data/Images/cat_and_dog.png,0.055510908365249634,"A dog and a cat sitting together on a sidewalk. The dog is positioned on the left side of the scene, while the cat is on the right side. Both animals appear to be relaxed and enjoying each other''s company.",17.388739026388198,0.13507129033030565,0.767278668747899,0.767278668747899,"A bronze sculpture of a dog and a cat sitting together on a sidewalk. The dog is positioned on the left side of the scene, while the cat is on the right side. Both animals appear to be relaxed and enjoying each other''s company.",fe_039_cat_and_dog_2_bronze
0.0,0.0,0.0,0.0,0.0,0.0,0.0,0.0,0.0,0.0,31,0.9992167353630066,0.002091901609674096,0.004187466111034155,0.4187466111034155,0.41024017333984375,49.19862438815468,0.9953334927558899,0.9953334927558899,0.27811262011528015,0.8169600963592529,0.26857447624206543,0.3200145959854126,0.05144011974334717,0.3200145959854126,True,0.5897598266601562,0.6956459283828735,0.05144011974334717,0.502899169921875,,,F5,T5_same_color_material,1.4572121829054907,0.0,0.502899169921875,39,0.0038382183384914133,0.10243789106607437,0.10243789106607437,14.914665414253903,0.17958362313429366,6.875213146209717,a bronze sculpture of a dog,0.26857447624206543,0.2404928356409073,0.3200145959854126,0.05144011974334717,0.3200145959854126,"0,0,512,512",0.2447575181722641,0.005223792511969805,/cluster/users/grad/2025/25t8103/project/data/flowedit_compatible_135/eval_masks/fe_039_cat_and_dog_2_bronze_eval_mask.png,fixed_eval_mask,0.0,0.0,0.0,0.0,ours_flux,Ours (FLUX),,0.0021922248415648937,0.0021922248415648937,48.677244842031655,0.003682457624108242,,/cluster/users/grad/2025/25t8103/project/outputs/flowedit135_ablation_metric_runs_20260624/fe_039_cat_and_dog_2_bronze/ours_flux/seed_10/result.png,4.718059062957764,fe_039_cat_and_dog_2_bronze/ours_flux/seed_10,,10,/cluster/users/grad/2025/25t8103/project/_baselines/src/FlowEdit/Data/Images/cat_and_dog.png,0.05260566994547844,"A dog and a cat sitting together on a sidewalk. The dog is positioned on the left side of the scene, while the cat is on the right side. Both animals appear to be relaxed and enjoying each other''s company.",17.89805001447258,0.12737890150376735,0.7798266673213671,0.7798266673213671,"A bronze sculpture of a dog and a cat sitting together on a sidewalk. The dog is positioned on the left side of the scene, while the cat is on the right side. Both animals appear to be relaxed and enjoying each other''s company.",fe_039_cat_and_dog_2_bronze
0.0,0.0,0.0,0.0,0.0,0.0,0.0,0.0,0.0,0.0,31,0.9997588396072388,0.00116315099876374,0.0014509459724649787,0.14509459724649787,0.41024017333984375,53.021649474285084,0.9979214668273926,0.9979214668273926,0.38418638706207275,0.862255871295929,0.2870822250843048,0.3603443503379822,0.07326212525367737,0.3603443503379822,True,0.5897598266601562,0.7372742891311646,0.07326212525367737,0.502899169921875,,,F5,T5_same_color_material,1.1508808970464046,0.0,0.502899169921875,39,0.013524789125553735,0.08392220735549927,0.08392220735549927,16.329472147762168,0.1525901122885139,6.299529075622559,a bronze sculpture of a dog,0.2870822250843048,0.28546544909477234,0.3603443503379822,0.07326212525367737,0.3603443503379822,"0,0,512,512",0.20583301782608032,0.0018209562404081225,/cluster/users/grad/2025/25t8103/project/data/flowedit_compatible_135/eval_masks/fe_039_cat_and_dog_2_bronze_eval_mask.png,fixed_eval_mask,0.0,0.0,0.0,0.0,ours_sd3,Ours (SD3),,0.001198310754261911,0.001198310754261911,52.80623067822781,0.002289224926283838,,/cluster/users/grad/2025/25t8103/project/outputs/flowedit135_ablation_metric_runs_20260624/fe_039_cat_and_dog_2_bronze/ours_sd3/seed_10/result.png,5.473658561706543,fe_039_cat_and_dog_2_bronze/ours_sd3/seed_10,,10,/cluster/users/grad/2025/25t8103/project/_baselines/src/FlowEdit/Data/Images/cat_and_dog.png,0.04280008003115654,"A dog and a cat sitting together on a sidewalk. The dog is positioned on the left side of the scene, while the cat is on the right side. Both animals appear to be relaxed and enjoying each other''s company.",19.313697734959945,0.1082218897554344,0.8291301176131691,0.8291301176131691,"A bronze sculpture of a dog and a cat sitting together on a sidewalk. The dog is positioned on the left side of the scene, while the cat is on the right side. Both animals appear to be relaxed and enjoying each other''s company.",fe_039_cat_and_dog_2_bronze
0.0,0.0,0.0,0.0,0.0,0.0,0.0,0.0,0.0,0.0,31,0.9997588396072388,0.00116315099876374,0.0014509459724649787,0.14509459724649787,0.41024017333984375,53.021649474285084,0.9979214668273926,0.9979214668273926,0.3784853219985962,0.8575260639190674,0.2886863648891449,0.36222147941589355,0.07353511452674866,0.36222147941589355,True,0.5897598266601562,0.7471290826797485,0.07353511452674866,0.502899169921875,,,F5,T5_same_color_material,1.153948490753769,0.0,0.502899169921875,39,0.010126524667758966,0.08510550111532211,0.08510550111532211,16.194723060132176,0.15497578575976906,6.3160905838012695,a bronze sculpture of a dog,0.2886863648891449,0.2900039553642273,0.36222147941589355,0.07353511452674866,0.36222147941589355,"0,0,512,512",0.21358568966388702,0.0018208955880254507,/cluster/users/grad/2025/25t8103/project/data/flowedit_compatible_135/eval_masks/fe_039_cat_and_dog_2_bronze_eval_mask.png,fixed_eval_mask,0.0,0.0,0.0,0.0,sd3abl_adaptive,SD3 w/o adaptive controller,,0.001198410987854004,0.001198410987854004,52.80596990043067,0.002289293657066751,,/cluster/users/grad/2025/25t8103/project/outputs/flowedit135_ablation_metric_runs_20260624/fe_039_cat_and_dog_2_bronze/sd3abl_adaptive/seed_10/result.png,5.473459720611572,fe_039_cat_and_dog_2_bronze/sd3abl_adaptive/seed_10,,10,/cluster/users/grad/2025/25t8103/project/_baselines/src/FlowEdit/Data/Images/cat_and_dog.png,0.04339522123336792,"A dog and a cat sitting together on a sidewalk. The dog is positioned on the left side of the scene, while the cat is on the right side. Both animals appear to be relaxed and enjoying each other''s company.",19.178977844553362,0.10991351780440232,0.8307795333631797,0.8307795333631797,"A bronze sculpture of a dog and a cat sitting together on a sidewalk. The dog is positioned on the left side of the scene, while the cat is on the right side. Both animals appear to be relaxed and enjoying each other''s company.",fe_039_cat_and_dog_2_bronze
0.0,0.0,0.0,0.0,0.0,0.0,0.0,0.0,0.0,0.0,31,0.9919178485870361,0.010048958472907543,0.016724517568945885,1.6724517568945885,0.41024017333984375,37.08814341681392,0.9280961155891418,0.9280961155891418,0.37398040294647217,0.8591141700744629,0.29976168274879456,0.371120810508728,0.07135912775993347,0.371120810508728,True,0.5897598266601562,0.74842369556427,0.07135912775993347,0.502899169921875,,,F5,T5_same_color_material,1.23081095688389,0.0,0.502899169921875,39,0.013517203713817587,0.09069280326366425,0.09069280326366425,16.125622121035146,0.15621361904985828,6.2591233253479,a bronze sculpture of a dog,0.29976168274879456,0.2893546521663666,0.371120810508728,0.07135912775993347,0.371120810508728,"0,0,512,512",0.24137741327285767,0.021118152886629105,/cluster/users/grad/2025/25t8103/project/data/flowedit_compatible_135/eval_masks/fe_039_cat_and_dog_2_bronze_eval_mask.png,fixed_eval_mask,0.0,0.0,0.0,0.0,sd3abl_nofinal,SD3 w/o final restore,,0.01035311259329319,0.01035311259329319,36.72264472898413,0.014583701398457242,,/cluster/users/grad/2025/25t8103/project/outputs/flowedit135_ablation_metric_runs_20260624/fe_039_cat_and_dog_2_bronze/sd3abl_nofinal/seed_10/result.png,5.085365295410156,fe_039_cat_and_dog_2_bronze/sd3abl_nofinal/seed_10,,10,/cluster/users/grad/2025/25t8103/project/_baselines/src/FlowEdit/Data/Images/cat_and_dog.png,0.05075588822364807,"A dog and a cat sitting together on a sidewalk. The dog is positioned on the left side of the scene, while the cat is on the right side. Both animals appear to be relaxed and enjoying each other''s company.",19.07355935981732,0.11125563888510544,0.7728748764551059,0.7728748764551059,"A bronze sculpture of a dog and a cat sitting together on a sidewalk. The dog is positioned on the left side of the scene, while the cat is on the right side. Both animals appear to be relaxed and enjoying each other''s company.",fe_039_cat_and_dog_2_bronze
0.0,0.0,0.0,0.0,0.0,0.0,0.0,0.0,0.0,0.0,31,0.9997588396072388,0.00116315099876374,0.0014509459724649787,0.14509459724649787,0.41024017333984375,53.021649474285084,0.9979214668273926,0.9979214668273926,0.38412344455718994,0.86849045753479,0.28993889689445496,0.3601401150226593,0.07020121812820435,0.3601401150226593,True,0.5897598266601562,0.7375521659851074,0.07020121812820435,0.502899169921875,,,F5,T5_same_color_material,1.157159326731576,0.0,0.502899169921875,39,0.01420747618180715,0.08477150648832321,0.08477150648832321,16.27166790589704,0.15360897977302995,6.333934783935547,a bronze sculpture of a dog,0.28993889689445496,0.28470543026924133,0.3601401150226593,0.07020121812820435,0.3601401150226593,"0,0,512,512",0.20711220800876617,0.0018208094406872988,/cluster/users/grad/2025/25t8103/project/data/flowedit_compatible_135/eval_masks/fe_039_cat_and_dog_2_bronze_eval_mask.png,fixed_eval_mask,0.0,0.0,0.0,0.0,sd3abl_opsupport,SD3 w/o operation support,,0.001198320765979588,0.001198320765979588,52.806198645429376,0.002289233368759959,,/cluster/users/grad/2025/25t8103/project/outputs/flowedit135_ablation_metric_runs_20260624/fe_039_cat_and_dog_2_bronze/sd3abl_opsupport/seed_10/result.png,5.473692893981934,fe_039_cat_and_dog_2_bronze/sd3abl_opsupport/seed_10,,10,/cluster/users/grad/2025/25t8103/project/_baselines/src/FlowEdit/Data/Images/cat_and_dog.png,0.04322720691561699,"A dog and a cat sitting together on a sidewalk. The dog is positioned on the left side of the scene, while the cat is on the right side. Both animals appear to be relaxed and enjoying each other''s company.",19.255906652267328,0.10894433879041028,0.8282159086746622,0.8282159086746622,"A bronze sculpture of a dog and a cat sitting together on a sidewalk. The dog is positioned on the left side of the scene, while the cat is on the right side. Both animals appear to be relaxed and enjoying each other''s company.",fe_039_cat_and_dog_2_bronze
0.0,0.0,0.0,0.0,0.0,0.0,0.0,0.0,0.0,0.0,31,0.9950184226036072,0.010788435116410255,0.07131557166576385,7.1315571665763855,0.786224365234375,26.042493557325006,0.9597176909446716,0.9597176909446716,0.36956292390823364,0.8468618392944336,0.24882252514362335,0.30524879693984985,0.0564262717962265,0.30524879693984985,True,0.213775634765625,0.988221287727356,0.0564262717962265,0.15712738037109375,,,F1,T1_attached_accessory,1.2752871751993204,0.0,0.15712738037109375,46,0.0,0.027082467451691628,0.027082467451691628,21.612518379060333,0.08305658702635564,9.433577537536621,a cat wearing a hat,0.25217998027801514,0.24544037878513336,0.3065754771232605,0.05439549684524536,0.3065754771232605,"0,44,512,405",0.0933983325958252,0.08076075464487076,/cluster/users/grad/2025/25t8103/project/data/flowedit_compatible_135/eval_masks/fe_046_cat_crown_1_black_top_hat_eval_mask.png,fixed_eval_mask,0.0,0.0,0.0,0.0,fluxabl_adaptive,FLUX w/o adaptive controller,,0.012778268195688725,0.012778268195688725,24.748062124623758,0.05788911281121613,,/cluster/users/grad/2025/25t8103/project/outputs/flowedit135_ablation_metric_runs_20260624/fe_046_cat_crown_1_black_top_hat/fluxabl_adaptive/seed_10/result.png,7.397218227386475,fe_046_cat_crown_1_black_top_hat/fluxabl_adaptive/seed_10,,10,/cluster/users/grad/2025/25t8103/project/_baselines/src/FlowEdit/Data/Images/cat_crown.png,0.015025846660137177,"A gray cat sitting on a black cloth, wearing a crown. The crown is placed on the cat''s head.",24.079874952038423,0.0625181693250809,0.9455057228942487,0.9455057228942487,"A gray cat sitting on a black cloth, wearing a top hat. The top hat is placed on the cat''s head.",fe_046_cat_crown_1_black_top_hat
0.0,0.0,0.0,0.0,0.0,0.0,0.0,0.0,0.0,0.0,31,0.9872307777404785,0.01601722650229931,0.08365225046873093,8.365225046873093,0.786224365234375,27.44371659931098,0.9428480863571167,0.9428480863571167,0.4075792133808136,0.8904532194137573,0.2443626970052719,0.29208171367645264,0.047719016671180725,0.29208171367645264,True,0.213775634765625,0.9735257625579834,0.047719016671180725,0.15712738037109375,,,F1,T1_attached_accessory,1.4394782943550137,0.0,0.15712738037109375,46,4.8555474629764505e-05,0.0299989040941,0.0299989040941,24.534579938384358,0.05932954299830598,11.136847496032715,a cat wearing a hat,0.22841769456863403,0.23527711629867554,0.29236987233161926,0.06395217776298523,0.29236987233161926,"0,44,512,405",0.1022811308503151,0.09287501871585846,/cluster/users/grad/2025/25t8103/project/data/flowedit_compatible_135/eval_masks/fe_046_cat_crown_1_black_top_hat_eval_mask.png,fixed_eval_mask,0.0,0.0,0.0,0.0,fluxabl_nofinal,FLUX w/o final restore,,0.017867812886834145,0.017867812886834145,25.735467496319806,0.05166859179313118,,/cluster/users/grad/2025/25t8103/project/outputs/flowedit135_ablation_metric_runs_20260624/fe_046_cat_crown_1_black_top_hat/fluxabl_nofinal/seed_10/result.png,7.736724853515625,fe_046_cat_crown_1_black_top_hat/fluxabl_nofinal/seed_10,,10,/cluster/users/grad/2025/25t8103/project/_baselines/src/FlowEdit/Data/Images/cat_crown.png,0.01977393962442875,"A gray cat sitting on a black cloth, wearing a crown. The crown is placed on the cat''s head.",25.523369453663296,0.05294580152721147,0.9278838616787736,0.9278838616787736,"A gray cat sitting on a black cloth, wearing a top hat. The top hat is placed on the cat''s head.",fe_046_cat_crown_1_black_top_hat
0.0,0.0,0.0,0.0,0.0,0.0,0.0,0.0,0.0,0.0,31,0.9937962293624878,0.011378486640751362,0.07071394473314285,7.071394473314285,0.786224365234375,25.956582110310986,0.953499436378479,0.953499436378479,0.3343978226184845,0.877055287361145,0.2504784166812897,0.28182652592658997,0.03134810924530029,0.28182652592658997,True,0.213775634765625,0.9886248111724854,0.03134810924530029,0.15712738037109375,,,F1,T1_attached_accessory,1.59953218687416,0.0,0.15712738037109375,46,0.031585336246661815,0.027620829641819,0.027620829641819,21.308098767706483,0.08601913313766822,8.468881607055664,a cat wearing a hat,0.23073728382587433,0.23502613604068756,0.30410897731781006,0.07337169349193573,0.30410897731781006,"0,44,512,405",0.09139575809240341,0.08119632303714752,/cluster/users/grad/2025/25t8103/project/data/flowedit_compatible_135/eval_masks/fe_046_cat_crown_1_black_top_hat_eval_mask.png,fixed_eval_mask,0.0,0.0,0.0,0.0,fluxabl_opsupport,FLUX w/o operation support,,0.013661419041454792,0.013661419041454792,24.451156833042937,0.059902115247083526,,/cluster/users/grad/2025/25t8103/project/outputs/flowedit135_ablation_metric_runs_20260624/fe_046_cat_crown_1_black_top_hat/fluxabl_opsupport/seed_10/result.png,5.2945990562438965,fe_046_cat_crown_1_black_top_hat/fluxabl_opsupport/seed_10,,10,/cluster/users/grad/2025/25t8103/project/_baselines/src/FlowEdit/Data/Images/cat_crown.png,0.01585482619702816,"A gray cat sitting on a black cloth, wearing a crown. The crown is placed on the cat''s head.",23.78088491657889,0.06470766883556704,0.9368904154668218,0.9368904154668218,"A gray cat sitting on a black cloth, wearing a top hat. The top hat is placed on the cat''s head.",fe_046_cat_crown_1_black_top_hat
0.0,0.0,0.0,0.0,0.0,0.0,0.0,0.0,0.0,0.0,31,0.9948336482048035,0.007824230939149857,0.05651538074016571,5.651538074016571,0.786224365234375,28.803907644271938,0.9709336161613464,0.9709336161613464,0.3215620815753937,0.9214425086975098,0.2624475359916687,0.2691679000854492,0.006720364093780518,0.2691679000854492,True,0.213775634765625,0.9922246932983398,0.006720364093780518,0.15712738037109375,,,F1,T1_attached_accessory,1.3543867436150627,0.0,0.15712738037109375,46,4.8555474629764505e-05,0.015455080196261406,0.015455080196261406,25.931879039623986,0.05051333563921009,9.597250938415527,a cat wearing a hat,0.25673818588256836,0.2296455353498459,0.29012295603752136,0.033384770154953,0.29012295603752136,"0,44,512,405",0.0702880397439003,0.06452757865190506,/cluster/users/grad/2025/25t8103/project/data/flowedit_compatible_135/eval_masks/fe_046_cat_crown_1_black_top_hat_eval_mask.png,fixed_eval_mask,0.0,0.0,0.0,0.0,ours_flux,Ours (FLUX),,0.00961498636752367,0.00961498636752367,26.61951306491478,0.04666855421933935,,/cluster/users/grad/2025/25t8103/project/outputs/flowedit135_ablation_metric_runs_20260624/fe_046_cat_crown_1_black_top_hat/ours_flux/seed_10/result.png,7.0860490798950195,fe_046_cat_crown_1_black_top_hat/ours_flux/seed_10,,10,/cluster/users/grad/2025/25t8103/project/_baselines/src/FlowEdit/Data/Images/cat_crown.png,0.010532625019550323,"A gray cat sitting on a black cloth, wearing a crown. The crown is placed on the cat''s head.",26.503993306468697,0.0472933779371341,0.96182204972262,0.96182204972262,"A gray cat sitting on a black cloth, wearing a top hat. The top hat is placed on the cat''s head.",fe_046_cat_crown_1_black_top_hat
0.0,0.0,0.0,0.0,0.0,0.0,0.0,0.0,0.0,0.0,31,0.9948046803474426,0.010153068229556084,0.06155351549386978,6.155351549386978,0.786224365234375,25.106417637229196,0.9592586755752563,0.9592586755752563,0.4758293628692627,0.9050155878067017,0.2375340461730957,0.29589563608169556,0.058361589908599854,0.29589563608169556,True,0.213775634765625,0.989954948425293,0.058361589908599854,0.15712738037109375,,,F1,T1_attached_accessory,1.1911549635827272,0.0,0.15712738037109375,46,0.0,0.025570901110768318,0.025570901110768318,21.484336781961495,0.08429137938530322,9.660400390625,a cat wearing a hat,0.2284165322780609,0.24476267397403717,0.2978021502494812,0.06938561797142029,0.2978021502494812,"0,44,512,405",0.0889383926987648,0.07809653878211975,/cluster/users/grad/2025/25t8103/project/data/flowedit_compatible_135/eval_masks/fe_046_cat_crown_1_black_top_hat_eval_mask.png,fixed_eval_mask,0.0,0.0,0.0,0.0,ours_sd3,Ours (SD3),,0.011941442266106606,0.011941442266106606,24.26178226161419,0.06122247561616329,,/cluster/users/grad/2025/25t8103/project/outputs/flowedit135_ablation_metric_runs_20260624/fe_046_cat_crown_1_black_top_hat/ours_sd3/seed_10/result.png,8.110112190246582,fe_046_cat_crown_1_black_top_hat/ours_sd3/seed_10,,10,/cluster/users/grad/2025/25t8103/project/_baselines/src/FlowEdit/Data/Images/cat_crown.png,0.014083008281886578,"A gray cat sitting on a black cloth, wearing a crown. The crown is placed on the cat''s head.",23.68998584099684,0.06538839959102971,0.9410189329946647,0.9410189329946647,"A gray cat sitting on a black cloth, wearing a top hat. The top hat is placed on the cat''s head.",fe_046_cat_crown_1_black_top_hat
0.0,0.0,0.0,0.0,0.0,0.0,0.0,0.0,0.0,0.0,31,0.9947181940078735,0.01039681863039732,0.0639856830239296,6.39856830239296,0.786224365234375,24.96441081844363,0.9581301212310791,0.9581301212310791,0.4723449945449829,0.9038534164428711,0.23798233270645142,0.29615986347198486,0.05817753076553345,0.29615986347198486,True,0.213775634765625,0.989780068397522,0.05817753076553345,0.15712738037109375,,,F1,T1_attached_accessory,1.223417914999483,0.0,0.15712738037109375,46,0.0,0.02460823580622673,0.02460823580622673,21.796254648349922,0.08131810838888061,9.539679527282715,a cat wearing a hat,0.22920945286750793,0.24620811641216278,0.29823118448257446,0.06902173161506653,0.29823118448257446,"0,44,512,405",0.09218593686819077,0.08125275373458862,/cluster/users/grad/2025/25t8103/project/data/flowedit_compatible_135/eval_masks/fe_046_cat_crown_1_black_top_hat_eval_mask.png,fixed_eval_mask,0.0,0.0,0.0,0.0,sd3abl_adaptive,SD3 w/o adaptive controller,,0.012110562063753605,0.012110562063753605,24.157075498756274,0.061964967330629506,,/cluster/users/grad/2025/25t8103/project/outputs/flowedit135_ablation_metric_runs_20260624/fe_046_cat_crown_1_black_top_hat/sd3abl_adaptive/seed_10/result.png,7.7975640296936035,fe_046_cat_crown_1_black_top_hat/sd3abl_adaptive/seed_10,,10,/cluster/users/grad/2025/25t8103/project/_baselines/src/FlowEdit/Data/Images/cat_crown.png,0.014074292965233326,"A gray cat sitting on a black cloth, wearing a crown. The crown is placed on the cat''s head.",23.690265387772868,0.06538629516385965,0.9406989895945683,0.9406989895945683,"A gray cat sitting on a black cloth, wearing a top hat. The top hat is placed on the cat''s head.",fe_046_cat_crown_1_black_top_hat
0.0,0.0,0.0,0.0,0.0,0.0,0.0,0.0,0.0,0.0,31,0.9858995079994202,0.01879856549203396,0.07642053812742233,7.642053812742233,0.786224365234375,24.797795606898966,0.9282091856002808,0.9282091856002808,0.48236939311027527,0.8999937772750854,0.23812726140022278,0.301845520734787,0.06371825933456421,0.301845520734787,True,0.213775634765625,0.977553129196167,0.06371825933456421,0.15712738037109375,,,F1,T1_attached_accessory,1.1703630871308006,0.0,0.15712738037109375,46,2.4277737314882253e-05,0.04344465211033821,0.04344465211033821,20.641815891732207,0.09287721952658817,9.140419006347656,a cat wearing a hat,0.22695232927799225,0.24887615442276,0.29985541105270386,0.07290308177471161,0.29985541105270386,"0,44,512,405",0.10909383744001389,0.0940377414226532,/cluster/users/grad/2025/25t8103/project/data/flowedit_compatible_135/eval_masks/fe_046_cat_crown_1_black_top_hat_eval_mask.png,fixed_eval_mask,0.0,0.0,0.0,0.0,sd3abl_nofinal,SD3 w/o final restore,,0.02070031128823757,0.02070031128823757,23.97253339616087,0.06329557218484475,,/cluster/users/grad/2025/25t8103/project/outputs/flowedit135_ablation_metric_runs_20260624/fe_046_cat_crown_1_black_top_hat/sd3abl_nofinal/seed_10/result.png,7.809900283813477,fe_046_cat_crown_1_black_top_hat/sd3abl_nofinal/seed_10,,10,/cluster/users/grad/2025/25t8103/project/_baselines/src/FlowEdit/Data/Images/cat_crown.png,0.02427407167851925,"A gray cat sitting on a black cloth, wearing a crown. The crown is placed on the cat''s head.",23.249337514444885,0.06879123783950264,0.8987920091795761,0.8987920091795761,"A gray cat sitting on a black cloth, wearing a top hat. The top hat is placed on the cat''s head.",fe_046_cat_crown_1_black_top_hat
0.0,0.0,0.0,0.0,0.0,0.0,0.0,0.0,0.0,0.0,31,0.9947434067726135,0.010634137317538261,0.06460035592317581,6.460035592317581,0.786224365234375,24.763942349004857,0.9585544466972351,0.9585544466972351,0.4756139814853668,0.9044787287712097,0.23716950416564941,0.2958531081676483,0.0586836040019989,0.2958531081676483,True,0.213775634765625,0.989901602268219,0.0586836040019989,0.15712738037109375,,,F1,T1_attached_accessory,1.2307192709321821,0.0,0.15712738037109375,46,0.0,0.025616221129894257,0.025616221129894257,21.48344710445005,0.08430001361720675,9.545377731323242,a cat wearing a hat,0.2289867252111435,0.24373269081115723,0.29724597930908203,0.06825925409793854,0.29724597930908203,"0,44,512,405",0.0926772803068161,0.08167566359043121,/cluster/users/grad/2025/25t8103/project/data/flowedit_compatible_135/eval_masks/fe_046_cat_crown_1_black_top_hat_eval_mask.png,fixed_eval_mask,0.0,0.0,0.0,0.0,sd3abl_opsupport,SD3 w/o operation support,,0.012346407398581505,0.012346407398581505,23.984663684103936,0.06320723838529388,,/cluster/users/grad/2025/25t8103/project/outputs/flowedit135_ablation_metric_runs_20260624/fe_046_cat_crown_1_black_top_hat/sd3abl_opsupport/seed_10/result.png,7.755934238433838,fe_046_cat_crown_1_black_top_hat/sd3abl_opsupport/seed_10,,10,/cluster/users/grad/2025/25t8103/project/_baselines/src/FlowEdit/Data/Images/cat_crown.png,0.014431461691856384,"A gray cat sitting on a black cloth, wearing a crown. The crown is placed on the cat''s head.",23.483314048638533,0.06696290677501433,0.9405681725184538,0.9405681725184538,"A gray cat sitting on a black cloth, wearing a top hat. The top hat is placed on the cat''s head.",fe_046_cat_crown_1_black_top_hat
0.0,0.0,0.0,0.0,0.0,0.0,0.0,0.0,0.0,0.0,31,0.9988628029823303,0.0024663982912898064,0.011693568900227547,1.1693568900227547,0.729339599609375,48.20590940492608,0.9952020049095154,0.9952020049095154,-0.015392117202281952,0.9861876964569092,0.30166396498680115,0.28008535504341125,-0.021578609943389893,0.28008535504341125,True,0.270660400390625,0.8978776931762695,-0.021578609943389893,0.21263885498046875,,,F4,T4_local_recolor,1.0321310971025304,0.0,0.21263885498046875,67,0.0,0.011540143750607967,0.011540143750607967,33.16416447000739,0.021968063563279242,5.393875598907471,a black kitten,0.2834504246711731,0.2159341424703598,0.2638527750968933,-0.019597649574279785,0.2638527750968933,"101,62,497,512",0.02789088524878025,0.012494532391428947,/cluster/users/grad/2025/25t8103/project/data/flowedit_compatible_135/eval_masks/fe_067_cat_stone_1_black_kitten_eval_mask.png,fixed_eval_mask,0.0,0.0,0.0,0.0,fluxabl_adaptive,FLUX w/o adaptive controller,,0.0025072593707591295,0.0025072593707591295,48.09956515596692,0.003935697783524259,,/cluster/users/grad/2025/25t8103/project/outputs/flowedit135_ablation_metric_runs_20260624/fe_067_cat_stone_1_black_kitten/fluxabl_adaptive/seed_10/result.png,5.225959777832031,fe_067_cat_stone_1_black_kitten/fluxabl_adaptive/seed_10,,10,/cluster/users/grad/2025/25t8103/project/_baselines/src/FlowEdit/Data/Images/cat_stone.png,0.004428001586347818,"A small gray kitten sitting on a stone ledge. The ledge is located near a wall, and there is a cement block nearby.",39.40002840693903,0.010715158008718978,0.9894714831022493,0.9894714831022493,"A small black kitten sitting on a stone ledge. The ledge is located near a wall, and there is a cement block nearby.",fe_067_cat_stone_1_black_kitten
0.0,0.0,0.0,0.0,0.0,0.0,0.0,0.0,0.0,0.0,31,0.9994370937347412,0.009526017121970654,0.016628215089440346,1.6628215089440346,0.729339599609375,37.88451543541174,0.9522897005081177,0.9522897005081177,0.04808207228779793,0.9809638261795044,0.29665276408195496,0.28132057189941406,-0.015332192182540894,0.28132057189941406,True,0.270660400390625,0.9287296533584595,-0.015332192182540894,0.21263885498046875,,,F4,T4_local_recolor,1.0897394120039545,0.0,0.21263885498046875,67,1.7939794051164294e-05,0.02311757020652294,0.02311757020652294,29.04694002316985,0.03529010892532248,6.207849502563477,a black kitten,0.287580281496048,0.21687376499176025,0.2728647291660309,-0.01471555233001709,0.2728647291660309,"101,62,497,512",0.03021896257996559,0.018136557191610336,/cluster/users/grad/2025/25t8103/project/data/flowedit_compatible_135/eval_masks/fe_067_cat_stone_1_black_kitten_eval_mask.png,fixed_eval_mask,0.0,0.0,0.0,0.0,fluxabl_nofinal,FLUX w/o final restore,,0.009676898829638958,0.009676898829638958,37.75108971396125,0.012955241535085838,,/cluster/users/grad/2025/25t8103/project/outputs/flowedit135_ablation_metric_runs_20260624/fe_067_cat_stone_1_black_kitten/fluxabl_nofinal/seed_10/result.png,5.69663667678833,fe_067_cat_stone_1_black_kitten/fluxabl_nofinal/seed_10,,10,/cluster/users/grad/2025/25t8103/project/_baselines/src/FlowEdit/Data/Images/cat_stone.png,0.012534906156361103,"A small gray kitten sitting on a stone ledge. The ledge is located near a wall, and there is a cement block nearby.",34.01244520508098,0.019924055358836915,0.9425326035382441,0.9425326035382441,"A small black kitten sitting on a stone ledge. The ledge is located near a wall, and there is a cement block nearby.",fe_067_cat_stone_1_black_kitten
0.0,0.0,0.0,0.0,0.0,0.0,0.0,0.0,0.0,0.0,31,0.9988628029823303,0.0024663982912898064,0.011693568900227547,1.1693568900227547,0.729339599609375,48.20590940492608,0.9952020049095154,0.9952020049095154,-0.039174601435661316,0.9861010909080505,0.30342748761177063,0.28000733256340027,-0.02342015504837036,0.28000733256340027,True,0.270660400390625,0.9420731067657471,-0.02342015504837036,0.21263885498046875,,,F4,T4_local_recolor,1.074946220822013,0.0,0.21263885498046875,67,0.0,0.011292221024632454,0.011292221024632454,33.775294102509676,0.020475536731448522,5.617625713348389,a black kitten,0.2788718342781067,0.2144998013973236,0.259395569562912,-0.019476264715194702,0.259395569562912,"101,62,497,512",0.022917931899428368,0.012494532391428947,/cluster/users/grad/2025/25t8103/project/data/flowedit_compatible_135/eval_masks/fe_067_cat_stone_1_black_kitten_eval_mask.png,fixed_eval_mask,0.0,0.0,0.0,0.0,fluxabl_opsupport,FLUX w/o operation support,,0.0025072593707591295,0.0025072593707591295,48.09956515596692,0.003935697783524259,,/cluster/users/grad/2025/25t8103/project/outputs/flowedit135_ablation_metric_runs_20260624/fe_067_cat_stone_1_black_kitten/fluxabl_opsupport/seed_10/result.png,5.225959777832031,fe_067_cat_stone_1_black_kitten/fluxabl_opsupport/seed_10,,10,/cluster/users/grad/2025/25t8103/project/_baselines/src/FlowEdit/Data/Images/cat_stone.png,0.004375284072011709,"A small gray kitten sitting on a stone ledge. The ledge is located near a wall, and there is a cement block nearby.",39.94200471044413,0.01006699295014801,0.9909783052424153,0.9909783052424153,"A small black kitten sitting on a stone ledge. The ledge is located near a wall, and there is a cement block nearby.",fe_067_cat_stone_1_black_kitten
0.0,0.0,0.0,0.0,0.0,0.0,0.0,0.0,0.0,0.0,31,0.9988628029823303,0.0024663982912898064,0.011693568900227547,1.1693568900227547,0.729339599609375,48.20590940492608,0.9952020049095154,0.9952020049095154,-0.04307624697685242,0.9864985346794128,0.30424556136131287,0.2805447578430176,-0.023700803518295288,0.2805447578430176,True,0.270660400390625,0.9408944845199585,-0.023700803518295288,0.21263885498046875,,,F4,T4_local_recolor,1.0734858615690746,0.0,0.21263885498046875,67,0.0,0.011157919652760029,0.011157919652760029,33.86235052017017,0.020271340751681285,5.609993934631348,a black kitten,0.2791031002998352,0.21423712372779846,0.26030778884887695,-0.018795311450958252,0.26030778884887695,"101,62,497,512",0.022901013493537903,0.012494532391428947,/cluster/users/grad/2025/25t8103/project/data/flowedit_compatible_135/eval_masks/fe_067_cat_stone_1_black_kitten_eval_mask.png,fixed_eval_mask,0.0,0.0,0.0,0.0,ours_flux,Ours (FLUX),,0.0025072593707591295,0.0025072593707591295,48.09956515596692,0.003935697783524259,,/cluster/users/grad/2025/25t8103/project/outputs/flowedit135_ablation_metric_runs_20260624/fe_067_cat_stone_1_black_kitten/ours_flux/seed_10/result.png,5.225959777832031,fe_067_cat_stone_1_black_kitten/ours_flux/seed_10,,10,/cluster/users/grad/2025/25t8103/project/_baselines/src/FlowEdit/Data/Images/cat_stone.png,0.0043467259965837,"A small gray kitten sitting on a stone ledge. The ledge is located near a wall, and there is a cement block nearby.",40.01849265775989,0.009978732189062619,0.9910467421530441,0.9910467421530441,"A small black kitten sitting on a stone ledge. The ledge is located near a wall, and there is a cement block nearby.",fe_067_cat_stone_1_black_kitten
0.0,0.0,0.0,0.0,0.0,0.0,0.0,0.0,0.0,0.0,31,0.9998460412025452,0.0013740283902734518,0.003557328600436449,0.3557328600436449,0.729339599609375,52.14365446279821,0.9979986548423767,0.9979986548423767,-0.1383710354566574,0.9819743633270264,0.31624624133110046,0.28294429183006287,-0.0333019495010376,0.28294429183006287,True,0.270660400390625,0.8315388560295105,-0.0333019495010376,0.21263885498046875,,,F4,T4_local_recolor,0.9913631477306835,0.0,0.21263885498046875,67,0.0,0.014020497910678387,0.014020497910678387,30.88625551935484,0.02855533266773733,6.044686317443848,a black kitten,0.28764307498931885,0.21030524373054504,0.2591613531112671,-0.028481721878051758,0.2591613531112671,"101,62,497,512",0.02363266795873642,0.003835460403934121,/cluster/users/grad/2025/25t8103/project/data/flowedit_compatible_135/eval_masks/fe_067_cat_stone_1_black_kitten_eval_mask.png,fixed_eval_mask,0.0,0.0,0.0,0.0,ours_sd3,Ours (SD3),,0.0013983437092974782,0.0013983437092974782,52.05305723265858,0.0024965894926142645,,/cluster/users/grad/2025/25t8103/project/outputs/flowedit135_ablation_metric_runs_20260624/fe_067_cat_stone_1_black_kitten/ours_sd3/seed_10/result.png,6.097348213195801,fe_067_cat_stone_1_black_kitten/ours_sd3/seed_10,,10,/cluster/users/grad/2025/25t8103/project/_baselines/src/FlowEdit/Data/Images/cat_stone.png,0.0040823048911988735,"A small gray kitten sitting on a stone ledge. The ledge is located near a wall, and there is a cement block nearby.",37.48861371149816,0.013352706849118072,0.9828128766470706,0.9828128766470706,"A small black kitten sitting on a stone ledge. The ledge is located near a wall, and there is a cement block nearby.",fe_067_cat_stone_1_black_kitten
0.0,0.0,0.0,0.0,0.0,0.0,0.0,0.0,0.0,0.0,31,0.9998460412025452,0.0013740283902734518,0.003557328600436449,0.3557328600436449,0.729339599609375,52.14365446279821,0.9979986548423767,0.9979986548423767,-0.11955122649669647,0.9811608791351318,0.3160566985607147,0.2842152714729309,-0.031841427087783813,0.2842152714729309,True,0.270660400390625,0.8561609387397766,-0.031841427087783813,0.21263885498046875,,,F4,T4_local_recolor,1.0014799329259738,0.0,0.21263885498046875,67,0.0,0.013951132073998451,0.013951132073998451,30.998954735532163,0.02818722117337913,6.106371879577637,a black kitten,0.2863856256008148,0.2099509835243225,0.25823545455932617,-0.028150171041488647,0.25823545455932617,"101,62,497,512",0.023087091743946075,0.003835460403934121,/cluster/users/grad/2025/25t8103/project/data/flowedit_compatible_135/eval_masks/fe_067_cat_stone_1_black_kitten_eval_mask.png,fixed_eval_mask,0.0,0.0,0.0,0.0,sd3abl_adaptive,SD3 w/o adaptive controller,,0.0013983437092974782,0.0013983437092974782,52.05305723265858,0.0024965894926142645,,/cluster/users/grad/2025/25t8103/project/outputs/flowedit135_ablation_metric_runs_20260624/fe_067_cat_stone_1_black_kitten/sd3abl_adaptive/seed_10/result.png,6.097348213195801,fe_067_cat_stone_1_black_kitten/sd3abl_adaptive/seed_10,,10,/cluster/users/grad/2025/25t8103/project/_baselines/src/FlowEdit/Data/Images/cat_stone.png,0.004067553672939539,"A small gray kitten sitting on a stone ledge. The ledge is located near a wall, and there is a cement block nearby.",37.59817054237993,0.01318534424427908,0.9832186204524443,0.9832186204524443,"A small black kitten sitting on a stone ledge. The ledge is located near a wall, and there is a cement block nearby.",fe_067_cat_stone_1_black_kitten
0.0,0.0,0.0,0.0,0.0,0.0,0.0,0.0,0.0,0.0,31,0.9976340532302856,0.011439010500907898,0.04229137301445007,4.229137301445007,0.729339599609375,36.252727468611475,0.9203410148620605,0.9203410148620605,-0.14094127714633942,0.9660623073577881,0.3302941918373108,0.2915382385253906,-0.038755953311920166,0.2915382385253906,True,0.270660400390625,0.8185030817985535,-0.038755953311920166,0.21263885498046875,,,F4,T4_local_recolor,1.0381704031983192,0.0,0.21263885498046875,67,0.0,0.02072695828974247,0.02072695828974247,30.274797047298108,0.030637981361843883,5.933055400848389,a black kitten,0.3047478199005127,0.19687674939632416,0.26741817593574524,-0.037329643964767456,0.26741817593574524,"101,62,497,512",0.07200007140636444,0.0457691065967083,/cluster/users/grad/2025/25t8103/project/data/flowedit_compatible_135/eval_masks/fe_067_cat_stone_1_black_kitten_eval_mask.png,fixed_eval_mask,0.0,0.0,0.0,0.0,sd3abl_nofinal,SD3 w/o final restore,,0.011626229621469975,0.011626229621469975,36.10822870292675,0.015652674887233944,,/cluster/users/grad/2025/25t8103/project/outputs/flowedit135_ablation_metric_runs_20260624/fe_067_cat_stone_1_black_kitten/sd3abl_nofinal/seed_10/result.png,5.714914798736572,fe_067_cat_stone_1_black_kitten/sd3abl_nofinal/seed_10,,10,/cluster/users/grad/2025/25t8103/project/_baselines/src/FlowEdit/Data/Images/cat_stone.png,0.013561401516199112,"A small gray kitten sitting on a stone ledge. The ledge is located near a wall, and there is a cement block nearby.",34.0614991527344,0.019811850510115876,0.9086004119233655,0.9086004119233655,"A small black kitten sitting on a stone ledge. The ledge is located near a wall, and there is a cement block nearby.",fe_067_cat_stone_1_black_kitten
0.0,0.0,0.0,0.0,0.0,0.0,0.0,0.0,0.0,0.0,31,0.9998460412025452,0.0013740283902734518,0.003557328600436449,0.3557328600436449,0.729339599609375,52.14365446279821,0.9979986548423767,0.9979986548423767,-0.14956098794937134,0.9855939149856567,0.3133702874183655,0.28048598766326904,-0.032884299755096436,0.28048598766326904,True,0.270660400390625,0.8551747798919678,-0.032884299755096436,0.21263885498046875,,,F4,T4_local_recolor,0.9918204066515337,0.0,0.21263885498046875,67,0.0,0.013601647689938545,0.013601647689938545,31.264908524255517,0.02733723422312595,6.047474384307861,a black kitten,0.28273916244506836,0.20792178809642792,0.2567942440509796,-0.025944918394088745,0.2567942440509796,"101,62,497,512",0.022910717874765396,0.003835460403934121,/cluster/users/grad/2025/25t8103/project/data/flowedit_compatible_135/eval_masks/fe_067_cat_stone_1_black_kitten_eval_mask.png,fixed_eval_mask,0.0,0.0,0.0,0.0,sd3abl_opsupport,SD3 w/o operation support,,0.0013983437092974782,0.0013983437092974782,52.05305723265858,0.0024965894926142645,,/cluster/users/grad/2025/25t8103/project/outputs/flowedit135_ablation_metric_runs_20260624/fe_067_cat_stone_1_black_kitten/sd3abl_opsupport/seed_10/result.png,6.097348213195801,fe_067_cat_stone_1_black_kitten/sd3abl_opsupport/seed_10,,10,/cluster/users/grad/2025/25t8103/project/_baselines/src/FlowEdit/Data/Images/cat_stone.png,0.003993239253759384,"A small gray kitten sitting on a stone ledge. The ledge is located near a wall, and there is a cement block nearby.",37.8563892988195,0.012799132501135718,0.9832066034841388,0.9832066034841388,"A small black kitten sitting on a stone ledge. The ledge is located near a wall, and there is a cement block nearby.",fe_067_cat_stone_1_black_kitten
0.0,0.0,0.0,0.0,0.0,0.0,0.0,0.0,0.0,0.0,31,0.9999878406524658,0.0026415123138576746,0.00324928667396307,0.324928667396307,0.5456390380859375,45.53603010256454,0.9969730377197266,0.9969730377197266,0.28686755895614624,0.7542763948440552,0.20059889554977417,0.2793494462966919,0.07875055074691772,0.2793494462966919,True,0.4543609619140625,0.11424640566110611,0.07875055074691772,0.3783721923828125,,,F5,T5_same_color_material,1.3816451669107204,0.0,0.3783721923828125,91,0.20133483889180143,0.09444532543420792,0.09444532543420792,15.701702173475702,0.16402682983822306,9.396459579467773,a crochet of a dog,0.21263852715492249,0.29450321197509766,0.2888471484184265,0.07620862126350403,0.2888471484184265,"0,3,512,512",0.15004080533981323,0.0042592426761984825,/cluster/users/grad/2025/25t8103/project/data/flowedit_compatible_135/eval_masks/fe_091_dog_3_crochet_eval_mask.png,fixed_eval_mask,0.0,0.0,0.0,0.0,fluxabl_adaptive,FLUX w/o adaptive controller,,0.0029680088628083467,0.0029680088628083467,44.27694623510894,0.006111568562454658,,/cluster/users/grad/2025/25t8103/project/outputs/flowedit135_ablation_metric_runs_20260624/fe_091_dog_3_crochet/fluxabl_adaptive/seed_10/result.png,6.8009209632873535,fe_091_dog_3_crochet/fluxabl_adaptive/seed_10,,10,/cluster/users/grad/2025/25t8103/project/_baselines/src/FlowEdit/Data/Images/dog.png,0.03758048266172409,A small black and brown dog sitting on a lush green field.,19.912616015923284,0.10101112294472224,0.8378153410332038,0.8378153410332038,A small black and brown crochet dog sitting on a lush green field.,fe_091_dog_3_crochet
0.0,0.0,0.0,0.0,0.0,0.0,0.0,0.0,0.0,0.0,31,0.999477744102478,0.018711455166339874,0.011440680362284184,1.1440680362284184,0.5456390380859375,31.788475191451518,0.9662954211235046,0.9662954211235046,0.27561378479003906,0.7363733053207397,0.2142617106437683,0.2934131622314453,0.079151451587677,0.2934131622314453,True,0.4543609619140625,0.1963435411453247,0.079151451587677,0.3783721923828125,,,F5,T5_same_color_material,1.1807805265909481,0.0,0.3783721923828125,91,0.28551840948501833,0.09945055842399597,0.09945055842399597,15.55226967660299,0.1668731700336115,9.080988883972168,a crochet of a dog,0.21391861140727997,0.2982078194618225,0.29873785376548767,0.0848192423582077,0.29873785376548767,"0,3,512,512",0.15596789121627808,0.014287570491433144,/cluster/users/grad/2025/25t8103/project/data/flowedit_compatible_135/eval_masks/fe_091_dog_3_crochet_eval_mask.png,fixed_eval_mask,0.0,0.0,0.0,0.0,fluxabl_nofinal,FLUX w/o final restore,,0.019287198781967163,0.019287198781967163,31.409318966279223,0.026886486434182254,,/cluster/users/grad/2025/25t8103/project/outputs/flowedit135_ablation_metric_runs_20260624/fe_091_dog_3_crochet/fluxabl_nofinal/seed_10/result.png,7.690666198730469,fe_091_dog_3_crochet/fluxabl_nofinal/seed_10,,10,/cluster/users/grad/2025/25t8103/project/_baselines/src/FlowEdit/Data/Images/dog.png,0.04961879178881645,A small black and brown dog sitting on a lush green field.,19.59169671383759,0.10481300303953195,0.8092689123549329,0.8092689123549329,A small black and brown crochet dog sitting on a lush green field.,fe_091_dog_3_crochet
0.0,0.0,0.0,0.0,0.0,0.0,0.0,0.0,0.0,0.0,31,0.9999878406524658,0.0026415123138576746,0.00324928667396307,0.324928667396307,0.5456390380859375,45.53603010256454,0.9969732165336609,0.9969732165336609,0.2825218439102173,0.7312732934951782,0.18367663025856018,0.2671174108982086,0.08344078063964844,0.2671174108982086,True,0.4543609619140625,0.16347789764404297,0.08344078063964844,0.3783721923828125,,,F5,T5_same_color_material,1.2151447293379163,0.0,0.3783721923828125,91,0.2680465378876477,0.09714223444461823,0.09714223444461823,15.228358565058038,0.17321363340649654,8.18973159790039,a crochet of a dog,0.1992911994457245,0.28908008337020874,0.2787807881832123,0.07948958873748779,0.2787807881832123,"0,3,512,512",0.1553831547498703,0.004067319445312023,/cluster/users/grad/2025/25t8103/project/data/flowedit_compatible_135/eval_masks/fe_091_dog_3_crochet_eval_mask.png,fixed_eval_mask,0.0,0.0,0.0,0.0,fluxabl_opsupport,FLUX w/o operation support,,0.0028955969028174877,0.0028955969028174877,44.730761416578105,0.005800453227534979,,/cluster/users/grad/2025/25t8103/project/outputs/flowedit135_ablation_metric_runs_20260624/fe_091_dog_3_crochet/fluxabl_opsupport/seed_10/result.png,6.73971700668335,fe_091_dog_3_crochet/fluxabl_opsupport/seed_10,,10,/cluster/users/grad/2025/25t8103/project/_baselines/src/FlowEdit/Data/Images/dog.png,0.038555897772312164,A small black and brown dog sitting on a lush green field.,19.441172351753693,0.10664521703509723,0.8326926953536132,0.8326926953536132,A small black and brown crochet dog sitting on a lush green field.,fe_091_dog_3_crochet
0.0,0.0,0.0,0.0,0.0,0.0,0.0,0.0,0.0,0.0,31,0.9999878406524658,0.0026415123138576746,0.00324928667396307,0.324928667396307,0.5456390380859375,45.53603010256454,0.9969732165336609,0.9969732165336609,0.2792232632637024,0.7415248155593872,0.21183417737483978,0.2913273572921753,0.07949317991733551,0.2913273572921753,True,0.4543609619140625,0.1954556554555893,0.07949317991733551,0.3783721923828125,,,F5,T5_same_color_material,1.2827976298131527,0.0,0.3783721923828125,91,0.2850042343831915,0.09171319752931595,0.09171319752931595,15.68012652860899,0.1644347769588987,8.688553810119629,a crochet of a dog,0.21497365832328796,0.29784131050109863,0.29843443632125854,0.08346077799797058,0.29843443632125854,"0,3,512,512",0.14343903958797455,0.0040220958180725574,/cluster/users/grad/2025/25t8103/project/data/flowedit_compatible_135/eval_masks/fe_091_dog_3_crochet_eval_mask.png,fixed_eval_mask,0.0,0.0,0.0,0.0,ours_flux,Ours (FLUX),,0.0028737937100231647,0.0028737937100231647,44.8287100978264,0.005735410342060619,,/cluster/users/grad/2025/25t8103/project/outputs/flowedit135_ablation_metric_runs_20260624/fe_091_dog_3_crochet/ours_flux/seed_10/result.png,6.773128986358643,fe_091_dog_3_crochet/ours_flux/seed_10,,10,/cluster/users/grad/2025/25t8103/project/_baselines/src/FlowEdit/Data/Images/dog.png,0.036488138139247894,A small black and brown dog sitting on a lush green field.,19.892262476362326,0.10124809862341305,0.8378465182897452,0.8378465182897452,A small black and brown crochet dog sitting on a lush green field.,fe_091_dog_3_crochet
0.0,0.0,0.0,0.0,0.0,0.0,0.0,0.0,0.0,0.0,31,0.9999974966049194,0.0012874131789430976,0.0010386875364929438,0.10386875364929438,0.5456390380859375,50.919537953185,0.9989614486694336,0.9989614486694336,0.24833348393440247,0.7570248246192932,0.21313534677028656,0.27428215742111206,0.0611468106508255,0.27428215742111206,True,0.4543609619140625,0.48397478461265564,0.0611468106508255,0.3783721923828125,,,F5,T5_same_color_material,1.3960223734085793,0.0,0.3783721923828125,91,0.11925837802960035,0.07379624247550964,0.07379624247550964,16.753801170877896,0.14531483109973214,11.004790306091309,a crochet of a dog,0.21388056874275208,0.2719825506210327,0.2736642062664032,0.05978363752365112,0.2736642062664032,"0,3,512,512",0.12983393669128418,0.0012140227481722832,/cluster/users/grad/2025/25t8103/project/data/flowedit_compatible_135/eval_masks/fe_091_dog_3_crochet_eval_mask.png,fixed_eval_mask,0.0,0.0,0.0,0.0,ours_sd3,Ours (SD3),,0.0013658766401931643,0.0013658766401931643,50.5903718071412,0.002954482416555539,,/cluster/users/grad/2025/25t8103/project/outputs/flowedit135_ablation_metric_runs_20260624/fe_091_dog_3_crochet/ours_sd3/seed_10/result.png,7.882961273193359,fe_091_dog_3_crochet/ours_sd3/seed_10,,10,/cluster/users/grad/2025/25t8103/project/_baselines/src/FlowEdit/Data/Images/dog.png,0.028771504759788513,A small black and brown dog sitting on a lush green field.,20.97166096270967,0.08941635288056518,0.8597479389687924,0.8597479389687924,A small black and brown crochet dog sitting on a lush green field.,fe_091_dog_3_crochet
0.0,0.0,0.0,0.0,0.0,0.0,0.0,0.0,0.0,0.0,31,0.9999974966049194,0.0012874131789430976,0.0010386875364929438,0.10386875364929438,0.5456390380859375,50.919537953185,0.9989614486694336,0.9989614486694336,0.2462778091430664,0.757250964641571,0.21542982757091522,0.27565205097198486,0.06022222340106964,0.27565205097198486,True,0.4543609619140625,0.4944036602973938,0.06022222340106964,0.3783721923828125,,,F5,T5_same_color_material,1.3937758282366983,0.0,0.3783721923828125,91,0.11635480098399,0.07309597730636597,0.07309597730636597,16.8338153850402,0.14398234109792574,10.986465454101562,a crochet of a dog,0.2225162386894226,0.2728847861289978,0.2788664400577545,0.05635020136833191,0.2788664400577545,"0,3,512,512",0.13296324014663696,0.0012137783924117684,/cluster/users/grad/2025/25t8103/project/data/flowedit_compatible_135/eval_masks/fe_091_dog_3_crochet_eval_mask.png,fixed_eval_mask,0.0,0.0,0.0,0.0,sd3abl_adaptive,SD3 w/o adaptive controller,,0.0013658285606652498,0.0013658285606652498,50.5910601190676,0.002954248298348407,,/cluster/users/grad/2025/25t8103/project/outputs/flowedit135_ablation_metric_runs_20260624/fe_091_dog_3_crochet/sd3abl_adaptive/seed_10/result.png,7.882519721984863,fe_091_dog_3_crochet/sd3abl_adaptive/seed_10,,10,/cluster/users/grad/2025/25t8103/project/_baselines/src/FlowEdit/Data/Images/dog.png,0.028506509959697723,A small black and brown dog sitting on a lush green field.,21.051620484578223,0.08859699171012243,0.8604120148962694,0.8604120148962694,A small black and brown crochet dog sitting on a lush green field.,fe_091_dog_3_crochet
0.0,0.0,0.0,0.0,0.0,0.0,0.0,0.0,0.0,0.0,31,0.9996418952941895,0.014912668615579605,0.013757944107055664,1.3757944107055664,0.5456390380859375,31.69687715179267,0.9534368515014648,0.9534368515014648,0.24634964764118195,0.7629919648170471,0.21820925176143646,0.27710410952568054,0.05889485776424408,0.27710410952568054,True,0.4543609619140625,0.48531949520111084,0.05889485776424408,0.3783721923828125,,,F5,T5_same_color_material,1.4523410210551972,0.0,0.3783721923828125,91,0.12193007218615155,0.08302180469036102,0.08302180469036102,16.555759979532198,0.14866611794306683,10.970292091369629,a crochet of a dog,0.21748417615890503,0.27230483293533325,0.27580609917640686,0.05832192301750183,0.27580609917640686,"0,3,512,512",0.1515583097934723,0.01637325808405876,/cluster/users/grad/2025/25t8103/project/data/flowedit_compatible_135/eval_masks/fe_091_dog_3_crochet_eval_mask.png,fixed_eval_mask,0.0,0.0,0.0,0.0,sd3abl_nofinal,SD3 w/o final restore,,0.015795303508639336,0.015795303508639336,31.171103810802734,0.027634067206009687,,/cluster/users/grad/2025/25t8103/project/outputs/flowedit135_ablation_metric_runs_20260624/fe_091_dog_3_crochet/sd3abl_nofinal/seed_10/result.png,7.553523540496826,fe_091_dog_3_crochet/sd3abl_nofinal/seed_10,,10,/cluster/users/grad/2025/25t8103/project/_baselines/src/FlowEdit/Data/Images/dog.png,0.04123194143176079,A small black and brown dog sitting on a lush green field.,20.536784163847432,0.09400712951485604,0.8139676694946594,0.8139676694946594,A small black and brown crochet dog sitting on a lush green field.,fe_091_dog_3_crochet
0.0,0.0,0.0,0.0,0.0,0.0,0.0,0.0,0.0,0.0,31,0.9999974966049194,0.0012874131789430976,0.0010386875364929438,0.10386875364929438,0.5456390380859375,50.919537953185,0.9989614486694336,0.9989614486694336,0.24393069744110107,0.7550213932991028,0.21531301736831665,0.275037556886673,0.05972453951835632,0.275037556886673,True,0.4543609619140625,0.4302266538143158,0.05972453951835632,0.3783721923828125,,,F5,T5_same_color_material,1.3998173548685295,0.0,0.3783721923828125,91,0.11611283623018914,0.07392808049917221,0.07392808049917221,16.747499790997587,0.1454202913604053,11.034534454345703,a crochet of a dog,0.21035557985305786,0.2689967751502991,0.2701103091239929,0.05975472927093506,0.2701103091239929,"0,3,512,512",0.1289421170949936,0.0012139506870880723,/cluster/users/grad/2025/25t8103/project/data/flowedit_compatible_135/eval_masks/fe_091_dog_3_crochet_eval_mask.png,fixed_eval_mask,0.0,0.0,0.0,0.0,sd3abl_opsupport,SD3 w/o operation support,,0.0013658365933224559,0.0013658365933224559,50.5906686593928,0.0029543814447717297,,/cluster/users/grad/2025/25t8103/project/outputs/flowedit135_ablation_metric_runs_20260624/fe_091_dog_3_crochet/sd3abl_opsupport/seed_10/result.png,7.882838726043701,fe_091_dog_3_crochet/sd3abl_opsupport/seed_10,,10,/cluster/users/grad/2025/25t8103/project/_baselines/src/FlowEdit/Data/Images/dog.png,0.028821365907788277,A small black and brown dog sitting on a lush green field.,20.965363234125853,0.08948120796623343,0.8592817517303748,0.8592817517303748,A small black and brown crochet dog sitting on a lush green field.,fe_091_dog_3_crochet
0.0,0.0,0.0,0.0,0.0,0.0,0.0,0.0,0.0,0.0,31,0.9956382513046265,0.010479814372956753,0.05232740193605423,5.232740193605423,0.9219894409179688,28.936329348216177,0.9717469811439514,0.9717469811439514,0.34490540623664856,0.8701874017715454,0.207862988114357,0.2961259186267853,0.08826293051242828,0.2961259186267853,True,0.07801055908203125,0.9788909554481506,0.08826293051242828,0.04573822021484375,,,F1,T1_attached_accessory,1.1458710602412217,0.0,0.04573822021484375,94,0.015095913261050876,0.06457462161779404,0.06457462161779404,15.719429807586103,0.16369239751299228,5.670345306396484,a dog wearing a hat,0.16673938930034637,0.26465117931365967,0.27179744839668274,0.10505805909633636,0.27179744839668274,"4,69,320,265",0.06454017758369446,0.05662505701184273,/cluster/users/grad/2025/25t8103/project/data/flowedit_compatible_135/eval_masks/fe_094_dog_6_red_top_hat_eval_mask.png,fixed_eval_mask,0.0,0.0,0.0,0.0,fluxabl_adaptive,FLUX w/o adaptive controller,,0.011997006833553314,0.011997006833553314,26.95857706730319,0.044881890995469374,,/cluster/users/grad/2025/25t8103/project/outputs/flowedit135_ablation_metric_runs_20260624/fe_094_dog_6_red_top_hat/fluxabl_adaptive/seed_10/result.png,4.948502063751221,fe_094_dog_6_red_top_hat/fluxabl_adaptive/seed_10,,10,/cluster/users/grad/2025/25t8103/project/_baselines/src/FlowEdit/Data/Images/dog.png,0.01440181490033865,A small black and brown dog sitting on a lush green field.,25.01990911202654,0.05610538467932643,0.962642585910796,0.962642585910796,A small black and brown dog sitting on a lush green field. The dog is wearing a red top hat.,fe_094_dog_6_red_top_hat
0.0,0.0,0.0,0.0,0.0,0.0,0.0,0.0,0.0,0.0,31,0.9926426410675049,0.023735176771879196,0.060854073613882065,6.0854073613882065,0.9219894409179688,27.38680249808077,0.9324350357055664,0.9324350357055664,0.3504544794559479,0.8627121448516846,0.21641281247138977,0.30963510274887085,0.09322229027748108,0.30963510274887085,True,0.07801055908203125,0.9671653509140015,0.09322229027748108,0.04573822021484375,,,F1,T1_attached_accessory,1.2003312565684674,0.0,0.04573822021484375,94,0.02718932443703086,0.07355301082134247,0.07355301082134247,15.985879667709966,0.1587471790607505,6.479793071746826,a dog wearing a hat,0.18292191624641418,0.2566474974155426,0.2858465313911438,0.10292461514472961,0.2858465313911438,"4,69,320,265",0.07319720834493637,0.06598885357379913,/cluster/users/grad/2025/25t8103/project/data/flowedit_compatible_135/eval_masks/fe_094_dog_6_red_top_hat_eval_mask.png,fixed_eval_mask,0.0,0.0,0.0,0.0,fluxabl_nofinal,FLUX w/o final restore,,0.025195904076099396,0.025195904076099396,25.907731435057123,0.05065396293528591,,/cluster/users/grad/2025/25t8103/project/outputs/flowedit135_ablation_metric_runs_20260624/fe_094_dog_6_red_top_hat/fluxabl_nofinal/seed_10/result.png,5.398337364196777,fe_094_dog_6_red_top_hat/fluxabl_nofinal/seed_10,,10,/cluster/users/grad/2025/25t8103/project/_baselines/src/FlowEdit/Data/Images/dog.png,0.027407675981521606,A small black and brown dog sitting on a lush green field.,24.43564642341768,0.060009178130810185,0.9247129113481833,0.9247129113481833,A small black and brown dog sitting on a lush green field. The dog is wearing a red top hat.,fe_094_dog_6_red_top_hat
0.0,0.0,0.0,0.0,0.0,0.0,0.0,0.0,0.0,0.0,31,0.9953240156173706,0.009631763212382793,0.05992105230689049,5.992105230689049,0.9219894409179688,28.22053264795131,0.978070080280304,0.978070080280304,0.3346332013607025,0.8638322353363037,0.1947450339794159,0.282925546169281,0.08818051218986511,0.282925546169281,True,0.07801055908203125,0.9820556640625,0.08818051218986511,0.04573822021484375,,,F1,T1_attached_accessory,1.2529423869557421,0.0,0.04573822021484375,94,0.01718098415346122,0.07232377678155899,0.07232377678155899,14.877098881970037,0.18036200557794047,5.234660625457764,a dog wearing a hat,0.15909038484096527,0.2518414855003357,0.24760663509368896,0.0885162502527237,0.24760663509368896,"4,69,320,265",0.07223384082317352,0.06495656073093414,/cluster/users/grad/2025/25t8103/project/data/flowedit_compatible_135/eval_masks/fe_094_dog_6_red_top_hat_eval_mask.png,fixed_eval_mask,0.0,0.0,0.0,0.0,fluxabl_opsupport,FLUX w/o operation support,,0.011570466682314873,0.011570466682314873,26.061924350025123,0.04976268240479709,,/cluster/users/grad/2025/25t8103/project/outputs/flowedit135_ablation_metric_runs_20260624/fe_094_dog_6_red_top_hat/fluxabl_opsupport/seed_10/result.png,4.177894115447998,fe_094_dog_6_red_top_hat/fluxabl_opsupport/seed_10,,10,/cluster/users/grad/2025/25t8103/project/_baselines/src/FlowEdit/Data/Images/dog.png,0.014349215663969517,A small black and brown dog sitting on a lush green field.,24.144325483619685,0.062055992481582174,0.9710538625612473,0.9710538625612473,A small black and brown dog sitting on a lush green field. The dog is wearing a red top hat.,fe_094_dog_6_red_top_hat
0.0,0.0,0.0,0.0,0.0,0.0,0.0,0.0,0.0,0.0,31,0.9961337447166443,0.008014967665076256,0.039937376976013184,3.9937376976013184,0.9219894409179688,30.759678624262655,0.9852524399757385,0.9852524399757385,0.3492375612258911,0.8674929141998291,0.21009014546871185,0.3019489645957947,0.09185881912708282,0.3019489645957947,True,0.07801055908203125,0.977806806564331,0.09185881912708282,0.04573822021484375,,,F1,T1_attached_accessory,1.234315043811668,0.0,0.04573822021484375,94,0.015012510425354461,0.0551392026245594,0.0551392026245594,16.210816047828636,0.15468891653703154,5.465097904205322,a dog wearing a hat,0.17405657470226288,0.25748419761657715,0.2693743407726288,0.0953177660703659,0.2693743407726288,"4,69,320,265",0.050651635974645615,0.04420483112335205,/cluster/users/grad/2025/25t8103/project/data/flowedit_compatible_135/eval_masks/fe_094_dog_6_red_top_hat_eval_mask.png,fixed_eval_mask,0.0,0.0,0.0,0.0,ours_flux,Ours (FLUX),,0.009487572126090527,0.009487572126090527,28.0148954651145,0.03974250401165943,,/cluster/users/grad/2025/25t8103/project/outputs/flowedit135_ablation_metric_runs_20260624/fe_094_dog_6_red_top_hat/ours_flux/seed_10/result.png,4.42763614654541,fe_094_dog_6_red_top_hat/ours_flux/seed_10,,10,/cluster/users/grad/2025/25t8103/project/_baselines/src/FlowEdit/Data/Images/dog.png,0.011575594544410706,A small black and brown dog sitting on a lush green field.,25.847462193373303,0.05100666049165272,0.9783263988974483,0.9783263988974483,A small black and brown dog sitting on a lush green field. The dog is wearing a red top hat.,fe_094_dog_6_red_top_hat
0.0,0.0,0.0,0.0,0.0,0.0,0.0,0.0,0.0,0.0,31,0.9969771504402161,0.006441921461373568,0.05206127464771271,5.206127464771271,0.9219894409179688,28.465542737500616,0.9852309226989746,0.9852309226989746,0.36137935519218445,0.8521125316619873,0.20607882738113403,0.3079959452152252,0.10191711783409119,0.3079959452152252,True,0.07801055908203125,0.9786680340766907,0.10191711783409119,0.04573822021484375,,,F1,T1_attached_accessory,1.0742999585159299,0.0,0.04573822021484375,94,0.021267723102585488,0.06634832918643951,0.06634832918643951,16.153786543993927,0.15570790906983922,5.821084022521973,a dog wearing a hat,0.1704719066619873,0.25969547033309937,0.2718595862388611,0.10138767957687378,0.2718595862388611,"4,69,320,265",0.0652560368180275,0.05808272957801819,/cluster/users/grad/2025/25t8103/project/data/flowedit_compatible_135/eval_masks/fe_094_dog_6_red_top_hat_eval_mask.png,fixed_eval_mask,0.0,0.0,0.0,0.0,ours_sd3,Ours (SD3),,0.008164891973137856,0.008164891973137856,26.724242535709095,0.046109230363639016,,/cluster/users/grad/2025/25t8103/project/outputs/flowedit135_ablation_metric_runs_20260624/fe_094_dog_6_red_top_hat/ours_sd3/seed_10/result.png,5.418490409851074,fe_094_dog_6_red_top_hat/ours_sd3/seed_10,,10,/cluster/users/grad/2025/25t8103/project/_baselines/src/FlowEdit/Data/Images/dog.png,0.01082609687000513,A small black and brown dog sitting on a lush green field.,25.03383164548947,0.056015525904904315,0.972315926472545,0.972315926472545,A small black and brown dog sitting on a lush green field. The dog is wearing a red top hat.,fe_094_dog_6_red_top_hat
0.0,0.0,0.0,0.0,0.0,0.0,0.0,0.0,0.0,0.0,31,0.9969117045402527,0.006613239645957947,0.05208899825811386,5.208899825811386,0.9219894409179688,28.232191273100696,0.9854726195335388,0.9854726195335388,0.3486899137496948,0.8428764343261719,0.20161555707454681,0.3028845191001892,0.1012689620256424,0.3028845191001892,True,0.07801055908203125,0.9801589250564575,0.1012689620256424,0.04573822021484375,,,F1,T1_attached_accessory,1.0608837425286182,0.0,0.04573822021484375,94,0.022101751459549623,0.06866812705993652,0.06866812705993652,15.993716197296173,0.15860401975331864,5.937103748321533,a dog wearing a hat,0.16610495746135712,0.257891982793808,0.2683221697807312,0.10221721231937408,0.2683221697807312,"4,69,320,265",0.06555993109941483,0.05879849195480347,/cluster/users/grad/2025/25t8103/project/data/flowedit_compatible_135/eval_masks/fe_094_dog_6_red_top_hat_eval_mask.png,fixed_eval_mask,0.0,0.0,0.0,0.0,sd3abl_adaptive,SD3 w/o adaptive controller,,0.008402528241276741,0.008402528241276741,26.52563937583946,0.047175665043887295,,/cluster/users/grad/2025/25t8103/project/outputs/flowedit135_ablation_metric_runs_20260624/fe_094_dog_6_red_top_hat/sd3abl_adaptive/seed_10/result.png,5.596375465393066,fe_094_dog_6_red_top_hat/sd3abl_adaptive/seed_10,,10,/cluster/users/grad/2025/25t8103/project/_baselines/src/FlowEdit/Data/Images/dog.png,0.011158965528011322,A small black and brown dog sitting on a lush green field.,24.848808036139577,0.05722154743430919,0.9718758502519826,0.9718758502519826,A small black and brown dog sitting on a lush green field. The dog is wearing a red top hat.,fe_094_dog_6_red_top_hat
0.0,0.0,0.0,0.0,0.0,0.0,0.0,0.0,0.0,0.0,31,0.9895590543746948,0.024409111589193344,0.0836900919675827,8.36900919675827,0.9219894409179688,25.80112347021526,0.9063824415206909,0.9063824415206909,0.35468950867652893,0.8423031568527222,0.2071954756975174,0.3108517825603485,0.10365630686283112,0.3108517825603485,True,0.07801055908203125,0.9659134149551392,0.10365630686283112,0.04573822021484375,,,F1,T1_attached_accessory,1.0666054629550066,0.0,0.04573822021484375,94,0.015596330275229359,0.07826784998178482,0.07826784998178482,15.869721305758935,0.16088439982043407,5.729403495788574,a dog wearing a hat,0.16749307513237,0.26152998208999634,0.2713671922683716,0.10387411713600159,0.2713671922683716,"4,69,320,265",0.09834606200456619,0.09103686362504959,/cluster/users/grad/2025/25t8103/project/data/flowedit_compatible_135/eval_masks/fe_094_dog_6_red_top_hat_eval_mask.png,fixed_eval_mask,0.0,0.0,0.0,0.0,sd3abl_nofinal,SD3 w/o final restore,,0.025883495807647705,0.025883495807647705,24.787302228443934,0.057628177952383966,,/cluster/users/grad/2025/25t8103/project/outputs/flowedit135_ablation_metric_runs_20260624/fe_094_dog_6_red_top_hat/sd3abl_nofinal/seed_10/result.png,5.371623992919922,fe_094_dog_6_red_top_hat/sd3abl_nofinal/seed_10,,10,/cluster/users/grad/2025/25t8103/project/_baselines/src/FlowEdit/Data/Images/dog.png,0.02827945351600647,A small black and brown dog sitting on a lush green field.,23.612126020805213,0.0659771724026791,0.894843841798061,0.894843841798061,A small black and brown dog sitting on a lush green field. The dog is wearing a red top hat.,fe_094_dog_6_red_top_hat
0.0,0.0,0.0,0.0,0.0,0.0,0.0,0.0,0.0,0.0,31,0.9969205856323242,0.006495162378996611,0.052544791251420975,5.2544791251420975,0.9219894409179688,28.402687168917097,0.985034167766571,0.985034167766571,0.3578793406486511,0.8506506085395813,0.2051328867673874,0.3063351511955261,0.10120226442813873,0.3063351511955261,True,0.07801055908203125,0.9784939289093018,0.10120226442813873,0.04573822021484375,,,F1,T1_attached_accessory,1.0831495628521677,0.0,0.04573822021484375,94,0.021184320266889073,0.06609397381544113,0.06609397381544113,16.138691388223414,0.155978748192533,5.818426609039307,a dog wearing a hat,0.1707836091518402,0.25830861926078796,0.27115100622177124,0.10036739706993103,0.27115100622177124,"4,69,320,265",0.06616253405809402,0.05899173766374588,/cluster/users/grad/2025/25t8103/project/data/flowedit_compatible_135/eval_masks/fe_094_dog_6_red_top_hat_eval_mask.png,fixed_eval_mask,0.0,0.0,0.0,0.0,sd3abl_opsupport,SD3 w/o operation support,,0.008221536874771118,0.008221536874771118,26.675988226712626,0.04636610225493698,,/cluster/users/grad/2025/25t8103/project/outputs/flowedit135_ablation_metric_runs_20260624/fe_094_dog_6_red_top_hat/sd3abl_opsupport/seed_10/result.png,5.371766567230225,fe_094_dog_6_red_top_hat/sd3abl_opsupport/seed_10,,10,/cluster/users/grad/2025/25t8103/project/_baselines/src/FlowEdit/Data/Images/dog.png,0.010868515819311142,A small black and brown dog sitting on a lush green field.,24.997267591263462,0.056251825445410464,0.9719725295598403,0.9719725295598403,A small black and brown dog sitting on a lush green field. The dog is wearing a red top hat.,fe_094_dog_6_red_top_hat
0.0,0.0,0.0,0.0,0.0,0.0,0.0,0.0,0.0,0.0,31,0.9970364570617676,0.010728980414569378,0.04600583016872406,4.600583016872406,0.9219894409179688,28.91151248810253,0.9740731716156006,0.9740731716156006,0.3866221308708191,0.8923877477645874,0.20026519894599915,0.28733766078948975,0.0870724618434906,0.28733766078948975,True,0.07801055908203125,0.9715255498886108,0.0870724618434906,0.04573822021484375,,,F1,T1_attached_accessory,1.0923727681478645,0.0,0.04573822021484375,95,0.05604670558798999,0.07293561846017838,0.07293561846017838,15.527406188908115,0.16735153128504934,9.974292755126953,a dog wearing a crown,0.16344544291496277,0.26078078150749207,0.2645483613014221,0.10110291838645935,0.2645483613014221,"4,69,320,265",0.061817098408937454,0.05389397591352463,/cluster/users/grad/2025/25t8103/project/data/flowedit_compatible_135/eval_masks/fe_095_dog_7_jeweled_crown_eval_mask.png,fixed_eval_mask,0.0,0.0,0.0,0.0,fluxabl_adaptive,FLUX w/o adaptive controller,,0.012691544368863106,0.012691544368863106,26.264996809435424,0.048612746633867505,,/cluster/users/grad/2025/25t8103/project/outputs/flowedit135_ablation_metric_runs_20260624/fe_095_dog_7_jeweled_crown/fluxabl_adaptive/seed_10/result.png,9.130850791931152,fe_095_dog_7_jeweled_crown/fluxabl_adaptive/seed_10,,10,/cluster/users/grad/2025/25t8103/project/_baselines/src/FlowEdit/Data/Images/dog.png,0.015447002835571766,A small black and brown dog sitting on a lush green field.,24.514779454418296,0.05946494578661168,0.9588992514083617,0.9588992514083617,A small black and brown dog sitting on a lush green field. The dog is wearing a jeweled crown.,fe_095_dog_7_jeweled_crown
0.0,0.0,0.0,0.0,0.0,0.0,0.0,0.0,0.0,0.0,31,0.9936575889587402,0.025162097066640854,0.059840843081474304,5.98408430814743,0.9219894409179688,27.027057477881723,0.9311537742614746,0.9311537742614746,0.38385847210884094,0.8858494758605957,0.21112902462482452,0.30029958486557007,0.08917056024074554,0.30029958486557007,True,0.07801055908203125,0.9624350070953369,0.08917056024074554,0.04573822021484375,,,F1,T1_attached_accessory,1.0569203614450817,0.0,0.04573822021484375,95,0.05412844036697248,0.08897273242473602,0.08897273242473602,14.820578420424082,0.18153947659602165,11.598825454711914,a dog wearing a crown,0.18611320853233337,0.2728888690471649,0.28976184129714966,0.10364863276481628,0.28976184129714966,"4,69,320,265",0.07289546728134155,0.06629855185747147,/cluster/users/grad/2025/25t8103/project/data/flowedit_compatible_135/eval_masks/fe_095_dog_7_jeweled_crown_eval_mask.png,fixed_eval_mask,0.0,0.0,0.0,0.0,fluxabl_nofinal,FLUX w/o final restore,,0.02710316702723503,0.02710316702723503,25.075104124428307,0.055749989994704624,,/cluster/users/grad/2025/25t8103/project/outputs/flowedit135_ablation_metric_runs_20260624/fe_095_dog_7_jeweled_crown/fluxabl_nofinal/seed_10/result.png,10.97417163848877,fe_095_dog_7_jeweled_crown/fluxabl_nofinal/seed_10,,10,/cluster/users/grad/2025/25t8103/project/_baselines/src/FlowEdit/Data/Images/dog.png,0.029932968318462372,A small black and brown dog sitting on a lush green field.,23.493740367322133,0.06688257444682677,0.917908937246547,0.917908937246547,A small black and brown dog sitting on a lush green field. The dog is wearing a jeweled crown.,fe_095_dog_7_jeweled_crown
0.0,0.0,0.0,0.0,0.0,0.0,0.0,0.0,0.0,0.0,31,0.9947899580001831,0.012143169529736042,0.05980243161320686,5.980243161320686,0.9219894409179688,25.059014765341466,0.9716830253601074,0.9716830253601074,0.36370739340782166,0.8412286043167114,0.18725162744522095,0.28861308097839355,0.10136145353317261,0.28861308097839355,True,0.07801055908203125,0.9710437655448914,0.10136145353317261,0.04573822021484375,,,F1,T1_attached_accessory,1.0894666511160402,0.0,0.04573822021484375,95,0.022268557130942453,0.06789100170135498,0.06789100170135498,15.651879717346443,0.16497039495010418,10.59221363067627,a dog wearing a crown,0.15929943323135376,0.26919227838516235,0.2646538019180298,0.10535436868667603,0.2646538019180298,"4,69,320,265",0.0701475590467453,0.0642562136054039,/cluster/users/grad/2025/25t8103/project/data/flowedit_compatible_135/eval_masks/fe_095_dog_7_jeweled_crown_eval_mask.png,fixed_eval_mask,0.0,0.0,0.0,0.0,fluxabl_opsupport,FLUX w/o operation support,,0.014035308733582497,0.014035308733582497,24.03148696741709,0.06286742199962707,,/cluster/users/grad/2025/25t8103/project/outputs/flowedit135_ablation_metric_runs_20260624/fe_095_dog_7_jeweled_crown/fluxabl_opsupport/seed_10/result.png,9.722384452819824,fe_095_dog_7_jeweled_crown/fluxabl_opsupport/seed_10,,10,/cluster/users/grad/2025/25t8103/project/_baselines/src/FlowEdit/Data/Images/dog.png,0.01649857498705387,A small black and brown dog sitting on a lush green field.,22.9961509637604,0.07082595706439318,0.9579269471514156,0.9579269471514156,A small black and brown dog sitting on a lush green field. The dog is wearing a jeweled crown.,fe_095_dog_7_jeweled_crown
0.0,0.0,0.0,0.0,0.0,0.0,0.0,0.0,0.0,0.0,31,0.9967925548553467,0.008766081184148788,0.03740369528532028,3.740369528532028,0.9219894409179688,30.137948675042765,0.9844712615013123,0.9844712615013123,0.3834598660469055,0.8902624845504761,0.2056746780872345,0.2926175594329834,0.0869428813457489,0.2926175594329834,True,0.07801055908203125,0.9754370450973511,0.0869428813457489,0.04573822021484375,,,F1,T1_attached_accessory,1.074085375704416,0.0,0.04573822021484375,95,0.03336113427856547,0.07027032226324081,0.07027032226324081,14.977054081456425,0.17829833840627182,10.778897285461426,a dog wearing a crown,0.16805042326450348,0.26102781295776367,0.2687346041202545,0.10068418085575104,0.2687346041202545,"4,69,320,265",0.049175869673490524,0.043324120342731476,/cluster/users/grad/2025/25t8103/project/data/flowedit_compatible_135/eval_masks/fe_095_dog_7_jeweled_crown_eval_mask.png,fixed_eval_mask,0.0,0.0,0.0,0.0,ours_flux,Ours (FLUX),,0.010809550061821938,0.010809550061821938,26.776659921108813,0.045831809483648935,,/cluster/users/grad/2025/25t8103/project/outputs/flowedit135_ablation_metric_runs_20260624/fe_095_dog_7_jeweled_crown/ours_flux/seed_10/result.png,10.035419464111328,fe_095_dog_7_jeweled_crown/ours_flux/seed_10,,10,/cluster/users/grad/2025/25t8103/project/_baselines/src/FlowEdit/Data/Images/dog.png,0.013529178686439991,A small black and brown dog sitting on a lush green field.,24.611109158071166,0.05880910121593621,0.9714599370325869,0.9714599370325869,A small black and brown dog sitting on a lush green field. The dog is wearing a jeweled crown.,fe_095_dog_7_jeweled_crown
0.0,0.0,0.0,0.0,0.0,0.0,0.0,0.0,0.0,0.0,31,0.9963212609291077,0.00919880997389555,0.05079132318496704,5.079132318496704,0.9219894409179688,24.909020623999677,0.9774745106697083,0.9774745106697083,0.38845327496528625,0.8711041212081909,0.21054138243198395,0.307007372379303,0.09646598994731903,0.307007372379303,True,0.07801055908203125,0.930599570274353,0.09646598994731903,0.04573822021484375,,,F1,T1_attached_accessory,0.9584587106414449,0.0,0.04573822021484375,95,0.1133444537114262,0.08199229836463928,0.08199229836463928,15.113286712587355,0.17552365926642885,10.750381469726562,a dog wearing a crown,0.17556864023208618,0.27575552463531494,0.2897518277168274,0.11418318748474121,0.2897518277168274,"4,69,320,265",0.06425885856151581,0.05472029000520706,/cluster/users/grad/2025/25t8103/project/data/flowedit_compatible_135/eval_masks/fe_095_dog_7_jeweled_crown_eval_mask.png,fixed_eval_mask,0.0,0.0,0.0,0.0,ours_sd3,Ours (SD3),,0.011199571192264557,0.011199571192264557,23.81274150800347,0.0644707800064338,,/cluster/users/grad/2025/25t8103/project/outputs/flowedit135_ablation_metric_runs_20260624/fe_095_dog_7_jeweled_crown/ours_sd3/seed_10/result.png,11.21632194519043,fe_095_dog_7_jeweled_crown/ours_sd3/seed_10,,10,/cluster/users/grad/2025/25t8103/project/_baselines/src/FlowEdit/Data/Images/dog.png,0.014437507838010788,A small black and brown dog sitting on a lush green field.,22.69581184586943,0.07331779709892557,0.9603265406585226,0.9603265406585226,A small black and brown dog sitting on a lush green field. The dog is wearing a jeweled crown.,fe_095_dog_7_jeweled_crown
0.0,0.0,0.0,0.0,0.0,0.0,0.0,0.0,0.0,0.0,31,0.9967092275619507,0.009012390859425068,0.05020810663700104,5.020810663700104,0.9219894409179688,24.977965080858908,0.9785318970680237,0.9785318970680237,0.3284989595413208,0.8657822012901306,0.22548547387123108,0.3090168535709381,0.08353137969970703,0.3090168535709381,True,0.07801055908203125,0.9385576248168945,0.08353137969970703,0.04573822021484375,,,F1,T1_attached_accessory,0.7936394297009643,0.0,0.04573822021484375,95,0.14595496246872394,0.07138694077730179,0.07138694077730179,16.49521475315246,0.14970601921958782,9.240906715393066,a dog wearing a crown,0.16700483858585358,0.26294589042663574,0.27234309911727905,0.10533826053142548,0.27234309911727905,"4,69,320,265",0.06369806081056595,0.056742336601018906,/cluster/users/grad/2025/25t8103/project/data/flowedit_compatible_135/eval_masks/fe_095_dog_7_jeweled_crown_eval_mask.png,fixed_eval_mask,0.0,0.0,0.0,0.0,sd3abl_adaptive,SD3 w/o adaptive controller,,0.011040295474231243,0.011040295474231243,23.907783408546834,0.0637691795724983,,/cluster/users/grad/2025/25t8103/project/outputs/flowedit135_ablation_metric_runs_20260624/fe_095_dog_7_jeweled_crown/sd3abl_adaptive/seed_10/result.png,11.643709182739258,fe_095_dog_7_jeweled_crown/sd3abl_adaptive/seed_10,,10,/cluster/users/grad/2025/25t8103/project/_baselines/src/FlowEdit/Data/Images/dog.png,0.01380044873803854,A small black and brown dog sitting on a lush green field.,23.09308393833136,0.07003994608192497,0.9608101477479857,0.9608101477479857,A small black and brown dog sitting on a lush green field. The dog is wearing a jeweled crown.,fe_095_dog_7_jeweled_crown
0.0,0.0,0.0,0.0,0.0,0.0,0.0,0.0,0.0,0.0,31,0.9888078570365906,0.02690795250236988,0.0821915939450264,8.21915939450264,0.9219894409179688,23.578118874534788,0.8997554183006287,0.8997554183006287,0.38292062282562256,0.8592094779014587,0.2136744260787964,0.3138527572154999,0.10017833113670349,0.3138527572154999,True,0.07801055908203125,0.8991461992263794,0.10017833113670349,0.04573822021484375,,,F1,T1_attached_accessory,0.9560392038481836,0.0,0.04573822021484375,95,0.10658882402001668,0.09247379750013351,0.09247379750013351,15.00313245543711,0.17776382118524373,10.592286109924316,a dog wearing a crown,0.1670299768447876,0.27788421511650085,0.2840536832809448,0.11702370643615723,0.2840536832809448,"4,69,320,265",0.0971873477101326,0.08668097108602524,/cluster/users/grad/2025/25t8103/project/data/flowedit_compatible_135/eval_masks/fe_095_dog_7_jeweled_crown_eval_mask.png,fixed_eval_mask,0.0,0.0,0.0,0.0,sd3abl_nofinal,SD3 w/o final restore,,0.02862212434411049,0.02862212434411049,22.759521170363158,0.07278199261777446,,/cluster/users/grad/2025/25t8103/project/outputs/flowedit135_ablation_metric_runs_20260624/fe_095_dog_7_jeweled_crown/sd3abl_nofinal/seed_10/result.png,11.07934284210205,fe_095_dog_7_jeweled_crown/sd3abl_nofinal/seed_10,,10,/cluster/users/grad/2025/25t8103/project/_baselines/src/FlowEdit/Data/Images/dog.png,0.0315425805747509,A small black and brown dog sitting on a lush green field.,21.870693670570528,0.08062418108808862,0.8848779649919847,0.8848779649919847,A small black and brown dog sitting on a lush green field. The dog is wearing a jeweled crown.,fe_095_dog_7_jeweled_crown
0.0,0.0,0.0,0.0,0.0,0.0,0.0,0.0,0.0,0.0,31,0.9964113235473633,0.009259919635951519,0.051006980240345,5.1006980240345,0.9219894409179688,24.89938156078374,0.9770748615264893,0.9770748615264893,0.3865917921066284,0.8640830516815186,0.209589883685112,0.3084709346294403,0.09888105094432831,0.3084709346294403,True,0.07801055908203125,0.9345260858535767,0.09888105094432831,0.04573822021484375,,,F1,T1_attached_accessory,0.9468847174851588,0.0,0.04573822021484375,95,0.11092577147623019,0.08192469924688339,0.08192469924688339,15.106291215386571,0.17566508057248176,10.796990394592285,a dog wearing a crown,0.17651402950286865,0.2768634557723999,0.29104581475257874,0.11453178524971008,0.29104581475257874,"4,69,320,265",0.06462255865335464,0.05526479333639145,/cluster/users/grad/2025/25t8103/project/data/flowedit_compatible_135/eval_masks/fe_095_dog_7_jeweled_crown_eval_mask.png,fixed_eval_mask,0.0,0.0,0.0,0.0,sd3abl_opsupport,SD3 w/o operation support,,0.011251126416027546,0.011251126416027546,23.808194148752793,0.06450454149387932,,/cluster/users/grad/2025/25t8103/project/outputs/flowedit135_ablation_metric_runs_20260624/fe_095_dog_7_jeweled_crown/sd3abl_opsupport/seed_10/result.png,11.402645111083984,fe_095_dog_7_jeweled_crown/sd3abl_opsupport/seed_10,,10,/cluster/users/grad/2025/25t8103/project/_baselines/src/FlowEdit/Data/Images/dog.png,0.014483611099421978,A small black and brown dog sitting on a lush green field.,22.69062318533824,0.07336160778775275,0.9599193905784948,0.9599193905784948,A small black and brown dog sitting on a lush green field. The dog is wearing a jeweled crown.,fe_095_dog_7_jeweled_crown
0.0,0.0,0.0,0.0,0.0,0.0,0.0,0.0,0.0,0.0,31,0.9998309016227722,0.001530249253846705,0.004772953223437071,0.4772953223437071,0.5978889465332031,49.03144162169265,0.9970189332962036,0.9970189332962036,-0.012036049738526344,0.8882532715797424,0.31448423862457275,0.30830490589141846,-0.006179332733154297,0.30830490589141846,True,0.4021110534667969,0.7300472855567932,-0.006179332733154297,0.3304710388183594,,,F4,T4_local_recolor,1.7055496118481,0.0,0.3304710388183594,108,0.004040124204961273,0.03431078791618347,0.03431078791618347,23.610439432966093,0.06598998480365831,7.9140167236328125,a colorful duck,0.31697726249694824,0.24025742709636688,0.31469541788101196,-0.0022818446159362793,0.31469541788101196,"0,0,512,491",0.056901805102825165,0.005397625267505646,/cluster/users/grad/2025/25t8103/project/data/flowedit_compatible_135/eval_masks/fe_108_duck_1_colorful_duck_eval_mask.png,fixed_eval_mask,0.0,0.0,0.0,0.0,fluxabl_adaptive,FLUX w/o adaptive controller,,0.0016071433201432228,0.0016071433201432228,48.77806303300297,0.0036399619879975585,,/cluster/users/grad/2025/25t8103/project/outputs/flowedit135_ablation_metric_runs_20260624/fe_108_duck_1_colorful_duck/fluxabl_adaptive/seed_10/result.png,4.640156269073486,fe_108_duck_1_colorful_duck/fluxabl_adaptive/seed_10,,10,/cluster/users/grad/2025/25t8103/project/_baselines/src/FlowEdit/Data/Images/duck.png,0.012414754368364811,"A brown duck swimming in a lake. The duck is floating on the surface of the water, surrounded by a few ripples. The duck is preening its feathers. The scene is set against a black background, which emphasizes the duck''s presence in the water.",28.39241713696005,0.038052145014784766,0.9716954692870974,0.9716954692870974,"A colorful duck swimming in a lake. The duck is floating on the surface of the water, surrounded by a few ripples. The scene is set against a black background, which emphasizes the duck''s presence in the water.",fe_108_duck_1_colorful_duck
0.0,0.0,0.0,0.0,0.0,0.0,0.0,0.0,0.0,0.0,31,0.9996830821037292,0.006200953386723995,0.004556614905595779,0.45566149055957794,0.5978889465332031,41.88817828620262,0.9859853982925415,0.9859853982925415,0.017989683896303177,0.9078649282455444,0.3010437786579132,0.30082759261131287,-0.0002161860466003418,0.30082759261131287,True,0.4021110534667969,0.5799332857131958,-0.0002161860466003418,0.3304710388183594,,,F4,T4_local_recolor,1.8474317957228559,0.0,0.3304710388183594,108,0.008911359674943149,0.045295942574739456,0.045295942574739456,21.08860277178662,0.08822057039583248,9.081183433532715,a colorful duck,0.3009730577468872,0.24253804981708527,0.30189523100852966,0.0009221732616424561,0.30189523100852966,"0,0,512,491",0.07057121396064758,0.005080784671008587,/cluster/users/grad/2025/25t8103/project/data/flowedit_compatible_135/eval_masks/fe_108_duck_1_colorful_duck_eval_mask.png,fixed_eval_mask,0.0,0.0,0.0,0.0,fluxabl_nofinal,FLUX w/o final restore,,0.006267007440328598,0.006267007440328598,41.69841102381224,0.008223930828398741,,/cluster/users/grad/2025/25t8103/project/outputs/flowedit135_ablation_metric_runs_20260624/fe_108_duck_1_colorful_duck/fluxabl_nofinal/seed_10/result.png,4.915571689605713,fe_108_duck_1_colorful_duck/fluxabl_nofinal/seed_10,,10,/cluster/users/grad/2025/25t8103/project/_baselines/src/FlowEdit/Data/Images/duck.png,0.01916493847966194,"A brown duck swimming in a lake. The duck is floating on the surface of the water, surrounded by a few ripples. The duck is preening its feathers. The scene is set against a black background, which emphasizes the duck''s presence in the water.",25.821473797012242,0.051159502218929585,0.9313148625037525,0.9313148625037525,"A colorful duck swimming in a lake. The duck is floating on the surface of the water, surrounded by a few ripples. The scene is set against a black background, which emphasizes the duck''s presence in the water.",fe_108_duck_1_colorful_duck
0.0,0.0,0.0,0.0,0.0,0.0,0.0,0.0,0.0,0.0,31,0.9998309016227722,0.001530249253846705,0.004772953223437071,0.4772953223437071,0.5978889465332031,49.03144162169265,0.9970189332962036,0.9970189332962036,-0.016720600426197052,0.9025031328201294,0.30854010581970215,0.30172914266586304,-0.006810963153839111,0.30172914266586304,True,0.4021110534667969,0.7797269821166992,-0.006810963153839111,0.3304710388183594,,,F4,T4_local_recolor,1.7145720124717492,0.0,0.3304710388183594,108,0.005736976371045007,0.03330577537417412,0.03330577537417412,23.62057624670254,0.06591301652178552,7.9558820724487305,a colorful duck,0.31769654154777527,0.23094776272773743,0.3124314844608307,-0.00526505708694458,0.3124314844608307,"0,0,512,491",0.055648788809776306,0.005397625267505646,/cluster/users/grad/2025/25t8103/project/data/flowedit_compatible_135/eval_masks/fe_108_duck_1_colorful_duck_eval_mask.png,fixed_eval_mask,0.0,0.0,0.0,0.0,fluxabl_opsupport,FLUX w/o operation support,,0.0016071433201432228,0.0016071433201432228,48.77806303300297,0.0036399619879975585,,/cluster/users/grad/2025/25t8103/project/outputs/flowedit135_ablation_metric_runs_20260624/fe_108_duck_1_colorful_duck/fluxabl_opsupport/seed_10/result.png,4.640156269073486,fe_108_duck_1_colorful_duck/fluxabl_opsupport/seed_10,,10,/cluster/users/grad/2025/25t8103/project/_baselines/src/FlowEdit/Data/Images/duck.png,0.012082627974450588,"A brown duck swimming in a lake. The duck is floating on the surface of the water, surrounded by a few ripples. The duck is preening its feathers. The scene is set against a black background, which emphasizes the duck''s presence in the water.",28.40249327542108,0.03800802790187712,0.9715063496942052,0.9715063496942052,"A colorful duck swimming in a lake. The duck is floating on the surface of the water, surrounded by a few ripples. The scene is set against a black background, which emphasizes the duck''s presence in the water.",fe_108_duck_1_colorful_duck
0.0,0.0,0.0,0.0,0.0,0.0,0.0,0.0,0.0,0.0,31,0.9998309016227722,0.001530249253846705,0.004772953223437071,0.4772953223437071,0.5978889465332031,49.03144162169265,0.9970189332962036,0.9970189332962036,-0.014028013683855534,0.8988321423530579,0.31011849641799927,0.30375027656555176,-0.00636821985244751,0.30375027656555176,True,0.4021110534667969,0.7742636203765869,-0.00636821985244751,0.3304710388183594,,,F4,T4_local_recolor,1.7142753352057467,0.0,0.3304710388183594,108,0.005125186134293728,0.03328704461455345,0.03328704461455345,23.6228684678356,0.06589562425900339,7.954505443572998,a colorful duck,0.3184965252876282,0.2317054271697998,0.31388384103775024,-0.00461268424987793,0.31388384103775024,"0,0,512,491",0.05593688786029816,0.005397625267505646,/cluster/users/grad/2025/25t8103/project/data/flowedit_compatible_135/eval_masks/fe_108_duck_1_colorful_duck_eval_mask.png,fixed_eval_mask,0.0,0.0,0.0,0.0,ours_flux,Ours (FLUX),,0.0016071433201432228,0.0016071433201432228,48.77806303300297,0.0036399619879975585,,/cluster/users/grad/2025/25t8103/project/outputs/flowedit135_ablation_metric_runs_20260624/fe_108_duck_1_colorful_duck/ours_flux/seed_10/result.png,4.640156269073486,fe_108_duck_1_colorful_duck/ours_flux/seed_10,,10,/cluster/users/grad/2025/25t8103/project/_baselines/src/FlowEdit/Data/Images/duck.png,0.01207643747329712,"A brown duck swimming in a lake. The duck is floating on the surface of the water, surrounded by a few ripples. The duck is preening its feathers. The scene is set against a black background, which emphasizes the duck''s presence in the water.",28.404771195484003,0.037998061404376164,0.9716371254043508,0.9716371254043508,"A colorful duck swimming in a lake. The duck is floating on the surface of the water, surrounded by a few ripples. The scene is set against a black background, which emphasizes the duck''s presence in the water.",fe_108_duck_1_colorful_duck
0.0,0.0,0.0,0.0,0.0,0.0,0.0,0.0,0.0,0.0,31,0.9999500513076782,0.0008563749142922461,0.0014756572199985385,0.14756572199985385,0.5978889465332031,53.544817550018195,0.9981912970542908,0.9981912970542908,0.07874999940395355,0.9624175429344177,0.31344252824783325,0.3189193308353424,0.005476802587509155,0.3189193308353424,True,0.4021110534667969,0.8766238689422607,0.005476802587509155,0.3304710388183594,,,F4,T4_local_recolor,1.6404953329228886,0.0,0.3304710388183594,108,0.0002654938763260265,0.03786823898553848,0.03786823898553848,22.344336728461673,0.07634545075418939,8.39466667175293,a colorful duck,0.3041307330131531,0.22377054393291473,0.3071766793727875,0.0030459463596343994,0.3071766793727875,"0,0,512,491",0.05301806330680847,0.0016635219799354672,/cluster/users/grad/2025/25t8103/project/data/flowedit_compatible_135/eval_masks/fe_108_duck_1_colorful_duck_eval_mask.png,fixed_eval_mask,0.0,0.0,0.0,0.0,ours_sd3,Ours (SD3),,0.000894222583156079,0.000894222583156079,53.327835158620964,0.0021557988805419137,,/cluster/users/grad/2025/25t8103/project/outputs/flowedit135_ablation_metric_runs_20260624/fe_108_duck_1_colorful_duck/ours_sd3/seed_10/result.png,5.117153644561768,fe_108_duck_1_colorful_duck/ours_sd3/seed_10,,10,/cluster/users/grad/2025/25t8103/project/_baselines/src/FlowEdit/Data/Images/duck.png,0.013113060034811497,"A brown duck swimming in a lake. The duck is floating on the surface of the water, surrounded by a few ripples. The duck is preening its feathers. The scene is set against a black background, which emphasizes the duck''s presence in the water.",27.145993920956393,0.043923840310266665,0.9461227394739153,0.9461227394739153,"A colorful duck swimming in a lake. The duck is floating on the surface of the water, surrounded by a few ripples. The scene is set against a black background, which emphasizes the duck''s presence in the water.",fe_108_duck_1_colorful_duck
0.0,0.0,0.0,0.0,0.0,0.0,0.0,0.0,0.0,0.0,31,0.9999500513076782,0.0008563749142922461,0.0014756572199985385,0.14756572199985385,0.5978889465332031,53.544817550018195,0.9981912970542908,0.9981912970542908,0.0769113227725029,0.9610866904258728,0.31472542881965637,0.3201524019241333,0.005426973104476929,0.3201524019241333,True,0.4021110534667969,0.8694049119949341,0.005426973104476929,0.3304710388183594,,,F4,T4_local_recolor,1.6462762857094135,0.0,0.3304710388183594,108,0.00042709884452447736,0.03874661400914192,0.03874661400914192,22.225825315131612,0.07739425681426591,8.424248695373535,a colorful duck,0.30503225326538086,0.22391417622566223,0.3084205985069275,0.003388345241546631,0.3084205985069275,"0,0,512,491",0.05444023758172989,0.0016635219799354672,/cluster/users/grad/2025/25t8103/project/data/flowedit_compatible_135/eval_masks/fe_108_duck_1_colorful_duck_eval_mask.png,fixed_eval_mask,0.0,0.0,0.0,0.0,sd3abl_adaptive,SD3 w/o adaptive controller,,0.000894222583156079,0.000894222583156079,53.327835158620964,0.0021557988805419137,,/cluster/users/grad/2025/25t8103/project/outputs/flowedit135_ablation_metric_runs_20260624/fe_108_duck_1_colorful_duck/sd3abl_adaptive/seed_10/result.png,5.117153644561768,fe_108_duck_1_colorful_duck/sd3abl_adaptive/seed_10,,10,/cluster/users/grad/2025/25t8103/project/_baselines/src/FlowEdit/Data/Images/duck.png,0.013403337448835373,"A brown duck swimming in a lake. The duck is floating on the surface of the water, surrounded by a few ripples. The duck is preening its feathers. The scene is set against a black background, which emphasizes the duck''s presence in the water.",27.027670484714715,0.04452628643414679,0.9445837531701557,0.9445837531701557,"A colorful duck swimming in a lake. The duck is floating on the surface of the water, surrounded by a few ripples. The scene is set against a black background, which emphasizes the duck''s presence in the water.",fe_108_duck_1_colorful_duck
0.0,0.0,0.0,0.0,0.0,0.0,0.0,0.0,0.0,0.0,31,0.9978724718093872,0.006043832283467054,0.008382436819374561,0.8382436819374561,0.5978889465332031,41.55661984119408,0.9788731336593628,0.9788731336593628,0.0716514140367508,0.9480780363082886,0.31290173530578613,0.31905579566955566,0.006154060363769531,0.31905579566955566,True,0.4021110534667969,0.8676291704177856,0.006154060363769531,0.3304710388183594,,,F4,T4_local_recolor,1.704421532494885,0.0,0.3304710388183594,108,0.00015006175618427584,0.04142478480935097,0.04142478480935097,22.323438267388905,0.07652936091725931,8.249435424804688,a colorful duck,0.3045680820941925,0.22207221388816833,0.30983400344848633,0.005265921354293823,0.30983400344848633,"0,0,512,491",0.06238328665494919,0.00956498272716999,/cluster/users/grad/2025/25t8103/project/data/flowedit_compatible_135/eval_masks/fe_108_duck_1_colorful_duck_eval_mask.png,fixed_eval_mask,0.0,0.0,0.0,0.0,sd3abl_nofinal,SD3 w/o final restore,,0.006195142399519682,0.006195142399519682,41.263543844922815,0.008646150836538965,,/cluster/users/grad/2025/25t8103/project/outputs/flowedit135_ablation_metric_runs_20260624/fe_108_duck_1_colorful_duck/sd3abl_nofinal/seed_10/result.png,4.840020656585693,fe_108_duck_1_colorful_duck/sd3abl_nofinal/seed_10,,10,/cluster/users/grad/2025/25t8103/project/_baselines/src/FlowEdit/Data/Images/duck.png,0.0178375206887722,"A brown duck swimming in a lake. The duck is floating on the surface of the water, surrounded by a few ripples. The duck is preening its feathers. The scene is set against a black background, which emphasizes the duck''s presence in the water.",27.021224474118995,0.044559342741972964,0.928770795012411,0.928770795012411,"A colorful duck swimming in a lake. The duck is floating on the surface of the water, surrounded by a few ripples. The scene is set against a black background, which emphasizes the duck''s presence in the water.",fe_108_duck_1_colorful_duck
0.0,0.0,0.0,0.0,0.0,0.0,0.0,0.0,0.0,0.0,31,0.9999500513076782,0.0008563749142922461,0.0014756572199985385,0.14756572199985385,0.5978889465332031,53.544817550018195,0.9981912970542908,0.9981912970542908,0.08439568430185318,0.9627265334129333,0.3133741617202759,0.31947505474090576,0.006100893020629883,0.31947505474090576,True,0.4021110534667969,0.8709537982940674,0.006100893020629883,0.3304710388183594,,,F4,T4_local_recolor,1.6425830286292187,0.0,0.3304710388183594,108,0.0002770370883402015,0.03776491805911064,0.03776491805911064,22.36584738949641,0.07615661468230704,8.405349731445312,a colorful duck,0.30504459142684937,0.22555404901504517,0.3091731369495392,0.004128545522689819,0.3091731369495392,"0,0,512,491",0.05322998762130737,0.0016635219799354672,/cluster/users/grad/2025/25t8103/project/data/flowedit_compatible_135/eval_masks/fe_108_duck_1_colorful_duck_eval_mask.png,fixed_eval_mask,0.0,0.0,0.0,0.0,sd3abl_opsupport,SD3 w/o operation support,,0.000894222583156079,0.000894222583156079,53.327835158620964,0.0021557988805419137,,/cluster/users/grad/2025/25t8103/project/outputs/flowedit135_ablation_metric_runs_20260624/fe_108_duck_1_colorful_duck/sd3abl_opsupport/seed_10/result.png,5.117153644561768,fe_108_duck_1_colorful_duck/sd3abl_opsupport/seed_10,,10,/cluster/users/grad/2025/25t8103/project/_baselines/src/FlowEdit/Data/Images/duck.png,0.013078919611871243,"A brown duck swimming in a lake. The duck is floating on the surface of the water, surrounded by a few ripples. The duck is preening its feathers. The scene is set against a black background, which emphasizes the duck''s presence in the water.",27.167468945367602,0.04381537698917747,0.9463095024983904,0.9463095024983904,"A colorful duck swimming in a lake. The duck is floating on the surface of the water, surrounded by a few ripples. The scene is set against a black background, which emphasizes the duck''s presence in the water.",fe_108_duck_1_colorful_duck
0.0,0.0,0.0,0.0,0.0,0.0,0.0,0.0,0.0,0.0,31,0.998995304107666,0.0031585372053086758,0.0058392430655658245,0.5839243065565825,0.4814910888671875,43.193701588454175,0.9921652674674988,0.9921652674674988,0.3528338074684143,0.9202832579612732,0.17602521181106567,0.2517625093460083,0.07573729753494263,0.2517625093460083,True,0.5185089111328125,0.6046785116195679,0.07573729753494263,0.45276641845703125,,,F4,T4_local_recolor,5.764523772419498,0.0,0.45276641845703125,115,0.47019125452860394,0.1324108988046646,0.1324108988046646,12.892750140407527,0.2266535329446807,6.380701065063477,a blue purple white object,0.1743016242980957,0.18964096903800964,0.24587033689022064,0.07156871259212494,0.24587033689022064,"0,0,512,456",0.13240572810173035,0.0061599197797477245,/cluster/users/grad/2025/25t8103/project/data/flowedit_compatible_135/eval_masks/fe_115_flowers_2_blue_purple_white_eval_mask.png,fixed_eval_mask,0.0,0.0,0.0,0.0,fluxabl_adaptive,FLUX w/o adaptive controller,,0.0029027273412793875,0.0029027273412793875,43.645174081616425,0.0065726619502830905,,/cluster/users/grad/2025/25t8103/project/outputs/flowedit135_ablation_metric_runs_20260624/fe_115_flowers_2_blue_purple_white/fluxabl_adaptive/seed_10/result.png,1.1068912744522095,fe_115_flowers_2_blue_purple_white/fluxabl_adaptive/seed_10,,10,/cluster/users/grad/2025/25t8103/project/_baselines/src/FlowEdit/Data/Images/flowers.png,0.061539679765701294,"A vase filled with a beautiful bouquet of pink, red and white flowers.",16.329595485554837,0.15258794555663074,0.9225193551268254,0.9225193551268254,"A vase filled with a beautiful bouquet of blue, purple and white flowers.",fe_115_flowers_2_blue_purple_white
0.0,0.0,0.0,0.0,0.0,0.0,0.0,0.0,0.0,0.0,31,0.9909621477127075,0.014849662780761719,0.011644572019577026,1.1644572019577026,0.4814910888671875,32.06276095618484,0.9294362664222717,0.9294362664222717,0.4027489721775055,0.9610172510147095,0.21588286757469177,0.2708725035190582,0.054989635944366455,0.2708725035190582,True,0.5185089111328125,0.749462902545929,0.054989635944366455,0.45276641845703125,,,F4,T4_local_recolor,5.677306237757761,0.0,0.45276641845703125,115,0.4299266998062179,0.09576364606618881,0.09576364606618881,15.430152625829889,0.1692358506562501,7.781081676483154,a blue purple white object,0.21285480260849,0.19684305787086487,0.27199527621269226,0.05914047360420227,0.27199527621269226,"0,0,512,456",0.09138652682304382,0.011645127087831497,/cluster/users/grad/2025/25t8103/project/data/flowedit_compatible_135/eval_masks/fe_115_flowers_2_blue_purple_white_eval_mask.png,fixed_eval_mask,0.0,0.0,0.0,0.0,fluxabl_nofinal,FLUX w/o final restore,,0.014049332588911057,0.014049332588911057,32.53464120658918,0.02361934988740951,,/cluster/users/grad/2025/25t8103/project/outputs/flowedit135_ablation_metric_runs_20260624/fe_115_flowers_2_blue_purple_white/fluxabl_nofinal/seed_10/result.png,1.370558738708496,fe_115_flowers_2_blue_purple_white/fluxabl_nofinal/seed_10,,10,/cluster/users/grad/2025/25t8103/project/_baselines/src/FlowEdit/Data/Images/flowers.png,0.05104682967066765,"A vase filled with a beautiful bouquet of pink, red and white flowers.",18.770351788559353,0.11520793983350308,0.9053666215256341,0.9053666215256341,"A vase filled with a beautiful bouquet of blue, purple and white flowers.",fe_115_flowers_2_blue_purple_white
0.0,0.0,0.0,0.0,0.0,0.0,0.0,0.0,0.0,0.0,31,0.998995304107666,0.0031585372053086758,0.0058392430655658245,0.5839243065565825,0.4814910888671875,43.193701588454175,0.9921652674674988,0.9921652674674988,0.3396051526069641,0.9113715887069702,0.1731586754322052,0.25053244829177856,0.07737377285957336,0.25053244829177856,True,0.5185089111328125,0.673524796962738,0.07737377285957336,0.45276641845703125,,,F4,T4_local_recolor,5.716197373540929,0.0,0.45276641845703125,115,0.4701491279804533,0.13314777612686157,0.13314777612686157,12.848482964119004,0.2278116091958043,6.327208995819092,a blue purple white object,0.1752079427242279,0.19113948941230774,0.24590614438056946,0.07069820165634155,0.24590614438056946,"0,0,512,456",0.1314651519060135,0.0061599197797477245,/cluster/users/grad/2025/25t8103/project/data/flowedit_compatible_135/eval_masks/fe_115_flowers_2_blue_purple_white_eval_mask.png,fixed_eval_mask,0.0,0.0,0.0,0.0,fluxabl_opsupport,FLUX w/o operation support,,0.0029027273412793875,0.0029027273412793875,43.645174081616425,0.0065726619502830905,,/cluster/users/grad/2025/25t8103/project/outputs/flowedit135_ablation_metric_runs_20260624/fe_115_flowers_2_blue_purple_white/fluxabl_opsupport/seed_10/result.png,1.1068912744522095,fe_115_flowers_2_blue_purple_white/fluxabl_opsupport/seed_10,,10,/cluster/users/grad/2025/25t8103/project/_baselines/src/FlowEdit/Data/Images/flowers.png,0.06187329813838005,"A vase filled with a beautiful bouquet of pink, red and white flowers.",16.28537089391274,0.15336683502941817,0.9222059995277885,0.9222059995277885,"A vase filled with a beautiful bouquet of blue, purple and white flowers.",fe_115_flowers_2_blue_purple_white
0.0,0.0,0.0,0.0,0.0,0.0,0.0,0.0,0.0,0.0,31,0.998995304107666,0.0031585372053086758,0.0058392430655658245,0.5839243065565825,0.4814910888671875,43.193701588454175,0.9921652674674988,0.9921652674674988,0.3392573893070221,0.909505307674408,0.17267099022865295,0.25103387236595154,0.07836288213729858,0.25103387236595154,True,0.5185089111328125,0.6781667470932007,0.07836288213729858,0.45276641845703125,,,F4,T4_local_recolor,5.705976892234879,0.0,0.45276641845703125,115,0.470132277361193,0.1330014169216156,0.1330014169216156,12.862405124859054,0.22744675429769062,6.315896034240723,a blue purple white object,0.1755974292755127,0.19151663780212402,0.24604764580726624,0.07045021653175354,0.24604764580726624,"0,0,512,456",0.13127851486206055,0.0061599197797477245,/cluster/users/grad/2025/25t8103/project/data/flowedit_compatible_135/eval_masks/fe_115_flowers_2_blue_purple_white_eval_mask.png,fixed_eval_mask,0.0,0.0,0.0,0.0,ours_flux,Ours (FLUX),,0.0029027273412793875,0.0029027273412793875,43.645174081616425,0.0065726619502830905,,/cluster/users/grad/2025/25t8103/project/outputs/flowedit135_ablation_metric_runs_20260624/fe_115_flowers_2_blue_purple_white/ours_flux/seed_10/result.png,1.1068912744522095,fe_115_flowers_2_blue_purple_white/ours_flux/seed_10,,10,/cluster/users/grad/2025/25t8103/project/_baselines/src/FlowEdit/Data/Images/flowers.png,0.06180703267455101,"A vase filled with a beautiful bouquet of pink, red and white flowers.",16.29928079062968,0.15312142440941984,0.9225320551464606,0.9225320551464606,"A vase filled with a beautiful bouquet of blue, purple and white flowers.",fe_115_flowers_2_blue_purple_white
0.0,0.0,0.0,0.0,0.0,0.0,0.0,0.0,0.0,0.0,31,0.9998127222061157,0.0018817335367202759,0.0015505803748965263,0.15505803748965263,0.4814910888671875,47.721414014689245,0.9973109364509583,0.9973109364509583,0.4000968635082245,0.9679965972900391,0.21642674505710602,0.26358646154403687,0.04715971648693085,0.26358646154403687,True,0.5185089111328125,0.8685928583145142,0.04715971648693085,0.45276641845703125,,,F4,T4_local_recolor,6.390313665380244,0.0,0.45276641845703125,115,0.29724492375094785,0.057629577815532684,0.057629577815532684,18.403794767716324,0.12017392934993233,8.844891548156738,a blue purple white object,0.22453877329826355,0.17488309741020203,0.2596970796585083,0.03515830636024475,0.2596970796585083,"0,0,512,456",0.0700308084487915,0.0016568340361118317,/cluster/users/grad/2025/25t8103/project/data/flowedit_compatible_135/eval_masks/fe_115_flowers_2_blue_purple_white_eval_mask.png,fixed_eval_mask,0.0,0.0,0.0,0.0,ours_sd3,Ours (SD3),,0.001737661543302238,0.001737661543302238,48.14354723740654,0.003915819259932194,,/cluster/users/grad/2025/25t8103/project/outputs/flowedit135_ablation_metric_runs_20260624/fe_115_flowers_2_blue_purple_white/ours_sd3/seed_10/result.png,1.3841091394424438,fe_115_flowers_2_blue_purple_white/ours_sd3/seed_10,,10,/cluster/users/grad/2025/25t8103/project/_baselines/src/FlowEdit/Data/Images/flowers.png,0.02704363502562046,"A vase filled with a beautiful bouquet of pink, red and white flowers.",21.839484059985846,0.08091439607317044,0.9571656669781747,0.9571656669781747,"A vase filled with a beautiful bouquet of blue, purple and white flowers.",fe_115_flowers_2_blue_purple_white
0.0,0.0,0.0,0.0,0.0,0.0,0.0,0.0,0.0,0.0,31,0.9998127222061157,0.0018817335367202759,0.0015505803748965263,0.15505803748965263,0.4814910888671875,47.721414014689245,0.9973109364509583,0.9973109364509583,0.3720986247062683,0.9693899154663086,0.22025828063488007,0.26072272658348083,0.04046444594860077,0.26072272658348083,True,0.5185089111328125,0.8664875030517578,0.04046444594860077,0.45276641845703125,,,F4,T4_local_recolor,6.517524063262413,0.0,0.45276641845703125,115,0.25985339961243575,0.05396679416298866,0.05396679416298866,18.980576046271093,0.11245303928880286,9.020964622497559,a blue purple white object,0.22718417644500732,0.17029127478599548,0.2539677023887634,0.026783525943756104,0.2539677023887634,"0,0,512,456",0.06885425746440887,0.0016568340361118317,/cluster/users/grad/2025/25t8103/project/data/flowedit_compatible_135/eval_masks/fe_115_flowers_2_blue_purple_white_eval_mask.png,fixed_eval_mask,0.0,0.0,0.0,0.0,sd3abl_adaptive,SD3 w/o adaptive controller,,0.001737661543302238,0.001737661543302238,48.14354723740654,0.003915819259932194,,/cluster/users/grad/2025/25t8103/project/outputs/flowedit135_ablation_metric_runs_20260624/fe_115_flowers_2_blue_purple_white/sd3abl_adaptive/seed_10/result.png,1.3841091394424438,fe_115_flowers_2_blue_purple_white/sd3abl_adaptive/seed_10,,10,/cluster/users/grad/2025/25t8103/project/_baselines/src/FlowEdit/Data/Images/flowers.png,0.02538525126874447,"A vase filled with a beautiful bouquet of pink, red and white flowers.",22.415473985786704,0.07572273657309675,0.9539096730746341,0.9539096730746341,"A vase filled with a beautiful bouquet of blue, purple and white flowers.",fe_115_flowers_2_blue_purple_white
0.0,0.0,0.0,0.0,0.0,0.0,0.0,0.0,0.0,0.0,31,0.992976725101471,0.015519389882683754,0.021581076085567474,2.1581076085567474,0.4814910888671875,30.174751903412638,0.8792334794998169,0.8792334794998169,0.3713006377220154,0.9665030241012573,0.21996605396270752,0.26338687539100647,0.04342082142829895,0.26338687539100647,True,0.5185089111328125,0.8629539012908936,0.04342082142829895,0.45276641845703125,,,F4,T4_local_recolor,6.643579131532913,0.0,0.45276641845703125,115,0.30574606116774794,0.06251269578933716,0.06251269578933716,18.331281337466503,0.12118139094944058,8.64692211151123,a blue purple white object,0.22319772839546204,0.17560577392578125,0.25556784868240356,0.03237012028694153,0.25556784868240356,"0,0,512,456",0.0924086645245552,0.021821094676852226,/cluster/users/grad/2025/25t8103/project/data/flowedit_compatible_135/eval_masks/fe_115_flowers_2_blue_purple_white_eval_mask.png,fixed_eval_mask,0.0,0.0,0.0,0.0,sd3abl_nofinal,SD3 w/o final restore,,0.014327536337077618,0.014327536337077618,30.698089532720708,0.02918068774614196,,/cluster/users/grad/2025/25t8103/project/outputs/flowedit135_ablation_metric_runs_20260624/fe_115_flowers_2_blue_purple_white/sd3abl_nofinal/seed_10/result.png,1.3015457391738892,fe_115_flowers_2_blue_purple_white/sd3abl_nofinal/seed_10,,10,/cluster/users/grad/2025/25t8103/project/_baselines/src/FlowEdit/Data/Images/flowers.png,0.036144156008958817,"A vase filled with a beautiful bouquet of pink, red and white flowers.",21.478361569330765,0.08434938521020525,0.8967117122989584,0.8967117122989584,"A vase filled with a beautiful bouquet of blue, purple and white flowers.",fe_115_flowers_2_blue_purple_white
0.0,0.0,0.0,0.0,0.0,0.0,0.0,0.0,0.0,0.0,31,0.9998127222061157,0.0018817335367202759,0.0015505803748965263,0.15505803748965263,0.4814910888671875,47.721414014689245,0.9973109364509583,0.9973109364509583,0.4011244773864746,0.9681273698806763,0.21659845113754272,0.26379409432411194,0.047195643186569214,0.26379409432411194,True,0.5185089111328125,0.8654086589813232,0.047195643186569214,0.45276641845703125,,,F4,T4_local_recolor,6.384750544516981,0.0,0.45276641845703125,115,0.29712696941612604,0.05766051635146141,0.05766051635146141,18.39623530617124,0.12027856407006098,8.837191581726074,a blue purple white object,0.2243126630783081,0.1744525134563446,0.25920653343200684,0.03489387035369873,0.25920653343200684,"0,0,512,456",0.0699753686785698,0.0016568340361118317,/cluster/users/grad/2025/25t8103/project/data/flowedit_compatible_135/eval_masks/fe_115_flowers_2_blue_purple_white_eval_mask.png,fixed_eval_mask,0.0,0.0,0.0,0.0,sd3abl_opsupport,SD3 w/o operation support,,0.001737661543302238,0.001737661543302238,48.14354723740654,0.003915819259932194,,/cluster/users/grad/2025/25t8103/project/outputs/flowedit135_ablation_metric_runs_20260624/fe_115_flowers_2_blue_purple_white/sd3abl_opsupport/seed_10/result.png,1.3841091394424438,fe_115_flowers_2_blue_purple_white/sd3abl_opsupport/seed_10,,10,/cluster/users/grad/2025/25t8103/project/_baselines/src/FlowEdit/Data/Images/flowers.png,0.027057645842432976,"A vase filled with a beautiful bouquet of pink, red and white flowers.",21.83193395900867,0.08098476047762689,0.9571885481815837,0.9571885481815837,"A vase filled with a beautiful bouquet of blue, purple and white flowers.",fe_115_flowers_2_blue_purple_white
0.0,0.0,0.0,0.0,0.0,0.0,0.0,0.0,0.0,0.0,31,0.999698281288147,0.005216351710259914,0.011212121695280075,1.1212121695280075,0.8448410034179688,39.635454032559736,0.9919630289077759,0.9919630289077759,0.30031803250312805,0.9347155094146729,0.2202446460723877,0.2551369071006775,0.034892261028289795,0.2551369071006775,True,0.15515899658203125,0.9884066581726074,0.034892261028289795,0.10755157470703125,,,F3,T3_surface_decal,2.3537691757627,0.0,0.10755157470703125,119,0.40873944810952684,0.13947761058807373,0.13947761058807373,12.770304089965636,0.2298713230707096,11.118722915649414,a iccv on the sign,0.22748734056949615,0.27337896823883057,0.2851642966270447,0.05767695605754852,0.2851642966270447,"4,0,490,294",0.08211099356412888,0.011484050191938877,/cluster/users/grad/2025/25t8103/project/data/flowedit_compatible_135/eval_masks/fe_119_gas_station_2_iccv_eval_mask.png,fixed_eval_mask,0.0,0.0,0.0,0.0,fluxabl_adaptive,FLUX w/o adaptive controller,,0.005036822520196438,0.005036822520196438,39.78290383690759,0.010253090911193155,,/cluster/users/grad/2025/25t8103/project/outputs/flowedit135_ablation_metric_runs_20260624/fe_119_gas_station_2_iccv/fluxabl_adaptive/seed_10/result.png,4.723794937133789,fe_119_gas_station_2_iccv/fluxabl_adaptive/seed_10,,10,/cluster/users/grad/2025/25t8103/project/_baselines/src/FlowEdit/Data/Images/gas_station.png,0.019496141001582146,"A gas station with a white and red sign that reads ""CAFE"" There are several cars parked in front of the gas station, including a white car and a van.",22.383026746707607,0.07600613744107232,0.9435526281715086,0.9435526281715086,"A gas station with a white and red sign that reads ""ICCV"" There are several cars parked in front of the gas station, including a white car and a van.",fe_119_gas_station_2_iccv
0.0,0.0,0.0,0.0,0.0,0.0,0.0,0.0,0.0,0.0,31,0.9969279766082764,0.018041890114545822,0.020247532054781914,2.0247532054781914,0.8448410034179688,30.07739424598206,0.9288828372955322,0.9288828372955322,0.24103114008903503,0.9518532752990723,0.2188405990600586,0.2373960167169571,0.0185554176568985,0.2373960167169571,True,0.15515899658203125,0.9912232160568237,0.0185554176568985,0.10755157470703125,,,F3,T3_surface_decal,1.6494273238878312,0.0,0.10755157470703125,119,0.3577356884443499,0.06481270492076874,0.06481270492076874,16.94708881376418,0.14211684557051724,9.821462631225586,a iccv on the sign,0.2547838091850281,0.24771670997142792,0.2804320454597473,0.02564823627471924,0.2804320454597473,"4,0,490,294",0.06862600892782211,0.037212714552879333,/cluster/users/grad/2025/25t8103/project/data/flowedit_compatible_135/eval_masks/fe_119_gas_station_2_iccv_eval_mask.png,fixed_eval_mask,0.0,0.0,0.0,0.0,fluxabl_nofinal,FLUX w/o final restore,,0.01839924231171608,0.01839924231171608,29.826095423003267,0.03226229283593041,,/cluster/users/grad/2025/25t8103/project/outputs/flowedit135_ablation_metric_runs_20260624/fe_119_gas_station_2_iccv/fluxabl_nofinal/seed_10/result.png,5.954468250274658,fe_119_gas_station_2_iccv/fluxabl_nofinal/seed_10,,10,/cluster/users/grad/2025/25t8103/project/_baselines/src/FlowEdit/Data/Images/gas_station.png,0.023391088470816612,"A gas station with a white and red sign that reads ""CAFE"" There are several cars parked in front of the gas station, including a white car and a van.",25.08477188648522,0.05568797242146717,0.9115690974675965,0.9115690974675965,"A gas station with a white and red sign that reads ""ICCV"" There are several cars parked in front of the gas station, including a white car and a van.",fe_119_gas_station_2_iccv
0.0,0.0,0.0,0.0,0.0,0.0,0.0,0.0,0.0,0.0,31,0.999698281288147,0.005216351710259914,0.011212121695280075,1.1212121695280075,0.8448410034179688,39.635454032559736,0.9919630289077759,0.9919630289077759,0.3532832860946655,0.7426831722259521,0.2133254110813141,0.32655423879623413,0.11322882771492004,0.32655423879623413,True,0.15515899658203125,0.987353503704071,0.11322882771492004,0.10755157470703125,,,F3,T3_surface_decal,1.915935531724776,0.0,0.10755157470703125,119,0.6560970419238136,0.16158470511436462,0.16158470511436462,11.168492327161673,0.27642376863071316,9.05048656463623,a iccv on the sign,0.2210780829191208,0.30592483282089233,0.3443434536457062,0.12326537072658539,0.3443434536457062,"4,0,490,294",0.09623789042234421,0.011484050191938877,/cluster/users/grad/2025/25t8103/project/data/flowedit_compatible_135/eval_masks/fe_119_gas_station_2_iccv_eval_mask.png,fixed_eval_mask,0.0,0.0,0.0,0.0,fluxabl_opsupport,FLUX w/o operation support,,0.005036822520196438,0.005036822520196438,39.78290383690759,0.010253090911193155,,/cluster/users/grad/2025/25t8103/project/outputs/flowedit135_ablation_metric_runs_20260624/fe_119_gas_station_2_iccv/fluxabl_opsupport/seed_10/result.png,4.723794937133789,fe_119_gas_station_2_iccv/fluxabl_opsupport/seed_10,,10,/cluster/users/grad/2025/25t8103/project/_baselines/src/FlowEdit/Data/Images/gas_station.png,0.021873794496059418,"A gas station with a white and red sign that reads ""CAFE"" There are several cars parked in front of the gas station, including a white car and a van.",20.803025938735992,0.09116931737631832,0.9418284903805995,0.9418284903805995,"A gas station with a white and red sign that reads ""ICCV"" There are several cars parked in front of the gas station, including a white car and a van.",fe_119_gas_station_2_iccv
0.0,0.0,0.0,0.0,0.0,0.0,0.0,0.0,0.0,0.0,31,0.999698281288147,0.005216351710259914,0.011212121695280075,1.1212121695280075,0.8448410034179688,39.635454032559736,0.9919630289077759,0.9919630289077759,0.2555920481681824,0.9549564123153687,0.2129257172346115,0.23224255442619324,0.019316837191581726,0.23224255442619324,True,0.15515899658203125,0.9943647384643555,0.019316837191581726,0.10755157470703125,,,F3,T3_surface_decal,2.051727570015533,0.0,0.10755157470703125,119,0.36199191317301554,0.05560378357768059,0.05560378357768059,17.11231321049273,0.13943902566836872,9.691940307617188,a iccv on the sign,0.24469701945781708,0.23487301170825958,0.2701222002506256,0.025425180792808533,0.2701222002506256,"4,0,490,294",0.043894633650779724,0.011484050191938877,/cluster/users/grad/2025/25t8103/project/data/flowedit_compatible_135/eval_masks/fe_119_gas_station_2_iccv_eval_mask.png,fixed_eval_mask,0.0,0.0,0.0,0.0,ours_flux,Ours (FLUX),,0.005036822520196438,0.005036822520196438,39.78290383690759,0.010253090911193155,,/cluster/users/grad/2025/25t8103/project/outputs/flowedit135_ablation_metric_runs_20260624/fe_119_gas_station_2_iccv/ours_flux/seed_10/result.png,4.723794937133789,fe_119_gas_station_2_iccv/ours_flux/seed_10,,10,/cluster/users/grad/2025/25t8103/project/_baselines/src/FlowEdit/Data/Images/gas_station.png,0.01047537848353386,"A gas station with a white and red sign that reads ""CAFE"" There are several cars parked in front of the gas station, including a white car and a van.",26.605542759760535,0.04674367588981959,0.9686877622104603,0.9686877622104603,"A gas station with a white and red sign that reads ""ICCV"" There are several cars parked in front of the gas station, including a white car and a van.",fe_119_gas_station_2_iccv
0.0,0.0,0.0,0.0,0.0,0.0,0.0,0.0,0.0,0.0,31,0.9999035000801086,0.002989324741065502,0.003065998898819089,0.3065998898819089,0.8448410034179688,44.76841309068569,0.9973156452178955,0.9973156452178955,0.16138260066509247,0.922512948513031,0.22716733813285828,0.24067926406860352,0.01351192593574524,0.24067926406860352,True,0.15515899658203125,0.9798401594161987,0.01351192593574524,0.10755157470703125,,,F3,T3_surface_decal,0.7965753289972897,0.0,0.10755157470703125,119,0.9276441796126835,0.11798418313264847,0.11798418313264847,12.474251681378858,0.23784137992845836,4.037126064300537,a iccv on the sign,0.2516281306743622,0.20728608965873718,0.2542133033275604,0.002585172653198242,0.2542133033275604,"4,0,490,294",0.0859534740447998,0.0031309970654547215,/cluster/users/grad/2025/25t8103/project/data/flowedit_compatible_135/eval_masks/fe_119_gas_station_2_iccv_eval_mask.png,fixed_eval_mask,0.0,0.0,0.0,0.0,ours_sd3,Ours (SD3),,0.002883740235120058,0.002883740235120058,44.94165898648831,0.005661311488632798,,/cluster/users/grad/2025/25t8103/project/outputs/flowedit135_ablation_metric_runs_20260624/fe_119_gas_station_2_iccv/ours_sd3/seed_10/result.png,5.068103313446045,fe_119_gas_station_2_iccv/ours_sd3/seed_10,,10,/cluster/users/grad/2025/25t8103/project/_baselines/src/FlowEdit/Data/Images/gas_station.png,0.015262969769537449,"A gas station with a white and red sign that reads ""CAFE"" There are several cars parked in front of the gas station, including a white car and a van.",22.1377152655648,0.07818334308310584,0.9562946679124299,0.9562946679124299,"A gas station with a white and red sign that reads ""ICCV"" There are several cars parked in front of the gas station, including a white car and a van.",fe_119_gas_station_2_iccv
0.0,0.0,0.0,0.0,0.0,0.0,0.0,0.0,0.0,0.0,31,0.9999035000801086,0.002989324741065502,0.003065998898819089,0.3065998898819089,0.8448410034179688,44.76841309068569,0.9973156452178955,0.9973156452178955,0.23524829745292664,0.9622870683670044,0.2161889374256134,0.23000898957252502,0.013820052146911621,0.23000898957252502,True,0.15515899658203125,0.9740923047065735,0.013820052146911621,0.10755157470703125,,,F3,T3_surface_decal,0.6884373956528353,0.0,0.10755157470703125,119,0.9458040717883237,0.12115645408630371,0.12115645408630371,12.242474234885016,0.2442734623966112,3.489071846008301,a iccv on the sign,0.23373949527740479,0.20243699848651886,0.2345331609249115,0.0007936656475067139,0.2345331609249115,"4,0,490,294",0.09440551698207855,0.0031309970654547215,/cluster/users/grad/2025/25t8103/project/data/flowedit_compatible_135/eval_masks/fe_119_gas_station_2_iccv_eval_mask.png,fixed_eval_mask,0.0,0.0,0.0,0.0,sd3abl_adaptive,SD3 w/o adaptive controller,,0.002883740235120058,0.002883740235120058,44.94165898648831,0.005661311488632798,,/cluster/users/grad/2025/25t8103/project/outputs/flowedit135_ablation_metric_runs_20260624/fe_119_gas_station_2_iccv/sd3abl_adaptive/seed_10/result.png,5.068103313446045,fe_119_gas_station_2_iccv/sd3abl_adaptive/seed_10,,10,/cluster/users/grad/2025/25t8103/project/_baselines/src/FlowEdit/Data/Images/gas_station.png,0.015604154206812382,"A gas station with a white and red sign that reads ""CAFE"" There are several cars parked in front of the gas station, including a white car and a van.",21.90699427076882,0.0802879347089589,0.9556542628175242,0.9556542628175242,"A gas station with a white and red sign that reads ""ICCV"" There are several cars parked in front of the gas station, including a white car and a van.",fe_119_gas_station_2_iccv
0.0,0.0,0.0,0.0,0.0,0.0,0.0,0.0,0.0,0.0,31,0.9964278936386108,0.021730491891503334,0.03360391780734062,3.360391780734062,0.8448410034179688,28.620460222496735,0.890801191329956,0.890801191329956,0.22555162012577057,0.9316920638084412,0.22276079654693604,0.2455694079399109,0.022808611392974854,0.2455694079399109,True,0.15515899658203125,0.9771657586097717,0.022808611392974854,0.10755157470703125,,,F3,T3_surface_decal,0.8464642076654105,0.0,0.10755157470703125,119,0.9268993402851671,0.1289900243282318,0.1289900243282318,12.264134133932023,0.24366507946052796,4.123489856719971,a iccv on the sign,0.217975914478302,0.21414723992347717,0.22499161958694458,0.007015705108642578,0.22499161958694458,"4,0,490,294",0.12430348247289658,0.033871643245220184,/cluster/users/grad/2025/25t8103/project/data/flowedit_compatible_135/eval_masks/fe_119_gas_station_2_iccv_eval_mask.png,fixed_eval_mask,0.0,0.0,0.0,0.0,sd3abl_nofinal,SD3 w/o final restore,,0.021130742505192757,0.021130742505192757,28.820689081047888,0.03622142615924689,,/cluster/users/grad/2025/25t8103/project/outputs/flowedit135_ablation_metric_runs_20260624/fe_119_gas_station_2_iccv/sd3abl_nofinal/seed_10/result.png,4.871428489685059,fe_119_gas_station_2_iccv/sd3abl_nofinal/seed_10,,10,/cluster/users/grad/2025/25t8103/project/_baselines/src/FlowEdit/Data/Images/gas_station.png,0.03273117542266846,"A gas station with a white and red sign that reads ""CAFE"" There are several cars parked in front of the gas station, including a white car and a van.",21.216787830379964,0.08692818430498013,0.8663012382432403,0.8663012382432403,"A gas station with a white and red sign that reads ""ICCV"" There are several cars parked in front of the gas station, including a white car and a van.",fe_119_gas_station_2_iccv
0.0,0.0,0.0,0.0,0.0,0.0,0.0,0.0,0.0,0.0,31,0.9999035000801086,0.002989324741065502,0.003065998898819089,0.3065998898819089,0.8448410034179688,44.76841309068569,0.9973156452178955,0.9973156452178955,0.1765042096376419,0.9240758419036865,0.2256874144077301,0.2416374832391739,0.015950068831443787,0.2416374832391739,True,0.15515899658203125,0.9810009002685547,0.015950068831443787,0.10755157470703125,,,F3,T3_surface_decal,0.8026497981904079,0.0,0.10755157470703125,119,0.9363339717670426,0.11860404908657074,0.11860404908657074,12.41058349183401,0.23959117942208255,4.0679121017456055,a iccv on the sign,0.22098402678966522,0.19861236214637756,0.22221004962921143,0.0012260228395462036,0.22221004962921143,"4,0,490,294",0.08937549591064453,0.0031309970654547215,/cluster/users/grad/2025/25t8103/project/data/flowedit_compatible_135/eval_masks/fe_119_gas_station_2_iccv_eval_mask.png,fixed_eval_mask,0.0,0.0,0.0,0.0,sd3abl_opsupport,SD3 w/o operation support,,0.002883740235120058,0.002883740235120058,44.94165898648831,0.005661311488632798,,/cluster/users/grad/2025/25t8103/project/outputs/flowedit135_ablation_metric_runs_20260624/fe_119_gas_station_2_iccv/sd3abl_opsupport/seed_10/result.png,5.068103313446045,fe_119_gas_station_2_iccv/sd3abl_opsupport/seed_10,,10,/cluster/users/grad/2025/25t8103/project/_baselines/src/FlowEdit/Data/Images/gas_station.png,0.015329639427363873,"A gas station with a white and red sign that reads ""CAFE"" There are several cars parked in front of the gas station, including a white car and a van.",22.074342810781552,0.07875585658665615,0.9557295601076097,0.9557295601076097,"A gas station with a white and red sign that reads ""ICCV"" There are several cars parked in front of the gas station, including a white car and a van.",fe_119_gas_station_2_iccv
0.0,0.0,0.0,0.0,0.0,0.0,0.0,0.0,0.0,0.0,31,0.999698281288147,0.005216351710259914,0.011212121695280075,1.1212121695280075,0.8448410034179688,39.635454032559736,0.9919630289077759,0.9919630289077759,0.4747105836868286,0.9399950504302979,0.20407524704933167,0.24378147721290588,0.03970623016357422,0.24378147721290588,True,0.15515899658203125,0.9951540231704712,0.03970623016357422,0.10755157470703125,,,F3,T3_surface_decal,2.105075083914466,0.0,0.10755157470703125,123,0.3509257288784848,0.06453763693571091,0.06453763693571091,16.80477935962138,0.14446446448011416,9.94394302368164,a free on the sign,0.196857750415802,0.23570707440376282,0.2507019639015198,0.05384421348571777,0.2507019639015198,"4,0,490,294",0.04513112083077431,0.011484050191938877,/cluster/users/grad/2025/25t8103/project/data/flowedit_compatible_135/eval_masks/fe_123_gas_station_6_free_eval_mask.png,fixed_eval_mask,0.0,0.0,0.0,0.0,fluxabl_adaptive,FLUX w/o adaptive controller,,0.005036822520196438,0.005036822520196438,39.78290383690759,0.010253090911193155,,/cluster/users/grad/2025/25t8103/project/outputs/flowedit135_ablation_metric_runs_20260624/fe_123_gas_station_6_free/fluxabl_adaptive/seed_10/result.png,4.723794937133789,fe_123_gas_station_6_free/fluxabl_adaptive/seed_10,,10,/cluster/users/grad/2025/25t8103/project/_baselines/src/FlowEdit/Data/Images/gas_station.png,0.011436228640377522,"A gas station with a white and red sign that reads ""CAFE"" There are several cars parked in front of the gas station, including a white car and a van.",26.310776745225194,0.04835720184093074,0.9647650534056132,0.9647650534056132,"A gas station with a white and red sign that reads ""FREE"" There are several cars parked in front of the gas station, including a white car and a van.",fe_123_gas_station_6_free
0.0,0.0,0.0,0.0,0.0,0.0,0.0,0.0,0.0,0.0,31,0.9970123767852783,0.01803658902645111,0.01945693977177143,1.945693977177143,0.8448410034179688,30.083182544663224,0.9290497303009033,0.9290497303009033,0.4803358316421509,0.9454804062843323,0.21086964011192322,0.24836532771587372,0.0374956876039505,0.24836532771587372,True,0.15515899658203125,0.9926004409790039,0.0374956876039505,0.10755157470703125,,,F3,T3_surface_decal,1.633776290588033,0.0,0.10755157470703125,123,0.3566361637227779,0.05057976022362709,0.05057976022362709,18.130975335037792,0.12400843687278224,9.365742683410645,a free on the sign,0.212895005941391,0.25102150440216064,0.2702137231826782,0.05731871724128723,0.2702137231826782,"4,0,490,294",0.04852883517742157,0.030691787600517273,/cluster/users/grad/2025/25t8103/project/data/flowedit_compatible_135/eval_masks/fe_123_gas_station_6_free_eval_mask.png,fixed_eval_mask,0.0,0.0,0.0,0.0,fluxabl_nofinal,FLUX w/o final restore,,0.01793457753956318,0.01793457753956318,30.12274724138612,0.031179032731905466,,/cluster/users/grad/2025/25t8103/project/outputs/flowedit135_ablation_metric_runs_20260624/fe_123_gas_station_6_free/fluxabl_nofinal/seed_10/result.png,5.732573509216309,fe_123_gas_station_6_free/fluxabl_nofinal/seed_10,,10,/cluster/users/grad/2025/25t8103/project/_baselines/src/FlowEdit/Data/Images/gas_station.png,0.02144561894237995,"A gas station with a white and red sign that reads ""CAFE"" There are several cars parked in front of the gas station, including a white car and a van.",25.98338261957508,0.05021469960809626,0.9180520406088527,0.9180520406088527,"A gas station with a white and red sign that reads ""FREE"" There are several cars parked in front of the gas station, including a white car and a van.",fe_123_gas_station_6_free
0.0,0.0,0.0,0.0,0.0,0.0,0.0,0.0,0.0,0.0,31,0.999698281288147,0.005216351710259914,0.011212121695280075,1.1212121695280075,0.8448410034179688,39.635454032559736,0.9919630289077759,0.9919630289077759,0.4515439569950104,0.9321485161781311,0.20358918607234955,0.24386917054653168,0.04027998447418213,0.24386917054653168,True,0.15515899658203125,0.9932149052619934,0.04027998447418213,0.10755157470703125,,,F3,T3_surface_decal,1.9433025697429853,0.0,0.10755157470703125,123,0.48116620557565437,0.09698694199323654,0.09698694199323654,14.380138925812759,0.19098227118052985,9.179762840270996,a free on the sign,0.20779098570346832,0.23540499806404114,0.2620960772037506,0.05430509150028229,0.2620960772037506,"4,0,490,294",0.05660859867930412,0.011484050191938877,/cluster/users/grad/2025/25t8103/project/data/flowedit_compatible_135/eval_masks/fe_123_gas_station_6_free_eval_mask.png,fixed_eval_mask,0.0,0.0,0.0,0.0,fluxabl_opsupport,FLUX w/o operation support,,0.005036822520196438,0.005036822520196438,39.78290383690759,0.010253090911193155,,/cluster/users/grad/2025/25t8103/project/outputs/flowedit135_ablation_metric_runs_20260624/fe_123_gas_station_6_free/fluxabl_opsupport/seed_10/result.png,4.723794937133789,fe_123_gas_station_6_free/fluxabl_opsupport/seed_10,,10,/cluster/users/grad/2025/25t8103/project/_baselines/src/FlowEdit/Data/Images/gas_station.png,0.014926202595233917,"A gas station with a white and red sign that reads ""CAFE"" There are several cars parked in front of the gas station, including a white car and a van.",23.96132646302305,0.0633772917425772,0.9567688602521763,0.9567688602521763,"A gas station with a white and red sign that reads ""FREE"" There are several cars parked in front of the gas station, including a white car and a van.",fe_123_gas_station_6_free
0.0,0.0,0.0,0.0,0.0,0.0,0.0,0.0,0.0,0.0,31,0.999698281288147,0.005216351710259914,0.011212121695280075,1.1212121695280075,0.8448410034179688,39.635454032559736,0.9919630289077759,0.9919630289077759,0.4664668142795563,0.942732572555542,0.20790395140647888,0.24520181119441986,0.03729785978794098,0.24520181119441986,True,0.15515899658203125,0.9959917068481445,0.03729785978794098,0.10755157470703125,,,F3,T3_surface_decal,1.9490075017291648,0.0,0.10755157470703125,123,0.3558913243952614,0.04571649059653282,0.04571649059653282,18.190098458420017,0.12316720241073399,9.206711769104004,a free on the sign,0.20979434251785278,0.23940959572792053,0.26402005553245544,0.05422571301460266,0.26402005553245544,"4,0,490,294",0.0300162211060524,0.011484050191938877,/cluster/users/grad/2025/25t8103/project/data/flowedit_compatible_135/eval_masks/fe_123_gas_station_6_free_eval_mask.png,fixed_eval_mask,0.0,0.0,0.0,0.0,ours_flux,Ours (FLUX),,0.005036822520196438,0.005036822520196438,39.78290383690759,0.010253090911193155,,/cluster/users/grad/2025/25t8103/project/outputs/flowedit135_ablation_metric_runs_20260624/fe_123_gas_station_6_free/ours_flux/seed_10/result.png,4.723794937133789,fe_123_gas_station_6_free/ours_flux/seed_10,,10,/cluster/users/grad/2025/25t8103/project/_baselines/src/FlowEdit/Data/Images/gas_station.png,0.009411984123289585,"A gas station with a white and red sign that reads ""CAFE"" There are several cars parked in front of the gas station, including a white car and a van.",27.631116756755176,0.04153786420062306,0.9736981023816419,0.9736981023816419,"A gas station with a white and red sign that reads ""FREE"" There are several cars parked in front of the gas station, including a white car and a van.",fe_123_gas_station_6_free
0.0,0.0,0.0,0.0,0.0,0.0,0.0,0.0,0.0,0.0,31,0.9999035000801086,0.002989324741065502,0.003065998898819089,0.3065998898819089,0.8448410034179688,44.76841309068569,0.9973156452178955,0.9973156452178955,0.44330862164497375,0.9387123584747314,0.2147252857685089,0.250959575176239,0.0362342894077301,0.250959575176239,True,0.15515899658203125,0.9896267652511597,0.0362342894077301,0.10755157470703125,,,F3,T3_surface_decal,1.562013675764681,0.0,0.10755157470703125,123,0.8015889905653685,0.11372488737106323,0.11372488737106323,13.044579711760132,0.22272604969244877,7.916446685791016,a free on the sign,0.2297516167163849,0.25772571563720703,0.276411771774292,0.046660155057907104,0.276411771774292,"4,0,490,294",0.07408665120601654,0.0031309970654547215,/cluster/users/grad/2025/25t8103/project/data/flowedit_compatible_135/eval_masks/fe_123_gas_station_6_free_eval_mask.png,fixed_eval_mask,0.0,0.0,0.0,0.0,ours_sd3,Ours (SD3),,0.002883740235120058,0.002883740235120058,44.94165898648831,0.005661311488632798,,/cluster/users/grad/2025/25t8103/project/outputs/flowedit135_ablation_metric_runs_20260624/fe_123_gas_station_6_free/ours_sd3/seed_10/result.png,5.068103313446045,fe_123_gas_station_6_free/ours_sd3/seed_10,,10,/cluster/users/grad/2025/25t8103/project/_baselines/src/FlowEdit/Data/Images/gas_station.png,0.014804876409471035,"A gas station with a white and red sign that reads ""CAFE"" There are several cars parked in front of the gas station, including a white car and a van.",22.70519196892462,0.07323866199909397,0.9527657838592605,0.9527657838592605,"A gas station with a white and red sign that reads ""FREE"" There are several cars parked in front of the gas station, including a white car and a van.",fe_123_gas_station_6_free
0.0,0.0,0.0,0.0,0.0,0.0,0.0,0.0,0.0,0.0,31,0.9999035000801086,0.002989324741065502,0.003065998898819089,0.3065998898819089,0.8448410034179688,44.76841309068569,0.9973156452178955,0.9973156452178955,0.23784899711608887,0.959697961807251,0.21774441003799438,0.22378307580947876,0.006038665771484375,0.22378307580947876,True,0.15515899658203125,0.9747392535209656,0.006038665771484375,0.10755157470703125,,,F3,T3_surface_decal,0.6791767538532653,0.0,0.10755157470703125,123,0.9467617223522735,0.12117981165647507,0.12117981165647507,12.250753485307174,0.24404073579094077,3.4421379566192627,a free on the sign,0.22287368774414062,0.21345561742782593,0.2258073091506958,0.0029336214065551758,0.2258073091506958,"4,0,490,294",0.09389714151620865,0.0031309970654547215,/cluster/users/grad/2025/25t8103/project/data/flowedit_compatible_135/eval_masks/fe_123_gas_station_6_free_eval_mask.png,fixed_eval_mask,0.0,0.0,0.0,0.0,sd3abl_adaptive,SD3 w/o adaptive controller,,0.002883740235120058,0.002883740235120058,44.94165898648831,0.005661311488632798,,/cluster/users/grad/2025/25t8103/project/outputs/flowedit135_ablation_metric_runs_20260624/fe_123_gas_station_6_free/sd3abl_adaptive/seed_10/result.png,5.068103313446045,fe_123_gas_station_6_free/sd3abl_adaptive/seed_10,,10,/cluster/users/grad/2025/25t8103/project/_baselines/src/FlowEdit/Data/Images/gas_station.png,0.015606665052473545,"A gas station with a white and red sign that reads ""CAFE"" There are several cars parked in front of the gas station, including a white car and a van.",21.915236831449047,0.08021178082028096,0.9555938679044739,0.9555938679044739,"A gas station with a white and red sign that reads ""FREE"" There are several cars parked in front of the gas station, including a white car and a van.",fe_123_gas_station_6_free
0.0,0.0,0.0,0.0,0.0,0.0,0.0,0.0,0.0,0.0,31,0.9965260028839111,0.02133551612496376,0.03318130597472191,3.318130597472191,0.8448410034179688,28.658207733616038,0.8914000988006592,0.8914000988006592,0.41177621483802795,0.906226634979248,0.2254355102777481,0.2694984972476959,0.044062986969947815,0.2694984972476959,True,0.15515899658203125,0.9845936894416809,0.044062986969947815,0.10755157470703125,,,F3,T3_surface_decal,1.639855532184232,0.0,0.10755157470703125,123,0.8012697737107186,0.12030010670423508,0.12030010670423508,12.97355693145632,0.22455470207555922,7.984426021575928,a free on the sign,0.23288708925247192,0.2738930583000183,0.28149527311325073,0.04860818386077881,0.28149527311325073,"4,0,490,294",0.10551781207323074,0.03350988030433655,/cluster/users/grad/2025/25t8103/project/data/flowedit_compatible_135/eval_masks/fe_123_gas_station_6_free_eval_mask.png,fixed_eval_mask,0.0,0.0,0.0,0.0,sd3abl_nofinal,SD3 w/o final restore,,0.020709989592432976,0.020709989592432976,28.860965895877193,0.036053854787019786,,/cluster/users/grad/2025/25t8103/project/outputs/flowedit135_ablation_metric_runs_20260624/fe_123_gas_station_6_free/sd3abl_nofinal/seed_10/result.png,4.86898136138916,fe_123_gas_station_6_free/sd3abl_nofinal/seed_10,,10,/cluster/users/grad/2025/25t8103/project/_baselines/src/FlowEdit/Data/Images/gas_station.png,0.03142106533050537,"A gas station with a white and red sign that reads ""CAFE"" There are several cars parked in front of the gas station, including a white car and a van.",21.81553469189152,0.08113780700543675,0.8622758414024314,0.8622758414024314,"A gas station with a white and red sign that reads ""FREE"" There are several cars parked in front of the gas station, including a white car and a van.",fe_123_gas_station_6_free
0.0,0.0,0.0,0.0,0.0,0.0,0.0,0.0,0.0,0.0,31,0.9999035000801086,0.002989324741065502,0.003065998898819089,0.3065998898819089,0.8448410034179688,44.76841309068569,0.9973156452178955,0.9973156452178955,0.22648970782756805,0.9531974196434021,0.2242412120103836,0.23073649406433105,0.006495282053947449,0.23073649406433105,True,0.15515899658203125,0.9777301549911499,0.006495282053947449,0.10755157470703125,,,F3,T3_surface_decal,0.7682226784134818,0.0,0.10755157470703125,123,0.9382138043555366,0.12358850985765457,0.12358850985765457,12.229830470472399,0.24462930218632192,3.8934319019317627,a free on the sign,0.2230328917503357,0.22177910804748535,0.2293841689825058,0.006351277232170105,0.2293841689825058,"4,0,490,294",0.09535034000873566,0.0031309970654547215,/cluster/users/grad/2025/25t8103/project/data/flowedit_compatible_135/eval_masks/fe_123_gas_station_6_free_eval_mask.png,fixed_eval_mask,0.0,0.0,0.0,0.0,sd3abl_opsupport,SD3 w/o operation support,,0.002883740235120058,0.002883740235120058,44.94165898648831,0.005661311488632798,,/cluster/users/grad/2025/25t8103/project/outputs/flowedit135_ablation_metric_runs_20260624/fe_123_gas_station_6_free/sd3abl_opsupport/seed_10/result.png,5.068103313446045,fe_123_gas_station_6_free/sd3abl_opsupport/seed_10,,10,/cluster/users/grad/2025/25t8103/project/_baselines/src/FlowEdit/Data/Images/gas_station.png,0.01586572639644146,"A gas station with a white and red sign that reads ""CAFE"" There are several cars parked in front of the gas station, including a white car and a van.",21.894406295779962,0.0804043758863698,0.9552028701453601,0.9552028701453601,"A gas station with a white and red sign that reads ""FREE"" There are several cars parked in front of the gas station, including a white car and a van.",fe_123_gas_station_6_free
0.0,0.0,0.0,0.0,0.0,0.0,0.0,0.0,0.0,0.0,31,0.9999880194664001,0.0020195115357637405,0.002328082686290145,0.2328082686290145,0.2613525390625,45.39725347206595,0.9962387084960938,0.9962387084960938,0.13999629020690918,0.7140402793884277,0.28248849511146545,0.30217495560646057,0.019686460494995117,0.30217495560646057,True,0.7386474609375,0.25194138288497925,0.019686460494995117,0.6410293579101562,,,F5,T5_same_color_material,2.675084947947633,0.0,0.6410293579101562,129,0.127361016888635,0.09354479610919952,0.09354479610919952,15.555088119748815,0.1668190309340161,9.576277732849121,a sculpture wooden of a bird,0.28248849511146545,0.26101061701774597,0.30217495560646057,0.019686460494995117,0.30217495560646057,"0,0,512,512",0.2944292426109314,0.0033606404904276133,/cluster/users/grad/2025/25t8103/project/data/flowedit_compatible_135/eval_masks/fe_129_gray_bird_3_sculpture_eval_mask.png,fixed_eval_mask,0.0,0.0,0.0,0.0,fluxabl_adaptive,FLUX w/o adaptive controller,,0.002147398656234145,0.002147398656234145,45.00545465851565,0.005619882908916897,,/cluster/users/grad/2025/25t8103/project/outputs/flowedit135_ablation_metric_runs_20260624/fe_129_gray_bird_3_sculpture/fluxabl_adaptive/seed_10/result.png,3.579803228378296,fe_129_gray_bird_3_sculpture/fluxabl_adaptive/seed_10,,10,/cluster/users/grad/2025/25t8103/project/_baselines/src/FlowEdit/Data/Images/gray_bird.png,0.06073581799864769,A small blue and gray bird perched on a wooden fence or post. The bird is positioned towards the left side of the image,17.483550624487386,0.13360492536861857,0.7536270985063638,0.7536270985063638,A small sculpture of a blue and gray bird perched on a wooden fence or post. The sculpture is positioned towards the left side of the image,fe_129_gray_bird_3_sculpture
0.0,0.0,0.0,0.0,0.0,0.0,0.0,0.0,0.0,0.0,31,0.9997509717941284,0.01148530188947916,0.006126084364950657,0.6126084364950657,0.2613525390625,34.38572114536542,0.9652552008628845,0.9652552008628845,0.15719929337501526,0.7788032293319702,0.2677333950996399,0.2869284749031067,0.019195079803466797,0.2869284749031067,True,0.7386474609375,0.12509885430335999,0.019195079803466797,0.6410293579101562,,,F5,T5_same_color_material,1.7595225601480182,0.0,0.6410293579101562,129,0.16180478689851346,0.08499889075756073,0.08499889075756073,16.31290414934478,0.15288144979298957,7.502060413360596,a sculpture wooden of a bird,0.2677333950996399,0.2643558979034424,0.2869284749031067,0.019195079803466797,0.2869284749031067,"0,0,512,512",0.27039676904678345,0.008578614331781864,/cluster/users/grad/2025/25t8103/project/data/flowedit_compatible_135/eval_masks/fe_129_gray_bird_3_sculpture_eval_mask.png,fixed_eval_mask,0.0,0.0,0.0,0.0,fluxabl_nofinal,FLUX w/o final restore,,0.011630532331764698,0.011630532331764698,34.23044180456606,0.019430228581753542,,/cluster/users/grad/2025/25t8103/project/outputs/flowedit135_ablation_metric_runs_20260624/fe_129_gray_bird_3_sculpture/fluxabl_nofinal/seed_10/result.png,4.263690948486328,fe_129_gray_bird_3_sculpture/fluxabl_nofinal/seed_10,,10,/cluster/users/grad/2025/25t8103/project/_baselines/src/FlowEdit/Data/Images/gray_bird.png,0.0586618036031723,A small blue and gray bird perched on a wooden fence or post. The bird is positioned towards the left side of the image,18.205017501127784,0.12295582975470784,0.774350955704446,0.774350955704446,A small sculpture of a blue and gray bird perched on a wooden fence or post. The sculpture is positioned towards the left side of the image,fe_129_gray_bird_3_sculpture
0.0,0.0,0.0,0.0,0.0,0.0,0.0,0.0,0.0,0.0,31,0.9999880194664001,0.0020195115357637405,0.002328082686290145,0.2328082686290145,0.2613525390625,45.39725347206595,0.9962387084960938,0.9962387084960938,0.14716579020023346,0.7638756632804871,0.3041348457336426,0.32142698764801025,0.017292141914367676,0.32142698764801025,True,0.7386474609375,0.14860369265079498,0.017292141914367676,0.6410293579101562,,,F5,T5_same_color_material,1.9701987342020193,0.0,0.6410293579101562,129,0.14762975922685995,0.08133312314748764,0.08133312314748764,16.238243896582144,0.15420121837283374,7.047698020935059,a sculpture wooden of a bird,0.3041348457336426,0.29323744773864746,0.32142698764801025,0.017292141914367676,0.32142698764801025,"0,0,512,512",0.23954375088214874,0.003207671456038952,/cluster/users/grad/2025/25t8103/project/data/flowedit_compatible_135/eval_masks/fe_129_gray_bird_3_sculpture_eval_mask.png,fixed_eval_mask,0.0,0.0,0.0,0.0,fluxabl_opsupport,FLUX w/o operation support,,0.002108906162902713,0.002108906162902713,45.112342236368086,0.0055511490468992345,,/cluster/users/grad/2025/25t8103/project/outputs/flowedit135_ablation_metric_runs_20260624/fe_129_gray_bird_3_sculpture/fluxabl_opsupport/seed_10/result.png,3.577150821685791,fe_129_gray_bird_3_sculpture/fluxabl_opsupport/seed_10,,10,/cluster/users/grad/2025/25t8103/project/_baselines/src/FlowEdit/Data/Images/gray_bird.png,0.05289395526051521,A small blue and gray bird perched on a wooden fence or post. The bird is positioned towards the left side of the image,18.166313663296407,0.12350493653273054,0.7953672235914648,0.7953672235914648,A small sculpture of a blue and gray bird perched on a wooden fence or post. The sculpture is positioned towards the left side of the image,fe_129_gray_bird_3_sculpture
0.0,0.0,0.0,0.0,0.0,0.0,0.0,0.0,0.0,0.0,31,0.9999880194664001,0.0020195115357637405,0.002328082686290145,0.2328082686290145,0.2613525390625,45.39725347206595,0.9962387084960938,0.9962387084960938,0.15680140256881714,0.7790454626083374,0.266448974609375,0.28547412157058716,0.019025146961212158,0.28547412157058716,True,0.7386474609375,0.14076703786849976,0.019025146961212158,0.6410293579101562,,,F5,T5_same_color_material,2.0330581899184095,0.0,0.6410293579101562,129,0.1605312957474917,0.08075664937496185,0.08075664937496185,16.355030167572345,0.1521417795078508,7.286136627197266,a sculpture wooden of a bird,0.266448974609375,0.2646925449371338,0.28547412157058716,0.019025146961212158,0.28547412157058716,"0,0,512,512",0.2563069760799408,0.0032011682633310556,/cluster/users/grad/2025/25t8103/project/data/flowedit_compatible_135/eval_masks/fe_129_gray_bird_3_sculpture_eval_mask.png,fixed_eval_mask,0.0,0.0,0.0,0.0,ours_flux,Ours (FLUX),,0.0021054474636912346,0.0021054474636912346,45.13376147293172,0.005537476884833231,,/cluster/users/grad/2025/25t8103/project/outputs/flowedit135_ablation_metric_runs_20260624/fe_129_gray_bird_3_sculpture/ours_flux/seed_10/result.png,3.5838308334350586,fe_129_gray_bird_3_sculpture/ours_flux/seed_10,,10,/cluster/users/grad/2025/25t8103/project/_baselines/src/FlowEdit/Data/Images/gray_bird.png,0.052523162215948105,A small blue and gray bird perched on a wooden fence or post. The bird is positioned towards the left side of the image,18.283031290021604,0.1218564257772962,0.7941216107303365,0.7941216107303365,A small sculpture of a blue and gray bird perched on a wooden fence or post. The sculpture is positioned towards the left side of the image,fe_129_gray_bird_3_sculpture
0.0,0.0,0.0,0.0,0.0,0.0,0.0,0.0,0.0,0.0,31,0.9999921917915344,0.0012117718579247594,0.0007234154618345201,0.07234154618345201,0.2613525390625,50.28582503287091,0.9980433583259583,0.9980433583259583,0.15554197132587433,0.7790798544883728,0.26466816663742065,0.28300967812538147,0.018341511487960815,0.28300967812538147,True,0.7386474609375,0.34185534715652466,0.018341511487960815,0.6410293579101562,,,F5,T5_same_color_material,1.4766374980825423,0.0,0.6410293579101562,129,0.13106842337034788,0.09789597988128662,0.09789597988128662,14.452972564581852,0.18938752641260348,6.467540740966797,a sculpture wooden of a bird,0.26466816663742065,0.23590245842933655,0.28300967812538147,0.018341511487960815,0.28300967812538147,"0,0,512,512",0.25369760394096375,0.0010366924107074738,/cluster/users/grad/2025/25t8103/project/data/flowedit_compatible_135/eval_masks/fe_129_gray_bird_3_sculpture_eval_mask.png,fixed_eval_mask,0.0,0.0,0.0,0.0,ours_sd3,Ours (SD3),,0.0012334134662523866,0.0012334134662523866,50.20586287119664,0.0030882102240325842,,/cluster/users/grad/2025/25t8103/project/outputs/flowedit135_ablation_metric_runs_20260624/fe_129_gray_bird_3_sculpture/ours_sd3/seed_10/result.png,4.379910945892334,fe_129_gray_bird_3_sculpture/ours_sd3/seed_10,,10,/cluster/users/grad/2025/25t8103/project/_baselines/src/FlowEdit/Data/Images/gray_bird.png,0.06319694966077805,A small blue and gray bird perched on a wooden fence or post. The bird is positioned towards the left side of the image,16.383545769678367,0.1516431200784224,0.7972371237835167,0.7972371237835167,A small sculpture of a blue and gray bird perched on a wooden fence or post. The sculpture is positioned towards the left side of the image,fe_129_gray_bird_3_sculpture
0.0,0.0,0.0,0.0,0.0,0.0,0.0,0.0,0.0,0.0,31,0.9999921917915344,0.0012117718579247594,0.0007234154618345201,0.07234154618345201,0.2613525390625,50.28582503287091,0.9980433583259583,0.9980433583259583,0.1402193009853363,0.7897065281867981,0.27665215730667114,0.28891095519065857,0.012258797883987427,0.28891095519065857,True,0.7386474609375,0.2962172329425812,0.012258797883987427,0.6410293579101562,,,F5,T5_same_color_material,1.3668174764591494,0.0,0.6410293579101562,129,0.1401613882243725,0.10085183382034302,0.10085183382034302,14.243405665273983,0.1940125021513064,5.986658096313477,a sculpture wooden of a bird,0.27665215730667114,0.24804411828517914,0.28891095519065857,0.012258797883987427,0.28891095519065857,"0,0,512,512",0.26342055201530457,0.0010366537608206272,/cluster/users/grad/2025/25t8103/project/data/flowedit_compatible_135/eval_masks/fe_129_gray_bird_3_sculpture_eval_mask.png,fixed_eval_mask,0.0,0.0,0.0,0.0,sd3abl_adaptive,SD3 w/o adaptive controller,,0.0012333993799984455,0.0012333993799984455,50.20603640875059,0.0030881485245271706,,/cluster/users/grad/2025/25t8103/project/outputs/flowedit135_ablation_metric_runs_20260624/fe_129_gray_bird_3_sculpture/sd3abl_adaptive/seed_10/result.png,4.379998207092285,fe_129_gray_bird_3_sculpture/sd3abl_adaptive/seed_10,,10,/cluster/users/grad/2025/25t8103/project/_baselines/src/FlowEdit/Data/Images/gray_bird.png,0.06509175896644592,A small blue and gray bird perched on a wooden fence or post. The bird is positioned towards the left side of the image,16.17400946165328,0.15534580391734862,0.7989827761113604,0.7989827761113604,A small sculpture of a blue and gray bird perched on a wooden fence or post. The sculpture is positioned towards the left side of the image,fe_129_gray_bird_3_sculpture
0.0,0.0,0.0,0.0,0.0,0.0,0.0,0.0,0.0,0.0,31,0.9998095631599426,0.010999666526913643,0.0062669795006513596,0.626697950065136,0.2613525390625,33.72655549869662,0.9532378911972046,0.9532378911972046,0.14413174986839294,0.772190272808075,0.2626972794532776,0.2778686285018921,0.015171349048614502,0.2778686285018921,True,0.7386474609375,0.3504406213760376,0.015171349048614502,0.6410293579101562,,,F5,T5_same_color_material,1.5327621375176552,0.0,0.6410293579101562,129,0.12910462860475358,0.1027747318148613,0.1027747318148613,14.422327596961196,0.19005689076680019,6.347202777862549,a sculpture wooden of a bird,0.2626972794532776,0.22707892954349518,0.2778686285018921,0.015171349048614502,0.2778686285018921,"0,0,512,512",0.27340933680534363,0.009258189238607883,/cluster/users/grad/2025/25t8103/project/data/flowedit_compatible_135/eval_masks/fe_129_gray_bird_3_sculpture_eval_mask.png,fixed_eval_mask,0.0,0.0,0.0,0.0,sd3abl_nofinal,SD3 w/o final restore,,0.011100665666162968,0.011100665666162968,33.57294706614325,0.020958135636641385,,/cluster/users/grad/2025/25t8103/project/outputs/flowedit135_ablation_metric_runs_20260624/fe_129_gray_bird_3_sculpture/sd3abl_nofinal/seed_10/result.png,4.141022682189941,fe_129_gray_bird_3_sculpture/sd3abl_nofinal/seed_10,,10,/cluster/users/grad/2025/25t8103/project/_baselines/src/FlowEdit/Data/Images/gray_bird.png,0.06986644119024277,A small blue and gray bird perched on a wooden fence or post. The bird is positioned towards the left side of the image,16.32407616212456,0.15268493618063794,0.76710975134386,0.76710975134386,A small sculpture of a blue and gray bird perched on a wooden fence or post. The sculpture is positioned towards the left side of the image,fe_129_gray_bird_3_sculpture
0.0,0.0,0.0,0.0,0.0,0.0,0.0,0.0,0.0,0.0,31,0.9999921917915344,0.0012117718579247594,0.0007234154618345201,0.07234154618345201,0.2613525390625,50.28582503287091,0.9980433583259583,0.9980433583259583,0.15467306971549988,0.7776323556900024,0.2713499069213867,0.2895427942276001,0.01819288730621338,0.2895427942276001,True,0.7386474609375,0.35991519689559937,0.01819288730621338,0.6410293579101562,,,F5,T5_same_color_material,1.461011434842908,0.0,0.6410293579101562,129,0.12927720450839672,0.09810159355401993,0.09810159355401993,14.448659793474981,0.18948158561633285,6.399105548858643,a sculpture wooden of a bird,0.2713499069213867,0.2390250712633133,0.2895427942276001,0.01819288730621338,0.2895427942276001,"0,0,512,512",0.2544141709804535,0.0010366924107074738,/cluster/users/grad/2025/25t8103/project/data/flowedit_compatible_135/eval_masks/fe_129_gray_bird_3_sculpture_eval_mask.png,fixed_eval_mask,0.0,0.0,0.0,0.0,sd3abl_opsupport,SD3 w/o operation support,,0.0012334134662523866,0.0012334134662523866,50.20586287119664,0.0030882102240325842,,/cluster/users/grad/2025/25t8103/project/outputs/flowedit135_ablation_metric_runs_20260624/fe_129_gray_bird_3_sculpture/sd3abl_opsupport/seed_10/result.png,4.3799147605896,fe_129_gray_bird_3_sculpture/sd3abl_opsupport/seed_10,,10,/cluster/users/grad/2025/25t8103/project/_baselines/src/FlowEdit/Data/Images/gray_bird.png,0.06332875043153763,A small blue and gray bird perched on a wooden fence or post. The bird is positioned towards the left side of the image,16.379234756624008,0.15171840283661556,0.7971424031873429,0.7971424031873429,A small sculpture of a blue and gray bird perched on a wooden fence or post. The sculpture is positioned towards the left side of the image,fe_129_gray_bird_3_sculpture
0.0,0.0,0.0,0.0,0.0,0.0,0.0,0.0,0.0,0.0,31,1.0000001192092896,0.0007553912582807243,4.106543929083273e-05,0.004106543929083273,0.025447845458984375,55.27018423620711,0.9970622062683105,0.9970622062683105,0.35112208127975464,0.7455095648765564,0.3313465714454651,0.40705227851867676,0.07570570707321167,0.40705227851867676,True,0.9745521545410156,0.5966269969940186,0.07570570707321167,0.9446830749511719,,,F3,T3_surface_decal,5.931323126132088,0.0,0.9446830749511719,134,0.08573632204423302,0.05790743976831436,0.05790743976831436,18.10343277467224,0.12440228608597491,4.689939022064209,a eccv on the paper,0.3313465714454651,0.2763323187828064,0.40705227851867676,0.07570570707321167,0.40705227851867676,"0,0,512,512",0.3312791585922241,0.00017543829744681716,/cluster/users/grad/2025/25t8103/project/data/flowedit_compatible_135/eval_masks/fe_134_groceries_4_eccv_eval_mask.png,fixed_eval_mask,0.0,0.0,0.0,0.0,fluxabl_adaptive,FLUX w/o adaptive controller,,0.00076064164750278,0.00076064164750278,54.535147292042524,0.0018760423388965595,,/cluster/users/grad/2025/25t8103/project/outputs/flowedit135_ablation_metric_runs_20260624/fe_134_groceries_4_eccv/fluxabl_adaptive/seed_10/result.png,0.7907070517539978,fe_134_groceries_4_eccv/fluxabl_adaptive/seed_10,,10,/cluster/users/grad/2025/25t8103/project/_baselines/src/FlowEdit/Data/Images/groceries.png,0.05474625155329704,"A grocery list writing on a piece of brown paper with a black marker, which includes BREAD, EGGS, and MILK. The grocery list is attached to a wall or refrigerator with a magnet. The magnet is red and white, possibly in the shape of a phone booth in London.",18.35051533679668,0.12091334425152213,0.7927603266410268,0.7927603266410268,"A grocery list writing on a piece of brown paper with a black marker, which includes ECCV, EGGS, and MILK. The grocery list is attached to a wall or refrigerator with a magnet. The magnet is red and white, possibly in the shape of a phone booth in London.",fe_134_groceries_4_eccv
0.0,0.0,0.0,0.0,0.0,0.0,0.0,0.0,0.0,0.0,31,1.0000001192092896,0.00685182074084878,0.00024994098930619657,0.024994098930619657,0.025447845458984375,41.89230160272717,0.9807842373847961,0.9807842373847961,0.40943872928619385,0.7069711685180664,0.29105883836746216,0.3886614441871643,0.09760260581970215,0.3886614441871643,True,0.9745521545410156,0.8096669912338257,0.09760260581970215,0.9446830749511719,,,F3,T3_surface_decal,4.289721115291834,0.0,0.9446830749511719,134,0.0700847591088785,0.04183589667081833,0.04183589667081833,19.485838988992402,0.10609820844611134,4.637591361999512,a eccv on the paper,0.29105883836746216,0.294439435005188,0.3886614441871643,0.09760260581970215,0.3886614441871643,"0,0,512,512",0.2466844767332077,0.00045370322186499834,/cluster/users/grad/2025/25t8103/project/data/flowedit_compatible_135/eval_masks/fe_134_groceries_4_eccv_eval_mask.png,fixed_eval_mask,0.0,0.0,0.0,0.0,fluxabl_nofinal,FLUX w/o final restore,,0.0068665980361402035,0.0068665980361402035,41.905580997315795,0.008030099935094214,,/cluster/users/grad/2025/25t8103/project/outputs/flowedit135_ablation_metric_runs_20260624/fe_134_groceries_4_eccv/fluxabl_nofinal/seed_10/result.png,1.0810939073562622,fe_134_groceries_4_eccv/fluxabl_nofinal/seed_10,,10,/cluster/users/grad/2025/25t8103/project/_baselines/src/FlowEdit/Data/Images/groceries.png,0.0399014912545681,"A grocery list writing on a piece of brown paper with a black marker, which includes BREAD, EGGS, and MILK. The grocery list is attached to a wall or refrigerator with a magnet. The magnet is red and white, possibly in the shape of a phone booth in London.",19.731523529329184,0.10313921545048235,0.8237595417079562,0.8237595417079562,"A grocery list writing on a piece of brown paper with a black marker, which includes ECCV, EGGS, and MILK. The grocery list is attached to a wall or refrigerator with a magnet. The magnet is red and white, possibly in the shape of a phone booth in London.",fe_134_groceries_4_eccv
0.0,0.0,0.0,0.0,0.0,0.0,0.0,0.0,0.0,0.0,31,1.0000001192092896,0.0007553912582807243,4.106543929083273e-05,0.004106543929083273,0.025447845458984375,55.27018423620711,0.9970622062683105,0.9970622062683105,0.2358378916978836,0.7518389225006104,0.37203967571258545,0.41987839341163635,0.0478387176990509,0.41987839341163635,True,0.9745521545410156,0.6275098919868469,0.0478387176990509,0.9446830749511719,,,F3,T3_surface_decal,7.869814811416042,0.0,0.9446830749511719,134,0.1996503030572235,0.11701967567205429,0.11701967567205429,15.00794163725037,0.17766542459650764,6.185061931610107,a eccv on the paper,0.37203967571258545,0.22426488995552063,0.41987839341163635,0.0478387176990509,0.41987839341163635,"0,0,512,512",0.4685995876789093,0.00017535882943775505,/cluster/users/grad/2025/25t8103/project/data/flowedit_compatible_135/eval_masks/fe_134_groceries_4_eccv_eval_mask.png,fixed_eval_mask,0.0,0.0,0.0,0.0,fluxabl_opsupport,FLUX w/o operation support,,0.0007618135423399508,0.0007618135423399508,54.36281776623445,0.001913635027091866,,/cluster/users/grad/2025/25t8103/project/outputs/flowedit135_ablation_metric_runs_20260624/fe_134_groceries_4_eccv/fluxabl_opsupport/seed_10/result.png,0.7859221696853638,fe_134_groceries_4_eccv/fluxabl_opsupport/seed_10,,10,/cluster/users/grad/2025/25t8103/project/_baselines/src/FlowEdit/Data/Images/groceries.png,0.11058864742517471,"A grocery list writing on a piece of brown paper with a black marker, which includes BREAD, EGGS, and MILK. The grocery list is attached to a wall or refrigerator with a magnet. The magnet is red and white, possibly in the shape of a phone booth in London.",15.255050999437668,0.17268215110307877,0.6488282434008337,0.6488282434008337,"A grocery list writing on a piece of brown paper with a black marker, which includes ECCV, EGGS, and MILK. The grocery list is attached to a wall or refrigerator with a magnet. The magnet is red and white, possibly in the shape of a phone booth in London.",fe_134_groceries_4_eccv
0.0,0.0,0.0,0.0,0.0,0.0,0.0,0.0,0.0,0.0,31,1.0000001192092896,0.0007553912582807243,4.106543929083273e-05,0.004106543929083273,0.025447845458984375,55.27018423620711,0.9970622062683105,0.9970622062683105,0.4052673280239105,0.6939225196838379,0.275933176279068,0.3741374611854553,0.09820428490638733,0.3741374611854553,True,0.9745521545410156,0.7893110513687134,0.09820428490638733,0.9446830749511719,,,F3,T3_surface_decal,5.837723457732149,0.0,0.9446830749511719,134,0.08675391591928704,0.040423423051834106,0.040423423051834106,19.504915950370833,0.10586543892809913,4.607544422149658,a eccv on the paper,0.275933176279068,0.29726219177246094,0.3741374611854553,0.09820428490638733,0.3741374611854553,"0,0,512,512",0.24181392788887024,0.0001751498057274148,/cluster/users/grad/2025/25t8103/project/data/flowedit_compatible_135/eval_masks/fe_134_groceries_4_eccv_eval_mask.png,fixed_eval_mask,0.0,0.0,0.0,0.0,ours_flux,Ours (FLUX),,0.0007588387816213071,0.0007588387816213071,55.02991048391358,0.0017721663088457564,,/cluster/users/grad/2025/25t8103/project/outputs/flowedit135_ablation_metric_runs_20260624/fe_134_groceries_4_eccv/ours_flux/seed_10/result.png,0.7892707586288452,fe_134_groceries_4_eccv/ours_flux/seed_10,,10,/cluster/users/grad/2025/25t8103/project/_baselines/src/FlowEdit/Data/Images/groceries.png,0.03822929784655571,"A grocery list writing on a piece of brown paper with a black marker, which includes BREAD, EGGS, and MILK. The grocery list is attached to a wall or refrigerator with a magnet. The magnet is red and white, possibly in the shape of a phone booth in London.",19.751983846699787,0.10289654858800068,0.8282753914963225,0.8282753914963225,"A grocery list writing on a piece of brown paper with a black marker, which includes ECCV, EGGS, and MILK. The grocery list is attached to a wall or refrigerator with a magnet. The magnet is red and white, possibly in the shape of a phone booth in London.",fe_134_groceries_4_eccv
0.0,0.0,0.0,0.0,0.0,0.0,0.0,0.0,0.0,0.0,31,1.0000001192092896,0.0006082320469431579,2.310617310286034e-05,0.002310617310286034,0.025447845458984375,56.21632185392713,0.9975287914276123,0.9975287914276123,0.25798213481903076,0.7802228331565857,0.41816821694374084,0.46990010142326355,0.051731884479522705,0.46990010142326355,True,0.9745521545410156,0.859663724899292,0.051731884479522705,0.9446830749511719,,,F3,T3_surface_decal,4.271931585583466,0.0,0.9446830749511719,134,0.0861683956340377,0.030115382745862007,0.030115382745862007,21.042922964457524,0.08868575176602049,4.548257350921631,a eccv on the paper,0.41816821694374084,0.2143922746181488,0.46990010142326355,0.051731884479522705,0.46990010142326355,"0,0,512,512",0.17392104864120483,7.910218846518546e-05,/cluster/users/grad/2025/25t8103/project/data/flowedit_compatible_135/eval_masks/fe_134_groceries_4_eccv_eval_mask.png,fixed_eval_mask,0.0,0.0,0.0,0.0,ours_sd3,Ours (SD3),,0.0006157789612188935,0.0006157789612188935,56.135695040331576,0.0015603256504206284,,/cluster/users/grad/2025/25t8103/project/outputs/flowedit135_ablation_metric_runs_20260624/fe_134_groceries_4_eccv/ours_sd3/seed_10/result.png,1.0646840333938599,fe_134_groceries_4_eccv/ours_sd3/seed_10,,10,/cluster/users/grad/2025/25t8103/project/_baselines/src/FlowEdit/Data/Images/groceries.png,0.028483549132943153,"A grocery list writing on a piece of brown paper with a black marker, which includes BREAD, EGGS, and MILK. The grocery list is attached to a wall or refrigerator with a magnet. The magnet is red and white, possibly in the shape of a phone booth in London.",21.28998352989903,0.08619872131961295,0.8730740343393122,0.8730740343393122,"A grocery list writing on a piece of brown paper with a black marker, which includes ECCV, EGGS, and MILK. The grocery list is attached to a wall or refrigerator with a magnet. The magnet is red and white, possibly in the shape of a phone booth in London.",fe_134_groceries_4_eccv
0.0,0.0,0.0,0.0,0.0,0.0,0.0,0.0,0.0,0.0,31,1.0000001192092896,0.0006082320469431579,2.310617310286034e-05,0.002310617310286034,0.025447845458984375,56.21632185392713,0.9975287914276123,0.9975287914276123,0.2787242531776428,0.7646478414535522,0.4105188846588135,0.4693431258201599,0.058824241161346436,0.4693431258201599,True,0.9745521545410156,0.8622341156005859,0.058824241161346436,0.9446830749511719,,,F3,T3_surface_decal,4.251168457781286,0.0,0.9446830749511719,134,0.08614820527937393,0.030020998790860176,0.030020998790860176,21.09476807592683,0.08815797304750131,4.526151180267334,a eccv on the paper,0.4105188846588135,0.22782032191753387,0.4693431258201599,0.058824241161346436,0.4693431258201599,"0,0,512,512",0.1748170107603073,7.910218846518546e-05,/cluster/users/grad/2025/25t8103/project/data/flowedit_compatible_135/eval_masks/fe_134_groceries_4_eccv_eval_mask.png,fixed_eval_mask,0.0,0.0,0.0,0.0,sd3abl_adaptive,SD3 w/o adaptive controller,,0.0006157789612188935,0.0006157789612188935,56.135695040331576,0.0015603256504206284,,/cluster/users/grad/2025/25t8103/project/outputs/flowedit135_ablation_metric_runs_20260624/fe_134_groceries_4_eccv/sd3abl_adaptive/seed_10/result.png,1.0646840333938599,fe_134_groceries_4_eccv/sd3abl_adaptive/seed_10,,10,/cluster/users/grad/2025/25t8103/project/_baselines/src/FlowEdit/Data/Images/groceries.png,0.028394391760230064,"A grocery list writing on a piece of brown paper with a black marker, which includes BREAD, EGGS, and MILK. The grocery list is attached to a wall or refrigerator with a magnet. The magnet is red and white, possibly in the shape of a phone booth in London.",21.34182560813805,0.0856857731170043,0.8735161121678533,0.8735161121678533,"A grocery list writing on a piece of brown paper with a black marker, which includes ECCV, EGGS, and MILK. The grocery list is attached to a wall or refrigerator with a magnet. The magnet is red and white, possibly in the shape of a phone booth in London.",fe_134_groceries_4_eccv
0.0,0.0,0.0,0.0,0.0,0.0,0.0,0.0,0.0,0.0,31,1.0000001192092896,0.006138166878372431,0.00017129996558651328,0.017129996558651328,0.025447845458984375,42.384693824078276,0.9740832448005676,0.9740832448005676,0.2319011390209198,0.7751076221466064,0.41968342661857605,0.4657900333404541,0.04610660672187805,0.4657900333404541,True,0.9745521545410156,0.8558670282363892,0.04610660672187805,0.9446830749511719,,,F3,T3_surface_decal,4.387447317451629,0.0,0.9446830749511719,134,0.0819809160767718,0.030998241156339645,0.030998241156339645,21.017340839145852,0.08894733859716937,4.540998935699463,a eccv on the paper,0.41968342661857605,0.20342595875263214,0.4657900333404541,0.04610660672187805,0.4657900333404541,"0,0,512,512",0.17452552914619446,0.0003601294301915914,/cluster/users/grad/2025/25t8103/project/data/flowedit_compatible_135/eval_masks/fe_134_groceries_4_eccv_eval_mask.png,fixed_eval_mask,0.0,0.0,0.0,0.0,sd3abl_nofinal,SD3 w/o final restore,,0.005950908176600933,0.005950908176600933,42.61837051494436,0.007397440390589792,,/cluster/users/grad/2025/25t8103/project/outputs/flowedit135_ablation_metric_runs_20260624/fe_134_groceries_4_eccv/sd3abl_nofinal/seed_10/result.png,1.0349979400634766,fe_134_groceries_4_eccv/sd3abl_nofinal/seed_10,,10,/cluster/users/grad/2025/25t8103/project/_baselines/src/FlowEdit/Data/Images/groceries.png,0.0296127051115036,"A grocery list writing on a piece of brown paper with a black marker, which includes BREAD, EGGS, and MILK. The grocery list is attached to a wall or refrigerator with a magnet. The magnet is red and white, possibly in the shape of a phone booth in London.",21.262722470743416,0.08646968491510337,0.8688728008667936,0.8688728008667936,"A grocery list writing on a piece of brown paper with a black marker, which includes ECCV, EGGS, and MILK. The grocery list is attached to a wall or refrigerator with a magnet. The magnet is red and white, possibly in the shape of a phone booth in London.",fe_134_groceries_4_eccv
0.0,0.0,0.0,0.0,0.0,0.0,0.0,0.0,0.0,0.0,31,1.0000001192092896,0.0006082320469431579,2.310617310286034e-05,0.002310617310286034,0.025447845458984375,56.21632185392713,0.9975287914276123,0.9975287914276123,0.03441677242517471,0.9886569976806641,0.3738337755203247,0.3656603991985321,-0.008173376321792603,0.3656603991985321,True,0.9745521545410156,0.9655710458755493,-0.008173376321792603,0.9446830749511719,,,F3,T3_surface_decal,4.030832435681135,0.0,0.9446830749511719,134,0.0909454335474857,0.008808479644358158,0.008808479644358158,37.561183147954715,0.01324161152374736,4.291762828826904,a eccv on the paper,0.3738337755203247,0.14501667022705078,0.3656603991985321,-0.008173376321792603,0.3656603991985321,"0,0,512,512",0.044880758970975876,7.910751446615905e-05,/cluster/users/grad/2025/25t8103/project/data/flowedit_compatible_135/eval_masks/fe_134_groceries_4_eccv_eval_mask.png,fixed_eval_mask,0.0,0.0,0.0,0.0,sd3abl_opsupport,SD3 w/o operation support,,0.0006159592885524035,0.0006159592885524035,56.125617128545855,0.0015621370883859337,,/cluster/users/grad/2025/25t8103/project/outputs/flowedit135_ablation_metric_runs_20260624/fe_134_groceries_4_eccv/sd3abl_opsupport/seed_10/result.png,1.064733624458313,fe_134_groceries_4_eccv/sd3abl_opsupport/seed_10,,10,/cluster/users/grad/2025/25t8103/project/_baselines/src/FlowEdit/Data/Images/groceries.png,0.008355294354259968,"A grocery list writing on a piece of brown paper with a black marker, which includes BREAD, EGGS, and MILK. The grocery list is attached to a wall or refrigerator with a magnet. The magnet is red and white, possibly in the shape of a phone booth in London.",37.80478342702819,0.012875402920226004,0.9432200418052803,0.9432200418052803,"A grocery list writing on a piece of brown paper with a black marker, which includes ECCV, EGGS, and MILK. The grocery list is attached to a wall or refrigerator with a magnet. The magnet is red and white, possibly in the shape of a phone booth in London.",fe_134_groceries_4_eccv
0.0,0.0,0.0,0.0,0.0,0.0,0.0,0.0,0.0,0.0,31,0.9999039769172668,0.004560427274554968,0.004480419680476189,0.44804196804761887,0.2257080078125,41.23544193647732,0.9918695688247681,0.9918695688247681,-0.023645548149943352,0.9358770847320557,0.2944067716598511,0.2528078258037567,-0.04159894585609436,0.2528078258037567,True,0.7742919921875,0.789472758769989,-0.04159894585609436,0.695404052734375,,,F4,T4_local_recolor,0.7139794236214854,0.0,0.695404052734375,140,0.1520384429718699,0.03657301515340805,0.03657301515340805,22.226844392520256,0.07738517701774321,7.0725202560424805,a brown horse,0.2944067716598511,0.21140286326408386,0.2528078258037567,-0.04159894585609436,0.2528078258037567,"0,0,512,512",0.07823149859905243,0.006650517228990793,/cluster/users/grad/2025/25t8103/project/data/flowedit_compatible_135/eval_masks/fe_140_horse_4_brown_horse_eval_mask.png,fixed_eval_mask,0.0,0.0,0.0,0.0,fluxabl_adaptive,FLUX w/o adaptive controller,,0.005246160086244345,0.005246160086244345,39.691179720051096,0.010361938587226244,,/cluster/users/grad/2025/25t8103/project/outputs/flowedit135_ablation_metric_runs_20260624/fe_140_horse_4_brown_horse/fluxabl_adaptive/seed_10/result.png,9.905776023864746,fe_140_horse_4_brown_horse/fluxabl_adaptive/seed_10,,10,/cluster/users/grad/2025/25t8103/project/_baselines/src/FlowEdit/Data/Images/horse.png,0.027030983939766884,"A white horse running through a grassy field. The horse appears to be galloping, creating a sense of motion and energy in the image. The field is surrounded by a forest, with trees visible in the background. The overall atmosphere of the scene is lively and dynamic, capturing the horse''s freedom and grace as it moves through the natural environment.",23.770497975028903,0.06478509519411418,0.9365669262973566,0.9365669262973566,"A brown horse running through a grassy field. The horse appears to be galloping, creating a sense of motion and energy in the image. The field is surrounded by a forest, with trees visible in the background. The overall atmosphere of the scene is lively and dynamic, capturing the horse''s freedom and grace as it moves through the natural environment.",fe_140_horse_4_brown_horse
0.0,0.0,0.0,0.0,0.0,0.0,0.0,0.0,0.0,0.0,31,0.9999122619628906,0.019318535923957825,0.00789499282836914,0.7894992828369141,0.2257080078125,29.12247494892675,0.9059525728225708,0.9059525728225708,0.012305159121751785,0.9842703342437744,0.30014568567276,0.26314684748649597,-0.03699883818626404,0.26314684748649597,True,0.7742919921875,0.9084413051605225,-0.03699883818626404,0.695404052734375,,,F4,T4_local_recolor,0.6281631964836294,0.0,0.695404052734375,140,0.15988282792820468,0.03659506514668465,0.03659506514668465,23.37632998063924,0.06779278896662931,7.834020137786865,a brown horse,0.30014568567276,0.2167591005563736,0.26314684748649597,-0.03699883818626404,0.26314684748649597,"0,0,512,512",0.06629027426242828,0.011709671467542648,/cluster/users/grad/2025/25t8103/project/data/flowedit_compatible_135/eval_masks/fe_140_horse_4_brown_horse_eval_mask.png,fixed_eval_mask,0.0,0.0,0.0,0.0,fluxabl_nofinal,FLUX w/o final restore,,0.02175070531666279,0.02175070531666279,27.75083660979635,0.04096926470292452,,/cluster/users/grad/2025/25t8103/project/outputs/flowedit135_ablation_metric_runs_20260624/fe_140_horse_4_brown_horse/fluxabl_nofinal/seed_10/result.png,12.4713134765625,fe_140_horse_4_brown_horse/fluxabl_nofinal/seed_10,,10,/cluster/users/grad/2025/25t8103/project/_baselines/src/FlowEdit/Data/Images/horse.png,0.03207352012395859,"A white horse running through a grassy field. The horse appears to be galloping, creating a sense of motion and energy in the image. The field is surrounded by a forest, with trees visible in the background. The overall atmosphere of the scene is lively and dynamic, capturing the horse''s freedom and grace as it moves through the natural environment.",24.30949285578258,0.0608871094962854,0.9060032741694204,0.9060032741694204,"A brown horse running through a grassy field. The horse appears to be galloping, creating a sense of motion and energy in the image. The field is surrounded by a forest, with trees visible in the background. The overall atmosphere of the scene is lively and dynamic, capturing the horse''s freedom and grace as it moves through the natural environment.",fe_140_horse_4_brown_horse
0.0,0.0,0.0,0.0,0.0,0.0,0.0,0.0,0.0,0.0,31,0.9999039769172668,0.004560427274554968,0.004480419680476189,0.44804196804761887,0.2257080078125,41.23544193647732,0.9918695688247681,0.9918695688247681,0.04032235965132713,0.9822667241096497,0.2973599433898926,0.26277586817741394,-0.03458407521247864,0.26277586817741394,True,0.7742919921875,0.911978542804718,-0.03458407521247864,0.695404052734375,,,F4,T4_local_recolor,0.7226522218870798,0.0,0.695404052734375,140,0.1636953087286611,0.03135201707482338,0.03135201707482338,23.323885924495652,0.06820334952821075,7.158431053161621,a brown horse,0.2973599433898926,0.22218121588230133,0.26277586817741394,-0.03458407521247864,0.26277586817741394,"0,0,512,512",0.05766092985868454,0.006650517228990793,/cluster/users/grad/2025/25t8103/project/data/flowedit_compatible_135/eval_masks/fe_140_horse_4_brown_horse_eval_mask.png,fixed_eval_mask,0.0,0.0,0.0,0.0,fluxabl_opsupport,FLUX w/o operation support,,0.005246160086244345,0.005246160086244345,39.691179720051096,0.010361938587226244,,/cluster/users/grad/2025/25t8103/project/outputs/flowedit135_ablation_metric_runs_20260624/fe_140_horse_4_brown_horse/fluxabl_opsupport/seed_10/result.png,9.905776023864746,fe_140_horse_4_brown_horse/fluxabl_opsupport/seed_10,,10,/cluster/users/grad/2025/25t8103/project/_baselines/src/FlowEdit/Data/Images/horse.png,0.023400286212563515,"A white horse running through a grassy field. The horse appears to be galloping, creating a sense of motion and energy in the image. The field is surrounded by a forest, with trees visible in the background. The overall atmosphere of the scene is lively and dynamic, capturing the horse''s freedom and grace as it moves through the natural environment.",24.85782566768514,0.05716217124026617,0.9545402084873778,0.9545402084873778,"A brown horse running through a grassy field. The horse appears to be galloping, creating a sense of motion and energy in the image. The field is surrounded by a forest, with trees visible in the background. The overall atmosphere of the scene is lively and dynamic, capturing the horse''s freedom and grace as it moves through the natural environment.",fe_140_horse_4_brown_horse
0.0,0.0,0.0,0.0,0.0,0.0,0.0,0.0,0.0,0.0,31,0.9999039769172668,0.004560427274554968,0.004480419680476189,0.44804196804761887,0.2257080078125,41.23544193647732,0.9918695688247681,0.9918695688247681,0.02592267282307148,0.9825729131698608,0.29818397760391235,0.26241546869277954,-0.03576850891113281,0.26241546869277954,True,0.7742919921875,0.9101083278656006,-0.03576850891113281,0.695404052734375,,,F4,T4_local_recolor,0.7252980877271201,0.0,0.695404052734375,140,0.1635636547154079,0.030029810965061188,0.030029810965061188,23.673724143412358,0.06551093423328268,7.184640407562256,a brown horse,0.29818397760391235,0.2185754030942917,0.26241546869277954,-0.03576850891113281,0.26241546869277954,"0,0,512,512",0.05737678334116936,0.006650517228990793,/cluster/users/grad/2025/25t8103/project/data/flowedit_compatible_135/eval_masks/fe_140_horse_4_brown_horse_eval_mask.png,fixed_eval_mask,0.0,0.0,0.0,0.0,ours_flux,Ours (FLUX),,0.005246160086244345,0.005246160086244345,39.691179720051096,0.010361938587226244,,/cluster/users/grad/2025/25t8103/project/outputs/flowedit135_ablation_metric_runs_20260624/fe_140_horse_4_brown_horse/ours_flux/seed_10/result.png,9.905776023864746,fe_140_horse_4_brown_horse/ours_flux/seed_10,,10,/cluster/users/grad/2025/25t8103/project/_baselines/src/FlowEdit/Data/Images/horse.png,0.022480815649032593,"A white horse running through a grassy field. The horse appears to be galloping, creating a sense of motion and energy in the image. The field is surrounded by a forest, with trees visible in the background. The overall atmosphere of the scene is lively and dynamic, capturing the horse''s freedom and grace as it moves through the natural environment.",25.204018102883342,0.054928671438715784,0.9543528345777693,0.9543528345777693,"A brown horse running through a grassy field. The horse appears to be galloping, creating a sense of motion and energy in the image. The field is surrounded by a forest, with trees visible in the background. The overall atmosphere of the scene is lively and dynamic, capturing the horse''s freedom and grace as it moves through the natural environment.",fe_140_horse_4_brown_horse
0.0,0.0,0.0,0.0,0.0,0.0,0.0,0.0,0.0,0.0,31,0.9999801516532898,0.00263777538202703,0.0010648046154528856,0.10648046154528856,0.2257080078125,45.73406530539502,0.997340977191925,0.997340977191925,0.1671430468559265,0.9669449925422668,0.2850928008556366,0.2676073908805847,-0.01748540997505188,0.2676073908805847,True,0.7742919921875,0.8996334075927734,-0.01748540997505188,0.695404052734375,,,F4,T4_local_recolor,0.5909015867893848,0.0,0.695404052734375,140,0.1341993241760653,0.03329291567206383,0.03329291567206383,22.402917446920515,0.0758322824131978,7.369626045227051,a brown horse,0.2850928008556366,0.23635058104991913,0.2676073908805847,-0.01748540997505188,0.2676073908805847,"0,0,512,512",0.06536563485860825,0.001643141731619835,/cluster/users/grad/2025/25t8103/project/data/flowedit_compatible_135/eval_masks/fe_140_horse_4_brown_horse_eval_mask.png,fixed_eval_mask,0.0,0.0,0.0,0.0,ours_sd3,Ours (SD3),,0.003019446274265647,0.003019446274265647,44.30126981800659,0.006094477936035854,,/cluster/users/grad/2025/25t8103/project/outputs/flowedit135_ablation_metric_runs_20260624/fe_140_horse_4_brown_horse/ours_sd3/seed_10/result.png,12.471833229064941,fe_140_horse_4_brown_horse/ours_sd3/seed_10,,10,/cluster/users/grad/2025/25t8103/project/_baselines/src/FlowEdit/Data/Images/horse.png,0.024071738123893738,"A white horse running through a grassy field. The horse appears to be galloping, creating a sense of motion and energy in the image. The field is surrounded by a forest, with trees visible in the background. The overall atmosphere of the scene is lively and dynamic, capturing the horse''s freedom and grace as it moves through the natural environment.",23.96827710308692,0.06332659612537705,0.9606889058863881,0.9606889058863881,"A brown horse running through a grassy field. The horse appears to be galloping, creating a sense of motion and energy in the image. The field is surrounded by a forest, with trees visible in the background. The overall atmosphere of the scene is lively and dynamic, capturing the horse''s freedom and grace as it moves through the natural environment.",fe_140_horse_4_brown_horse
0.0,0.0,0.0,0.0,0.0,0.0,0.0,0.0,0.0,0.0,31,0.9999801516532898,0.00263777538202703,0.0010648046154528856,0.10648046154528856,0.2257080078125,45.73406530539502,0.997340977191925,0.997340977191925,0.1672397404909134,0.9671494960784912,0.28643807768821716,0.26872703433036804,-0.01771104335784912,0.26872703433036804,True,0.7742919921875,0.898439347743988,-0.01771104335784912,0.695404052734375,,,F4,T4_local_recolor,0.5926703658489494,0.0,0.695404052734375,140,0.13463817088690921,0.03334081172943115,0.03334081172943115,22.35906753043871,0.0762160827047619,7.391685962677002,a brown horse,0.28643807768821716,0.23671123385429382,0.26872703433036804,-0.01771104335784912,0.26872703433036804,"0,0,512,512",0.06664679199457169,0.001643141731619835,/cluster/users/grad/2025/25t8103/project/data/flowedit_compatible_135/eval_masks/fe_140_horse_4_brown_horse_eval_mask.png,fixed_eval_mask,0.0,0.0,0.0,0.0,sd3abl_adaptive,SD3 w/o adaptive controller,,0.003019446274265647,0.003019446274265647,44.30126981800659,0.006094477936035854,,/cluster/users/grad/2025/25t8103/project/outputs/flowedit135_ablation_metric_runs_20260624/fe_140_horse_4_brown_horse/sd3abl_adaptive/seed_10/result.png,12.471833229064941,fe_140_horse_4_brown_horse/sd3abl_adaptive/seed_10,,10,/cluster/users/grad/2025/25t8103/project/_baselines/src/FlowEdit/Data/Images/horse.png,0.024105044081807137,"A white horse running through a grassy field. The horse appears to be galloping, creating a sense of motion and energy in the image. The field is surrounded by a forest, with trees visible in the background. The overall atmosphere of the scene is lively and dynamic, capturing the horse''s freedom and grace as it moves through the natural environment.",23.92455043063721,0.06364619989466479,0.9601530893973126,0.9601530893973126,"A brown horse running through a grassy field. The horse appears to be galloping, creating a sense of motion and energy in the image. The field is surrounded by a forest, with trees visible in the background. The overall atmosphere of the scene is lively and dynamic, capturing the horse''s freedom and grace as it moves through the natural environment.",fe_140_horse_4_brown_horse
0.0,0.0,0.0,0.0,0.0,0.0,0.0,0.0,0.0,0.0,31,0.9997624754905701,0.022865014150738716,0.014686164446175098,1.4686164446175098,0.2257080078125,27.93122365576768,0.8563521504402161,0.8563521504402161,0.1432187855243683,0.9689595103263855,0.2922171354293823,0.2713709771633148,-0.020846158266067505,0.2713709771633148,True,0.7742919921875,0.8974632024765015,-0.020846158266067505,0.695404052734375,,,F4,T4_local_recolor,0.6033726976908558,0.0,0.695404052734375,140,0.12459406679246939,0.0424671545624733,0.0424671545624733,22.13698614204837,0.07818990633788904,7.178956985473633,a brown horse,0.2922171354293823,0.23333795368671417,0.2713709771633148,-0.020846158266067505,0.2713709771633148,"0,0,512,512",0.10487014055252075,0.022789742797613144,/cluster/users/grad/2025/25t8103/project/data/flowedit_compatible_135/eval_masks/fe_140_horse_4_brown_horse_eval_mask.png,fixed_eval_mask,0.0,0.0,0.0,0.0,sd3abl_nofinal,SD3 w/o final restore,,0.02554495632648468,0.02554495632648468,26.592150087492186,0.04681580501356529,,/cluster/users/grad/2025/25t8103/project/outputs/flowedit135_ablation_metric_runs_20260624/fe_140_horse_4_brown_horse/sd3abl_nofinal/seed_10/result.png,11.89804744720459,fe_140_horse_4_brown_horse/sd3abl_nofinal/seed_10,,10,/cluster/users/grad/2025/25t8103/project/_baselines/src/FlowEdit/Data/Images/horse.png,0.03731273114681244,"A white horse running through a grassy field. The horse appears to be galloping, creating a sense of motion and energy in the image. The field is surrounded by a forest, with trees visible in the background. The overall atmosphere of the scene is lively and dynamic, capturing the horse''s freedom and grace as it moves through the natural environment.",23.08118328803267,0.07013597449234708,0.8782464038345262,0.8782464038345262,"A brown horse running through a grassy field. The horse appears to be galloping, creating a sense of motion and energy in the image. The field is surrounded by a forest, with trees visible in the background. The overall atmosphere of the scene is lively and dynamic, capturing the horse''s freedom and grace as it moves through the natural environment.",fe_140_horse_4_brown_horse
0.0,0.0,0.0,0.0,0.0,0.0,0.0,0.0,0.0,0.0,31,0.9999801516532898,0.00263777538202703,0.0010648046154528856,0.10648046154528856,0.2257080078125,45.73406530539502,0.997340977191925,0.997340977191925,0.16148780286312103,0.969569742679596,0.2860076427459717,0.2670365869998932,-0.01897105574607849,0.2670365869998932,True,0.7742919921875,0.9051010608673096,-0.01897105574607849,0.695404052734375,,,F4,T4_local_recolor,0.5904733757899442,0.0,0.695404052734375,140,0.13395795848510114,0.03261726722121239,0.03261726722121239,22.600431105076364,0.07412734489065008,7.364285469055176,a brown horse,0.2860076427459717,0.2344202697277069,0.2670365869998932,-0.01897105574607849,0.2670365869998932,"0,0,512,512",0.06409702450037003,0.001643141731619835,/cluster/users/grad/2025/25t8103/project/data/flowedit_compatible_135/eval_masks/fe_140_horse_4_brown_horse_eval_mask.png,fixed_eval_mask,0.0,0.0,0.0,0.0,sd3abl_opsupport,SD3 w/o operation support,,0.003019446274265647,0.003019446274265647,44.30126981800659,0.006094477936035854,,/cluster/users/grad/2025/25t8103/project/outputs/flowedit135_ablation_metric_runs_20260624/fe_140_horse_4_brown_horse/sd3abl_opsupport/seed_10/result.png,12.471833229064941,fe_140_horse_4_brown_horse/sd3abl_opsupport/seed_10,,10,/cluster/users/grad/2025/25t8103/project/_baselines/src/FlowEdit/Data/Images/horse.png,0.02360188402235508,"A white horse running through a grassy field. The horse appears to be galloping, creating a sense of motion and energy in the image. The field is surrounded by a forest, with trees visible in the background. The overall atmosphere of the scene is lively and dynamic, capturing the horse''s freedom and grace as it moves through the natural environment.",24.16522114990997,0.0619068836538861,0.9611869234445913,0.9611869234445913,"A brown horse running through a grassy field. The horse appears to be galloping, creating a sense of motion and energy in the image. The field is surrounded by a forest, with trees visible in the background. The overall atmosphere of the scene is lively and dynamic, capturing the horse''s freedom and grace as it moves through the natural environment.",fe_140_horse_4_brown_horse
0.0,0.0,0.0,0.0,0.0,0.0,0.0,0.0,0.0,0.0,31,0.9964823722839355,0.008648285642266273,0.04087725281715393,4.087725281715393,0.7865943908691406,28.407863544516538,0.9841997027397156,0.9841997027397156,0.22071461379528046,0.7873356342315674,0.2734343409538269,0.30940893292427063,0.035974591970443726,0.30940893292427063,True,0.21340560913085938,0.9627739787101746,0.035974591970443726,0.15446853637695312,,,F1,T1_attached_accessory,1.0498812685364198,0.0,0.15446853637695312,142,0.4509174425209295,0.023987650871276855,0.023987650871276855,22.641487544004235,0.07377778675949952,8.549224853515625,a lizard wearing a hat,0.25748568773269653,0.28435418009757996,0.28888845443725586,0.031402766704559326,0.28888845443725586,"0,53,512,426",0.06562739610671997,0.04948819428682327,/cluster/users/grad/2025/25t8103/project/data/flowedit_compatible_135/eval_masks/fe_142_iguana_2_blue_lizard_top_hat_eval_mask.png,fixed_eval_mask,0.0,0.0,0.0,0.0,fluxabl_adaptive,FLUX w/o adaptive controller,,0.01033612061291933,0.01033612061291933,27.14538625597215,0.043926913330361875,,/cluster/users/grad/2025/25t8103/project/outputs/flowedit135_ablation_metric_runs_20260624/fe_142_iguana_2_blue_lizard_top_hat/fluxabl_adaptive/seed_10/result.png,8.14303970336914,fe_142_iguana_2_blue_lizard_top_hat/fluxabl_adaptive/seed_10,,10,/cluster/users/grad/2025/25t8103/project/_baselines/src/FlowEdit/Data/Images/iguana.png,0.012444856576621532,"A large orange lizard sitting on a rock near the ocean. The lizard is positioned in the center of the scene, with the ocean waves visible in the background. The rock is located close to the water, providing a picturesque setting for the lizard''s resting spot.",26.06896485363936,0.04972236271328861,0.9680012268765156,0.9680012268765156,"A large blue lizard sitting on a rock near the ocean. The blue lizard is wearing a top hat. The blue lizard is positioned in the center of the scene, with the ocean waves visible in the background. The rock is located close to the water, providing a picturesque setting for the blue lizard''s resting spot.",fe_142_iguana_2_blue_lizard_top_hat
0.0,0.0,0.0,0.0,0.0,0.0,0.0,0.0,0.0,0.0,31,0.9931226968765259,0.02046758122742176,0.05389242619276047,5.389242619276047,0.7865943908691406,26.58587045204737,0.9128867983818054,0.9128867983818054,0.09065668284893036,0.8388217687606812,0.27748823165893555,0.2458667755126953,-0.031621456146240234,0.2458667755126953,True,0.21340560913085938,0.9201018810272217,-0.031621456146240234,0.15446853637695312,,,F1,T1_attached_accessory,1.211377584496691,0.0,0.15446853637695312,142,0.43750771738325145,0.04324362054467201,0.04324362054467201,21.690791998330845,0.08231147801015329,9.881070137023926,a lizard wearing a hat,0.24346309900283813,0.18919637799263,0.21873289346694946,-0.024730205535888672,0.21873289346694946,"0,53,512,426",0.08077581226825714,0.05842500180006027,/cluster/users/grad/2025/25t8103/project/data/flowedit_compatible_135/eval_masks/fe_142_iguana_2_blue_lizard_top_hat_eval_mask.png,fixed_eval_mask,0.0,0.0,0.0,0.0,fluxabl_nofinal,FLUX w/o final restore,,0.021750163286924362,0.021750163286924362,25.883547656161987,0.0507951932801505,,/cluster/users/grad/2025/25t8103/project/outputs/flowedit135_ablation_metric_runs_20260624/fe_142_iguana_2_blue_lizard_top_hat/fluxabl_nofinal/seed_10/result.png,8.15688705444336,fe_142_iguana_2_blue_lizard_top_hat/fluxabl_nofinal/seed_10,,10,/cluster/users/grad/2025/25t8103/project/_baselines/src/FlowEdit/Data/Images/iguana.png,0.02507021464407444,"A large orange lizard sitting on a rock near the ocean. The lizard is positioned in the center of the scene, with the ocean waves visible in the background. The rock is located close to the water, providing a picturesque setting for the lizard''s resting spot.",24.910461267002766,0.05681682180001576,0.89884213837158,0.89884213837158,"A large blue lizard sitting on a rock near the ocean. The blue lizard is wearing a top hat. The blue lizard is positioned in the center of the scene, with the ocean waves visible in the background. The rock is located close to the water, providing a picturesque setting for the blue lizard''s resting spot.",fe_142_iguana_2_blue_lizard_top_hat
0.0,0.0,0.0,0.0,0.0,0.0,0.0,0.0,0.0,0.0,31,0.9946953654289246,0.010561252944171429,0.05255617946386337,5.255617946386337,0.7865943908691406,26.549621883477425,0.9734349250793457,0.9734349250793457,0.2310713529586792,0.7802391052246094,0.26203688979148865,0.30456605553627014,0.042529165744781494,0.30456605553627014,True,0.21340560913085938,0.9717185497283936,0.042529165744781494,0.15446853637695312,,,F1,T1_attached_accessory,1.0083412889871384,0.0,0.15446853637695312,142,0.4607463018299459,0.021925874054431915,0.021925874054431915,22.21936895159747,0.07745180661474434,8.312080383300781,a lizard wearing a hat,0.26343655586242676,0.2752714455127716,0.282761812210083,0.01932525634765625,0.282761812210083,"0,53,512,426",0.0672098770737648,0.057909950613975525,/cluster/users/grad/2025/25t8103/project/data/flowedit_compatible_135/eval_masks/fe_142_iguana_2_blue_lizard_top_hat_eval_mask.png,fixed_eval_mask,0.0,0.0,0.0,0.0,fluxabl_opsupport,FLUX w/o operation support,,0.01185587514191866,0.01185587514191866,25.85016267026432,0.050990804787333054,,/cluster/users/grad/2025/25t8103/project/outputs/flowedit135_ablation_metric_runs_20260624/fe_142_iguana_2_blue_lizard_top_hat/fluxabl_opsupport/seed_10/result.png,8.24332046508789,fe_142_iguana_2_blue_lizard_top_hat/fluxabl_opsupport/seed_10,,10,/cluster/users/grad/2025/25t8103/project/_baselines/src/FlowEdit/Data/Images/iguana.png,0.013411375693976879,"A large orange lizard sitting on a rock near the ocean. The lizard is positioned in the center of the scene, with the ocean waves visible in the background. The rock is located close to the water, providing a picturesque setting for the lizard''s resting spot.",25.051419796293537,0.05590221422926923,0.96187153719853,0.96187153719853,"A large blue lizard sitting on a rock near the ocean. The blue lizard is wearing a top hat. The blue lizard is positioned in the center of the scene, with the ocean waves visible in the background. The rock is located close to the water, providing a picturesque setting for the blue lizard''s resting spot.",fe_142_iguana_2_blue_lizard_top_hat
0.0,0.0,0.0,0.0,0.0,0.0,0.0,0.0,0.0,0.0,31,0.995813250541687,0.007503144443035126,0.03445855900645256,3.445855900645256,0.7865943908691406,29.52369104844502,0.9850853085517883,0.9850853085517883,0.05365309864282608,0.8591111302375793,0.2722539007663727,0.2251809984445572,-0.04707290232181549,0.2251809984445572,True,0.21340560913085938,0.9576089382171631,-0.04707290232181549,0.15446853637695312,,,F1,T1_attached_accessory,1.1604024970279438,0.0,0.15446853637695312,142,0.4466204035265354,0.019751880317926407,0.019751880317926407,23.57714082058986,0.06624345248297075,8.287121772766113,a lizard wearing a hat,0.23441828787326813,0.19275811314582825,0.18616296350955963,-0.048255324363708496,0.18616296350955963,"0,53,512,426",0.050991445779800415,0.0377076156437397,/cluster/users/grad/2025/25t8103/project/data/flowedit_compatible_135/eval_masks/fe_142_iguana_2_blue_lizard_top_hat_eval_mask.png,fixed_eval_mask,0.0,0.0,0.0,0.0,ours_flux,Ours (FLUX),,0.008845807053148746,0.008845807053148746,28.224534745116262,0.03879477726288537,,/cluster/users/grad/2025/25t8103/project/outputs/flowedit135_ablation_metric_runs_20260624/fe_142_iguana_2_blue_lizard_top_hat/ours_flux/seed_10/result.png,7.141592502593994,fe_142_iguana_2_blue_lizard_top_hat/ours_flux/seed_10,,10,/cluster/users/grad/2025/25t8103/project/_baselines/src/FlowEdit/Data/Images/iguana.png,0.010530455969274044,"A large orange lizard sitting on a rock near the ocean. The lizard is positioned in the center of the scene, with the ocean waves visible in the background. The rock is located close to the water, providing a picturesque setting for the lizard''s resting spot.",27.098779040796526,0.04416325224450803,0.9723957349325396,0.9723957349325396,"A large blue lizard sitting on a rock near the ocean. The blue lizard is wearing a top hat. The blue lizard is positioned in the center of the scene, with the ocean waves visible in the background. The rock is located close to the water, providing a picturesque setting for the blue lizard''s resting spot.",fe_142_iguana_2_blue_lizard_top_hat
0.0,0.0,0.0,0.0,0.0,0.0,0.0,0.0,0.0,0.0,31,0.9931498765945435,0.009847969748079777,0.04913199320435524,4.913199320435524,0.7865943908691406,25.036582691146755,0.9740254878997803,0.9740254878997803,0.25799861550331116,0.7859402894973755,0.2703637480735779,0.324191689491272,0.05382794141769409,0.324191689491272,True,0.21340560913085938,0.9026286602020264,0.05382794141769409,0.15446853637695312,,,F1,T1_attached_accessory,1.02600136912386,0.0,0.15446853637695312,142,0.40389696984664014,0.032130200415849686,0.032130200415849686,20.490314960866915,0.09451141208378987,10.042536735534668,a lizard wearing a hat,0.24565987288951874,0.28296148777008057,0.29243478178977966,0.046774908900260925,0.29243478178977966,"0,53,512,426",0.07610028982162476,0.058374397456645966,/cluster/users/grad/2025/25t8103/project/data/flowedit_compatible_135/eval_masks/fe_142_iguana_2_blue_lizard_top_hat_eval_mask.png,fixed_eval_mask,0.0,0.0,0.0,0.0,ours_sd3,Ours (SD3),,0.011632870882749557,0.011632870882749557,24.40728209982477,0.06020546222326018,,/cluster/users/grad/2025/25t8103/project/outputs/flowedit135_ablation_metric_runs_20260624/fe_142_iguana_2_blue_lizard_top_hat/ours_sd3/seed_10/result.png,9.788034439086914,fe_142_iguana_2_blue_lizard_top_hat/ours_sd3/seed_10,,10,/cluster/users/grad/2025/25t8103/project/_baselines/src/FlowEdit/Data/Images/iguana.png,0.014799064956605434,"A large orange lizard sitting on a rock near the ocean. The lizard is positioned in the center of the scene, with the ocean waves visible in the background. The rock is located close to the water, providing a picturesque setting for the lizard''s resting spot.",23.521700855418608,0.06666762090846932,0.9528189662079047,0.9528189662079047,"A large blue lizard sitting on a rock near the ocean. The blue lizard is wearing a top hat. The blue lizard is positioned in the center of the scene, with the ocean waves visible in the background. The rock is located close to the water, providing a picturesque setting for the blue lizard''s resting spot.",fe_142_iguana_2_blue_lizard_top_hat
0.0,0.0,0.0,0.0,0.0,0.0,0.0,0.0,0.0,0.0,31,0.994259238243103,0.009738755412399769,0.049536705017089844,4.953670501708984,0.7865943908691406,25.082147219762724,0.9744731783866882,0.9744731783866882,0.2235814929008484,0.7902069687843323,0.2793043255805969,0.31581538915634155,0.03651106357574463,0.31581538915634155,True,0.21340560913085938,0.9276143312454224,0.03651106357574463,0.15446853637695312,,,F1,T1_attached_accessory,1.057396588180169,0.0,0.15446853637695312,142,0.39224063418368604,0.03373216092586517,0.03373216092586517,20.267929013289915,0.09696244304152961,9.802979469299316,a lizard wearing a hat,0.26015275716781616,0.2930986285209656,0.29511722922325134,0.03496447205543518,0.29511722922325134,"0,53,512,426",0.0751725435256958,0.057523999363183975,/cluster/users/grad/2025/25t8103/project/data/flowedit_compatible_135/eval_masks/fe_142_iguana_2_blue_lizard_top_hat_eval_mask.png,fixed_eval_mask,0.0,0.0,0.0,0.0,sd3abl_adaptive,SD3 w/o adaptive controller,,0.011427526362240314,0.011427526362240314,24.55550984732032,0.059186751979513966,,/cluster/users/grad/2025/25t8103/project/outputs/flowedit135_ablation_metric_runs_20260624/fe_142_iguana_2_blue_lizard_top_hat/sd3abl_adaptive/seed_10/result.png,9.27086353302002,fe_142_iguana_2_blue_lizard_top_hat/sd3abl_adaptive/seed_10,,10,/cluster/users/grad/2025/25t8103/project/_baselines/src/FlowEdit/Data/Images/iguana.png,0.014872889965772629,"A large orange lizard sitting on a rock near the ocean. The lizard is positioned in the center of the scene, with the ocean waves visible in the background. The rock is located close to the water, providing a picturesque setting for the lizard''s resting spot.",23.55145350958911,0.06643964825168755,0.9542178948665935,0.9542178948665935,"A large blue lizard sitting on a rock near the ocean. The blue lizard is wearing a top hat. The blue lizard is positioned in the center of the scene, with the ocean waves visible in the background. The rock is located close to the water, providing a picturesque setting for the blue lizard''s resting spot.",fe_142_iguana_2_blue_lizard_top_hat
0.0,0.0,0.0,0.0,0.0,0.0,0.0,0.0,0.0,0.0,31,0.9869910478591919,0.027175111696124077,0.08874065428972244,8.874065428972244,0.7865943908691406,23.332778339402807,0.8569010496139526,0.8569010496139526,0.28076860308647156,0.772756814956665,0.25705385208129883,0.32610243558883667,0.06904858350753784,0.32610243558883667,True,0.21340560913085938,0.8753788471221924,0.06904858350753784,0.15446853637695312,,,F1,T1_attached_accessory,1.0288795950706997,0.0,0.15446853637695312,142,0.4031067098016941,0.05513946712017059,0.05513946712017059,19.319115098908302,0.10815441312417699,9.662667274475098,a lizard wearing a hat,0.24206626415252686,0.2776271104812622,0.3036315441131592,0.061565279960632324,0.3036315441131592,"0,53,512,426",0.12434864044189453,0.0994378998875618,/cluster/users/grad/2025/25t8103/project/data/flowedit_compatible_135/eval_masks/fe_142_iguana_2_blue_lizard_top_hat_eval_mask.png,fixed_eval_mask,0.0,0.0,0.0,0.0,sd3abl_nofinal,SD3 w/o final restore,,0.028727591037750244,0.028727591037750244,22.913380467563677,0.07150410525792594,,/cluster/users/grad/2025/25t8103/project/outputs/flowedit135_ablation_metric_runs_20260624/fe_142_iguana_2_blue_lizard_top_hat/sd3abl_nofinal/seed_10/result.png,9.391446113586426,fe_142_iguana_2_blue_lizard_top_hat/sd3abl_nofinal/seed_10,,10,/cluster/users/grad/2025/25t8103/project/_baselines/src/FlowEdit/Data/Images/iguana.png,0.03280739113688469,"A large orange lizard sitting on a rock near the ocean. The lizard is positioned in the center of the scene, with the ocean waves visible in the background. The rock is located close to the water, providing a picturesque setting for the lizard''s resting spot.",22.125436085266553,0.07829394848081173,0.8377781782635373,0.8377781782635373,"A large blue lizard sitting on a rock near the ocean. The blue lizard is wearing a top hat. The blue lizard is positioned in the center of the scene, with the ocean waves visible in the background. The rock is located close to the water, providing a picturesque setting for the blue lizard''s resting spot.",fe_142_iguana_2_blue_lizard_top_hat
0.0,0.0,0.0,0.0,0.0,0.0,0.0,0.0,0.0,0.0,31,0.9949139356613159,0.009878773242235184,0.04968274384737015,4.968274384737015,0.7865943908691406,25.01710536287945,0.9741449356079102,0.9741449356079102,0.262482225894928,0.7767447829246521,0.2586401402950287,0.31716251373291016,0.05852237343788147,0.31716251373291016,True,0.21340560913085938,0.9033995270729065,0.05852237343788147,0.15446853637695312,,,F1,T1_attached_accessory,1.0371353268006174,0.0,0.15446853637695312,142,0.4072061837848517,0.0321037620306015,0.0321037620306015,20.499406478985485,0.09441253877103867,10.051813125610352,a lizard wearing a hat,0.24410924315452576,0.2803521454334259,0.2938898205757141,0.049780577421188354,0.2938898205757141,"0,53,512,426",0.07607661187648773,0.05818982049822807,/cluster/users/grad/2025/25t8103/project/data/flowedit_compatible_135/eval_masks/fe_142_iguana_2_blue_lizard_top_hat_eval_mask.png,fixed_eval_mask,0.0,0.0,0.0,0.0,sd3abl_opsupport,SD3 w/o operation support,,0.011584918946027756,0.011584918946027756,24.41800514477775,0.060131182262416004,,/cluster/users/grad/2025/25t8103/project/outputs/flowedit135_ablation_metric_runs_20260624/fe_142_iguana_2_blue_lizard_top_hat/sd3abl_opsupport/seed_10/result.png,9.691901206970215,fe_142_iguana_2_blue_lizard_top_hat/sd3abl_opsupport/seed_10,,10,/cluster/users/grad/2025/25t8103/project/_baselines/src/FlowEdit/Data/Images/iguana.png,0.01475443597882986,"A large orange lizard sitting on a rock near the ocean. The lizard is positioned in the center of the scene, with the ocean waves visible in the background. The rock is located close to the water, providing a picturesque setting for the lizard''s resting spot.",23.53191700060362,0.06658925406975373,0.9529364198677238,0.9529364198677238,"A large blue lizard sitting on a rock near the ocean. The blue lizard is wearing a top hat. The blue lizard is positioned in the center of the scene, with the ocean waves visible in the background. The rock is located close to the water, providing a picturesque setting for the blue lizard''s resting spot.",fe_142_iguana_2_blue_lizard_top_hat
0.0,0.0,0.0,0.0,0.0,0.0,0.0,0.0,0.0,0.0,31,0.999467134475708,0.004532737657427788,0.0038432390429079533,0.3843239042907953,0.3536033630371094,41.59532838907177,0.9962012767791748,0.9962012767791748,0.2548423707485199,0.6613081693649292,0.25600868463516235,0.3514883518218994,0.09547966718673706,0.3514883518218994,True,0.6463966369628906,0.5539011359214783,0.09547966718673706,0.5553016662597656,,,F5,T5_same_color_material,1.2904653486559738,0.0,0.5553016662597656,149,0.3425179811635719,0.07995299249887466,0.07995299249887466,15.842033975607954,0.16139805665874415,11.752342224121094,a golden statue sculpture of a woman,0.25600868463516235,0.23933228850364685,0.3514883518218994,0.09547966718673706,0.3514883518218994,"0,0,512,512",0.1872662752866745,0.0047360677272081375,/cluster/users/grad/2025/25t8103/project/data/flowedit_compatible_135/eval_masks/fe_149_jump_kick_3_golden_statue_eval_mask.png,fixed_eval_mask,0.0,0.0,0.0,0.0,fluxabl_adaptive,FLUX w/o adaptive controller,,0.004494881723076105,0.004494881723076105,41.70331860506206,0.008219285569150978,,/cluster/users/grad/2025/25t8103/project/outputs/flowedit135_ablation_metric_runs_20260624/fe_149_jump_kick_3_golden_statue/fluxabl_adaptive/seed_10/result.png,9.107057571411133,fe_149_jump_kick_3_golden_statue/fluxabl_adaptive/seed_10,,10,/cluster/users/grad/2025/25t8103/project/_baselines/src/FlowEdit/Data/Images/jump_kick.png,0.046396877616643906,"A woman in a white uniform, kicking in the air. She appears to be in the middle of a karate kick, showcasing her skill and agility. The scene takes place outdoors, in a park.",18.387732623909617,0.12039636330293456,0.8527774004838053,0.8527774004838053,"A golden sculpture of a woman kicking in the air. It appears to be in the middle of a karate kick, showcasing her skill and agility. The scene takes place outdoors, in a park.",fe_149_jump_kick_3_golden_statue
0.0,0.0,0.0,0.0,0.0,0.0,0.0,0.0,0.0,0.0,31,0.998546838760376,0.020904893055558205,0.009748340584337711,0.9748340584337711,0.3536033630371094,30.01276281784377,0.9583415389060974,0.9583415389060974,0.2850530743598938,0.6930440664291382,0.2700471580028534,0.374604731798172,0.1045575737953186,0.374604731798172,True,0.6463966369628906,0.48449987173080444,0.1045575737953186,0.5553016662597656,,,F5,T5_same_color_material,1.2367984407426167,0.0,0.5553016662597656,149,0.316619609944425,0.0975760966539383,0.0975760966539383,14.632702418391748,0.18550895504209045,12.67328929901123,a golden statue sculpture of a woman,0.2700471580028534,0.2341153621673584,0.374604731798172,0.1045575737953186,0.374604731798172,"0,0,512,512",0.19094997644424438,0.012803679332137108,/cluster/users/grad/2025/25t8103/project/data/flowedit_compatible_135/eval_masks/fe_149_jump_kick_3_golden_statue_eval_mask.png,fixed_eval_mask,0.0,0.0,0.0,0.0,fluxabl_nofinal,FLUX w/o final restore,,0.020466020330786705,0.020466020330786705,30.187199336996407,0.030948530535729747,,/cluster/users/grad/2025/25t8103/project/outputs/flowedit135_ablation_metric_runs_20260624/fe_149_jump_kick_3_golden_statue/fluxabl_nofinal/seed_10/result.png,10.246850967407227,fe_149_jump_kick_3_golden_statue/fluxabl_nofinal/seed_10,,10,/cluster/users/grad/2025/25t8103/project/_baselines/src/FlowEdit/Data/Images/jump_kick.png,0.06328538060188293,"A woman in a white uniform, kicking in the air. She appears to be in the middle of a karate kick, showcasing her skill and agility. The scene takes place outdoors, in a park.",17.091677130838562,0.1397707010459397,0.8356377828352644,0.8356377828352644,"A golden sculpture of a woman kicking in the air. It appears to be in the middle of a karate kick, showcasing her skill and agility. The scene takes place outdoors, in a park.",fe_149_jump_kick_3_golden_statue
0.0,0.0,0.0,0.0,0.0,0.0,0.0,0.0,0.0,0.0,31,0.999467134475708,0.004532737657427788,0.0038432390429079533,0.3843239042907953,0.3536033630371094,41.59532838907177,0.9962012767791748,0.9962012767791748,0.28910350799560547,0.7087020874023438,0.29336586594581604,0.39643049240112305,0.103064626455307,0.39643049240112305,True,0.6463966369628906,0.5788630247116089,0.103064626455307,0.5553016662597656,,,F5,T5_same_color_material,1.4400732875301965,0.0,0.5553016662597656,149,0.319704057869464,0.09901940822601318,0.09901940822601318,13.98525273657067,0.19986528314896154,13.125792503356934,a golden statue sculpture of a woman,0.29336586594581604,0.23322829604148865,0.39643049240112305,0.103064626455307,0.39643049240112305,"0,0,512,512",0.1921193152666092,0.00470568286255002,/cluster/users/grad/2025/25t8103/project/data/flowedit_compatible_135/eval_masks/fe_149_jump_kick_3_golden_statue_eval_mask.png,fixed_eval_mask,0.0,0.0,0.0,0.0,fluxabl_opsupport,FLUX w/o operation support,,0.004465121775865555,0.004465121775865555,41.73135037857284,0.008192802413536837,,/cluster/users/grad/2025/25t8103/project/outputs/flowedit135_ablation_metric_runs_20260624/fe_149_jump_kick_3_golden_statue/fluxabl_opsupport/seed_10/result.png,9.114669799804688,fe_149_jump_kick_3_golden_statue/fluxabl_opsupport/seed_10,,10,/cluster/users/grad/2025/25t8103/project/_baselines/src/FlowEdit/Data/Images/jump_kick.png,0.05697127804160118,"A woman in a white uniform, kicking in the air. She appears to be in the middle of a karate kick, showcasing her skill and agility. The scene takes place outdoors, in a park.",16.5341236059597,0.14903690382283033,0.8421421038549435,0.8421421038549435,"A golden sculpture of a woman kicking in the air. It appears to be in the middle of a karate kick, showcasing her skill and agility. The scene takes place outdoors, in a park.",fe_149_jump_kick_3_golden_statue
0.0,0.0,0.0,0.0,0.0,0.0,0.0,0.0,0.0,0.0,31,0.999467134475708,0.004532737657427788,0.0038432390429079533,0.3843239042907953,0.3536033630371094,41.59532838907177,0.9962012767791748,0.9962012767791748,0.27694448828697205,0.6759934425354004,0.2666577398777008,0.3714573085308075,0.10479956865310669,0.3714573085308075,True,0.6463966369628906,0.4836834967136383,0.10479956865310669,0.5553016662597656,,,F5,T5_same_color_material,1.3172348088585073,0.0,0.5553016662597656,149,0.3178149193853087,0.08749118447303772,0.08749118447303772,14.736788913960472,0.1832991935811615,12.008130073547363,a golden statue sculpture of a woman,0.2666577398777008,0.23181894421577454,0.3714573085308075,0.10479956865310669,0.3714573085308075,"0,0,512,512",0.17533990740776062,0.004700968042016029,/cluster/users/grad/2025/25t8103/project/data/flowedit_compatible_135/eval_masks/fe_149_jump_kick_3_golden_statue_eval_mask.png,fixed_eval_mask,0.0,0.0,0.0,0.0,ours_flux,Ours (FLUX),,0.004463876597583294,0.004463876597583294,41.73221244544568,0.008191989325485202,,/cluster/users/grad/2025/25t8103/project/outputs/flowedit135_ablation_metric_runs_20260624/fe_149_jump_kick_3_golden_statue/ours_flux/seed_10/result.png,9.116165161132812,fe_149_jump_kick_3_golden_statue/ours_flux/seed_10,,10,/cluster/users/grad/2025/25t8103/project/_baselines/src/FlowEdit/Data/Images/jump_kick.png,0.05056906118988991,"A woman in a white uniform, kicking in the air. She appears to be in the middle of a karate kick, showcasing her skill and agility. The scene takes place outdoors, in a park.",17.284559008238308,0.13670111269946247,0.8620168017883703,0.8620168017883703,"A golden sculpture of a woman kicking in the air. It appears to be in the middle of a karate kick, showcasing her skill and agility. The scene takes place outdoors, in a park.",fe_149_jump_kick_3_golden_statue
0.0,0.0,0.0,0.0,0.0,0.0,0.0,0.0,0.0,0.0,31,0.9998326897621155,0.0022348223719745874,0.0009577912860549986,0.09577912860549986,0.3536033630371094,47.673205232881756,0.9987435340881348,0.9987435340881348,0.3066026270389557,0.7446126937866211,0.31191885471343994,0.4119650423526764,0.10004618763923645,0.4119650423526764,True,0.6463966369628906,0.6271107196807861,0.10004618763923645,0.5553016662597656,,,F5,T5_same_color_material,1.1089038277901755,0.0,0.5553016662597656,149,0.3213458909520571,0.07158007472753525,0.07158007472753525,15.84750883291213,0.1612963568972805,11.371479988098145,a golden statue sculpture of a woman,0.31191885471343994,0.2335669994354248,0.4119650423526764,0.10004618763923645,0.4119650423526764,"0,0,512,512",0.141665980219841,0.0012538157170638442,/cluster/users/grad/2025/25t8103/project/data/flowedit_compatible_135/eval_masks/fe_149_jump_kick_3_golden_statue_eval_mask.png,fixed_eval_mask,0.0,0.0,0.0,0.0,ours_sd3,Ours (SD3),,0.0021744146943092346,0.0021744146943092346,47.86930106118898,0.004041428938984739,,/cluster/users/grad/2025/25t8103/project/outputs/flowedit135_ablation_metric_runs_20260624/fe_149_jump_kick_3_golden_statue/ours_sd3/seed_10/result.png,10.254703521728516,fe_149_jump_kick_3_golden_statue/ours_sd3/seed_10,,10,/cluster/users/grad/2025/25t8103/project/_baselines/src/FlowEdit/Data/Images/jump_kick.png,0.04071548953652382,"A woman in a white uniform, kicking in the air. She appears to be in the middle of a karate kick, showcasing her skill and agility. The scene takes place outdoors, in a park.",18.400036477750422,0.12022593855307073,0.8945983524991122,0.8945983524991122,"A golden sculpture of a woman kicking in the air. It appears to be in the middle of a karate kick, showcasing her skill and agility. The scene takes place outdoors, in a park.",fe_149_jump_kick_3_golden_statue
0.0,0.0,0.0,0.0,0.0,0.0,0.0,0.0,0.0,0.0,31,0.9998326897621155,0.0022348223719745874,0.0009577912860549986,0.09577912860549986,0.3536033630371094,47.673205232881756,0.9987435340881348,0.9987435340881348,0.3123685121536255,0.7734163999557495,0.3055422902107239,0.3999558091163635,0.09441351890563965,0.3999558091163635,True,0.6463966369628906,0.629267156124115,0.09441351890563965,0.5553016662597656,,,F5,T5_same_color_material,1.1134338885109007,0.0,0.5553016662597656,149,0.31198263366513473,0.07206827402114868,0.07206827402114868,15.85248068088534,0.16120405645083818,11.41793441772461,a golden statue sculpture of a woman,0.3055422902107239,0.2286299467086792,0.3999558091163635,0.09441351890563965,0.3999558091163635,"0,0,512,512",0.14323896169662476,0.0012538157170638442,/cluster/users/grad/2025/25t8103/project/data/flowedit_compatible_135/eval_masks/fe_149_jump_kick_3_golden_statue_eval_mask.png,fixed_eval_mask,0.0,0.0,0.0,0.0,sd3abl_adaptive,SD3 w/o adaptive controller,,0.0021744146943092346,0.0021744146943092346,47.86930106118898,0.004041428938984739,,/cluster/users/grad/2025/25t8103/project/outputs/flowedit135_ablation_metric_runs_20260624/fe_149_jump_kick_3_golden_statue/sd3abl_adaptive/seed_10/result.png,10.254703521728516,fe_149_jump_kick_3_golden_statue/sd3abl_adaptive/seed_10,,10,/cluster/users/grad/2025/25t8103/project/_baselines/src/FlowEdit/Data/Images/jump_kick.png,0.040986593812704086,"A woman in a white uniform, kicking in the air. She appears to be in the middle of a karate kick, showcasing her skill and agility. The scene takes place outdoors, in a park.",18.40500483123174,0.12015718864004844,0.896160807255,0.896160807255,"A golden sculpture of a woman kicking in the air. It appears to be in the middle of a karate kick, showcasing her skill and agility. The scene takes place outdoors, in a park.",fe_149_jump_kick_3_golden_statue
0.0,0.0,0.0,0.0,0.0,0.0,0.0,0.0,0.0,0.0,31,0.9982399940490723,0.021600250154733658,0.010606247931718826,1.0606247931718826,0.3536033630371094,29.077795121015292,0.9410167336463928,0.9410167336463928,0.31972938776016235,0.7557451128959656,0.2957153618335724,0.39885687828063965,0.10314151644706726,0.39885687828063965,True,0.6463966369628906,0.61031174659729,0.10314151644706726,0.5553016662597656,,,F5,T5_same_color_material,1.1574199007478216,0.0,0.5553016662597656,149,0.315774649822421,0.08318543434143066,0.08318543434143066,15.816704861853093,0.16186939999382752,11.39076042175293,a golden statue sculpture of a woman,0.2957153618335724,0.23310229182243347,0.39885687828063965,0.10314151644706726,0.39885687828063965,"0,0,512,512",0.16713035106658936,0.013422384858131409,/cluster/users/grad/2025/25t8103/project/data/flowedit_compatible_135/eval_masks/fe_149_jump_kick_3_golden_statue_eval_mask.png,fixed_eval_mask,0.0,0.0,0.0,0.0,sd3abl_nofinal,SD3 w/o final restore,,0.021166028454899788,0.021166028454899788,29.25722260625449,0.03444600574525166,,/cluster/users/grad/2025/25t8103/project/outputs/flowedit135_ablation_metric_runs_20260624/fe_149_jump_kick_3_golden_statue/sd3abl_nofinal/seed_10/result.png,9.841510772705078,fe_149_jump_kick_3_golden_statue/sd3abl_nofinal/seed_10,,10,/cluster/users/grad/2025/25t8103/project/_baselines/src/FlowEdit/Data/Images/jump_kick.png,0.055605512112379074,"A woman in a white uniform, kicking in the air. She appears to be in the middle of a karate kick, showcasing her skill and agility. The scene takes place outdoors, in a park.",18.21670645456626,0.12279047440291561,0.8536422972624457,0.8536422972624457,"A golden sculpture of a woman kicking in the air. It appears to be in the middle of a karate kick, showcasing her skill and agility. The scene takes place outdoors, in a park.",fe_149_jump_kick_3_golden_statue
0.0,0.0,0.0,0.0,0.0,0.0,0.0,0.0,0.0,0.0,31,0.9998326897621155,0.0022348223719745874,0.0009577912860549986,0.09577912860549986,0.3536033630371094,47.673205232881756,0.9987435340881348,0.9987435340881348,0.29435965418815613,0.7531057596206665,0.31126701831817627,0.4030739963054657,0.09180697798728943,0.4030739963054657,True,0.6463966369628906,0.6229530572891235,0.09180697798728943,0.5553016662597656,,,F5,T5_same_color_material,1.111476916415353,0.0,0.5553016662597656,149,0.31618682549169125,0.07228922843933105,0.07228922843933105,15.800136171377606,0.1621784671939858,11.397866249084473,a golden statue sculpture of a woman,0.31126701831817627,0.22730626165866852,0.4030739963054657,0.09180697798728943,0.4030739963054657,"0,0,512,512",0.14328935742378235,0.0012538157170638442,/cluster/users/grad/2025/25t8103/project/data/flowedit_compatible_135/eval_masks/fe_149_jump_kick_3_golden_statue_eval_mask.png,fixed_eval_mask,0.0,0.0,0.0,0.0,sd3abl_opsupport,SD3 w/o operation support,,0.0021744146943092346,0.0021744146943092346,47.86930106118898,0.004041428938984739,,/cluster/users/grad/2025/25t8103/project/outputs/flowedit135_ablation_metric_runs_20260624/fe_149_jump_kick_3_golden_statue/sd3abl_opsupport/seed_10/result.png,10.254703521728516,fe_149_jump_kick_3_golden_statue/sd3abl_opsupport/seed_10,,10,/cluster/users/grad/2025/25t8103/project/_baselines/src/FlowEdit/Data/Images/jump_kick.png,0.041109271347522736,"A woman in a white uniform, kicking in the air. She appears to be in the middle of a karate kick, showcasing her skill and agility. The scene takes place outdoors, in a park.",18.352686501812684,0.12088312397173837,0.893807925515612,0.893807925515612,"A golden sculpture of a woman kicking in the air. It appears to be in the middle of a karate kick, showcasing her skill and agility. The scene takes place outdoors, in a park.",fe_149_jump_kick_3_golden_statue
0.0,0.0,0.0,0.0,0.0,0.0,0.0,0.0,0.0,0.0,31,0.9989292621612549,0.004269105847924948,0.008773637004196644,0.8773637004196644,0.73309326171875,41.729452645427614,0.9916595220565796,0.9916595220565796,0.5742588043212891,0.7000840902328491,0.13883426785469055,0.3106330633163452,0.17179879546165466,0.3106330633163452,True,0.26690673828125,0.9910674095153809,0.17179879546165466,0.20865631103515625,,,F3,T3_surface_decal,2.4123568158026094,0.0,0.20865631103515625,166,0.314782990237303,0.09146706014871597,0.09146706014871597,15.088468340852224,0.17602590383595057,11.610127449035645,a iccv on the sign,0.13708928227424622,0.2897135615348816,0.3271792531013489,0.19008997082710266,0.3271792531013489,"63,0,512,341",0.05416649580001831,0.00932277925312519,/cluster/users/grad/2025/25t8103/project/data/flowedit_compatible_135/eval_masks/fe_166_luna_3_iccv_eval_mask.png,fixed_eval_mask,0.0,0.0,0.0,0.0,fluxabl_adaptive,FLUX w/o adaptive controller,,0.004249162971973419,0.004249162971973419,41.78580498108035,0.008141599801971494,,/cluster/users/grad/2025/25t8103/project/outputs/flowedit135_ablation_metric_runs_20260624/fe_166_luna_3_iccv/fluxabl_adaptive/seed_10/result.png,4.812773704528809,fe_166_luna_3_iccv/fluxabl_adaptive/seed_10,,10,/cluster/users/grad/2025/25t8103/project/_baselines/src/FlowEdit/Data/Images/luna.png,0.022447729483246803,"A neon sign for a restaurant called Luna, which is located on a street corner. The sign is illuminated with red and orange colors.",21.8590591794814,0.08073224714257267,0.9367505031974408,0.9367505031974408,"A neon sign for a restaurant called ICCV, which is located on a street corner. The sign is illuminated with red and orange colors.",fe_166_luna_3_iccv
0.0,0.0,0.0,0.0,0.0,0.0,0.0,0.0,0.0,0.0,31,0.9894639253616333,0.013387092389166355,0.011492075398564339,1.1492075398564339,0.73309326171875,33.468863749603585,0.9289483428001404,0.9289483428001404,0.5380858182907104,0.7887213230133057,0.16750138998031616,0.2792746126651764,0.11177322268486023,0.2792746126651764,True,0.26690673828125,0.9889994263648987,0.11177322268486023,0.20865631103515625,,,F3,T3_surface_decal,2.059195150276054,0.0,0.20865631103515625,166,0.3140151376649969,0.061760444194078445,0.061760444194078445,16.89893281761988,0.14290695287980817,11.968128204345703,a iccv on the sign,0.14449571073055267,0.298958957195282,0.33629465103149414,0.19179894030094147,0.33629465103149414,"63,0,512,341",0.04285774752497673,0.012131508439779282,/cluster/users/grad/2025/25t8103/project/data/flowedit_compatible_135/eval_masks/fe_166_luna_3_iccv_eval_mask.png,fixed_eval_mask,0.0,0.0,0.0,0.0,fluxabl_nofinal,FLUX w/o final restore,,0.013343088328838348,0.013343088328838348,33.510862313170236,0.021108476257886703,,/cluster/users/grad/2025/25t8103/project/outputs/flowedit135_ablation_metric_runs_20260624/fe_166_luna_3_iccv/fluxabl_nofinal/seed_10/result.png,5.812041759490967,fe_166_luna_3_iccv/fluxabl_nofinal/seed_10,,10,/cluster/users/grad/2025/25t8103/project/_baselines/src/FlowEdit/Data/Images/luna.png,0.023445673286914825,"A neon sign for a restaurant called Luna, which is located on a street corner. The sign is illuminated with red and orange colors.",23.359355833666086,0.06792540058496808,0.9038675487991533,0.9038675487991533,"A neon sign for a restaurant called ICCV, which is located on a street corner. The sign is illuminated with red and orange colors.",fe_166_luna_3_iccv
0.0,0.0,0.0,0.0,0.0,0.0,0.0,0.0,0.0,0.0,31,0.9989292621612549,0.004269105847924948,0.008773637004196644,0.8773637004196644,0.73309326171875,41.729452645427614,0.9916595220565796,0.9916595220565796,0.5749777555465698,0.6871322393417358,0.14864590764045715,0.328408807516098,0.17976289987564087,0.328408807516098,True,0.26690673828125,0.9820399284362793,0.17976289987564087,0.20865631103515625,,,F3,T3_surface_decal,2.9535178326459675,0.0,0.20865631103515625,166,0.35255402391312296,0.12125926464796066,0.12125926464796066,12.370558091892212,0.24069778592466615,14.21461296081543,a iccv on the sign,0.15353384613990784,0.2894584536552429,0.3460972011089325,0.19256335496902466,0.3460972011089325,"63,0,512,341",0.066966712474823,0.00932277925312519,/cluster/users/grad/2025/25t8103/project/data/flowedit_compatible_135/eval_masks/fe_166_luna_3_iccv_eval_mask.png,fixed_eval_mask,0.0,0.0,0.0,0.0,fluxabl_opsupport,FLUX w/o operation support,,0.004249162971973419,0.004249162971973419,41.78580498108035,0.008141599801971494,,/cluster/users/grad/2025/25t8103/project/outputs/flowedit135_ablation_metric_runs_20260624/fe_166_luna_3_iccv/fluxabl_opsupport/seed_10/result.png,4.812773704528809,fe_166_luna_3_iccv/fluxabl_opsupport/seed_10,,10,/cluster/users/grad/2025/25t8103/project/_baselines/src/FlowEdit/Data/Images/luna.png,0.028664054349064827,"A neon sign for a restaurant called Luna, which is located on a street corner. The sign is illuminated with red and orange colors.",19.15743824714933,0.11018642374136238,0.9088425349281866,0.9088425349281866,"A neon sign for a restaurant called ICCV, which is located on a street corner. The sign is illuminated with red and orange colors.",fe_166_luna_3_iccv
0.0,0.0,0.0,0.0,0.0,0.0,0.0,0.0,0.0,0.0,31,0.9989292621612549,0.004269105847924948,0.008773637004196644,0.8773637004196644,0.73309326171875,41.729452645427614,0.9916595220565796,0.9916595220565796,0.5505284667015076,0.7979274392127991,0.16954757273197174,0.2810799479484558,0.11153237521648407,0.2810799479484558,True,0.26690673828125,0.9916059970855713,0.11153237521648407,0.20865631103515625,,,F3,T3_surface_decal,2.3745708709637596,0.0,0.20865631103515625,166,0.314088266481407,0.057580843567848206,0.057580843567848206,16.94867315607683,0.14209092523222247,11.428272247314453,a iccv on the sign,0.1320766806602478,0.2928299307823181,0.32300516963005066,0.19092848896980286,0.32300516963005066,"63,0,512,341",0.03907211869955063,0.00932277925312519,/cluster/users/grad/2025/25t8103/project/data/flowedit_compatible_135/eval_masks/fe_166_luna_3_iccv_eval_mask.png,fixed_eval_mask,0.0,0.0,0.0,0.0,ours_flux,Ours (FLUX),,0.004249162971973419,0.004249162971973419,41.78580498108035,0.008141599801971494,,/cluster/users/grad/2025/25t8103/project/outputs/flowedit135_ablation_metric_runs_20260624/fe_166_luna_3_iccv/ours_flux/seed_10/result.png,4.812773704528809,fe_166_luna_3_iccv/ours_flux/seed_10,,10,/cluster/users/grad/2025/25t8103/project/_baselines/src/FlowEdit/Data/Images/luna.png,0.01537715271115303,"A neon sign for a restaurant called Luna, which is located on a street corner. The sign is illuminated with red and orange colors.",23.700615598764653,0.06530842646872809,0.9552585483163527,0.9552585483163527,"A neon sign for a restaurant called ICCV, which is located on a street corner. The sign is illuminated with red and orange colors.",fe_166_luna_3_iccv
0.0,0.0,0.0,0.0,0.0,0.0,0.0,0.0,0.0,0.0,31,0.9997838139533997,0.002475556218996644,0.0024482642766088247,0.24482642766088247,0.73309326171875,46.66580248710104,0.9966461658477783,0.9966461658477783,0.5417417287826538,0.6844020485877991,0.17148426175117493,0.33581697940826416,0.16433271765708923,0.33581697940826416,True,0.26690673828125,0.9813138246536255,0.16433271765708923,0.20865631103515625,,,F3,T3_surface_decal,2.0471584031849814,0.0,0.20865631103515625,166,0.30169293209989395,0.1395687609910965,0.1395687609910965,11.344898031550233,0.27086637674397207,12.072227478027344,a iccv on the sign,0.1655387580394745,0.28084301948547363,0.3437638282775879,0.1782250702381134,0.3437638282775879,"63,0,512,341",0.08608833700418472,0.0025958907790482044,/cluster/users/grad/2025/25t8103/project/data/flowedit_compatible_135/eval_masks/fe_166_luna_3_iccv_eval_mask.png,fixed_eval_mask,0.0,0.0,0.0,0.0,ours_sd3,Ours (SD3),,0.002470034174621105,0.002470034174621105,46.70188407757247,0.004622807360775982,,/cluster/users/grad/2025/25t8103/project/outputs/flowedit135_ablation_metric_runs_20260624/fe_166_luna_3_iccv/ours_sd3/seed_10/result.png,5.89706563949585,fe_166_luna_3_iccv/ours_sd3/seed_10,,10,/cluster/users/grad/2025/25t8103/project/_baselines/src/FlowEdit/Data/Images/luna.png,0.031076548621058464,"A neon sign for a restaurant called Luna, which is located on a street corner. The sign is illuminated with red and orange colors.",18.145788901520937,0.12379712384603483,0.9081871504151416,0.9081871504151416,"A neon sign for a restaurant called ICCV, which is located on a street corner. The sign is illuminated with red and orange colors.",fe_166_luna_3_iccv
0.0,0.0,0.0,0.0,0.0,0.0,0.0,0.0,0.0,0.0,31,0.9997838139533997,0.002475556218996644,0.0024482642766088247,0.24482642766088247,0.73309326171875,46.66580248710104,0.9966461658477783,0.9966461658477783,0.5376036167144775,0.6748989820480347,0.16939769685268402,0.3358479142189026,0.16645021736621857,0.3358479142189026,True,0.26690673828125,0.9810811281204224,0.16645021736621857,0.20865631103515625,,,F3,T3_surface_decal,2.029792408743141,0.0,0.20865631103515625,166,0.28781673918607625,0.14353728294372559,0.14353728294372559,11.204946096059068,0.27526607808354436,11.969819068908691,a iccv on the sign,0.16549068689346313,0.27888020873069763,0.34511658549308777,0.17962589859962463,0.34511658549308777,"63,0,512,341",0.08923961222171783,0.0025958907790482044,/cluster/users/grad/2025/25t8103/project/data/flowedit_compatible_135/eval_masks/fe_166_luna_3_iccv_eval_mask.png,fixed_eval_mask,0.0,0.0,0.0,0.0,sd3abl_adaptive,SD3 w/o adaptive controller,,0.002470034174621105,0.002470034174621105,46.70188407757247,0.004622807360775982,,/cluster/users/grad/2025/25t8103/project/outputs/flowedit135_ablation_metric_runs_20260624/fe_166_luna_3_iccv/sd3abl_adaptive/seed_10/result.png,5.89706563949585,fe_166_luna_3_iccv/sd3abl_adaptive/seed_10,,10,/cluster/users/grad/2025/25t8103/project/_baselines/src/FlowEdit/Data/Images/luna.png,0.031904611736536026,"A neon sign for a restaurant called Luna, which is located on a street corner. The sign is illuminated with red and orange colors.",18.005989915489916,0.1258057537852137,0.9093527507721766,0.9093527507721766,"A neon sign for a restaurant called ICCV, which is located on a street corner. The sign is illuminated with red and orange colors.",fe_166_luna_3_iccv
0.0,0.0,0.0,0.0,0.0,0.0,0.0,0.0,0.0,0.0,31,0.9838898181915283,0.01638989895582199,0.021798361092805862,2.1798361092805862,0.73309326171875,31.73118947209716,0.8982800841331482,0.8982800841331482,0.535936176776886,0.6688628792762756,0.17381127178668976,0.3421798348426819,0.16836856305599213,0.3421798348426819,True,0.26690673828125,0.9703418612480164,0.16836856305599213,0.20865631103515625,,,F3,T3_surface_decal,2.066182608558693,0.0,0.20865631103515625,166,0.29512962082708694,0.15476001799106598,0.15476001799106598,11.041523804910254,0.2804941511207364,12.01025390625,a iccv on the sign,0.17872202396392822,0.28405845165252686,0.35605955123901367,0.17733752727508545,0.35605955123901367,"63,0,512,341",0.11282232403755188,0.02276829071342945,/cluster/users/grad/2025/25t8103/project/data/flowedit_compatible_135/eval_masks/fe_166_luna_3_iccv_eval_mask.png,fixed_eval_mask,0.0,0.0,0.0,0.0,sd3abl_nofinal,SD3 w/o final restore,,0.0163163673132658,0.0163163673132658,31.80564191264513,0.025687267263763715,,/cluster/users/grad/2025/25t8103/project/outputs/flowedit135_ablation_metric_runs_20260624/fe_166_luna_3_iccv/sd3abl_nofinal/seed_10/result.png,5.812774658203125,fe_166_luna_3_iccv/sd3abl_nofinal/seed_10,,10,/cluster/users/grad/2025/25t8103/project/_baselines/src/FlowEdit/Data/Images/luna.png,0.04520351067185402,"A neon sign for a restaurant called Luna, which is located on a street corner. The sign is illuminated with red and orange colors.",17.71122278896648,0.13014840813376605,0.8246512048625356,0.8246512048625356,"A neon sign for a restaurant called ICCV, which is located on a street corner. The sign is illuminated with red and orange colors.",fe_166_luna_3_iccv
0.0,0.0,0.0,0.0,0.0,0.0,0.0,0.0,0.0,0.0,31,0.9997838139533997,0.002475556218996644,0.0024482642766088247,0.24482642766088247,0.73309326171875,46.66580248710104,0.9966461658477783,0.9966461658477783,0.5393908619880676,0.681430995464325,0.17119163274765015,0.3357011675834656,0.16450953483581543,0.3357011675834656,True,0.26690673828125,0.9801086187362671,0.16450953483581543,0.20865631103515625,,,F3,T3_surface_decal,2.052192913051244,0.0,0.20865631103515625,166,0.2930454495593989,0.14557386934757233,0.14557386934757233,11.145398444165524,0.2771596969457245,12.101916313171387,a iccv on the sign,0.1668367087841034,0.2784120440483093,0.3459125757217407,0.17907586693763733,0.3459125757217407,"63,0,512,341",0.09062495082616806,0.0025958907790482044,/cluster/users/grad/2025/25t8103/project/data/flowedit_compatible_135/eval_masks/fe_166_luna_3_iccv_eval_mask.png,fixed_eval_mask,0.0,0.0,0.0,0.0,sd3abl_opsupport,SD3 w/o operation support,,0.002470034174621105,0.002470034174621105,46.70188407757247,0.004622807360775982,,/cluster/users/grad/2025/25t8103/project/outputs/flowedit135_ablation_metric_runs_20260624/fe_166_luna_3_iccv/sd3abl_opsupport/seed_10/result.png,5.89706563949585,fe_166_luna_3_iccv/sd3abl_opsupport/seed_10,,10,/cluster/users/grad/2025/25t8103/project/_baselines/src/FlowEdit/Data/Images/luna.png,0.03232955187559128,"A neon sign for a restaurant called Luna, which is located on a street corner. The sign is illuminated with red and orange colors.",17.946505373094933,0.12667028023428895,0.9090827791745957,0.9090827791745957,"A neon sign for a restaurant called ICCV, which is located on a street corner. The sign is illuminated with red and orange colors.",fe_166_luna_3_iccv
0.0,0.0,0.0,0.0,0.0,0.0,0.0,0.0,0.0,0.0,31,0.9989292621612549,0.004269105847924948,0.008773637004196644,0.8773637004196644,0.73309326171875,41.729452645427614,0.9916595220565796,0.9916595220565796,0.2746349275112152,0.8096662163734436,0.20174898207187653,0.20671173930168152,0.004962757229804993,0.20671173930168152,True,0.26690673828125,0.9906902313232422,0.004962757229804993,0.20865631103515625,,,F3,T3_surface_decal,1.9761049063332063,0.0,0.20865631103515625,170,0.36003144539105636,0.09008462727069855,0.09008462727069855,16.235286833757293,0.15425372425727335,9.51054573059082,a heart on the sign,0.2001468390226364,0.16986411809921265,0.22180293500423431,0.0216560959815979,0.22180293500423431,"63,0,512,341",0.06324486434459686,0.00932277925312519,/cluster/users/grad/2025/25t8103/project/data/flowedit_compatible_135/eval_masks/fe_170_luna_7_heart_eval_mask.png,fixed_eval_mask,0.0,0.0,0.0,0.0,fluxabl_adaptive,FLUX w/o adaptive controller,,0.004249162971973419,0.004249162971973419,41.78580498108035,0.008141599801971494,,/cluster/users/grad/2025/25t8103/project/outputs/flowedit135_ablation_metric_runs_20260624/fe_170_luna_7_heart/fluxabl_adaptive/seed_10/result.png,4.812773704528809,fe_170_luna_7_heart/fluxabl_adaptive/seed_10,,10,/cluster/users/grad/2025/25t8103/project/_baselines/src/FlowEdit/Data/Images/luna.png,0.0221592765301466,"A neon sign for a restaurant called Luna, which is located on a street corner. The sign is illuminated with red and orange colors.",22.99532740094437,0.0708326728289794,0.9335167160336442,0.9335167160336442,"A neon sign for a restaurant with an heart on it, which is located on a street corner. The sign is illuminated with red and orange colors.",fe_170_luna_7_heart
0.0,0.0,0.0,0.0,0.0,0.0,0.0,0.0,0.0,0.0,31,0.9895840883255005,0.01345037017017603,0.012393021024763584,1.2393021024763584,0.73309326171875,33.427490901184655,0.9290086627006531,0.9290086627006531,0.3029698133468628,0.807552695274353,0.19127532839775085,0.20597396790981293,0.014698639512062073,0.20597396790981293,True,0.26690673828125,0.9858602285385132,0.014698639512062073,0.20865631103515625,,,F3,T3_surface_decal,1.8777785380959013,0.0,0.20865631103515625,170,0.34052433361366047,0.06686701625585556,0.06686701625585556,17.846793856990594,0.12813279721329932,11.06998348236084,a heart on the sign,0.22461862862110138,0.1815207451581955,0.2244214117527008,-0.00019721686840057373,0.2244214117527008,"63,0,512,341",0.046936094760894775,0.014709791168570518,/cluster/users/grad/2025/25t8103/project/data/flowedit_compatible_135/eval_masks/fe_170_luna_7_heart_eval_mask.png,fixed_eval_mask,0.0,0.0,0.0,0.0,fluxabl_nofinal,FLUX w/o final restore,,0.013963581062853336,0.013963581062853336,33.203783725665524,0.021868088042135983,,/cluster/users/grad/2025/25t8103/project/outputs/flowedit135_ablation_metric_runs_20260624/fe_170_luna_7_heart/fluxabl_nofinal/seed_10/result.png,5.895255088806152,fe_170_luna_7_heart/fluxabl_nofinal/seed_10,,10,/cluster/users/grad/2025/25t8103/project/_baselines/src/FlowEdit/Data/Images/luna.png,0.025002213194966316,"A neon sign for a restaurant called Luna, which is located on a street corner. The sign is illuminated with red and orange colors.",24.197420436495367,0.0616778147427031,0.9052248768667418,0.9052248768667418,"A neon sign for a restaurant with an heart on it, which is located on a street corner. The sign is illuminated with red and orange colors.",fe_170_luna_7_heart
0.0,0.0,0.0,0.0,0.0,0.0,0.0,0.0,0.0,0.0,31,0.9989292621612549,0.004269105847924948,0.008773637004196644,0.8773637004196644,0.73309326171875,41.729452645427614,0.9916595220565796,0.9916595220565796,0.33911556005477905,0.8239980936050415,0.21808896958827972,0.2416127622127533,0.023523792624473572,0.2416127622127533,True,0.26690673828125,0.9745253324508667,0.023523792624473572,0.20865631103515625,,,F3,T3_surface_decal,2.6830701870323916,0.0,0.20865631103515625,170,0.35288310358696845,0.12424791604280472,0.12424791604280472,12.26545729659301,0.24362796363329553,12.913009643554688,a heart on the sign,0.22970527410507202,0.18983861804008484,0.2513260245323181,0.021620750427246094,0.2513260245323181,"63,0,512,341",0.0791158527135849,0.00932277925312519,/cluster/users/grad/2025/25t8103/project/data/flowedit_compatible_135/eval_masks/fe_170_luna_7_heart_eval_mask.png,fixed_eval_mask,0.0,0.0,0.0,0.0,fluxabl_opsupport,FLUX w/o operation support,,0.004249162971973419,0.004249162971973419,41.78580498108035,0.008141599801971494,,/cluster/users/grad/2025/25t8103/project/outputs/flowedit135_ablation_metric_runs_20260624/fe_170_luna_7_heart/fluxabl_opsupport/seed_10/result.png,4.812773704528809,fe_170_luna_7_heart/fluxabl_opsupport/seed_10,,10,/cluster/users/grad/2025/25t8103/project/_baselines/src/FlowEdit/Data/Images/luna.png,0.029287656769156456,"A neon sign for a restaurant called Luna, which is located on a street corner. The sign is illuminated with red and orange colors.",19.052787091073526,0.1115220246835129,0.9044988380236824,0.9044988380236824,"A neon sign for a restaurant with an heart on it, which is located on a street corner. The sign is illuminated with red and orange colors.",fe_170_luna_7_heart
0.0,0.0,0.0,0.0,0.0,0.0,0.0,0.0,0.0,0.0,31,0.9989292621612549,0.004269105847924948,0.008773637004196644,0.8773637004196644,0.73309326171875,41.729452645427614,0.9916595220565796,0.9916595220565796,0.30798575282096863,0.8240774869918823,0.19493409991264343,0.2072095274925232,0.01227542757987976,0.2072095274925232,True,0.26690673828125,0.9923422932624817,0.01227542757987976,0.20865631103515625,,,F3,T3_surface_decal,2.191161145643992,0.0,0.20865631103515625,170,0.3373980767121284,0.05545078217983246,0.05545078217983246,18.374780764316526,0.12057602480499921,10.545562744140625,a heart on the sign,0.21207672357559204,0.1686893105506897,0.21100784838199615,-0.0010688751935958862,0.21100784838199615,"63,0,512,341",0.037284668534994125,0.00932277925312519,/cluster/users/grad/2025/25t8103/project/data/flowedit_compatible_135/eval_masks/fe_170_luna_7_heart_eval_mask.png,fixed_eval_mask,0.0,0.0,0.0,0.0,ours_flux,Ours (FLUX),,0.004249162971973419,0.004249162971973419,41.78580498108035,0.008141599801971494,,/cluster/users/grad/2025/25t8103/project/outputs/flowedit135_ablation_metric_runs_20260624/fe_170_luna_7_heart/ours_flux/seed_10/result.png,4.812773704528809,fe_170_luna_7_heart/ours_flux/seed_10,,10,/cluster/users/grad/2025/25t8103/project/_baselines/src/FlowEdit/Data/Images/luna.png,0.014932704158127308,"A neon sign for a restaurant called Luna, which is located on a street corner. The sign is illuminated with red and orange colors.",25.106010662483264,0.05555197028774719,0.960932317203786,0.960932317203786,"A neon sign for a restaurant with an heart on it, which is located on a street corner. The sign is illuminated with red and orange colors.",fe_170_luna_7_heart
0.0,0.0,0.0,0.0,0.0,0.0,0.0,0.0,0.0,0.0,31,0.9997838139533997,0.002475556218996644,0.0024482642766088247,0.24482642766088247,0.73309326171875,46.66580248710104,0.9966461658477783,0.9966461658477783,0.3841805160045624,0.8492851257324219,0.2536427676677704,0.28512609004974365,0.03148332238197327,0.28512609004974365,True,0.26690673828125,0.975337564945221,0.03148332238197327,0.20865631103515625,,,F3,T3_surface_decal,1.7717981574091721,0.0,0.20865631103515625,170,0.3392994259387912,0.12354829162359238,0.12354829162359238,12.355941679406525,0.24110316753227126,10.448410034179688,a heart on the sign,0.27721840143203735,0.23280265927314758,0.30857154726982117,0.031353145837783813,0.30857154726982117,"63,0,512,341",0.10075919330120087,0.0025958907790482044,/cluster/users/grad/2025/25t8103/project/data/flowedit_compatible_135/eval_masks/fe_170_luna_7_heart_eval_mask.png,fixed_eval_mask,0.0,0.0,0.0,0.0,ours_sd3,Ours (SD3),,0.002470034174621105,0.002470034174621105,46.70188407757247,0.004622807360775982,,/cluster/users/grad/2025/25t8103/project/outputs/flowedit135_ablation_metric_runs_20260624/fe_170_luna_7_heart/ours_sd3/seed_10/result.png,5.89706563949585,fe_170_luna_7_heart/ours_sd3/seed_10,,10,/cluster/users/grad/2025/25t8103/project/_baselines/src/FlowEdit/Data/Images/luna.png,0.027733778581023216,"A neon sign for a restaurant called Luna, which is located on a street corner. The sign is illuminated with red and orange colors.",19.155578052330156,0.11021002410620503,0.9152462458401013,0.9152462458401013,"A neon sign for a restaurant with an heart on it, which is located on a street corner. The sign is illuminated with red and orange colors.",fe_170_luna_7_heart
0.0,0.0,0.0,0.0,0.0,0.0,0.0,0.0,0.0,0.0,31,0.9997838139533997,0.002475556218996644,0.0024482642766088247,0.24482642766088247,0.73309326171875,46.66580248710104,0.9966461658477783,0.9966461658477783,0.3873472213745117,0.8508191704750061,0.25420302152633667,0.28668147325515747,0.0324784517288208,0.28668147325515747,True,0.26690673828125,0.9774032831192017,0.0324784517288208,0.20865631103515625,,,F3,T3_surface_decal,1.6806248672378676,0.0,0.20865631103515625,170,0.34664887198800687,0.1217990443110466,0.1217990443110466,12.312184985983532,0.2423208315752396,9.910755157470703,a heart on the sign,0.26846975088119507,0.22890490293502808,0.301849365234375,0.03337961435317993,0.301849365234375,"63,0,512,341",0.10129450261592865,0.0025958907790482044,/cluster/users/grad/2025/25t8103/project/data/flowedit_compatible_135/eval_masks/fe_170_luna_7_heart_eval_mask.png,fixed_eval_mask,0.0,0.0,0.0,0.0,sd3abl_adaptive,SD3 w/o adaptive controller,,0.002470034174621105,0.002470034174621105,46.70188407757247,0.004622807360775982,,/cluster/users/grad/2025/25t8103/project/outputs/flowedit135_ablation_metric_runs_20260624/fe_170_luna_7_heart/sd3abl_adaptive/seed_10/result.png,5.89706563949585,fe_170_luna_7_heart/sd3abl_adaptive/seed_10,,10,/cluster/users/grad/2025/25t8103/project/_baselines/src/FlowEdit/Data/Images/luna.png,0.02736879140138626,"A neon sign for a restaurant called Luna, which is located on a street corner. The sign is illuminated with red and orange colors.",19.111881447399163,0.11076586098577884,0.9164439962621745,0.9164439962621745,"A neon sign for a restaurant with an heart on it, which is located on a street corner. The sign is illuminated with red and orange colors.",fe_170_luna_7_heart
0.0,0.0,0.0,0.0,0.0,0.0,0.0,0.0,0.0,0.0,31,0.9837210178375244,0.016687339171767235,0.02181832119822502,2.181832119822502,0.73309326171875,31.680207522228354,0.8975867033004761,0.8975867033004761,0.391493022441864,0.8476173877716064,0.2582496702671051,0.29351115226745605,0.03526148200035095,0.29351115226745605,True,0.26690673828125,0.9676922559738159,0.03526148200035095,0.20865631103515625,,,F3,T3_surface_decal,1.7228369936569965,0.0,0.20865631103515625,170,0.3231379575121577,0.1303323656320572,0.1303323656320572,12.229980517696466,0.24462507629442073,10.056693077087402,a heart on the sign,0.269639790058136,0.22043588757514954,0.3076443672180176,0.03800457715988159,0.3076443672180176,"63,0,512,341",0.12205906212329865,0.02286268025636673,/cluster/users/grad/2025/25t8103/project/data/flowedit_compatible_135/eval_masks/fe_170_luna_7_heart_eval_mask.png,fixed_eval_mask,0.0,0.0,0.0,0.0,sd3abl_nofinal,SD3 w/o final restore,,0.01660461351275444,0.01660461351275444,31.752882396643287,0.02584377076424626,,/cluster/users/grad/2025/25t8103/project/outputs/flowedit135_ablation_metric_runs_20260624/fe_170_luna_7_heart/sd3abl_nofinal/seed_10/result.png,5.837286472320557,fe_170_luna_7_heart/sd3abl_nofinal/seed_10,,10,/cluster/users/grad/2025/25t8103/project/_baselines/src/FlowEdit/Data/Images/luna.png,0.04033462330698967,"A neon sign for a restaurant called Luna, which is located on a street corner. The sign is illuminated with red and orange colors.",18.85561478628671,0.11408256066945148,0.8330697759840416,0.8330697759840416,"A neon sign for a restaurant with an heart on it, which is located on a street corner. The sign is illuminated with red and orange colors.",fe_170_luna_7_heart
0.0,0.0,0.0,0.0,0.0,0.0,0.0,0.0,0.0,0.0,31,0.9997838139533997,0.002475556218996644,0.0024482642766088247,0.24482642766088247,0.73309326171875,46.66580248710104,0.9966461658477783,0.9966461658477783,0.38042134046554565,0.845893144607544,0.2508898973464966,0.2837291359901428,0.03283923864364624,0.2837291359901428,True,0.26690673828125,0.976505696773529,0.03283923864364624,0.20865631103515625,,,F3,T3_surface_decal,1.707824578599751,0.0,0.20865631103515625,170,0.32933562470291416,0.12088991701602936,0.12088991701602936,12.429581832571191,0.2390677027666006,10.07115364074707,a heart on the sign,0.2540678083896637,0.21753230690956116,0.29420551657676697,0.04013770818710327,0.29420551657676697,"63,0,512,341",0.1011798307299614,0.0025958907790482044,/cluster/users/grad/2025/25t8103/project/data/flowedit_compatible_135/eval_masks/fe_170_luna_7_heart_eval_mask.png,fixed_eval_mask,0.0,0.0,0.0,0.0,sd3abl_opsupport,SD3 w/o operation support,,0.002470034174621105,0.002470034174621105,46.70188407757247,0.004622807360775982,,/cluster/users/grad/2025/25t8103/project/outputs/flowedit135_ablation_metric_runs_20260624/fe_170_luna_7_heart/sd3abl_opsupport/seed_10/result.png,5.89706563949585,fe_170_luna_7_heart/sd3abl_opsupport/seed_10,,10,/cluster/users/grad/2025/25t8103/project/_baselines/src/FlowEdit/Data/Images/luna.png,0.027179092168807983,"A neon sign for a restaurant called Luna, which is located on a street corner. The sign is illuminated with red and orange colors.",19.229113453105327,0.10928091617775411,0.9167547337703565,0.9167547337703565,"A neon sign for a restaurant with an heart on it, which is located on a street corner. The sign is illuminated with red and orange colors.",fe_170_luna_7_heart
0.0,0.0,0.0,0.0,0.0,0.0,0.0,0.0,0.0,0.0,31,1.0,0.0008057962404564023,8.83760949363932e-05,0.00883760949363932,0.0371856689453125,53.748886531050346,0.9983339905738831,0.9983339905738831,0.15005287528038025,0.7214783430099487,0.258684366941452,0.303985059261322,0.045300692319869995,0.303985059261322,True,0.9628143310546875,0.48236846923828125,0.045300692319869995,0.9031715393066406,,,F5,T5_same_color_material,4.502038909269503,0.0,0.9031715393066406,171,0.14568700081516803,0.09712591022253036,0.09712591022253036,15.366443976690611,0.17048171325401368,5.837464332580566,a wooden statue of a woman,0.258684366941452,0.2728348970413208,0.303985059261322,0.045300692319869995,0.303985059261322,"0,0,512,512",0.3022029995918274,0.00022937871108297259,/cluster/users/grad/2025/25t8103/project/data/flowedit_compatible_135/eval_masks/fe_171_meditation_1_wooden_statue_eval_mask.png,fixed_eval_mask,0.0,0.0,0.0,0.0,fluxabl_adaptive,FLUX w/o adaptive controller,,0.0008222785545513034,0.0008222785545513034,52.99750353425006,0.002239364675859849,,/cluster/users/grad/2025/25t8103/project/outputs/flowedit135_ablation_metric_runs_20260624/fe_171_meditation_1_wooden_statue/fluxabl_adaptive/seed_10/result.png,1.2966268062591553,fe_171_meditation_1_wooden_statue/fluxabl_adaptive/seed_10,,10,/cluster/users/grad/2025/25t8103/project/_baselines/src/FlowEdit/Data/Images/meditation.png,0.08780095726251602,A woman sitting on the floor in a room and meditating.,15.808659600822637,0.16201940015871283,0.691038199846393,0.691038199846393,A wooden statue of a woman sitting on the floor in a room and meditating.,fe_171_meditation_1_wooden_statue
0.0,0.0,0.0,0.0,0.0,0.0,0.0,0.0,0.0,0.0,31,1.0,0.007769651245325804,0.0004902782966382802,0.049027829663828015,0.0371856689453125,40.540095446179116,0.9900438189506531,0.9900438189506531,0.15557143092155457,0.7286589741706848,0.2450655698776245,0.2911982238292694,0.0461326539516449,0.2911982238292694,True,0.9628143310546875,0.5166869163513184,0.0461326539516449,0.9031715393066406,,,F5,T5_same_color_material,3.6527520189581013,0.0,0.9031715393066406,171,0.13877285532667966,0.0931190550327301,0.0931190550327301,15.836775677498188,0.16149579403186512,4.961963176727295,a wooden statue of a woman,0.2450655698776245,0.2569950222969055,0.2911982238292694,0.0461326539516449,0.2911982238292694,"0,0,512,512",0.28799593448638916,0.00138858740683645,/cluster/users/grad/2025/25t8103/project/data/flowedit_compatible_135/eval_masks/fe_171_meditation_1_wooden_statue_eval_mask.png,fixed_eval_mask,0.0,0.0,0.0,0.0,fluxabl_nofinal,FLUX w/o final restore,,0.008922136388719082,0.008922136388719082,39.61186199217403,0.010456995000716732,,/cluster/users/grad/2025/25t8103/project/outputs/flowedit135_ablation_metric_runs_20260624/fe_171_meditation_1_wooden_statue/fluxabl_nofinal/seed_10/result.png,1.3584177494049072,fe_171_meditation_1_wooden_statue/fluxabl_nofinal/seed_10,,10,/cluster/users/grad/2025/25t8103/project/_baselines/src/FlowEdit/Data/Images/meditation.png,0.08496636152267456,A woman sitting on the floor in a room and meditating.,16.27712441649077,0.15351251230166046,0.7233414424808643,0.7233414424808643,A wooden statue of a woman sitting on the floor in a room and meditating.,fe_171_meditation_1_wooden_statue
0.0,0.0,0.0,0.0,0.0,0.0,0.0,0.0,0.0,0.0,31,1.0,0.0008057962404564023,8.83760949363932e-05,0.00883760949363932,0.0371856689453125,53.748886531050346,0.9983339905738831,0.9983339905738831,0.15726466476917267,0.739000678062439,0.2562366724014282,0.3025895059108734,0.04635283350944519,0.3025895059108734,True,0.9628143310546875,0.510834813117981,0.04635283350944519,0.9031715393066406,,,F5,T5_same_color_material,3.8302894739623228,0.0,0.9031715393066406,171,0.14034406004367272,0.09806479513645172,0.09806479513645172,15.247281680334856,0.17283668022960066,4.968620777130127,a wooden statue of a woman,0.2562366724014282,0.27261319756507874,0.3025895059108734,0.04635283350944519,0.3025895059108734,"0,0,512,512",0.29303470253944397,0.0002185120538342744,/cluster/users/grad/2025/25t8103/project/data/flowedit_compatible_135/eval_masks/fe_171_meditation_1_wooden_statue_eval_mask.png,fixed_eval_mask,0.0,0.0,0.0,0.0,fluxabl_opsupport,FLUX w/o operation support,,0.0007247916073538363,0.0007247916073538363,54.1649406190171,0.001957730780315213,,/cluster/users/grad/2025/25t8103/project/outputs/flowedit135_ablation_metric_runs_20260624/fe_171_meditation_1_wooden_statue/fluxabl_opsupport/seed_10/result.png,1.2971919775009155,fe_171_meditation_1_wooden_statue/fluxabl_opsupport/seed_10,,10,/cluster/users/grad/2025/25t8103/project/_baselines/src/FlowEdit/Data/Images/meditation.png,0.0886395201086998,A woman sitting on the floor in a room and meditating.,15.68951854433696,0.16425707042403997,0.7034716839998889,0.7034716839998889,A wooden statue of a woman sitting on the floor in a room and meditating.,fe_171_meditation_1_wooden_statue
0.0,0.0,0.0,0.0,0.0,0.0,0.0,0.0,0.0,0.0,31,1.0,0.0008057962404564023,8.83760949363932e-05,0.00883760949363932,0.0371856689453125,53.748886531050346,0.9983339905738831,0.9983339905738831,0.14934523403644562,0.726375937461853,0.25018346309661865,0.29397302865982056,0.043789565563201904,0.29397302865982056,True,0.9628143310546875,0.5130742788314819,0.043789565563201904,0.9031715393066406,,,F5,T5_same_color_material,3.7899596841203547,0.0,0.9031715393066406,171,0.1366779157040222,0.08894355595111847,0.08894355595111847,15.849353672890715,0.1612621019871366,4.92075777053833,a wooden statue of a woman,0.25018346309661865,0.2588319182395935,0.29397302865982056,0.043789565563201904,0.29397302865982056,"0,0,512,512",0.28394293785095215,0.00021708283748012036,/cluster/users/grad/2025/25t8103/project/data/flowedit_compatible_135/eval_masks/fe_171_meditation_1_wooden_statue_eval_mask.png,fixed_eval_mask,0.0,0.0,0.0,0.0,ours_flux,Ours (FLUX),,0.0007209292962215841,0.0007209292962215841,54.222299898827856,0.001944845046402633,,/cluster/users/grad/2025/25t8103/project/outputs/flowedit135_ablation_metric_runs_20260624/fe_171_meditation_1_wooden_statue/ours_flux/seed_10/result.png,1.2983667850494385,fe_171_meditation_1_wooden_statue/ours_flux/seed_10,,10,/cluster/users/grad/2025/25t8103/project/_baselines/src/FlowEdit/Data/Images/meditation.png,0.08040108531713486,A woman sitting on the floor in a room and meditating.,16.291584039480714,0.15325716868734623,0.7260922585044391,0.7260922585044391,A wooden statue of a woman sitting on the floor in a room and meditating.,fe_171_meditation_1_wooden_statue
0.0,0.0,0.0,0.0,0.0,0.0,0.0,0.0,0.0,0.0,31,1.0,0.000489726779051125,2.427988511044532e-05,0.002427988511044532,0.0371856689453125,56.90509305409178,0.9989877939224243,0.9989877939224243,0.19729012250900269,0.7222787737846375,0.23281867802143097,0.2995428144931793,0.06672413647174835,0.2995428144931793,True,0.9628143310546875,0.4273042380809784,0.06672413647174835,0.9031715393066406,,,F5,T5_same_color_material,3.681370798555646,0.0,0.9031715393066406,171,0.00904287445989838,0.10023284703493118,0.10023284703493118,14.595853655154954,0.1862976245188367,5.208315372467041,a wooden statue of a woman,0.23281867802143097,0.26857632398605347,0.2995428144931793,0.06672413647174835,0.2995428144931793,"0,0,512,512",0.3145734369754791,5.733466241508722e-05,/cluster/users/grad/2025/25t8103/project/data/flowedit_compatible_135/eval_masks/fe_171_meditation_1_wooden_statue_eval_mask.png,fixed_eval_mask,0.0,0.0,0.0,0.0,ours_sd3,Ours (SD3),,0.00044700803118757904,0.00044700803118757904,57.302021104079515,0.0013642656511255948,,/cluster/users/grad/2025/25t8103/project/outputs/flowedit135_ablation_metric_runs_20260624/fe_171_meditation_1_wooden_statue/ours_sd3/seed_10/result.png,1.414776086807251,fe_171_meditation_1_wooden_statue/ours_sd3/seed_10,,10,/cluster/users/grad/2025/25t8103/project/_baselines/src/FlowEdit/Data/Images/meditation.png,0.09057074040174484,A woman sitting on the floor in a room and meditating.,15.038126476949412,0.17704908072427686,0.6872370224724901,0.6872370224724901,A wooden statue of a woman sitting on the floor in a room and meditating.,fe_171_meditation_1_wooden_statue
0.0,0.0,0.0,0.0,0.0,0.0,0.0,0.0,0.0,0.0,31,1.0,0.000489726779051125,2.427988511044532e-05,0.002427988511044532,0.0371856689453125,56.90509305409178,0.9989877939224243,0.9989877939224243,0.1936599612236023,0.7145179510116577,0.2321656048297882,0.29836347699165344,0.06619787216186523,0.29836347699165344,True,0.9628143310546875,0.44161897897720337,0.06619787216186523,0.9031715393066406,,,F5,T5_same_color_material,3.625855472555532,0.0,0.9031715393066406,171,0.004160313565156424,0.0994691252708435,0.0994691252708435,14.655643959734379,0.18501962739661484,5.1297736167907715,a wooden statue of a woman,0.2321656048297882,0.2648867964744568,0.29836347699165344,0.06619787216186523,0.29836347699165344,"0,0,512,512",0.3139874041080475,5.733466241508722e-05,/cluster/users/grad/2025/25t8103/project/data/flowedit_compatible_135/eval_masks/fe_171_meditation_1_wooden_statue_eval_mask.png,fixed_eval_mask,0.0,0.0,0.0,0.0,sd3abl_adaptive,SD3 w/o adaptive controller,,0.00044700803118757904,0.00044700803118757904,57.302021104079515,0.0013642656511255948,,/cluster/users/grad/2025/25t8103/project/outputs/flowedit135_ablation_metric_runs_20260624/fe_171_meditation_1_wooden_statue/sd3abl_adaptive/seed_10/result.png,1.414776086807251,fe_171_meditation_1_wooden_statue/sd3abl_adaptive/seed_10,,10,/cluster/users/grad/2025/25t8103/project/_baselines/src/FlowEdit/Data/Images/meditation.png,0.08988097310066223,A woman sitting on the floor in a room and meditating.,15.097916907746445,0.17583452582990725,0.6909245608339546,0.6909245608339546,A wooden statue of a woman sitting on the floor in a room and meditating.,fe_171_meditation_1_wooden_statue
0.0,0.0,0.0,0.0,0.0,0.0,0.0,0.0,0.0,0.0,31,1.0,0.005342339165508747,0.0002211064420407638,0.02211064420407638,0.0371856689453125,43.16335976278091,0.9890199899673462,0.9890199899673462,0.19649577140808105,0.7256364822387695,0.23192183673381805,0.2975527048110962,0.06563086807727814,0.2975527048110962,True,0.9628143310546875,0.4422558844089508,0.06563086807727814,0.9031715393066406,,,F5,T5_same_color_material,3.7823228167154896,0.0,0.9031715393066406,171,0.011251853134595646,0.10275367647409439,0.10275367647409439,14.575907564900056,0.18672592596206775,5.234312534332275,a wooden statue of a woman,0.23192183673381805,0.2647818624973297,0.2975527048110962,0.06563086807727814,0.2975527048110962,"0,0,512,512",0.31837132573127747,0.0005767762195318937,/cluster/users/grad/2025/25t8103/project/data/flowedit_compatible_135/eval_masks/fe_171_meditation_1_wooden_statue_eval_mask.png,fixed_eval_mask,0.0,0.0,0.0,0.0,sd3abl_nofinal,SD3 w/o final restore,,0.005254352930933237,0.005254352930933237,43.41727096065113,0.006747399924846273,,/cluster/users/grad/2025/25t8103/project/outputs/flowedit135_ablation_metric_runs_20260624/fe_171_meditation_1_wooden_statue/sd3abl_nofinal/seed_10/result.png,1.3838883638381958,fe_171_meditation_1_wooden_statue/sd3abl_nofinal/seed_10,,10,/cluster/users/grad/2025/25t8103/project/_baselines/src/FlowEdit/Data/Images/meditation.png,0.09331297129392624,A woman sitting on the floor in a room and meditating.,15.0175950134504,0.17746807941337614,0.6831915954133827,0.6831915954133827,A wooden statue of a woman sitting on the floor in a room and meditating.,fe_171_meditation_1_wooden_statue
0.0,0.0,0.0,0.0,0.0,0.0,0.0,0.0,0.0,0.0,31,1.0,0.000489726779051125,2.427988511044532e-05,0.002427988511044532,0.0371856689453125,56.90509305409178,0.9989877939224243,0.9989877939224243,0.19573178887367249,0.7203692197799683,0.22998374700546265,0.2961213290691376,0.06613758206367493,0.2961213290691376,True,0.9628143310546875,0.4229315221309662,0.06613758206367493,0.9031715393066406,,,F5,T5_same_color_material,3.708438202150623,0.0,0.9031715393066406,171,0.007209802290073112,0.10048004239797592,0.10048004239797592,14.576173455574502,0.1867202100337577,5.246609687805176,a wooden statue of a woman,0.22998374700546265,0.2660706639289856,0.2961213290691376,0.06613758206367493,0.2961213290691376,"0,0,512,512",0.31517112255096436,5.733466241508722e-05,/cluster/users/grad/2025/25t8103/project/data/flowedit_compatible_135/eval_masks/fe_171_meditation_1_wooden_statue_eval_mask.png,fixed_eval_mask,0.0,0.0,0.0,0.0,sd3abl_opsupport,SD3 w/o operation support,,0.00044700803118757904,0.00044700803118757904,57.302021104079515,0.0013642656511255948,,/cluster/users/grad/2025/25t8103/project/outputs/flowedit135_ablation_metric_runs_20260624/fe_171_meditation_1_wooden_statue/sd3abl_opsupport/seed_10/result.png,1.414776086807251,fe_171_meditation_1_wooden_statue/sd3abl_opsupport/seed_10,,10,/cluster/users/grad/2025/25t8103/project/_baselines/src/FlowEdit/Data/Images/meditation.png,0.09079398959875107,A woman sitting on the floor in a room and meditating.,15.018446800531509,0.17745067675091444,0.6867541224828622,0.6867541224828622,A wooden statue of a woman sitting on the floor in a room and meditating.,fe_171_meditation_1_wooden_statue
0.0,0.0,0.0,0.0,0.0,0.0,0.0,0.0,0.0,0.0,31,0.9999005794525146,0.003108325647190213,0.008235089480876923,0.8235089480876923,0.793731689453125,45.35988182801054,0.9949430823326111,0.9949430823326111,0.1980116367340088,0.9514555931091309,0.24850890040397644,0.2564038038253784,0.007894903421401978,0.2564038038253784,True,0.206268310546875,0.8921140432357788,0.007894903421401978,0.1556854248046875,,,F2,T2_container_insertion,0.8626244094611993,0.0,0.1556854248046875,180,0.003356855826717632,0.058457907289266586,0.058457907289266586,18.607259613118593,0.11739159930406363,6.200125694274902,a glass with whipped cream,0.2326812744140625,0.24918729066848755,0.2632845640182495,0.03060328960418701,0.2632845640182495,"103,102,443,512",0.05766201764345169,0.014448331668972969,/cluster/users/grad/2025/25t8103/project/data/flowedit_compatible_135/eval_masks/fe_180_milk_4_whipped_cream_eval_mask.png,fixed_eval_mask,0.0,0.0,0.0,0.0,fluxabl_adaptive,FLUX w/o adaptive controller,,0.003718053922057152,0.003718053922057152,38.81820346848859,0.01145749896210426,,/cluster/users/grad/2025/25t8103/project/outputs/flowedit135_ablation_metric_runs_20260624/fe_180_milk_4_whipped_cream/fluxabl_adaptive/seed_10/result.png,7.187514781951904,fe_180_milk_4_whipped_cream/fluxabl_adaptive/seed_10,,10,/cluster/users/grad/2025/25t8103/project/_baselines/src/FlowEdit/Data/Images/milk.png,0.01224025059491396,"A glass of milk placed on a wooden table. The glass is filled with milk, and a straw is inserted into it.",26.466023369273664,0.047500571138468096,0.9619208915165287,0.9619208915165287,"A glass of milk placed on a wooden table. The glass is filled with milk, and a straw is inserted into it. There is whipped cream on top of the milk.",fe_180_milk_4_whipped_cream
0.0,0.0,0.0,0.0,0.0,0.0,0.0,0.0,0.0,0.0,31,0.9993031620979309,0.013199171051383018,0.03246575593948364,3.2465755939483643,0.793731689453125,34.35791165589907,0.9531669616699219,0.9531669616699219,0.09298935532569885,0.9913420677185059,0.26010510325431824,0.2526276707649231,-0.007477432489395142,0.2526276707649231,True,0.206268310546875,0.9684820175170898,-0.007477432489395142,0.1556854248046875,,,F2,T2_container_insertion,0.7788841150002859,0.0,0.1556854248046875,180,0.019773596001176126,0.03910604864358902,0.03910604864358902,22.866989591609833,0.07188702656326015,7.003066062927246,a glass with whipped cream,0.26005807518959045,0.20961108803749084,0.2637225389480591,0.003664463758468628,0.2637225389480591,"103,102,443,512",0.06804345548152924,0.03893165662884712,/cluster/users/grad/2025/25t8103/project/data/flowedit_compatible_135/eval_masks/fe_180_milk_4_whipped_cream_eval_mask.png,fixed_eval_mask,0.0,0.0,0.0,0.0,fluxabl_nofinal,FLUX w/o final restore,,0.014271498657763004,0.014271498657763004,33.13942596636868,0.022030720550096874,,/cluster/users/grad/2025/25t8103/project/outputs/flowedit135_ablation_metric_runs_20260624/fe_180_milk_4_whipped_cream/fluxabl_nofinal/seed_10/result.png,8.9911527633667,fe_180_milk_4_whipped_cream/fluxabl_nofinal/seed_10,,10,/cluster/users/grad/2025/25t8103/project/_baselines/src/FlowEdit/Data/Images/milk.png,0.018137870356440544,"A glass of milk placed on a wooden table. The glass is filled with milk, and a straw is inserted into it.",29.156621212079862,0.03484728436816269,0.935710448159008,0.935710448159008,"A glass of milk placed on a wooden table. The glass is filled with milk, and a straw is inserted into it. There is whipped cream on top of the milk.",fe_180_milk_4_whipped_cream
0.0,0.0,0.0,0.0,0.0,0.0,0.0,0.0,0.0,0.0,31,0.9999005794525146,0.003108325647190213,0.008235089480876923,0.8235089480876923,0.793731689453125,45.35988182801054,0.9949430823326111,0.9949430823326111,0.2636316120624542,0.9272832870483398,0.24670174717903137,0.2668149173259735,0.02011317014694214,0.2668149173259735,True,0.206268310546875,0.8565584421157837,0.02011317014694214,0.1556854248046875,,,F2,T2_container_insertion,0.9885869646354125,0.0,0.1556854248046875,180,0.01786239341370185,0.07061395794153214,0.07061395794153214,17.989253235230485,0.12604840026817846,6.915024757385254,a glass with whipped cream,0.22992348670959473,0.2705991268157959,0.2715466022491455,0.04162311553955078,0.2715466022491455,"103,102,443,512",0.06355638056993484,0.015260503627359867,/cluster/users/grad/2025/25t8103/project/data/flowedit_compatible_135/eval_masks/fe_180_milk_4_whipped_cream_eval_mask.png,fixed_eval_mask,0.0,0.0,0.0,0.0,fluxabl_opsupport,FLUX w/o operation support,,0.003735027741640806,0.003735027741640806,38.25454049259275,0.01222567862543268,,/cluster/users/grad/2025/25t8103/project/outputs/flowedit135_ablation_metric_runs_20260624/fe_180_milk_4_whipped_cream/fluxabl_opsupport/seed_10/result.png,6.994857311248779,fe_180_milk_4_whipped_cream/fluxabl_opsupport/seed_10,,10,/cluster/users/grad/2025/25t8103/project/_baselines/src/FlowEdit/Data/Images/milk.png,0.014147099107503891,"A glass of milk placed on a wooden table. The glass is filled with milk, and a straw is inserted into it.",25.85067060661053,0.05098782301725869,0.9524623230364275,0.9524623230364275,"A glass of milk placed on a wooden table. The glass is filled with milk, and a straw is inserted into it. There is whipped cream on top of the milk.",fe_180_milk_4_whipped_cream
0.0,0.0,0.0,0.0,0.0,0.0,0.0,0.0,0.0,0.0,31,0.9999005794525146,0.003108325647190213,0.008235089480876923,0.8235089480876923,0.793731689453125,45.35988182801054,0.9949430823326111,0.9949430823326111,0.03396517038345337,0.9926401376724243,0.2593824863433838,0.2493600994348526,-0.010022386908531189,0.2493600994348526,True,0.206268310546875,0.9694187045097351,-0.010022386908531189,0.1556854248046875,,,F2,T2_container_insertion,0.8880052736402143,0.0,0.1556854248046875,180,0.019724590806625503,0.03327561169862747,0.03327561169862747,23.11665315398661,0.0698501498748609,6.732367992401123,a glass with whipped cream,0.2654344439506531,0.21159055829048157,0.267614483833313,0.002180039882659912,0.267614483833313,"103,102,443,512",0.0395844466984272,0.012073966674506664,/cluster/users/grad/2025/25t8103/project/data/flowedit_compatible_135/eval_masks/fe_180_milk_4_whipped_cream_eval_mask.png,fixed_eval_mask,0.0,0.0,0.0,0.0,ours_flux,Ours (FLUX),,0.003533449722453952,0.003533449722453952,39.87792581388812,0.010141535361812698,,/cluster/users/grad/2025/25t8103/project/outputs/flowedit135_ablation_metric_runs_20260624/fe_180_milk_4_whipped_cream/ours_flux/seed_10/result.png,7.581450462341309,fe_180_milk_4_whipped_cream/ours_flux/seed_10,,10,/cluster/users/grad/2025/25t8103/project/_baselines/src/FlowEdit/Data/Images/milk.png,0.008163872174918652,"A glass of milk placed on a wooden table. The glass is filled with milk, and a straw is inserted into it.",30.724067026671555,0.029093545411043097,0.9745990066175487,0.9745990066175487,"A glass of milk placed on a wooden table. The glass is filled with milk, and a straw is inserted into it. There is whipped cream on top of the milk.",fe_180_milk_4_whipped_cream
0.0,0.0,0.0,0.0,0.0,0.0,0.0,0.0,0.0,0.0,31,0.9999890327453613,0.0015655213501304388,0.0026241675950586796,0.26241675950586796,0.793731689453125,50.59851408528863,0.9984562993049622,0.9984562993049622,0.22586214542388916,0.8950666189193726,0.2220129370689392,0.24379467964172363,0.021781742572784424,0.24379467964172363,True,0.206268310546875,0.8520622253417969,0.021781742572784424,0.1556854248046875,,,F2,T2_container_insertion,0.806009467319205,0.0,0.1556854248046875,180,0.014603547976085466,0.07304663211107254,0.07304663211107254,17.799983118001332,0.12882520555527566,7.668583869934082,a glass with whipped cream,0.22855612635612488,0.24060779809951782,0.2560501992702484,0.027494072914123535,0.2560501992702484,"103,102,443,512",0.029354233294725418,0.002862579422071576,/cluster/users/grad/2025/25t8103/project/data/flowedit_compatible_135/eval_masks/fe_180_milk_4_whipped_cream_eval_mask.png,fixed_eval_mask,0.0,0.0,0.0,0.0,ours_sd3,Ours (SD3),,0.0016865150537341833,0.0016865150537341833,48.90686014834969,0.0035863856866570868,,/cluster/users/grad/2025/25t8103/project/outputs/flowedit135_ablation_metric_runs_20260624/fe_180_milk_4_whipped_cream/ours_sd3/seed_10/result.png,9.514260292053223,fe_180_milk_4_whipped_cream/ours_sd3/seed_10,,10,/cluster/users/grad/2025/25t8103/project/_baselines/src/FlowEdit/Data/Images/milk.png,0.012796242721378803,"A glass of milk placed on a wooden table. The glass is filled with milk, and a straw is inserted into it.",25.859287735322155,0.05093726391752215,0.9676960107045965,0.9676960107045965,"A glass of milk placed on a wooden table. The glass is filled with milk, and a straw is inserted into it. There is whipped cream on top of the milk.",fe_180_milk_4_whipped_cream
0.0,0.0,0.0,0.0,0.0,0.0,0.0,0.0,0.0,0.0,31,0.9999890327453613,0.0015655213501304388,0.0026241675950586796,0.26241675950586796,0.793731689453125,50.59851408528863,0.9984562993049622,0.9984562993049622,0.20082858204841614,0.914738118648529,0.23430776596069336,0.24934113025665283,0.015033364295959473,0.24934113025665283,True,0.206268310546875,0.8421598672866821,0.015033364295959473,0.1556854248046875,,,F2,T2_container_insertion,0.7839501898284132,0.0,0.1556854248046875,180,0.013843967460550818,0.0713290423154831,0.0713290423154831,18.08496645836958,0.12466704833658951,7.43878173828125,a glass with whipped cream,0.23815342783927917,0.2461249977350235,0.2650383412837982,0.026884913444519043,0.2650383412837982,"103,102,443,512",0.027017248794436455,0.002850628225132823,/cluster/users/grad/2025/25t8103/project/data/flowedit_compatible_135/eval_masks/fe_180_milk_4_whipped_cream_eval_mask.png,fixed_eval_mask,0.0,0.0,0.0,0.0,sd3abl_adaptive,SD3 w/o adaptive controller,,0.0016818551812320948,0.0016818551812320948,49.00537168272356,0.0035459402704965705,,/cluster/users/grad/2025/25t8103/project/outputs/flowedit135_ablation_metric_runs_20260624/fe_180_milk_4_whipped_cream/sd3abl_adaptive/seed_10/result.png,9.488844871520996,fe_180_milk_4_whipped_cream/sd3abl_adaptive/seed_10,,10,/cluster/users/grad/2025/25t8103/project/_baselines/src/FlowEdit/Data/Images/milk.png,0.012524907477200031,"A glass of milk placed on a wooden table. The glass is filled with milk, and a straw is inserted into it.",26.14347478388671,0.049297654958863305,0.9699199757196717,0.9699199757196717,"A glass of milk placed on a wooden table. The glass is filled with milk, and a straw is inserted into it. There is whipped cream on top of the milk.",fe_180_milk_4_whipped_cream
0.0,0.0,0.0,0.0,0.0,0.0,0.0,0.0,0.0,0.0,31,0.9993085861206055,0.014093644917011261,0.04197703301906586,4.197703301906586,0.793731689453125,33.6682704485763,0.9286438226699829,0.9286438226699829,0.2182091623544693,0.8906661868095398,0.22560322284698486,0.2468736469745636,0.021270424127578735,0.2468736469745636,True,0.206268310546875,0.8569169044494629,0.021270424127578735,0.1556854248046875,,,F2,T2_container_insertion,0.8244585616183782,0.0,0.1556854248046875,180,0.013378418112319906,0.07677870988845825,0.07677870988845825,17.817615594205947,0.12856395386665206,7.541560173034668,a glass with whipped cream,0.22647705674171448,0.2423936426639557,0.25368624925613403,0.027209192514419556,0.25368624925613403,"103,102,443,512",0.07231727242469788,0.044002048671245575,/cluster/users/grad/2025/25t8103/project/data/flowedit_compatible_135/eval_masks/fe_180_milk_4_whipped_cream_eval_mask.png,fixed_eval_mask,0.0,0.0,0.0,0.0,sd3abl_nofinal,SD3 w/o final restore,,0.014237921684980392,0.014237921684980392,33.613954381218825,0.020859422512884356,,/cluster/users/grad/2025/25t8103/project/outputs/flowedit135_ablation_metric_runs_20260624/fe_180_milk_4_whipped_cream/sd3abl_nofinal/seed_10/result.png,9.14728832244873,fe_180_milk_4_whipped_cream/sd3abl_nofinal/seed_10,,10,/cluster/users/grad/2025/25t8103/project/_baselines/src/FlowEdit/Data/Images/milk.png,0.02397461049258709,"A glass of milk placed on a wooden table. The glass is filled with milk, and a straw is inserted into it.",25.315565450780134,0.05422776776262996,0.9069586058108267,0.9069586058108267,"A glass of milk placed on a wooden table. The glass is filled with milk, and a straw is inserted into it. There is whipped cream on top of the milk.",fe_180_milk_4_whipped_cream
0.0,0.0,0.0,0.0,0.0,0.0,0.0,0.0,0.0,0.0,31,0.9999890327453613,0.0015655213501304388,0.0026241675950586796,0.26241675950586796,0.793731689453125,50.59851408528863,0.9984562993049622,0.9984562993049622,0.2156950831413269,0.9055604934692383,0.23896443843841553,0.25747549533843994,0.018511056900024414,0.25747549533843994,True,0.206268310546875,0.8264962434768677,0.018511056900024414,0.1556854248046875,,,F2,T2_container_insertion,0.9937912897004745,0.0,0.1556854248046875,180,0.022493384298735666,0.11850444227457047,0.11850444227457047,15.025040184723613,0.1773160265792699,9.893637657165527,a glass with whipped cream,0.24253183603286743,0.24044062197208405,0.2683992087841034,0.025867372751235962,0.2683992087841034,"103,102,443,512",0.054539524018764496,0.007541194092482328,/cluster/users/grad/2025/25t8103/project/data/flowedit_compatible_135/eval_masks/fe_180_milk_4_whipped_cream_eval_mask.png,fixed_eval_mask,0.0,0.0,0.0,0.0,sd3abl_opsupport,SD3 w/o operation support,,0.002492154249921441,0.002492154249921441,34.13064655832711,0.01965475669492785,,/cluster/users/grad/2025/25t8103/project/outputs/flowedit135_ablation_metric_runs_20260624/fe_180_milk_4_whipped_cream/sd3abl_opsupport/seed_10/result.png,9.955448150634766,fe_180_milk_4_whipped_cream/sd3abl_opsupport/seed_10,,10,/cluster/users/grad/2025/25t8103/project/_baselines/src/FlowEdit/Data/Images/milk.png,0.020553575828671455,"A glass of milk placed on a wooden table. The glass is filled with milk, and a straw is inserted into it.",22.822406951754864,0.07225695442043265,0.9498748176239424,0.9498748176239424,"A glass of milk placed on a wooden table. The glass is filled with milk, and a straw is inserted into it. There is whipped cream on top of the milk.",fe_180_milk_4_whipped_cream
0.0,0.0,0.0,0.0,0.0,0.0,0.0,0.0,0.0,0.0,31,0.9998080730438232,0.0021498550195246935,0.003441066946834326,0.3441066946834326,0.8399162292480469,46.07817111102548,0.9974588751792908,0.9974588751792908,-0.022414404898881912,0.9976316690444946,0.2964152693748474,0.2392841875553131,-0.0571310818195343,0.2392841875553131,True,0.16008377075195312,0.9914449453353882,-0.0571310818195343,0.10044097900390625,,,F2,T2_container_insertion,2.711399959207061,0.0,0.10044097900390625,186,0.0,0.07787012308835983,0.07787012308835983,16.957944825516435,0.14193933256176533,9.30539321899414,a plate with strawberries,0.3041561245918274,0.17014408111572266,0.2572494447231293,-0.04690667986869812,0.2572494447231293,"0,112,512,512",0.047251809388399124,0.0037042126059532166,/cluster/users/grad/2025/25t8103/project/data/flowedit_compatible_135/eval_masks/fe_186_muffins_1_strawberries_eval_mask.png,fixed_eval_mask,0.0,0.0,0.0,0.0,fluxabl_adaptive,FLUX w/o adaptive controller,,0.002152305329218507,0.002152305329218507,46.16497234525531,0.004917579421549758,,/cluster/users/grad/2025/25t8103/project/outputs/flowedit135_ablation_metric_runs_20260624/fe_186_muffins_1_strawberries/fluxabl_adaptive/seed_10/result.png,3.4319515228271484,fe_186_muffins_1_strawberries/fluxabl_adaptive/seed_10,,10,/cluster/users/grad/2025/25t8103/project/_baselines/src/FlowEdit/Data/Images/muffins.png,0.009757477790117264,"A plate of white muffins, decorated with a few raspberries.",26.89239748885091,0.045225161411290994,0.9620209534596044,0.9620209534596044,"A plate of white muffins, decorated with a few strawberries.",fe_186_muffins_1_strawberries
0.0,0.0,0.0,0.0,0.0,0.0,0.0,0.0,0.0,0.0,31,0.988798975944519,0.012090757489204407,0.015101202763617039,1.5101202763617039,0.8399162292480469,33.772644868754526,0.9765937328338623,0.9765937328338623,0.0546712726354599,0.9860987067222595,0.30115312337875366,0.2495846152305603,-0.05156850814819336,0.2495846152305603,True,0.16008377075195312,0.9788827300071716,-0.05156850814819336,0.10044097900390625,,,F2,T2_container_insertion,1.9598636945744001,0.0,0.10044097900390625,186,3.79794910748196e-05,0.06246226280927658,0.06246226280927658,21.455628817078733,0.08457043396674545,11.835702896118164,a plate with strawberries,0.2986283004283905,0.17548638582229614,0.25794729590415955,-0.04068100452423096,0.25794729590415955,"0,112,512,512",0.050131551921367645,0.031938932836055756,/cluster/users/grad/2025/25t8103/project/data/flowedit_compatible_135/eval_masks/fe_186_muffins_1_strawberries_eval_mask.png,fixed_eval_mask,0.0,0.0,0.0,0.0,fluxabl_nofinal,FLUX w/o final restore,,0.014362797141075134,0.014362797141075134,31.572183781007766,0.02638704823500724,,/cluster/users/grad/2025/25t8103/project/outputs/flowedit135_ablation_metric_runs_20260624/fe_186_muffins_1_strawberries/fluxabl_nofinal/seed_10/result.png,6.03904390335083,fe_186_muffins_1_strawberries/fluxabl_nofinal/seed_10,,10,/cluster/users/grad/2025/25t8103/project/_baselines/src/FlowEdit/Data/Images/muffins.png,0.01919395849108696,"A plate of white muffins, decorated with a few raspberries.",28.713708746254323,0.03667030842217958,0.9465221500246915,0.9465221500246915,"A plate of white muffins, decorated with a few strawberries.",fe_186_muffins_1_strawberries
0.0,0.0,0.0,0.0,0.0,0.0,0.0,0.0,0.0,0.0,31,0.9998080730438232,0.0021498550195246935,0.003441066946834326,0.3441066946834326,0.8399162292480469,46.07817111102548,0.9974588751792908,0.9974588751792908,0.009885621257126331,0.9986881017684937,0.2925814688205719,0.23662184178829193,-0.05595962703227997,0.23662184178829193,True,0.16008377075195312,0.9958820939064026,-0.05595962703227997,0.10044097900390625,,,F2,T2_container_insertion,3.732278954613061,0.0,0.10044097900390625,186,0.0006076718571971136,0.03840242698788643,0.03840242698788643,22.387739869271527,0.07596490630830241,12.618314743041992,a plate with strawberries,0.29990309476852417,0.16835570335388184,0.2554623782634735,-0.04444071650505066,0.2554623782634735,"0,112,512,512",0.018822621554136276,0.003702921327203512,/cluster/users/grad/2025/25t8103/project/data/flowedit_compatible_135/eval_masks/fe_186_muffins_1_strawberries_eval_mask.png,fixed_eval_mask,0.0,0.0,0.0,0.0,fluxabl_opsupport,FLUX w/o operation support,,0.00214914558455348,0.00214914558455348,46.173553994422036,0.004912723257964262,,/cluster/users/grad/2025/25t8103/project/outputs/flowedit135_ablation_metric_runs_20260624/fe_186_muffins_1_strawberries/fluxabl_opsupport/seed_10/result.png,3.3808605670928955,fe_186_muffins_1_strawberries/fluxabl_opsupport/seed_10,,10,/cluster/users/grad/2025/25t8103/project/_baselines/src/FlowEdit/Data/Images/muffins.png,0.005790462251752615,"A plate of white muffins, decorated with a few raspberries.",32.2089283516802,0.024521869812491836,0.9868996780274755,0.9868996780274755,"A plate of white muffins, decorated with a few strawberries.",fe_186_muffins_1_strawberries
0.0,0.0,0.0,0.0,0.0,0.0,0.0,0.0,0.0,0.0,31,0.9998080730438232,0.0021498550195246935,0.003441066946834326,0.3441066946834326,0.8399162292480469,46.07817111102548,0.9974588751792908,0.9974588751792908,0.03369820863008499,0.9979169368743896,0.2946443557739258,0.2396003007888794,-0.05504405498504639,0.2396003007888794,True,0.16008377075195312,0.9965873956680298,-0.05504405498504639,0.10044097900390625,,,F2,T2_container_insertion,3.3502003507433677,0.0,0.10044097900390625,186,3.79794910748196e-05,0.03503561019897461,0.03503561019897461,23.69816635506703,0.06532684470945144,11.327775955200195,a plate with strawberries,0.30056798458099365,0.16770070791244507,0.25572073459625244,-0.04484724998474121,0.25572073459625244,"0,112,512,512",0.014335104264318943,0.0037028242368251085,/cluster/users/grad/2025/25t8103/project/data/flowedit_compatible_135/eval_masks/fe_186_muffins_1_strawberries_eval_mask.png,fixed_eval_mask,0.0,0.0,0.0,0.0,ours_flux,Ours (FLUX),,0.002148957224562764,0.002148957224562764,46.174031250278524,0.004912453330342449,,/cluster/users/grad/2025/25t8103/project/outputs/flowedit135_ablation_metric_runs_20260624/fe_186_muffins_1_strawberries/ours_flux/seed_10/result.png,3.381223440170288,fe_186_muffins_1_strawberries/ours_flux/seed_10,,10,/cluster/users/grad/2025/25t8103/project/_baselines/src/FlowEdit/Data/Images/muffins.png,0.005452124401926994,"A plate of white muffins, decorated with a few raspberries.",33.46449978135803,0.02122144786332787,0.9887188827204714,0.9887188827204714,"A plate of white muffins, decorated with a few strawberries.",fe_186_muffins_1_strawberries
0.0,0.0,0.0,0.0,0.0,0.0,0.0,0.0,0.0,0.0,31,0.9999521970748901,0.0010751088848337531,0.0009100220631808043,0.09100220631808043,0.8399162292480469,51.50767209958883,0.9988890886306763,0.9988890886306763,0.013644229620695114,0.9974972009658813,0.2935801148414612,0.2375739961862564,-0.05600611865520477,0.2375739961862564,True,0.16008377075195312,0.9901242256164551,-0.05600611865520477,0.10044097900390625,,,F2,T2_container_insertion,2.4914431865998865,0.0,0.10044097900390625,186,0.0,0.058252446353435516,0.058252446353435516,18.237841114195408,0.12249206165701645,10.033976554870605,a plate with strawberries,0.30274656414985657,0.167167529463768,0.2582095265388489,-0.04453703761100769,0.2582095265388489,"0,112,512,512",0.02356753498315811,0.000997545081190765,/cluster/users/grad/2025/25t8103/project/data/flowedit_compatible_135/eval_masks/fe_186_muffins_1_strawberries_eval_mask.png,fixed_eval_mask,0.0,0.0,0.0,0.0,ours_sd3,Ours (SD3),,0.0010888552060350776,0.0010888552060350776,51.493524801830866,0.0026627093292547572,,/cluster/users/grad/2025/25t8103/project/outputs/flowedit135_ablation_metric_runs_20260624/fe_186_muffins_1_strawberries/ours_sd3/seed_10/result.png,4.027375221252441,fe_186_muffins_1_strawberries/ours_sd3/seed_10,,10,/cluster/users/grad/2025/25t8103/project/_baselines/src/FlowEdit/Data/Images/muffins.png,0.00683042174205184,"A plate of white muffins, decorated with a few raspberries.",28.200391216611052,0.03890276226100502,0.9772543223753217,0.9772543223753217,"A plate of white muffins, decorated with a few strawberries.",fe_186_muffins_1_strawberries
0.0,0.0,0.0,0.0,0.0,0.0,0.0,0.0,0.0,0.0,31,0.9999521970748901,0.0010751088848337531,0.0009100220631808043,0.09100220631808043,0.8399162292480469,51.50767209958883,0.9988890886306763,0.9988890886306763,0.013259124010801315,0.9979007244110107,0.2935704290866852,0.23751458525657654,-0.05605584383010864,0.23751458525657654,True,0.16008377075195312,0.9880039095878601,-0.05605584383010864,0.10044097900390625,,,F2,T2_container_insertion,2.47842070658575,0.0,0.10044097900390625,186,0.0,0.06169116124510765,0.06169116124510765,17.657357879258985,0.13095802175899673,9.993846893310547,a plate with strawberries,0.3038882613182068,0.1683158427476883,0.26044440269470215,-0.04344385862350464,0.26044440269470215,"0,112,512,512",0.023058513179421425,0.0009981105104088783,/cluster/users/grad/2025/25t8103/project/data/flowedit_compatible_135/eval_masks/fe_186_muffins_1_strawberries_eval_mask.png,fixed_eval_mask,0.0,0.0,0.0,0.0,sd3abl_adaptive,SD3 w/o adaptive controller,,0.0010894816368818283,0.0010894816368818283,51.48861363612444,0.0026642153010065285,,/cluster/users/grad/2025/25t8103/project/outputs/flowedit135_ablation_metric_runs_20260624/fe_186_muffins_1_strawberries/sd3abl_adaptive/seed_10/result.png,4.032344818115234,fe_186_muffins_1_strawberries/sd3abl_adaptive/seed_10,,10,/cluster/users/grad/2025/25t8103/project/_baselines/src/FlowEdit/Data/Images/muffins.png,0.007176373153924942,"A plate of white muffins, decorated with a few raspberries.",27.622179874961503,0.04158062435948719,0.9753010684521044,0.9753010684521044,"A plate of white muffins, decorated with a few strawberries.",fe_186_muffins_1_strawberries
0.0,0.0,0.0,0.0,0.0,0.0,0.0,0.0,0.0,0.0,31,0.9935005903244019,0.011720041744410992,0.012250064872205257,1.2250064872205257,0.8399162292480469,34.00707163668771,0.9700871706008911,0.9700871706008911,-0.03226528316736221,0.9863949418067932,0.3014272451400757,0.241782084107399,-0.0596451610326767,0.241782084107399,True,0.16008377075195312,0.9799119830131531,-0.0596451610326767,0.10044097900390625,,,F2,T2_container_insertion,2.603304762081481,0.0,0.10044097900390625,186,0.0,0.06788811832666397,0.06788811832666397,18.093864208148435,0.12453940588593457,9.767311096191406,a plate with strawberries,0.30478376150131226,0.17052432894706726,0.2544610798358917,-0.05032268166542053,0.2544610798358917,"0,112,512,512",0.038480550050735474,0.013890312984585762,/cluster/users/grad/2025/25t8103/project/data/flowedit_compatible_135/eval_masks/fe_186_muffins_1_strawberries_eval_mask.png,fixed_eval_mask,0.0,0.0,0.0,0.0,sd3abl_nofinal,SD3 w/o final restore,,0.011863132007420063,0.011863132007420063,33.940654222585344,0.02008941493118165,,/cluster/users/grad/2025/25t8103/project/outputs/flowedit135_ablation_metric_runs_20260624/fe_186_muffins_1_strawberries/sd3abl_nofinal/seed_10/result.png,3.751889228820801,fe_186_muffins_1_strawberries/sd3abl_nofinal/seed_10,,10,/cluster/users/grad/2025/25t8103/project/_baselines/src/FlowEdit/Data/Images/muffins.png,0.017490334808826447,"A plate of white muffins, decorated with a few raspberries.",27.164965688864093,0.04382800631541062,0.9400807180647539,0.9400807180647539,"A plate of white muffins, decorated with a few strawberries.",fe_186_muffins_1_strawberries
0.0,0.0,0.0,0.0,0.0,0.0,0.0,0.0,0.0,0.0,31,0.9999521970748901,0.0010751088848337531,0.0009100220631808043,0.09100220631808043,0.8399162292480469,51.50767209958883,0.9988890886306763,0.9988890886306763,0.01911604031920433,0.9952216148376465,0.2988162636756897,0.24338409304618835,-0.05543217062950134,0.24338409304618835,True,0.16008377075195312,0.9832202792167664,-0.05543217062950134,0.10044097900390625,,,F2,T2_container_insertion,2.0430192527948403,0.0,0.10044097900390625,186,0.0,0.09346380829811096,0.09346380829811096,14.889541262959785,0.1801038252060762,8.264161109924316,a plate with strawberries,0.3054465353488922,0.16874918341636658,0.2630497217178345,-0.04239681363105774,0.2630497217178345,"0,112,512,512",0.04327660799026489,0.0009994696592912078,/cluster/users/grad/2025/25t8103/project/data/flowedit_compatible_135/eval_masks/fe_186_muffins_1_strawberries_eval_mask.png,fixed_eval_mask,0.0,0.0,0.0,0.0,sd3abl_opsupport,SD3 w/o operation support,,0.0010912499856203794,0.0010912499856203794,51.451280371944385,0.0026756911451311723,,/cluster/users/grad/2025/25t8103/project/outputs/flowedit135_ablation_metric_runs_20260624/fe_186_muffins_1_strawberries/sd3abl_opsupport/seed_10/result.png,4.045072555541992,fe_186_muffins_1_strawberries/sd3abl_opsupport/seed_10,,10,/cluster/users/grad/2025/25t8103/project/_baselines/src/FlowEdit/Data/Images/muffins.png,0.010369238443672657,"A plate of white muffins, decorated with a few raspberries.",24.86185580100115,0.05713565493116422,0.9604666734745341,0.9604666734745341,"A plate of white muffins, decorated with a few strawberries.",fe_186_muffins_1_strawberries
0.0,0.0,0.0,0.0,0.0,0.0,0.0,0.0,0.0,0.0,31,0.9999489188194275,0.0020300152245908976,0.003280362579971552,0.3280362579971552,0.6493301391601562,47.25085285706366,0.997982919216156,0.997982919216156,0.19517967104911804,0.8513275384902954,0.29689285159111023,0.3311990797519684,0.034306228160858154,0.3311990797519684,True,0.35066986083984375,0.20511767268180847,0.034306228160858154,0.280059814453125,,,F5,T5_same_color_material,1.4902210266528708,0.0,0.280059814453125,187,0.05418437397842432,0.10830958932638168,0.10830958932638168,14.51212285853035,0.18810219224071104,9.741084098815918,a glass sculpture of a parrot,0.286735475063324,0.2930484414100647,0.3337084650993347,0.04697299003601074,0.3337084650993347,"57,0,512,512",0.11451155692338943,0.005344519857317209,/cluster/users/grad/2025/25t8103/project/data/flowedit_compatible_135/eval_masks/fe_187_parrot_1_glass_sculpture_eval_mask.png,fixed_eval_mask,0.0,0.0,0.0,0.0,fluxabl_adaptive,FLUX w/o adaptive controller,,0.002505504060536623,0.002505504060536623,42.88800917706726,0.0071713272497151955,,/cluster/users/grad/2025/25t8103/project/outputs/flowedit135_ablation_metric_runs_20260624/fe_187_parrot_1_glass_sculpture/fluxabl_adaptive/seed_10/result.png,6.536670684814453,fe_187_parrot_1_glass_sculpture/fluxabl_adaptive/seed_10,,10,/cluster/users/grad/2025/25t8103/project/_baselines/src/FlowEdit/Data/Images/parrot.png,0.03213697671890259,"A colorful parrot perched on a tree branch. The parrot is predominantly blue, with a mix of red, green, and yellow colors. It sitting comfortably on the branch. The tree itself is filled with green leaves, creating a lush and vibrant backdrop for the parrot.",20.023418333181198,0.09973074960641057,0.8943933518631618,0.8943933518631618,"A glass sculpture of a colorful parrot perched on a tree branch. The glass sculpture of the parrot is predominantly red, with a mix of blue, green, and yellow colors. It sitting comfortably on the branch. The tree itself is filled with green leaves, creating a lush and vibrant backdrop for the glass sculpture of the parrot.",fe_187_parrot_1_glass_sculpture
0.0,0.0,0.0,0.0,0.0,0.0,0.0,0.0,0.0,0.0,31,0.9994938373565674,0.011620339937508106,0.009931055828928947,0.9931055828928947,0.6493301391601562,35.05586142860436,0.9817662239074707,0.9817662239074707,0.1716507077217102,0.8974807262420654,0.28909730911254883,0.304874449968338,0.015777140855789185,0.304874449968338,True,0.35066986083984375,0.31070730090141296,0.015777140855789185,0.280059814453125,,,F5,T5_same_color_material,1.148581446773314,0.0,0.280059814453125,187,0.06671570229922633,0.09505677968263626,0.09505677968263626,15.191622425287042,0.17394777530526065,7.998873710632324,a glass sculpture of a parrot,0.288248211145401,0.2520919144153595,0.3047636151313782,0.016515403985977173,0.3047636151313782,"57,0,512,512",0.10555168986320496,0.011761639267206192,/cluster/users/grad/2025/25t8103/project/data/flowedit_compatible_135/eval_masks/fe_187_parrot_1_glass_sculpture_eval_mask.png,fixed_eval_mask,0.0,0.0,0.0,0.0,fluxabl_nofinal,FLUX w/o final restore,,0.011933445930480957,0.011933445930480957,34.751252143346306,0.01829942285871309,,/cluster/users/grad/2025/25t8103/project/outputs/flowedit135_ablation_metric_runs_20260624/fe_187_parrot_1_glass_sculpture/fluxabl_nofinal/seed_10/result.png,6.964132785797119,fe_187_parrot_1_glass_sculpture/fluxabl_nofinal/seed_10,,10,/cluster/users/grad/2025/25t8103/project/_baselines/src/FlowEdit/Data/Images/parrot.png,0.03521295264363289,"A colorful parrot perched on a tree branch. The parrot is predominantly blue, with a mix of red, green, and yellow colors. It sitting comfortably on the branch. The tree itself is filled with green leaves, creating a lush and vibrant backdrop for the parrot.",20.59728245802622,0.09335463324280319,0.893081420460841,0.893081420460841,"A glass sculpture of a colorful parrot perched on a tree branch. The glass sculpture of the parrot is predominantly red, with a mix of blue, green, and yellow colors. It sitting comfortably on the branch. The tree itself is filled with green leaves, creating a lush and vibrant backdrop for the glass sculpture of the parrot.",fe_187_parrot_1_glass_sculpture
0.0,0.0,0.0,0.0,0.0,0.0,0.0,0.0,0.0,0.0,31,0.99994957447052,0.0020265979692339897,0.00328304641880095,0.328304641880095,0.6493301391601562,47.26531587139042,0.9979851841926575,0.9979851841926575,0.1823662668466568,0.898229718208313,0.29458293318748474,0.31349441409111023,0.01891148090362549,0.31349441409111023,True,0.35066986083984375,0.19062811136245728,0.01891148090362549,0.280059814453125,,,F5,T5_same_color_material,1.1494370790449016,0.0,0.280059814453125,187,0.07732646834477498,0.09636501967906952,0.09636501967906952,14.705475023274337,0.18396120634207974,7.41886043548584,a glass sculpture of a parrot,0.2923303544521332,0.2984966039657593,0.3419959545135498,0.049665600061416626,0.3419959545135498,"57,0,512,512",0.0990557000041008,0.004548438359051943,/cluster/users/grad/2025/25t8103/project/data/flowedit_compatible_135/eval_masks/fe_187_parrot_1_glass_sculpture_eval_mask.png,fixed_eval_mask,0.0,0.0,0.0,0.0,fluxabl_opsupport,FLUX w/o operation support,,0.002280302345752716,0.002280302345752716,45.22168489661125,0.005481706199814523,,/cluster/users/grad/2025/25t8103/project/outputs/flowedit135_ablation_metric_runs_20260624/fe_187_parrot_1_glass_sculpture/fluxabl_opsupport/seed_10/result.png,6.454342365264893,fe_187_parrot_1_glass_sculpture/fluxabl_opsupport/seed_10,,10,/cluster/users/grad/2025/25t8103/project/_baselines/src/FlowEdit/Data/Images/parrot.png,0.028629645705223083,"A colorful parrot perched on a tree branch. The parrot is predominantly blue, with a mix of red, green, and yellow colors. It sitting comfortably on the branch. The tree itself is filled with green leaves, creating a lush and vibrant backdrop for the parrot.",20.22306595830536,0.09746455451506868,0.9049122194149153,0.9049122194149153,"A glass sculpture of a colorful parrot perched on a tree branch. The glass sculpture of the parrot is predominantly red, with a mix of blue, green, and yellow colors. It sitting comfortably on the branch. The tree itself is filled with green leaves, creating a lush and vibrant backdrop for the glass sculpture of the parrot.",fe_187_parrot_1_glass_sculpture
0.0,0.0,0.0,0.0,0.0,0.0,0.0,0.0,0.0,0.0,31,0.99994957447052,0.002026183297857642,0.0032809795811772346,0.32809795811772346,0.6493301391601562,47.26774116991213,0.9979860186576843,0.9979860186576843,0.17895878851413727,0.9003236293792725,0.28882378339767456,0.3060409426689148,0.017217159271240234,0.3060409426689148,True,0.35066986083984375,0.3080085515975952,0.017217159271240234,0.280059814453125,,,F5,T5_same_color_material,1.2069296218461762,0.0,0.280059814453125,187,0.06655225019069412,0.08979056775569916,0.08979056775569916,15.241618692275612,0.1729494022689354,7.782600402832031,a glass sculpture of a parrot,0.28511303663253784,0.25056707859039307,0.29984110593795776,0.014728069305419922,0.29984110593795776,"57,0,512,512",0.09768693894147873,0.004511719569563866,/cluster/users/grad/2025/25t8103/project/data/flowedit_compatible_135/eval_masks/fe_187_parrot_1_glass_sculpture_eval_mask.png,fixed_eval_mask,0.0,0.0,0.0,0.0,ours_flux,Ours (FLUX),,0.0022667814046144485,0.0022667814046144485,45.34578997731372,0.005403939785152882,,/cluster/users/grad/2025/25t8103/project/outputs/flowedit135_ablation_metric_runs_20260624/fe_187_parrot_1_glass_sculpture/ours_flux/seed_10/result.png,6.448263645172119,fe_187_parrot_1_glass_sculpture/ours_flux/seed_10,,10,/cluster/users/grad/2025/25t8103/project/_baselines/src/FlowEdit/Data/Images/parrot.png,0.026778673753142357,"A colorful parrot perched on a tree branch. The parrot is predominantly blue, with a mix of red, green, and yellow colors. It sitting comfortably on the branch. The tree itself is filled with green leaves, creating a lush and vibrant backdrop for the parrot.",20.7582229172424,0.09164079627096655,0.9085809887653952,0.9085809887653952,"A glass sculpture of a colorful parrot perched on a tree branch. The glass sculpture of the parrot is predominantly red, with a mix of blue, green, and yellow colors. It sitting comfortably on the branch. The tree itself is filled with green leaves, creating a lush and vibrant backdrop for the glass sculpture of the parrot.",fe_187_parrot_1_glass_sculpture
0.0,0.0,0.0,0.0,0.0,0.0,0.0,0.0,0.0,0.0,31,0.9995832443237305,0.0010404650820419192,0.0009035298717208207,0.09035298717208207,0.6493301391601562,52.40073659691472,0.9990736842155457,0.9990736842155457,0.1417837142944336,0.8643673658370972,0.2938419282436371,0.30658701062202454,0.012745082378387451,0.30658701062202454,True,0.35066986083984375,0.4815722703933716,0.012745082378387451,0.280059814453125,,,F5,T5_same_color_material,1.5804284157344448,0.0,0.280059814453125,187,0.06442737277977553,0.07957164943218231,0.07957164943218231,15.578636320805073,0.16636738256087896,10.887919425964355,a glass sculpture of a parrot,0.29579076170921326,0.2656398415565491,0.31439244747161865,0.018601685762405396,0.31439244747161865,"57,0,512,512",0.08376636356115341,0.0010340559529140592,/cluster/users/grad/2025/25t8103/project/data/flowedit_compatible_135/eval_masks/fe_187_parrot_1_glass_sculpture_eval_mask.png,fixed_eval_mask,0.0,0.0,0.0,0.0,ours_sd3,Ours (SD3),,0.0010956460610032082,0.0010956460610032082,51.70708017735951,0.002598040944288059,,/cluster/users/grad/2025/25t8103/project/outputs/flowedit135_ablation_metric_runs_20260624/fe_187_parrot_1_glass_sculpture/ours_sd3/seed_10/result.png,6.889220237731934,fe_187_parrot_1_glass_sculpture/ours_sd3/seed_10,,10,/cluster/users/grad/2025/25t8103/project/_baselines/src/FlowEdit/Data/Images/parrot.png,0.02307361550629139,"A colorful parrot perched on a tree branch. The parrot is predominantly blue, with a mix of red, green, and yellow colors. It sitting comfortably on the branch. The tree itself is filled with green leaves, creating a lush and vibrant backdrop for the parrot.",21.103407192381454,0.08807033339285046,0.9181807954818937,0.9181807954818937,"A glass sculpture of a colorful parrot perched on a tree branch. The glass sculpture of the parrot is predominantly red, with a mix of blue, green, and yellow colors. It sitting comfortably on the branch. The tree itself is filled with green leaves, creating a lush and vibrant backdrop for the glass sculpture of the parrot.",fe_187_parrot_1_glass_sculpture
0.0,0.0,0.0,0.0,0.0,0.0,0.0,0.0,0.0,0.0,31,0.9995832443237305,0.0010404650820419192,0.0009035298717208207,0.09035298717208207,0.6493301391601562,52.40073659691472,0.9990736842155457,0.9990736842155457,0.11466997861862183,0.8752022385597229,0.29370763897895813,0.29577600955963135,0.0020683705806732178,0.29577600955963135,True,0.35066986083984375,0.4785282611846924,0.0020683705806732178,0.280059814453125,,,F5,T5_same_color_material,1.574502830129853,0.0,0.280059814453125,187,0.06569412662090007,0.07937978953123093,0.07937978953123093,15.636052797584432,0.16527126838272266,10.848294258117676,a glass sculpture of a parrot,0.2920437455177307,0.23893161118030548,0.2856897711753845,-0.006353974342346191,0.2856897711753845,"57,0,512,512",0.0810551866889,0.001034245709888637,/cluster/users/grad/2025/25t8103/project/data/flowedit_compatible_135/eval_masks/fe_187_parrot_1_glass_sculpture_eval_mask.png,fixed_eval_mask,0.0,0.0,0.0,0.0,sd3abl_adaptive,SD3 w/o adaptive controller,,0.0010955698089674115,0.0010955698089674115,51.70597929305551,0.002598370251230293,,/cluster/users/grad/2025/25t8103/project/outputs/flowedit135_ablation_metric_runs_20260624/fe_187_parrot_1_glass_sculpture/sd3abl_adaptive/seed_10/result.png,6.889980792999268,fe_187_parrot_1_glass_sculpture/sd3abl_adaptive/seed_10,,10,/cluster/users/grad/2025/25t8103/project/_baselines/src/FlowEdit/Data/Images/parrot.png,0.023019833490252495,"A colorful parrot perched on a tree branch. The parrot is predominantly blue, with a mix of red, green, and yellow colors. It sitting comfortably on the branch. The tree itself is filled with green leaves, creating a lush and vibrant backdrop for the parrot.",21.160784852446564,0.08749047157229045,0.9198233142470236,0.9198233142470236,"A glass sculpture of a colorful parrot perched on a tree branch. The glass sculpture of the parrot is predominantly red, with a mix of blue, green, and yellow colors. It sitting comfortably on the branch. The tree itself is filled with green leaves, creating a lush and vibrant backdrop for the glass sculpture of the parrot.",fe_187_parrot_1_glass_sculpture
0.0,0.0,0.0,0.0,0.0,0.0,0.0,0.0,0.0,0.0,31,0.9995825290679932,0.010861450806260109,0.011267307214438915,1.1267307214438915,0.6493301391601562,34.96409518578285,0.9765412211418152,0.9765412211418152,0.13192686438560486,0.8687193393707275,0.2962005138397217,0.30490538477897644,0.00870487093925476,0.30490538477897644,True,0.35066986083984375,0.5102935433387756,0.00870487093925476,0.280059814453125,,,F5,T5_same_color_material,1.6558097316505567,0.0,0.280059814453125,187,0.06282009371254223,0.08529752492904663,0.08529752492904663,15.582054545675234,0.16630192360799137,10.79300308227539,a glass sculpture of a parrot,0.2915157675743103,0.2510765790939331,0.29719430208206177,0.005678534507751465,0.29719430208206177,"57,0,512,512",0.09637134522199631,0.012741876766085625,/cluster/users/grad/2025/25t8103/project/data/flowedit_compatible_135/eval_masks/fe_187_parrot_1_glass_sculpture_eval_mask.png,fixed_eval_mask,0.0,0.0,0.0,0.0,sd3abl_nofinal,SD3 w/o final restore,,0.011079041287302971,0.011079041287302971,34.80730586460014,0.01818170917626941,,/cluster/users/grad/2025/25t8103/project/outputs/flowedit135_ablation_metric_runs_20260624/fe_187_parrot_1_glass_sculpture/sd3abl_nofinal/seed_10/result.png,6.51826286315918,fe_187_parrot_1_glass_sculpture/sd3abl_nofinal/seed_10,,10,/cluster/users/grad/2025/25t8103/project/_baselines/src/FlowEdit/Data/Images/parrot.png,0.031864654272794724,"A colorful parrot perched on a tree branch. The parrot is predominantly blue, with a mix of red, green, and yellow colors. It sitting comfortably on the branch. The tree itself is filled with green leaves, creating a lush and vibrant backdrop for the parrot.",20.978110199119605,0.08934998625732256,0.8979406431380864,0.8979406431380864,"A glass sculpture of a colorful parrot perched on a tree branch. The glass sculpture of the parrot is predominantly red, with a mix of blue, green, and yellow colors. It sitting comfortably on the branch. The tree itself is filled with green leaves, creating a lush and vibrant backdrop for the glass sculpture of the parrot.",fe_187_parrot_1_glass_sculpture
0.0,0.0,0.0,0.0,0.0,0.0,0.0,0.0,0.0,0.0,31,0.9995832443237305,0.0010404650820419192,0.0009035298717208207,0.09035298717208207,0.6493301391601562,52.40073659691472,0.9990736842155457,0.9990736842155457,0.17158380150794983,0.8674483895301819,0.29129692912101746,0.31364133954048157,0.02234441041946411,0.31364133954048157,True,0.35066986083984375,0.49351704120635986,0.02234441041946411,0.280059814453125,,,F5,T5_same_color_material,1.6059227078226006,0.0,0.280059814453125,187,0.06313337692056227,0.07878856360912323,0.07878856360912323,15.678409895517426,0.1644672781863742,11.062966346740723,a glass sculpture of a parrot,0.29072973132133484,0.27380162477493286,0.31792986392974854,0.027200132608413696,0.31792986392974854,"57,0,512,512",0.08120349049568176,0.0010336959967389703,/cluster/users/grad/2025/25t8103/project/data/flowedit_compatible_135/eval_masks/fe_187_parrot_1_glass_sculpture_eval_mask.png,fixed_eval_mask,0.0,0.0,0.0,0.0,sd3abl_opsupport,SD3 w/o operation support,,0.0010955145116895437,0.0010955145116895437,51.71052418050665,0.0025970110109251867,,/cluster/users/grad/2025/25t8103/project/outputs/flowedit135_ablation_metric_runs_20260624/fe_187_parrot_1_glass_sculpture/sd3abl_opsupport/seed_10/result.png,6.888853549957275,fe_187_parrot_1_glass_sculpture/sd3abl_opsupport/seed_10,,10,/cluster/users/grad/2025/25t8103/project/_baselines/src/FlowEdit/Data/Images/parrot.png,0.022854221984744072,"A colorful parrot perched on a tree branch. The parrot is predominantly blue, with a mix of red, green, and yellow colors. It sitting comfortably on the branch. The tree itself is filled with green leaves, creating a lush and vibrant backdrop for the parrot.",21.203119334260123,0.08706508598967927,0.9198908623968518,0.9198908623968518,"A glass sculpture of a colorful parrot perched on a tree branch. The glass sculpture of the parrot is predominantly red, with a mix of blue, green, and yellow colors. It sitting comfortably on the branch. The tree itself is filled with green leaves, creating a lush and vibrant backdrop for the glass sculpture of the parrot.",fe_187_parrot_1_glass_sculpture
0.0,0.0,0.0,0.0,0.0,0.0,0.0,0.0,0.0,0.0,31,0.9992392063140869,0.004854685161262751,0.015153667889535427,1.5153667889535427,0.8908042907714844,37.50190283572837,0.9903713464736938,0.9903713464736938,0.38820162415504456,0.9476511478424072,0.270656943321228,0.29122909903526306,0.020572155714035034,0.29122909903526306,True,0.10919570922851562,0.9888595938682556,0.020572155714035034,0.07303237915039062,,,F1,T1_attached_accessory,1.3052299635030369,0.0,0.07303237915039062,192,0.0334290937581614,0.021608810871839523,0.021608810871839523,22.816302852405595,0.07230775159426078,10.603204727172852,a parrots wearing a hat,0.2543681859970093,0.27418625354766846,0.2745899260044098,0.020221740007400513,0.2745899260044098,"198,131,495,364",0.022938407957553864,0.017945237457752228,/cluster/users/grad/2025/25t8103/project/data/flowedit_compatible_135/eval_masks/fe_192_parrots_1_top_hat_eval_mask.png,fixed_eval_mask,0.0,0.0,0.0,0.0,fluxabl_adaptive,FLUX w/o adaptive controller,,0.005311779212206602,0.005311779212206602,35.4544361609589,0.01687633710962472,,/cluster/users/grad/2025/25t8103/project/outputs/flowedit135_ablation_metric_runs_20260624/fe_192_parrots_1_top_hat/fluxabl_adaptive/seed_10/result.png,8.123629570007324,fe_192_parrots_1_top_hat/fluxabl_adaptive/seed_10,,10,/cluster/users/grad/2025/25t8103/project/_baselines/src/FlowEdit/Data/Images/parrots.png,0.006501991301774979,"Two colorful parrots sitting on a wooden stump or log. They are positioned close to each other, with one parrot on the left side and the other on the right side of the stump. The parrot''s wings have blue feathers and their body is yellow.",31.89865851123711,0.025413651753726063,0.9840364539906331,0.9840364539906331,"Two colorful parrots sitting on a wooden stump or log. They are positioned close to each other, with one parrot on the left side and the other on the right side of the stump. The parrot''s wings have blue feathers and their body is yellow. Both parrots have a top hat on their head.",fe_192_parrots_1_top_hat
0.0,0.0,0.0,0.0,0.0,0.0,0.0,0.0,0.0,0.0,31,0.9979839324951172,0.015646016225218773,0.027095608413219452,2.709560841321945,0.8908042907714844,31.370242452847094,0.9645476341247559,0.9645476341247559,0.39969199895858765,0.942672610282898,0.27843037247657776,0.30089423060417175,0.022463858127593994,0.30089423060417175,True,0.10919570922851562,0.9871269464492798,0.022463858127593994,0.07303237915039062,,,F1,T1_attached_accessory,1.3130834119907515,0.0,0.07303237915039062,192,0.03907025332985114,0.039034340530633926,0.039034340530633926,21.374900122859955,0.08536011546074071,11.550216674804688,a parrots wearing a hat,0.24095630645751953,0.27302324771881104,0.2632744312286377,0.022318124771118164,0.2632744312286377,"198,131,495,364",0.037532247602939606,0.0315924733877182,/cluster/users/grad/2025/25t8103/project/data/flowedit_compatible_135/eval_masks/fe_192_parrots_1_top_hat_eval_mask.png,fixed_eval_mask,0.0,0.0,0.0,0.0,fluxabl_nofinal,FLUX w/o final restore,,0.016046790406107903,0.016046790406107903,30.811303264748574,0.028802808487821956,,/cluster/users/grad/2025/25t8103/project/outputs/flowedit135_ablation_metric_runs_20260624/fe_192_parrots_1_top_hat/fluxabl_nofinal/seed_10/result.png,8.796255111694336,fe_192_parrots_1_top_hat/fluxabl_nofinal/seed_10,,10,/cluster/users/grad/2025/25t8103/project/_baselines/src/FlowEdit/Data/Images/parrots.png,0.01772562600672245,"Two colorful parrots sitting on a wooden stump or log. They are positioned close to each other, with one parrot on the left side and the other on the right side of the stump. The parrot''s wings have blue feathers and their body is yellow.",28.85671483561974,0.036071504633819855,0.9573804462085118,0.9573804462085118,"Two colorful parrots sitting on a wooden stump or log. They are positioned close to each other, with one parrot on the left side and the other on the right side of the stump. The parrot''s wings have blue feathers and their body is yellow. Both parrots have a top hat on their head.",fe_192_parrots_1_top_hat
0.0,0.0,0.0,0.0,0.0,0.0,0.0,0.0,0.0,0.0,31,0.9975165128707886,0.0070893303491175175,0.030085651203989983,3.0085651203989983,0.8908042907714844,29.337264069424,0.9852933287620544,0.9852933287620544,0.24477039277553558,0.7694992423057556,0.2592678666114807,0.28802043199539185,0.028752565383911133,0.28802043199539185,True,0.10919570922851562,0.9912092685699463,0.028752565383911133,0.07303237915039062,,,F1,T1_attached_accessory,1.148679162531717,0.0,0.07303237915039062,192,0.0353617132410551,0.027941355481743813,0.027941355481743813,20.629735016876584,0.09300648880985511,10.800250053405762,a parrots wearing a hat,0.24649907648563385,0.296874076128006,0.27226781845092773,0.025768741965293884,0.27226781845092773,"198,131,495,364",0.034257519990205765,0.03189767152070999,/cluster/users/grad/2025/25t8103/project/data/flowedit_compatible_135/eval_masks/fe_192_parrots_1_top_hat_eval_mask.png,fixed_eval_mask,0.0,0.0,0.0,0.0,fluxabl_opsupport,FLUX w/o operation support,,0.008686887100338936,0.008686887100338936,27.177238540240538,0.04376612264015908,,/cluster/users/grad/2025/25t8103/project/outputs/flowedit135_ablation_metric_runs_20260624/fe_192_parrots_1_top_hat/fluxabl_opsupport/seed_10/result.png,9.402320861816406,fe_192_parrots_1_top_hat/fluxabl_opsupport/seed_10,,10,/cluster/users/grad/2025/25t8103/project/_baselines/src/FlowEdit/Data/Images/parrots.png,0.0100930854678154,"Two colorful parrots sitting on a wooden stump or log. They are positioned close to each other, with one parrot on the left side and the other on the right side of the stump. The parrot''s wings have blue feathers and their body is yellow.",26.18464818087976,0.04906452412059363,0.9773936579143625,0.9773936579143625,"Two colorful parrots sitting on a wooden stump or log. They are positioned close to each other, with one parrot on the left side and the other on the right side of the stump. The parrot''s wings have blue feathers and their body is yellow. Both parrots have a top hat on their head.",fe_192_parrots_1_top_hat
0.0,0.0,0.0,0.0,0.0,0.0,0.0,0.0,0.0,0.0,31,0.9997777938842773,0.004795930348336697,0.012748603709042072,1.2748603709042072,0.8908042907714844,37.823139323369944,0.9921950697898865,0.9921950697898865,0.36487144231796265,0.9429709911346436,0.26640042662620544,0.28666791319847107,0.020267486572265625,0.28666791319847107,True,0.10919570922851562,0.9909794330596924,0.020267486572265625,0.07303237915039062,,,F1,T1_attached_accessory,1.2877760904928022,0.0,0.07303237915039062,192,0.035831809872029254,0.019364364445209503,0.019364364445209503,22.850944226360724,0.07201994554847713,10.448934555053711,a parrots wearing a hat,0.24669334292411804,0.2792969346046448,0.2698017656803131,0.02310842275619507,0.2698017656803131,"198,131,495,364",0.021752147004008293,0.016889141872525215,/cluster/users/grad/2025/25t8103/project/data/flowedit_compatible_135/eval_masks/fe_192_parrots_1_top_hat_eval_mask.png,fixed_eval_mask,0.0,0.0,0.0,0.0,ours_flux,Ours (FLUX),,0.005157239269465208,0.005157239269465208,35.84753477637239,0.016129587512977585,,/cluster/users/grad/2025/25t8103/project/outputs/flowedit135_ablation_metric_runs_20260624/fe_192_parrots_1_top_hat/ours_flux/seed_10/result.png,8.113937377929688,fe_192_parrots_1_top_hat/ours_flux/seed_10,,10,/cluster/users/grad/2025/25t8103/project/_baselines/src/FlowEdit/Data/Images/parrots.png,0.006194820161908865,"Two colorful parrots sitting on a wooden stump or log. They are positioned close to each other, with one parrot on the left side and the other on the right side of the stump. The parrot''s wings have blue feathers and their body is yellow.",32.07627306820982,0.024899254635337376,0.986611950043716,0.986611950043716,"Two colorful parrots sitting on a wooden stump or log. They are positioned close to each other, with one parrot on the left side and the other on the right side of the stump. The parrot''s wings have blue feathers and their body is yellow. Both parrots have a top hat on their head.",fe_192_parrots_1_top_hat
0.0,0.0,0.0,0.0,0.0,0.0,0.0,0.0,0.0,0.0,31,0.9944528341293335,0.008983210660517216,0.032606035470962524,3.2606035470962524,0.8908042907714844,25.153409045231744,0.9770711660385132,0.9770711660385132,0.4090997576713562,0.9173938035964966,0.26246607303619385,0.2902185916900635,0.02775251865386963,0.2902185916900635,True,0.10919570922851562,0.9773558378219604,0.02775251865386963,0.07303237915039062,,,F1,T1_attached_accessory,1.1086555101308133,0.0,0.07303237915039062,192,0.034839383651083834,0.03566207364201546,0.03566207364201546,18.797708332950002,0.11484565879247559,11.320563316345215,a parrots wearing a hat,0.23147758841514587,0.2619780898094177,0.2600944936275482,0.028616905212402344,0.2600944936275482,"198,131,495,364",0.041099775582551956,0.03639201074838638,/cluster/users/grad/2025/25t8103/project/data/flowedit_compatible_135/eval_masks/fe_192_parrots_1_top_hat_eval_mask.png,fixed_eval_mask,0.0,0.0,0.0,0.0,ours_sd3,Ours (SD3),,0.010759073309600353,0.010759073309600353,24.044172251072688,0.06277567445843885,,/cluster/users/grad/2025/25t8103/project/outputs/flowedit135_ablation_metric_runs_20260624/fe_192_parrots_1_top_hat/ours_sd3/seed_10/result.png,10.211073875427246,fe_192_parrots_1_top_hat/ours_sd3/seed_10,,10,/cluster/users/grad/2025/25t8103/project/_baselines/src/FlowEdit/Data/Images/parrots.png,0.012577801011502743,"Two colorful parrots sitting on a wooden stump or log. They are positioned close to each other, with one parrot on the left side and the other on the right side of the stump. The parrot''s wings have blue feathers and their body is yellow.",23.357113973775245,0.06794293464205273,0.9649924007480054,0.9649924007480054,"Two colorful parrots sitting on a wooden stump or log. They are positioned close to each other, with one parrot on the left side and the other on the right side of the stump. The parrot''s wings have blue feathers and their body is yellow. Both parrots have a top hat on their head.",fe_192_parrots_1_top_hat
0.0,0.0,0.0,0.0,0.0,0.0,0.0,0.0,0.0,0.0,31,0.9951716065406799,0.009109748527407646,0.03232250735163689,3.2322507351636887,0.8908042907714844,25.07800580764905,0.9772711992263794,0.9772711992263794,0.37329357862472534,0.8959213495254517,0.2581624388694763,0.28679656982421875,0.02863413095474243,0.28679656982421875,True,0.10919570922851562,0.9770122766494751,0.02863413095474243,0.07303237915039062,,,F1,T1_attached_accessory,1.0521842522926241,0.0,0.07303237915039062,192,0.034839383651083834,0.03728559613227844,0.03728559613227844,18.475735004368975,0.11918270821808279,11.34997844696045,a parrots wearing a hat,0.23333491384983063,0.26084214448928833,0.25993412733078003,0.026599213480949402,0.25993412733078003,"198,131,495,364",0.04225911200046539,0.03628109395503998,/cluster/users/grad/2025/25t8103/project/data/flowedit_compatible_135/eval_masks/fe_192_parrots_1_top_hat_eval_mask.png,fixed_eval_mask,0.0,0.0,0.0,0.0,sd3abl_adaptive,SD3 w/o adaptive controller,,0.010803340934216976,0.010803340934216976,24.036940352525363,0.06282796344390036,,/cluster/users/grad/2025/25t8103/project/outputs/flowedit135_ablation_metric_runs_20260624/fe_192_parrots_1_top_hat/sd3abl_adaptive/seed_10/result.png,10.787063598632812,fe_192_parrots_1_top_hat/sd3abl_adaptive/seed_10,,10,/cluster/users/grad/2025/25t8103/project/_baselines/src/FlowEdit/Data/Images/parrots.png,0.012737407349050045,"Two colorful parrots sitting on a wooden stump or log. They are positioned close to each other, with one parrot on the left side and the other on the right side of the stump. The parrot''s wings have blue feathers and their body is yellow.",23.282295467679702,0.0685307092656165,0.9654791172702507,0.9654791172702507,"Two colorful parrots sitting on a wooden stump or log. They are positioned close to each other, with one parrot on the left side and the other on the right side of the stump. The parrot''s wings have blue feathers and their body is yellow. Both parrots have a top hat on their head.",fe_192_parrots_1_top_hat
0.0,0.0,0.0,0.0,0.0,0.0,0.0,0.0,0.0,0.0,31,0.9872065782546997,0.022450119256973267,0.05371982976794243,5.371982976794243,0.8908042907714844,24.13488088115486,0.9328503012657166,0.9328503012657166,0.38239237666130066,0.8913692235946655,0.25365400314331055,0.28352388739585876,0.029869884252548218,0.28352388739585876,True,0.10919570922851562,0.9657559990882874,0.029869884252548218,0.07303237915039062,,,F1,T1_attached_accessory,1.0797180649496478,0.0,0.07303237915039062,192,0.0365108383389919,0.051587723195552826,0.051587723195552826,18.23182071078117,0.12257699334380168,10.668536186218262,a parrots wearing a hat,0.22459420561790466,0.2628163695335388,0.25105276703834534,0.026458561420440674,0.25105276703834534,"198,131,495,364",0.06444002687931061,0.05839347839355469,/cluster/users/grad/2025/25t8103/project/data/flowedit_compatible_135/eval_masks/fe_192_parrots_1_top_hat_eval_mask.png,fixed_eval_mask,0.0,0.0,0.0,0.0,sd3abl_nofinal,SD3 w/o final restore,,0.024147314950823784,0.024147314950823784,23.124325190765873,0.06978848016223271,,/cluster/users/grad/2025/25t8103/project/outputs/flowedit135_ablation_metric_runs_20260624/fe_192_parrots_1_top_hat/sd3abl_nofinal/seed_10/result.png,9.880853652954102,fe_192_parrots_1_top_hat/sd3abl_nofinal/seed_10,,10,/cluster/users/grad/2025/25t8103/project/_baselines/src/FlowEdit/Data/Images/parrots.png,0.026151346042752266,"Two colorful parrots sitting on a wooden stump or log. They are positioned close to each other, with one parrot on the left side and the other on the right side of the stump. The parrot''s wings have blue feathers and their body is yellow.",22.50878237938201,0.07491363678987367,0.9217178976643141,0.9217178976643141,"Two colorful parrots sitting on a wooden stump or log. They are positioned close to each other, with one parrot on the left side and the other on the right side of the stump. The parrot''s wings have blue feathers and their body is yellow. Both parrots have a top hat on their head.",fe_192_parrots_1_top_hat
0.0,0.0,0.0,0.0,0.0,0.0,0.0,0.0,0.0,0.0,31,0.9950852394104004,0.008991696871817112,0.033626407384872437,3.3626407384872437,0.8908042907714844,25.1299275391152,0.9774876832962036,0.9774876832962036,0.39794233441352844,0.9191668629646301,0.264918714761734,0.2915044128894806,0.026585698127746582,0.2915044128894806,True,0.10919570922851562,0.9776611924171448,0.026585698127746582,0.07303237915039062,,,F1,T1_attached_accessory,1.08883843922497,0.0,0.07303237915039062,192,0.034839383651083834,0.036248579621315,0.036248579621315,18.66956127746412,0.11655259198298744,11.33885669708252,a parrots wearing a hat,0.23303771018981934,0.26595619320869446,0.2610023021697998,0.02796459197998047,0.2610023021697998,"198,131,495,364",0.04232233390212059,0.03710884973406792,/cluster/users/grad/2025/25t8103/project/data/flowedit_compatible_135/eval_masks/fe_192_parrots_1_top_hat_eval_mask.png,fixed_eval_mask,0.0,0.0,0.0,0.0,sd3abl_opsupport,SD3 w/o operation support,,0.010770821943879128,0.010770821943879128,24.03353060852855,0.06285263211162262,,/cluster/users/grad/2025/25t8103/project/outputs/flowedit135_ablation_metric_runs_20260624/fe_192_parrots_1_top_hat/sd3abl_opsupport/seed_10/result.png,10.413718223571777,fe_192_parrots_1_top_hat/sd3abl_opsupport/seed_10,,10,/cluster/users/grad/2025/25t8103/project/_baselines/src/FlowEdit/Data/Images/parrots.png,0.01263152714818716,"Two colorful parrots sitting on a wooden stump or log. They are positioned close to each other, with one parrot on the left side and the other on the right side of the stump. The parrot''s wings have blue feathers and their body is yellow.",23.321689236196615,0.0682206005471466,0.965273391433603,0.965273391433603,"Two colorful parrots sitting on a wooden stump or log. They are positioned close to each other, with one parrot on the left side and the other on the right side of the stump. The parrot''s wings have blue feathers and their body is yellow. Both parrots have a top hat on their head.",fe_192_parrots_1_top_hat
0.0,0.0,0.0,0.0,0.0,0.0,0.0,0.0,0.0,0.0,31,0.9948158264160156,0.014560224488377571,0.04152653366327286,4.152653366327286,0.7816925048828125,28.870581592894588,0.9635609984397888,0.9635609984397888,0.3697938919067383,0.9424968957901001,0.29216843843460083,0.32025623321533203,0.0280877947807312,0.32025623321533203,True,0.2183074951171875,0.9820992946624756,0.0280877947807312,0.17243194580078125,,,F1,T1_attached_accessory,0.9654604474633517,0.0,0.17243194580078125,195,0.04639175257731959,0.02742229588329792,0.02742229588329792,22.27501210418239,0.07695722423808289,14.960748672485352,a parrots wearing a crown,0.2556891143321991,0.29924774169921875,0.2950934171676636,0.03940430283546448,0.2950934171676636,"0,8,338,365",0.05938767269253731,0.046989429742097855,/cluster/users/grad/2025/25t8103/project/data/flowedit_compatible_135/eval_masks/fe_195_parrots2_1_crown_eval_mask.png,fixed_eval_mask,0.0,0.0,0.0,0.0,fluxabl_adaptive,FLUX w/o adaptive controller,,0.015609269961714745,0.015609269961714745,27.758786648022156,0.04093178342898148,,/cluster/users/grad/2025/25t8103/project/outputs/flowedit135_ablation_metric_runs_20260624/fe_195_parrots2_1_crown/fluxabl_adaptive/seed_10/result.png,15.495972633361816,fe_195_parrots2_1_crown/fluxabl_adaptive/seed_10,,10,/cluster/users/grad/2025/25t8103/project/_baselines/src/FlowEdit/Data/Images/parrots2.png,0.01764621026813984,"Two colorful parrots perched on a rocky surface. The parrots are positioned close to each other, with one parrot on the left side and the other on the right side of the rock. The parrot colors are predominantly red.",26.183922834683568,0.049068621599774986,0.953320715755409,0.953320715755409,"Two colorful parrots perched on a rocky surface. Both parrots have a crown on their head. The birds are positioned close to each other, with one parrot on the left side and the other on the right side of the rock. The parrot colors are predominantly red.",fe_195_parrots2_1_crown
0.0,0.0,0.0,0.0,0.0,0.0,0.0,0.0,0.0,0.0,31,0.9956744909286499,0.03766392171382904,0.07336932420730591,7.336932420730591,0.7816925048828125,25.2137608180507,0.8486433625221252,0.8486433625221252,0.33380448818206787,0.9038379192352295,0.2915990352630615,0.3252323865890503,0.03363335132598877,0.3252323865890503,True,0.2183074951171875,0.9858205914497375,0.03363335132598877,0.17243194580078125,,,F1,T1_attached_accessory,0.9580877264027523,0.0,0.17243194580078125,195,0.044909517277996545,0.05399281159043312,0.05399281159043312,20.981324976483204,0.08931692261320329,16.750761032104492,a parrots wearing a crown,0.265491783618927,0.2863762378692627,0.2998894155025482,0.034397631883621216,0.2998894155025482,"0,8,338,365",0.10653737187385559,0.08199255168437958,/cluster/users/grad/2025/25t8103/project/data/flowedit_compatible_135/eval_masks/fe_195_parrots2_1_crown_eval_mask.png,fixed_eval_mask,0.0,0.0,0.0,0.0,fluxabl_nofinal,FLUX w/o final restore,,0.038619257509708405,0.038619257509708405,24.657392933624777,0.05849656350037938,,/cluster/users/grad/2025/25t8103/project/outputs/flowedit135_ablation_metric_runs_20260624/fe_195_parrots2_1_crown/fluxabl_nofinal/seed_10/result.png,17.483535766601562,fe_195_parrots2_1_crown/fluxabl_nofinal/seed_10,,10,/cluster/users/grad/2025/25t8103/project/_baselines/src/FlowEdit/Data/Images/parrots2.png,0.04127015545964241,"Two colorful parrots perched on a rocky surface. The parrots are positioned close to each other, with one parrot on the left side and the other on the right side of the rock. The parrot colors are predominantly red.",23.759873365889046,0.06486438902472087,0.8400894358280038,0.8400894358280038,"Two colorful parrots perched on a rocky surface. Both parrots have a crown on their head. The birds are positioned close to each other, with one parrot on the left side and the other on the right side of the rock. The parrot colors are predominantly red.",fe_195_parrots2_1_crown
0.0,0.0,0.0,0.0,0.0,0.0,0.0,0.0,0.0,0.0,31,0.9975196719169617,0.014760095626115799,0.042464181780815125,4.2464181780815125,0.7816925048828125,28.46015143020482,0.9657078981399536,0.9657078981399536,0.3062552809715271,0.9075418710708618,0.3010098934173584,0.33106729388237,0.030057400465011597,0.33106729388237,True,0.2183074951171875,0.9918347001075745,0.030057400465011597,0.17243194580078125,,,F1,T1_attached_accessory,0.9229145860241907,0.0,0.17243194580078125,195,0.041834432104774125,0.027479931712150574,0.027479931712150574,22.450401274803955,0.07541885526861879,14.64012622833252,a parrots wearing a crown,0.260813444852829,0.288247674703598,0.2982962131500244,0.037482768297195435,0.2982962131500244,"0,8,338,365",0.06312424689531326,0.04920666664838791,/cluster/users/grad/2025/25t8103/project/data/flowedit_compatible_135/eval_masks/fe_195_parrots2_1_crown_eval_mask.png,fixed_eval_mask,0.0,0.0,0.0,0.0,fluxabl_opsupport,FLUX w/o operation support,,0.016036828979849815,0.016036828979849815,27.25199082391726,0.043391079899148276,,/cluster/users/grad/2025/25t8103/project/outputs/flowedit135_ablation_metric_runs_20260624/fe_195_parrots2_1_crown/fluxabl_opsupport/seed_10/result.png,15.862926483154297,fe_195_parrots2_1_crown/fluxabl_opsupport/seed_10,,10,/cluster/users/grad/2025/25t8103/project/_baselines/src/FlowEdit/Data/Images/parrots2.png,0.018009983003139496,"Two colorful parrots perched on a rocky surface. The parrots are positioned close to each other, with one parrot on the left side and the other on the right side of the rock. The parrot colors are predominantly red.",25.953497632892827,0.050387767684863555,0.955428457727017,0.955428457727017,"Two colorful parrots perched on a rocky surface. Both parrots have a crown on their head. The birds are positioned close to each other, with one parrot on the left side and the other on the right side of the rock. The parrot colors are predominantly red.",fe_195_parrots2_1_crown
0.0,0.0,0.0,0.0,0.0,0.0,0.0,0.0,0.0,0.0,31,0.9983974695205688,0.011876404285430908,0.03412916883826256,3.412916883826256,0.7816925048828125,32.088411137456816,0.972873330116272,0.972873330116272,0.2970018684864044,0.908801794052124,0.2969077229499817,0.3256775736808777,0.028769850730895996,0.3256775736808777,True,0.2183074951171875,0.9894109964370728,0.028769850730895996,0.17243194580078125,,,F1,T1_attached_accessory,0.9442506249391941,0.0,0.17243194580078125,195,0.04285208619087651,0.022332608699798584,0.022332608699798584,23.480664724083425,0.06698333456527437,14.43005657196045,a parrots wearing a crown,0.26720938086509705,0.2857002019882202,0.3016242980957031,0.03441491723060608,0.3016242980957031,"0,8,338,365",0.054044488817453384,0.03994708135724068,/cluster/users/grad/2025/25t8103/project/data/flowedit_compatible_135/eval_masks/fe_195_parrots2_1_crown_eval_mask.png,fixed_eval_mask,0.0,0.0,0.0,0.0,ours_flux,Ours (FLUX),,0.012825588695704937,0.012825588695704937,29.908743516054024,0.03195676611753159,,/cluster/users/grad/2025/25t8103/project/outputs/flowedit135_ablation_metric_runs_20260624/fe_195_parrots2_1_crown/ours_flux/seed_10/result.png,15.28201961517334,fe_195_parrots2_1_crown/ours_flux/seed_10,,10,/cluster/users/grad/2025/25t8103/project/_baselines/src/FlowEdit/Data/Images/parrots2.png,0.014464898966252804,"Two colorful parrots perched on a rocky surface. The parrots are positioned close to each other, with one parrot on the left side and the other on the right side of the rock. The parrot colors are predominantly red.",27.908059959171855,0.04023435115813503,0.9648536433611898,0.9648536433611898,"Two colorful parrots perched on a rocky surface. Both parrots have a crown on their head. The birds are positioned close to each other, with one parrot on the left side and the other on the right side of the rock. The parrot colors are predominantly red.",fe_195_parrots2_1_crown
0.0,0.0,0.0,0.0,0.0,0.0,0.0,0.0,0.0,0.0,31,0.9763140678405762,0.013835261575877666,0.04645070806145668,4.645070806145668,0.7816925048828125,25.83859773295728,0.9626402258872986,0.9626402258872986,0.14811208844184875,0.9781250953674316,0.3029370605945587,0.3073461055755615,0.004409044981002808,0.3073461055755615,True,0.2183074951171875,0.9602674841880798,0.004409044981002808,0.17243194580078125,,,F1,T1_attached_accessory,0.980036743150457,0.0,0.17243194580078125,195,0.038339011548161585,0.034133605659008026,0.034133605659008026,19.510257172100854,0.10580035901280274,16.486234664916992,a parrots wearing a crown,0.2801405191421509,0.2137846052646637,0.28248482942581177,0.0023443102836608887,0.28248482942581177,"0,8,338,365",0.07083473354578018,0.053010642528533936,/cluster/users/grad/2025/25t8103/project/data/flowedit_compatible_135/eval_masks/fe_195_parrots2_1_crown_eval_mask.png,fixed_eval_mask,0.0,0.0,0.0,0.0,ours_sd3,Ours (SD3),,0.015039023943245411,0.015039023943245411,25.21087444399648,0.05488532975217347,,/cluster/users/grad/2025/25t8103/project/outputs/flowedit135_ablation_metric_runs_20260624/fe_195_parrots2_1_crown/ours_sd3/seed_10/result.png,16.822057723999023,fe_195_parrots2_1_crown/ours_sd3/seed_10,,10,/cluster/users/grad/2025/25t8103/project/_baselines/src/FlowEdit/Data/Images/parrots2.png,0.018331533297896385,"Two colorful parrots perched on a rocky surface. The parrots are positioned close to each other, with one parrot on the left side and the other on the right side of the rock. The parrot colors are predominantly red.",23.542715007972998,0.06650652397146113,0.9509608121471141,0.9509608121471141,"Two colorful parrots perched on a rocky surface. Both parrots have a crown on their head. The birds are positioned close to each other, with one parrot on the left side and the other on the right side of the rock. The parrot colors are predominantly red.",fe_195_parrots2_1_crown
0.0,0.0,0.0,0.0,0.0,0.0,0.0,0.0,0.0,0.0,31,0.9580893516540527,0.013650024309754372,0.04449102282524109,4.449102282524109,0.7816925048828125,25.910133695837217,0.9606851935386658,0.9606851935386658,0.25259894132614136,0.8738055229187012,0.29362186789512634,0.322819322347641,0.02919745445251465,0.322819322347641,True,0.2183074951171875,0.9536396265029907,0.02919745445251465,0.17243194580078125,,,F1,T1_attached_accessory,0.9768482212955819,0.0,0.17243194580078125,195,0.038339011548161585,0.03164536505937576,0.03164536505937576,20.35740071130895,0.0959687779118166,16.469818115234375,a parrots wearing a crown,0.23911604285240173,0.2929930090904236,0.276958167552948,0.037842124700546265,0.276958167552948,"0,8,338,365",0.06861786544322968,0.050285302102565765,/cluster/users/grad/2025/25t8103/project/data/flowedit_compatible_135/eval_masks/fe_195_parrots2_1_crown_eval_mask.png,fixed_eval_mask,0.0,0.0,0.0,0.0,sd3abl_adaptive,SD3 w/o adaptive controller,,0.014789224602282047,0.014789224602282047,25.35119093568605,0.05400580614966209,,/cluster/users/grad/2025/25t8103/project/outputs/flowedit135_ablation_metric_runs_20260624/fe_195_parrots2_1_crown/sd3abl_adaptive/seed_10/result.png,16.86016082763672,fe_195_parrots2_1_crown/sd3abl_adaptive/seed_10,,10,/cluster/users/grad/2025/25t8103/project/_baselines/src/FlowEdit/Data/Images/parrots2.png,0.017695754766464233,"Two colorful parrots perched on a rocky surface. The parrots are positioned close to each other, with one parrot on the left side and the other on the right side of the rock. The parrot colors are predominantly red.",23.97744117918535,0.06325981842748304,0.9499243715639001,0.9499243715639001,"Two colorful parrots perched on a rocky surface. Both parrots have a crown on their head. The birds are positioned close to each other, with one parrot on the left side and the other on the right side of the rock. The parrot colors are predominantly red.",fe_195_parrots2_1_crown
0.0,0.0,0.0,0.0,0.0,0.0,0.0,0.0,0.0,0.0,31,0.9687252640724182,0.04869083687663078,0.11830580234527588,11.830580234527588,0.7816925048828125,22.332878008161607,0.7467630505561829,0.7467630505561829,0.09475000202655792,0.9720942974090576,0.29181772470474243,0.2939448952674866,0.0021271705627441406,0.2939448952674866,True,0.2183074951171875,0.9481966495513916,0.0021271705627441406,0.17243194580078125,,,F1,T1_attached_accessory,0.9765640730173458,0.0,0.17243194580078125,195,0.04041856555019689,0.07001069188117981,0.07001069188117981,18.098111749567614,0.1244785189778012,15.902420043945312,a parrots wearing a crown,0.2712310254573822,0.21952016651630402,0.2767084240913391,0.005477398633956909,0.2767084240913391,"0,8,338,365",0.16118741035461426,0.12963826954364777,/cluster/users/grad/2025/25t8103/project/data/flowedit_compatible_135/eval_masks/fe_195_parrots2_1_crown_eval_mask.png,fixed_eval_mask,0.0,0.0,0.0,0.0,sd3abl_nofinal,SD3 w/o final restore,,0.04977966845035553,0.04977966845035553,22.045609409389915,0.07901681669580114,,/cluster/users/grad/2025/25t8103/project/outputs/flowedit135_ablation_metric_runs_20260624/fe_195_parrots2_1_crown/sd3abl_nofinal/seed_10/result.png,16.2840518951416,fe_195_parrots2_1_crown/sd3abl_nofinal/seed_10,,10,/cluster/users/grad/2025/25t8103/project/_baselines/src/FlowEdit/Data/Images/parrots2.png,0.05326816067099571,"Two colorful parrots perched on a rocky surface. The parrots are positioned close to each other, with one parrot on the left side and the other on the right side of the rock. The parrot colors are predominantly red.",21.057467221450224,0.08853737444384681,0.7398621991865126,0.7398621991865126,"Two colorful parrots perched on a rocky surface. Both parrots have a crown on their head. The birds are positioned close to each other, with one parrot on the left side and the other on the right side of the rock. The parrot colors are predominantly red.",fe_195_parrots2_1_crown
0.0,0.0,0.0,0.0,0.0,0.0,0.0,0.0,0.0,0.0,31,0.9783263802528381,0.014143209904432297,0.050475455820560455,5.0475455820560455,0.7816925048828125,25.608246016162077,0.9609284400939941,0.9609284400939941,0.0943586677312851,0.9654099941253662,0.3145189881324768,0.31746968626976013,0.002950698137283325,0.31746968626976013,True,0.2183074951171875,0.9582947492599487,0.002950698137283325,0.17243194580078125,,,F1,T1_attached_accessory,0.9908415472585931,0.0,0.17243194580078125,195,0.038339011548161585,0.03399375453591347,0.03399375453591347,19.70914819367929,0.10340525032919426,16.404497146606445,a parrots wearing a crown,0.2764955163002014,0.2191573977470398,0.28089821338653564,0.0044026970863342285,0.28089821338653564,"0,8,338,365",0.07374726235866547,0.05565723776817322,/cluster/users/grad/2025/25t8103/project/data/flowedit_compatible_135/eval_masks/fe_195_parrots2_1_crown_eval_mask.png,fixed_eval_mask,0.0,0.0,0.0,0.0,sd3abl_opsupport,SD3 w/o operation support,,0.015400465577840805,0.015400465577840805,24.98526875921606,0.05632958634804905,,/cluster/users/grad/2025/25t8103/project/outputs/flowedit135_ablation_metric_runs_20260624/fe_195_parrots2_1_crown/sd3abl_opsupport/seed_10/result.png,16.55612564086914,fe_195_parrots2_1_crown/sd3abl_opsupport/seed_10,,10,/cluster/users/grad/2025/25t8103/project/_baselines/src/FlowEdit/Data/Images/parrots2.png,0.018606537953019142,"Two colorful parrots perched on a rocky surface. The parrots are positioned close to each other, with one parrot on the left side and the other on the right side of the rock. The parrot colors are predominantly red.",23.497271298042016,0.06685539130814593,0.9496175433139997,0.9496175433139997,"Two colorful parrots perched on a rocky surface. Both parrots have a crown on their head. The birds are positioned close to each other, with one parrot on the left side and the other on the right side of the rock. The parrot colors are predominantly red.",fe_195_parrots2_1_crown
0.0,0.0,0.0,0.0,0.0,0.0,0.0,0.0,0.0,0.0,31,0.9667530059814453,0.08301683515310287,0.13001002371311188,13.001002371311188,0.4398460388183594,15.208578064765074,0.7454395890235901,0.7454395890235901,0.38992610573768616,0.8429564833641052,0.2567668557167053,0.34199491143226624,0.08522805571556091,0.34199491143226624,True,0.5601539611816406,0.9526336193084717,0.08522805571556091,0.4732933044433594,,,F5,T5_same_color_material,0.8227262795929986,0.0,0.4732933044433594,196,0.023196395612189794,0.040799330919981,0.040799330919981,19.06984885354373,0.11130317609206225,10.0191068649292,a origami of a penguin,0.26102688908576965,0.26940014958381653,0.337459534406662,0.07643264532089233,0.337459534406662,"36,0,512,512",0.215020090341568,0.14747148752212524,/cluster/users/grad/2025/25t8103/project/data/flowedit_compatible_135/eval_masks/fe_196_penguins_1_origami_eval_mask.png,fixed_eval_mask,0.0,0.0,0.0,0.0,fluxabl_adaptive,FLUX w/o adaptive controller,,0.07911241799592972,0.07911241799592972,15.38530298288725,0.17011196093408332,,/cluster/users/grad/2025/25t8103/project/outputs/flowedit135_ablation_metric_runs_20260624/fe_196_penguins_1_origami/fluxabl_adaptive/seed_10/result.png,12.177934646606445,fe_196_penguins_1_origami/fluxabl_adaptive/seed_10,,10,/cluster/users/grad/2025/25t8103/project/_baselines/src/FlowEdit/Data/Images/penguins.png,0.06097907945513725,"Two penguins standing in a lake. They are positioned close to each other, with one penguin on the left side and the other on the right side of the picture.",16.756098753048143,0.14527639766055905,0.7987353416685532,0.7987353416685532,"Two origami penguins standing in a lake. They are positioned close to each other, with one origami penguin on the left side and the other on the right side of the picture.",fe_196_penguins_1_origami
0.0,0.0,0.0,0.0,0.0,0.0,0.0,0.0,0.0,0.0,31,0.983371376991272,0.05933979153633118,0.08796072006225586,8.796072006225586,0.4398460388183594,17.99810606565363,0.8177528977394104,0.8177528977394104,0.33863866329193115,0.9646705985069275,0.27332329750061035,0.28279536962509155,0.009472072124481201,0.28279536962509155,True,0.5601539611816406,0.9789760708808899,0.009472072124481201,0.4732933044433594,,,F5,T5_same_color_material,1.0688358092567496,0.0,0.4732933044433594,196,0.02416358375446317,0.03496914356946945,0.03496914356946945,21.144526858877587,0.08765438703012451,9.343586921691895,a origami of a penguin,0.2706366777420044,0.2018890380859375,0.2655203342437744,-0.0051163434982299805,0.2655203342437744,"36,0,512,512",0.1294751763343811,0.09632870554924011,/cluster/users/grad/2025/25t8103/project/data/flowedit_compatible_135/eval_masks/fe_196_penguins_1_origami_eval_mask.png,fixed_eval_mask,0.0,0.0,0.0,0.0,fluxabl_nofinal,FLUX w/o final restore,,0.05555746704339981,0.05555746704339981,18.320179151309585,0.12133638239024863,,/cluster/users/grad/2025/25t8103/project/outputs/flowedit135_ablation_metric_runs_20260624/fe_196_penguins_1_origami/fluxabl_nofinal/seed_10/result.png,8.741835594177246,fe_196_penguins_1_origami/fluxabl_nofinal/seed_10,,10,/cluster/users/grad/2025/25t8103/project/_baselines/src/FlowEdit/Data/Images/penguins.png,0.045813146978616714,"Two penguins standing in a lake. They are positioned close to each other, with one penguin on the left side and the other on the right side of the picture.",19.434417741024088,0.10672818229484321,0.8539965155879039,0.8539965155879039,"Two origami penguins standing in a lake. They are positioned close to each other, with one origami penguin on the left side and the other on the right side of the picture.",fe_196_penguins_1_origami
0.0,0.0,0.0,0.0,0.0,0.0,0.0,0.0,0.0,0.0,31,0.9825150966644287,0.06974241882562637,0.10654392838478088,10.654392838478088,0.4398460388183594,16.306345960074736,0.7993742823600769,0.7993742823600769,0.35933777689933777,0.9387499690055847,0.27211689949035645,0.3026963174343109,0.030579417943954468,0.3026963174343109,True,0.5601539611816406,0.9683927297592163,0.030579417943954468,0.4732933044433594,,,F5,T5_same_color_material,0.8815751925349702,0.0,0.4732933044433594,196,0.02372834909044015,0.0337948203086853,0.0337948203086853,19.29241141280405,0.10848743204998591,8.599818229675293,a origami of a penguin,0.261150985956192,0.2625942826271057,0.31860047578811646,0.05744948983192444,0.31860047578811646,"36,0,512,512",0.1600075364112854,0.12058458477258682,/cluster/users/grad/2025/25t8103/project/data/flowedit_compatible_135/eval_masks/fe_196_penguins_1_origami_eval_mask.png,fixed_eval_mask,0.0,0.0,0.0,0.0,fluxabl_opsupport,FLUX w/o operation support,,0.0681486651301384,0.0681486651301384,16.154780939320005,0.1556900840270716,,/cluster/users/grad/2025/25t8103/project/outputs/flowedit135_ablation_metric_runs_20260624/fe_196_penguins_1_origami/fluxabl_opsupport/seed_10/result.png,9.755059242248535,fe_196_penguins_1_origami/fluxabl_opsupport/seed_10,,10,/cluster/users/grad/2025/25t8103/project/_baselines/src/FlowEdit/Data/Images/penguins.png,0.05188920721411705,"Two penguins standing in a lake. They are positioned close to each other, with one penguin on the left side and the other on the right side of the picture.",17.366601091045318,0.13541598885317652,0.8433630888039055,0.8433630888039055,"Two origami penguins standing in a lake. They are positioned close to each other, with one origami penguin on the left side and the other on the right side of the picture.",fe_196_penguins_1_origami
0.0,0.0,0.0,0.0,0.0,0.0,0.0,0.0,0.0,0.0,31,0.9837000370025635,0.053237080574035645,0.08522035926580429,8.522035926580429,0.4398460388183594,18.055355293477383,0.8338784575462341,0.8338784575462341,0.3845674991607666,0.9641042947769165,0.27318519353866577,0.2903602719306946,0.01717507839202881,0.2903602719306946,True,0.5601539611816406,0.9783114194869995,0.01717507839202881,0.4732933044433594,,,F5,T5_same_color_material,1.0633429062147612,0.0,0.4732933044433594,196,0.02433284167936101,0.02529001049697399,0.02529001049697399,21.39256248864224,0.08518671586637164,8.54419231414795,a origami of a penguin,0.26981160044670105,0.21877071261405945,0.28137487173080444,0.011563271284103394,0.28137487173080444,"36,0,512,512",0.12184598296880722,0.09303632378578186,/cluster/users/grad/2025/25t8103/project/data/flowedit_compatible_135/eval_masks/fe_196_penguins_1_origami_eval_mask.png,fixed_eval_mask,0.0,0.0,0.0,0.0,ours_flux,Ours (FLUX),,0.0492752380669117,0.0492752380669117,18.381797713400868,0.1204786560609402,,/cluster/users/grad/2025/25t8103/project/outputs/flowedit135_ablation_metric_runs_20260624/fe_196_penguins_1_origami/ours_flux/seed_10/result.png,8.035218238830566,fe_196_penguins_1_origami/ours_flux/seed_10,,10,/cluster/users/grad/2025/25t8103/project/_baselines/src/FlowEdit/Data/Images/penguins.png,0.0379231832921505,"Two penguins standing in a lake. They are positioned close to each other, with one penguin on the left side and the other on the right side of the picture.",19.55468541139414,0.10526057290366518,0.8750694865913258,0.8750694865913258,"Two origami penguins standing in a lake. They are positioned close to each other, with one origami penguin on the left side and the other on the right side of the picture.",fe_196_penguins_1_origami
0.0,0.0,0.0,0.0,0.0,0.0,0.0,0.0,0.0,0.0,31,0.9756039977073669,0.04549575224518776,0.0787331759929657,7.87331759929657,0.4398460388183594,18.456827501308815,0.8675148487091064,0.8675148487091064,0.37090951204299927,0.7991998195648193,0.24381084740161896,0.3398507535457611,0.09603990614414215,0.3398507535457611,True,0.5601539611816406,0.9626332521438599,0.09603990614414215,0.4732933044433594,,,F5,T5_same_color_material,1.1442619915040209,0.0,0.4732933044433594,196,0.023430132746572525,0.026602881029248238,0.026602881029248238,19.57401837881223,0.10502654550407711,9.346062660217285,a origami of a penguin,0.2410607784986496,0.27188077569007874,0.3340045213699341,0.09294374287128448,0.3340045213699341,"36,0,512,512",0.11762909591197968,0.08743896335363388,/cluster/users/grad/2025/25t8103/project/data/flowedit_compatible_135/eval_masks/fe_196_penguins_1_origami_eval_mask.png,fixed_eval_mask,0.0,0.0,0.0,0.0,ours_sd3,Ours (SD3),,0.04301972687244415,0.04301972687244415,18.882615692934813,0.11372847491610845,,/cluster/users/grad/2025/25t8103/project/outputs/flowedit135_ablation_metric_runs_20260624/fe_196_penguins_1_origami/ours_sd3/seed_10/result.png,8.167764663696289,fe_196_penguins_1_origami/ours_sd3/seed_10,,10,/cluster/users/grad/2025/25t8103/project/_baselines/src/FlowEdit/Data/Images/penguins.png,0.0352497361600399,"Two penguins standing in a lake. They are positioned close to each other, with one penguin on the left side and the other on the right side of the picture.",19.196185663715433,0.10969598111759242,0.8983754761458876,0.8983754761458876,"Two origami penguins standing in a lake. They are positioned close to each other, with one origami penguin on the left side and the other on the right side of the picture.",fe_196_penguins_1_origami
0.0,0.0,0.0,0.0,0.0,0.0,0.0,0.0,0.0,0.0,31,0.9765070676803589,0.04587681218981743,0.0788043811917305,7.88043811917305,0.4398460388183594,18.378185082896067,0.8691011667251587,0.8691011667251587,0.3688284158706665,0.8066849112510681,0.24376943707466125,0.3360501825809479,0.09228074550628662,0.3360501825809479,True,0.5601539611816406,0.964600145816803,0.09228074550628662,0.4732933044433594,,,F5,T5_same_color_material,1.1394314395429423,0.0,0.4732933044433594,196,0.02338983324064447,0.027173899114131927,0.027173899114131927,19.416212297131132,0.1069521169426882,9.317638397216797,a origami of a penguin,0.24505750834941864,0.2713247537612915,0.3275192975997925,0.08246178925037384,0.3275192975997925,"36,0,512,512",0.1177254170179367,0.08714212477207184,/cluster/users/grad/2025/25t8103/project/data/flowedit_compatible_135/eval_masks/fe_196_penguins_1_origami_eval_mask.png,fixed_eval_mask,0.0,0.0,0.0,0.0,sd3abl_adaptive,SD3 w/o adaptive controller,,0.04367006570100784,0.04367006570100784,18.775998200205745,0.11513307127218447,,/cluster/users/grad/2025/25t8103/project/outputs/flowedit135_ablation_metric_runs_20260624/fe_196_penguins_1_origami/sd3abl_adaptive/seed_10/result.png,8.177445411682129,fe_196_penguins_1_origami/sd3abl_adaptive/seed_10,,10,/cluster/users/grad/2025/25t8103/project/_baselines/src/FlowEdit/Data/Images/penguins.png,0.03586253896355629,"Two penguins standing in a lake. They are positioned close to each other, with one penguin on the left side and the other on the right side of the picture.",19.06728503479653,0.11133603435996911,0.8981899101556693,0.8981899101556693,"Two origami penguins standing in a lake. They are positioned close to each other, with one origami penguin on the left side and the other on the right side of the picture.",fe_196_penguins_1_origami
0.0,0.0,0.0,0.0,0.0,0.0,0.0,0.0,0.0,0.0,31,0.9776200652122498,0.051159266382455826,0.08193651586771011,8.193651586771011,0.4398460388183594,18.407810842648406,0.8455967903137207,0.8455967903137207,0.3561231195926666,0.7859896421432495,0.24180485308170319,0.336875855922699,0.09507100284099579,0.336875855922699,True,0.5601539611816406,0.9621648788452148,0.09507100284099579,0.4732933044433594,,,F5,T5_same_color_material,1.1514424703647532,0.0,0.4732933044433594,196,0.022382345592443037,0.03596208244562149,0.03596208244562149,19.40038351912004,0.10714719941289289,8.941010475158691,a origami of a penguin,0.24331283569335938,0.27414262294769287,0.3332521319389343,0.08993929624557495,0.3332521319389343,"36,0,512,512",0.1275506317615509,0.09140275418758392,/cluster/users/grad/2025/25t8103/project/data/flowedit_compatible_135/eval_masks/fe_196_penguins_1_origami_eval_mask.png,fixed_eval_mask,0.0,0.0,0.0,0.0,sd3abl_nofinal,SD3 w/o final restore,,0.048862479627132416,0.048862479627132416,18.838654774515327,0.11430553515591033,,/cluster/users/grad/2025/25t8103/project/outputs/flowedit135_ablation_metric_runs_20260624/fe_196_penguins_1_origami/sd3abl_nofinal/seed_10/result.png,7.76505184173584,fe_196_penguins_1_origami/sd3abl_nofinal/seed_10,,10,/cluster/users/grad/2025/25t8103/project/_baselines/src/FlowEdit/Data/Images/penguins.png,0.0427568145096302,"Two penguins standing in a lake. They are positioned close to each other, with one penguin on the left side and the other on the right side of the picture.",19.095487538889305,0.11097511993485724,0.87006062303905,0.87006062303905,"Two origami penguins standing in a lake. They are positioned close to each other, with one origami penguin on the left side and the other on the right side of the picture.",fe_196_penguins_1_origami
0.0,0.0,0.0,0.0,0.0,0.0,0.0,0.0,0.0,0.0,31,0.9763696193695068,0.045039188116788864,0.07861153781414032,7.861153781414032,0.4398460388183594,18.507829733272438,0.8680724501609802,0.8680724501609802,0.36952582001686096,0.7999452352523804,0.24443483352661133,0.3396783173084259,0.09524348378181458,0.3396783173084259,True,0.5601539611816406,0.9634004235267639,0.09524348378181458,0.4732933044433594,,,F5,T5_same_color_material,1.1432015263074518,0.0,0.4732933044433594,196,0.02344625254894375,0.026543278247117996,0.026543278247117996,19.58391421587222,0.10490695686119235,9.339048385620117,a origami of a penguin,0.24192312359809875,0.27348777651786804,0.3358645737171173,0.09394145011901855,0.3358645737171173,"36,0,512,512",0.1176447868347168,0.08744405210018158,/cluster/users/grad/2025/25t8103/project/data/flowedit_compatible_135/eval_masks/fe_196_penguins_1_origami_eval_mask.png,fixed_eval_mask,0.0,0.0,0.0,0.0,sd3abl_opsupport,SD3 w/o operation support,,0.04255480319261551,0.04255480319261551,18.936111925371737,0.11303017597067888,,/cluster/users/grad/2025/25t8103/project/outputs/flowedit135_ablation_metric_runs_20260624/fe_196_penguins_1_origami/sd3abl_opsupport/seed_10/result.png,8.169205665588379,fe_196_penguins_1_origami/sd3abl_opsupport/seed_10,,10,/cluster/users/grad/2025/25t8103/project/_baselines/src/FlowEdit/Data/Images/penguins.png,0.03497665748000145,"Two penguins standing in a lake. They are positioned close to each other, with one penguin on the left side and the other on the right side of the picture.",19.23071098470445,0.1092608187933233,0.8987901995857377,0.8987901995857377,"Two origami penguins standing in a lake. They are positioned close to each other, with one origami penguin on the left side and the other on the right side of the picture.",fe_196_penguins_1_origami
0.0,0.0,0.0,0.0,0.0,0.0,0.0,0.0,0.0,0.0,31,0.9999904632568359,0.0012294871266931295,0.0007850953261367977,0.07850953261367977,0.19579696655273438,47.59175398616545,0.9975703954696655,0.9975703954696655,0.33919990062713623,0.9355989694595337,0.2307390570640564,0.25462403893470764,0.023884981870651245,0.25462403893470764,True,0.8042030334472656,0.9613375067710876,0.023884981870651245,0.7076606750488281,,,F2,T2_container_insertion,4.0298522428229235,0.0,0.7076606750488281,198,1.0781148084459514e-05,0.050157077610492706,0.050157077610492706,20.144497954182107,0.09835016713511215,11.958495140075684,a cake with cherry,0.2307390570640564,0.249112069606781,0.25462403893470764,0.023884981870651245,0.25462403893470764,"0,0,512,512",0.17879606783390045,0.007289190776646137,/cluster/users/grad/2025/25t8103/project/data/flowedit_compatible_135/eval_masks/fe_198_piece_of_cake_1_cherry_on_top_eval_mask.png,fixed_eval_mask,0.0,0.0,0.0,0.0,fluxabl_adaptive,FLUX w/o adaptive controller,,0.002821727655827999,0.002821727655827999,33.75681393460064,0.020519147022676015,,/cluster/users/grad/2025/25t8103/project/outputs/flowedit135_ablation_metric_runs_20260624/fe_198_piece_of_cake_1_cherry_on_top/fluxabl_adaptive/seed_10/result.png,2.967477321624756,fe_198_piece_of_cake_1_cherry_on_top/fluxabl_adaptive/seed_10,,10,/cluster/users/grad/2025/25t8103/project/_baselines/src/FlowEdit/Data/Images/piece_of_cake.png,0.03631909564137459,"A delicious chocolate cake with chocolate frosting, sitting on a dining table.",21.568846910325075,0.08347523579326395,0.8615908022188569,0.8615908022188569,"A delicious chocolate cake with chocolate frosting and a cherry on top, sitting on a dining table.",fe_198_piece_of_cake_1_cherry_on_top
0.0,0.0,0.0,0.0,0.0,0.0,0.0,0.0,0.0,0.0,31,0.9992993474006653,0.011246205307543278,0.0033442804124206305,0.33442804124206305,0.19579696655273438,34.19532957002881,0.9786666631698608,0.9786666631698608,0.3203701078891754,0.9479194283485413,0.22708424925804138,0.24302102625370026,0.015936776995658875,0.24302102625370026,True,0.8042030334472656,0.973982572555542,0.015936776995658875,0.7076606750488281,,,F2,T2_container_insertion,3.0413572319044277,0.0,0.7076606750488281,198,0.00023179468381587956,0.046184640377759933,0.046184640377759933,21.73227399725635,0.08191931273862357,9.860064506530762,a cake with cherry,0.22708424925804138,0.23047102987766266,0.24302102625370026,0.015936776995658875,0.24302102625370026,"0,0,512,512",0.1449279934167862,0.011943532153964043,/cluster/users/grad/2025/25t8103/project/data/flowedit_compatible_135/eval_masks/fe_198_piece_of_cake_1_cherry_on_top_eval_mask.png,fixed_eval_mask,0.0,0.0,0.0,0.0,fluxabl_nofinal,FLUX w/o final restore,,0.012841535732150078,0.012841535732150078,32.27829762856652,0.024326807501538806,,/cluster/users/grad/2025/25t8103/project/outputs/flowedit135_ablation_metric_runs_20260624/fe_198_piece_of_cake_1_cherry_on_top/fluxabl_nofinal/seed_10/result.png,3.241994857788086,fe_198_piece_of_cake_1_cherry_on_top/fluxabl_nofinal/seed_10,,10,/cluster/users/grad/2025/25t8103/project/_baselines/src/FlowEdit/Data/Images/piece_of_cake.png,0.03643714264035225,"A delicious chocolate cake with chocolate frosting, sitting on a dining table.",23.078622740822695,0.07015665319704958,0.8779910836681061,0.8779910836681061,"A delicious chocolate cake with chocolate frosting and a cherry on top, sitting on a dining table.",fe_198_piece_of_cake_1_cherry_on_top
0.0,0.0,0.0,0.0,0.0,0.0,0.0,0.0,0.0,0.0,31,0.9999943971633911,0.0012081194436177611,0.0006327394512481987,0.06327394512481987,0.19579696655273438,50.40328897675427,0.998072624206543,0.998072624206543,0.40082991123199463,0.9115146398544312,0.22484548389911652,0.2678276002407074,0.04298211634159088,0.2678276002407074,True,0.8042030334472656,0.9312352538108826,0.04298211634159088,0.7076606750488281,,,F2,T2_container_insertion,2.9529563177766844,0.0,0.7076606750488281,198,0.0019028726369071042,0.09645501524209976,0.09645501524209976,15.989577212922054,0.1586796154630384,7.821501731872559,a cake with cherry,0.22484548389911652,0.2770040035247803,0.2678276002407074,0.04298211634159088,0.2678276002407074,"0,0,512,512",0.29789042472839355,0.004766362253576517,/cluster/users/grad/2025/25t8103/project/data/flowedit_compatible_135/eval_masks/fe_198_piece_of_cake_1_cherry_on_top_eval_mask.png,fixed_eval_mask,0.0,0.0,0.0,0.0,fluxabl_opsupport,FLUX w/o operation support,,0.0026487321592867374,0.0026487321592867374,35.99423274225268,0.015859458794219763,,/cluster/users/grad/2025/25t8103/project/outputs/flowedit135_ablation_metric_runs_20260624/fe_198_piece_of_cake_1_cherry_on_top/fluxabl_opsupport/seed_10/result.png,2.6487021446228027,fe_198_piece_of_cake_1_cherry_on_top/fluxabl_opsupport/seed_10,,10,/cluster/users/grad/2025/25t8103/project/_baselines/src/FlowEdit/Data/Images/piece_of_cake.png,0.06903175264596939,"A delicious chocolate cake with chocolate frosting, sitting on a dining table.",17.473441106778466,0.13376051883690143,0.6632103340075509,0.6632103340075509,"A delicious chocolate cake with chocolate frosting and a cherry on top, sitting on a dining table.",fe_198_piece_of_cake_1_cherry_on_top
0.0,0.0,0.0,0.0,0.0,0.0,0.0,0.0,0.0,0.0,31,0.9999951124191284,0.0011779145570471883,0.000579682644456625,0.0579682644456625,0.19579696655273438,51.60761546833009,0.9982660412788391,0.9982660412788391,0.36610668897628784,0.9577668905258179,0.23023058474063873,0.24737027287483215,0.01713968813419342,0.24737027287483215,True,0.8042030334472656,0.9749455451965332,0.01713968813419342,0.7076606750488281,,,F2,T2_container_insertion,3.3549561262463032,0.0,0.7076606750488281,198,4.8515166380067817e-05,0.040132831782102585,0.040132831782102585,21.921534799399588,0.08015364191392875,9.740355491638184,a cake with cherry,0.23023058474063873,0.23386737704277039,0.24737027287483215,0.01713968813419342,0.24737027287483215,"0,0,512,512",0.1320478916168213,0.004903564695268869,/cluster/users/grad/2025/25t8103/project/data/flowedit_compatible_135/eval_masks/fe_198_piece_of_cake_1_cherry_on_top_eval_mask.png,fixed_eval_mask,0.0,0.0,0.0,0.0,ours_flux,Ours (FLUX),,0.0019701404962688684,0.0019701404962688684,37.82343182371533,0.012847789392422234,,/cluster/users/grad/2025/25t8103/project/outputs/flowedit135_ablation_metric_runs_20260624/fe_198_piece_of_cake_1_cherry_on_top/ours_flux/seed_10/result.png,2.903273582458496,fe_198_piece_of_cake_1_cherry_on_top/ours_flux/seed_10,,10,/cluster/users/grad/2025/25t8103/project/_baselines/src/FlowEdit/Data/Images/piece_of_cake.png,0.028976382687687874,"A delicious chocolate cake with chocolate frosting, sitting on a dining table.",23.377431088348647,0.06778419543915155,0.8885569359290317,0.8885569359290317,"A delicious chocolate cake with chocolate frosting and a cherry on top, sitting on a dining table.",fe_198_piece_of_cake_1_cherry_on_top
0.0,0.0,0.0,0.0,0.0,0.0,0.0,0.0,0.0,0.0,31,0.9999982714653015,0.0006813930813223124,0.0001374786952510476,0.013747869525104761,0.19579696655273438,55.28068927517501,0.9990138411521912,0.9990138411521912,0.43802931904792786,0.9366093873977661,0.2303471863269806,0.26821911334991455,0.03787192702293396,0.26821911334991455,True,0.8042030334472656,0.960718035697937,0.03787192702293396,0.7076606750488281,,,F2,T2_container_insertion,2.868172849023644,0.0,0.7076606750488281,198,8.624918467567611e-05,0.06761937588453293,0.06761937588453293,16.7502043482402,0.14537501836089448,8.338091850280762,a cake with cherry,0.2303471863269806,0.2541230320930481,0.26821911334991455,0.03787192702293396,0.26821911334991455,"0,0,512,512",0.19764629006385803,0.0063368771225214005,/cluster/users/grad/2025/25t8103/project/data/flowedit_compatible_135/eval_masks/fe_198_piece_of_cake_1_cherry_on_top_eval_mask.png,fixed_eval_mask,0.0,0.0,0.0,0.0,ours_sd3,Ours (SD3),,0.00153683265671134,0.00153683265671134,36.09666238210793,0.01567353221578333,,/cluster/users/grad/2025/25t8103/project/outputs/flowedit135_ablation_metric_runs_20260624/fe_198_piece_of_cake_1_cherry_on_top/ours_sd3/seed_10/result.png,2.907109260559082,fe_198_piece_of_cake_1_cherry_on_top/ours_sd3/seed_10,,10,/cluster/users/grad/2025/25t8103/project/_baselines/src/FlowEdit/Data/Images/piece_of_cake.png,0.048300858587026596,"A delicious chocolate cake with chocolate frosting, sitting on a dining table.",18.23114723785174,0.12258649789551902,0.8281540826470466,0.8281540826470466,"A delicious chocolate cake with chocolate frosting and a cherry on top, sitting on a dining table.",fe_198_piece_of_cake_1_cherry_on_top
0.0,0.0,0.0,0.0,0.0,0.0,0.0,0.0,0.0,0.0,31,0.9999983310699463,0.0006817750399932265,0.00013751635560765862,0.013751635560765862,0.19579696655273438,55.29109055982136,0.9989721179008484,0.9989721179008484,0.43336474895477295,0.9379712343215942,0.23041674494743347,0.26690638065338135,0.036489635705947876,0.26690638065338135,True,0.8042030334472656,0.9603196382522583,0.036489635705947876,0.7076606750488281,,,F2,T2_container_insertion,2.8139403636098375,0.0,0.7076606750488281,198,4.3124592337838056e-05,0.06651990860700607,0.06651990860700607,16.880544315834662,0.14320981516301262,8.240501403808594,a cake with cherry,0.23041674494743347,0.25656071305274963,0.26690638065338135,0.036489635705947876,0.26690638065338135,"0,0,512,512",0.19520139694213867,0.006266818381845951,/cluster/users/grad/2025/25t8103/project/data/flowedit_compatible_135/eval_masks/fe_198_piece_of_cake_1_cherry_on_top_eval_mask.png,fixed_eval_mask,0.0,0.0,0.0,0.0,sd3abl_adaptive,SD3 w/o adaptive controller,,0.0015462141018360853,0.0015462141018360853,36.1511905207869,0.015575445372730156,,/cluster/users/grad/2025/25t8103/project/outputs/flowedit135_ablation_metric_runs_20260624/fe_198_piece_of_cake_1_cherry_on_top/sd3abl_adaptive/seed_10/result.png,2.9284563064575195,fe_198_piece_of_cake_1_cherry_on_top/sd3abl_adaptive/seed_10,,10,/cluster/users/grad/2025/25t8103/project/_baselines/src/FlowEdit/Data/Images/piece_of_cake.png,0.04752553626894951,"A delicious chocolate cake with chocolate frosting, sitting on a dining table.",18.361124385242437,0.12076574941661544,0.8312807795332194,0.8312807795332194,"A delicious chocolate cake with chocolate frosting and a cherry on top, sitting on a dining table.",fe_198_piece_of_cake_1_cherry_on_top
0.0,0.0,0.0,0.0,0.0,0.0,0.0,0.0,0.0,0.0,31,0.9998809099197388,0.00973509531468153,0.0019221891416236758,0.19221891416236758,0.19579696655273438,38.22774489620183,0.9808594584465027,0.9808594584465027,0.4085490107536316,0.9252262115478516,0.23179954290390015,0.270571231842041,0.03877168893814087,0.270571231842041,True,0.8042030334472656,0.9581754207611084,0.03877168893814087,0.7076606750488281,,,F2,T2_container_insertion,2.971041754879412,0.0,0.7076606750488281,198,4.3124592337838056e-05,0.07049266248941422,0.07049266248941422,16.766755703108792,0.1450982634680193,8.319452285766602,a cake with cherry,0.23179954290390015,0.2499735802412033,0.270571231842041,0.03877168893814087,0.270571231842041,"0,0,512,512",0.20127110183238983,0.009331393986940384,/cluster/users/grad/2025/25t8103/project/data/flowedit_compatible_135/eval_masks/fe_198_piece_of_cake_1_cherry_on_top_eval_mask.png,fixed_eval_mask,0.0,0.0,0.0,0.0,sd3abl_nofinal,SD3 w/o final restore,,0.010392271913588047,0.010392271913588047,34.15793001929133,0.019593115518627066,,/cluster/users/grad/2025/25t8103/project/outputs/flowedit135_ablation_metric_runs_20260624/fe_198_piece_of_cake_1_cherry_on_top/sd3abl_nofinal/seed_10/result.png,2.800180196762085,fe_198_piece_of_cake_1_cherry_on_top/sd3abl_nofinal/seed_10,,10,/cluster/users/grad/2025/25t8103/project/_baselines/src/FlowEdit/Data/Images/piece_of_cake.png,0.05292295292019844,"A delicious chocolate cake with chocolate frosting, sitting on a dining table.",18.23591493795038,0.12251922841508225,0.8217958319268861,0.8217958319268861,"A delicious chocolate cake with chocolate frosting and a cherry on top, sitting on a dining table.",fe_198_piece_of_cake_1_cherry_on_top
0.0,0.0,0.0,0.0,0.0,0.0,0.0,0.0,0.0,0.0,31,0.9999983906745911,0.0006808582111261785,0.0001373093546135351,0.01373093546135351,0.19579696655273438,55.3240701830235,0.9989792704582214,0.9989792704582214,0.43983590602874756,0.9836664795875549,0.22676905989646912,0.2325063943862915,0.005737334489822388,0.2325063943862915,True,0.8042030334472656,0.9923559427261353,0.005737334489822388,0.7076606750488281,,,F2,T2_container_insertion,3.053950154594282,0.0,0.7076606750488281,198,5.390574042229757e-06,0.020554764196276665,0.020554764196276665,27.78581058438388,0.04080463249725778,9.085097312927246,a cake with cherry,0.22676905989646912,0.22609685361385345,0.2325063943862915,0.005737334489822388,0.2325063943862915,"0,0,512,512",0.03914126753807068,0.0025661434046924114,/cluster/users/grad/2025/25t8103/project/data/flowedit_compatible_135/eval_masks/fe_198_piece_of_cake_1_cherry_on_top_eval_mask.png,fixed_eval_mask,0.0,0.0,0.0,0.0,sd3abl_opsupport,SD3 w/o operation support,,0.0013779434375464916,0.0013779434375464916,38.32859057490447,0.012121893700110806,,/cluster/users/grad/2025/25t8103/project/outputs/flowedit135_ablation_metric_runs_20260624/fe_198_piece_of_cake_1_cherry_on_top/sd3abl_opsupport/seed_10/result.png,2.974867582321167,fe_198_piece_of_cake_1_cherry_on_top/sd3abl_opsupport/seed_10,,10,/cluster/users/grad/2025/25t8103/project/_baselines/src/FlowEdit/Data/Images/piece_of_cake.png,0.014948624186217785,"A delicious chocolate cake with chocolate frosting, sitting on a dining table.",29.132045568370298,0.03494602003656238,0.9297180941896376,0.9297180941896376,"A delicious chocolate cake with chocolate frosting and a cherry on top, sitting on a dining table.",fe_198_piece_of_cake_1_cherry_on_top
0.0,0.0,0.0,0.0,0.0,0.0,0.0,0.0,0.0,0.0,31,0.9999828338623047,0.0017855694750323892,0.001691858866252005,0.1691858866252005,0.2891349792480469,48.51618115701268,0.9965837001800537,0.9965837001800537,0.29371100664138794,0.8621374368667603,0.2248762845993042,0.30904698371887207,0.08417069911956787,0.30904698371887207,True,0.7108650207519531,0.71880042552948,0.08417069911956787,0.6512222290039062,,,F2,T2_container_insertion,1.6301311279663808,0.0,0.6512222290039062,201,0.001593308105954989,0.09690944850444794,0.09690944850444794,17.67193562541642,0.1307384159671345,11.179986953735352,a pizza with pineapple ham,0.2248762845993042,0.30438417196273804,0.30904698371887207,0.08417069911956787,0.30904698371887207,"0,0,512,512",0.21553929150104523,0.007810101844370365,/cluster/users/grad/2025/25t8103/project/data/flowedit_compatible_135/eval_masks/fe_201_pizza_1_pineapple_ham_eval_mask.png,fixed_eval_mask,0.0,0.0,0.0,0.0,fluxabl_adaptive,FLUX w/o adaptive controller,,0.004598725587129593,0.004598725587129593,34.781244999979464,0.018236342912869987,,/cluster/users/grad/2025/25t8103/project/outputs/flowedit135_ablation_metric_runs_20260624/fe_201_pizza_1_pineapple_ham/fluxabl_adaptive/seed_10/result.png,6.858335971832275,fe_201_pizza_1_pineapple_ham/fluxabl_adaptive/seed_10,,10,/cluster/users/grad/2025/25t8103/project/_baselines/src/FlowEdit/Data/Images/pizza.png,0.0647135078907013,"A large, cheesy pizza sitting on a wooden pizza board.",19.489620927333828,0.10605202209607774,0.8465675629891368,0.8465675629891368,"A large, cheesy pizza, topped with pineapple and ham, sitting on a wooden pizza board.",fe_201_pizza_1_pineapple_ham
0.0,0.0,0.0,0.0,0.0,0.0,0.0,0.0,0.0,0.0,31,0.9993751645088196,0.01182681042701006,0.010389219969511032,1.0389219969511032,0.2891349792480469,32.614767071444234,0.9588799476623535,0.9588799476623535,0.3250892162322998,0.8739696741104126,0.21274586021900177,0.30206847190856934,0.08932261168956757,0.30206847190856934,True,0.7108650207519531,0.7740342617034912,0.08932261168956757,0.6512222290039062,,,F2,T2_container_insertion,1.2827151727534105,0.0,0.6512222290039062,201,0.00024016776597115644,0.07656820118427277,0.07656820118427277,19.254288926406712,0.10896463129871073,10.522727966308594,a pizza with pineapple ham,0.21274586021900177,0.28706827759742737,0.30206847190856934,0.08932261168956757,0.30206847190856934,"0,0,512,512",0.19730007648468018,0.02039950340986252,/cluster/users/grad/2025/25t8103/project/data/flowedit_compatible_135/eval_masks/fe_201_pizza_1_pineapple_ham_eval_mask.png,fixed_eval_mask,0.0,0.0,0.0,0.0,fluxabl_nofinal,FLUX w/o final restore,,0.015629729256033897,0.015629729256033897,30.02259595101238,0.03154061828335602,,/cluster/users/grad/2025/25t8103/project/outputs/flowedit135_ablation_metric_runs_20260624/fe_201_pizza_1_pineapple_ham/fluxabl_nofinal/seed_10/result.png,8.203479766845703,fe_201_pizza_1_pineapple_ham/fluxabl_nofinal/seed_10,,10,/cluster/users/grad/2025/25t8103/project/_baselines/src/FlowEdit/Data/Images/pizza.png,0.05531420186161995,"A large, cheesy pizza sitting on a wooden pizza board.",20.92636043585756,0.08988391455281831,0.8459807638119563,0.8459807638119563,"A large, cheesy pizza, topped with pineapple and ham, sitting on a wooden pizza board.",fe_201_pizza_1_pineapple_ham
0.0,0.0,0.0,0.0,0.0,0.0,0.0,0.0,0.0,0.0,31,0.9999829530715942,0.0017870354931801558,0.0016985139809548855,0.16985139809548855,0.2891349792480469,48.48268615817936,0.996422529220581,0.996422529220581,0.15559762716293335,0.7440370917320251,0.22401854395866394,0.279844731092453,0.05582618713378906,0.279844731092453,True,0.7108650207519531,0.4974197447299957,0.05582618713378906,0.6512222290039062,,,F2,T2_container_insertion,1.7004954244948483,0.0,0.6512222290039062,201,0.051559918928734606,0.1634267419576645,0.1634267419576645,12.562098048246906,0.2354480498137346,11.35768985748291,a pizza with pineapple ham,0.22401854395866394,0.2974891662597656,0.279844731092453,0.05582618713378906,0.279844731092453,"0,0,512,512",0.429896742105484,0.01182846911251545,/cluster/users/grad/2025/25t8103/project/data/flowedit_compatible_135/eval_masks/fe_201_pizza_1_pineapple_ham_eval_mask.png,fixed_eval_mask,0.0,0.0,0.0,0.0,fluxabl_opsupport,FLUX w/o operation support,,0.0051483940333127975,0.0051483940333127975,31.948085534898706,0.025269446149940155,,/cluster/users/grad/2025/25t8103/project/outputs/flowedit135_ablation_metric_runs_20260624/fe_201_pizza_1_pineapple_ham/fluxabl_opsupport/seed_10/result.png,6.679047584533691,fe_201_pizza_1_pineapple_ham/fluxabl_opsupport/seed_10,,10,/cluster/users/grad/2025/25t8103/project/_baselines/src/FlowEdit/Data/Images/pizza.png,0.10822278261184692,"A large, cheesy pizza sitting on a wooden pizza board.",14.398095623286784,0.1905878535020159,0.6675258830084936,0.6675258830084936,"A large, cheesy pizza, topped with pineapple and ham, sitting on a wooden pizza board.",fe_201_pizza_1_pineapple_ham
0.0,0.0,0.0,0.0,0.0,0.0,0.0,0.0,0.0,0.0,31,0.9999828338623047,0.0017834482714533806,0.001691470737569034,0.1691470737569034,0.2891349792480469,48.54342079788856,0.9966685175895691,0.9966685175895691,0.31267333030700684,0.8831866383552551,0.2214200496673584,0.30353057384490967,0.08211052417755127,0.30353057384490967,True,0.7108650207519531,0.787007212638855,0.08211052417755127,0.6512222290039062,,,F2,T2_container_insertion,1.5188983537390786,0.0,0.6512222290039062,201,8.786625584310601e-05,0.07268185913562775,0.07268185913562775,19.408558770713682,0.10704639877538583,10.26123046875,a pizza with pineapple ham,0.2214200496673584,0.28378134965896606,0.30353057384490967,0.08211052417755127,0.30353057384490967,"0,0,512,512",0.17540094256401062,0.0048490362241864204,/cluster/users/grad/2025/25t8103/project/data/flowedit_compatible_135/eval_masks/fe_201_pizza_1_pineapple_ham_eval_mask.png,fixed_eval_mask,0.0,0.0,0.0,0.0,ours_flux,Ours (FLUX),,0.0035625670570880175,0.0035625670570880175,37.62966922989558,0.01313761523774661,,/cluster/users/grad/2025/25t8103/project/outputs/flowedit135_ablation_metric_runs_20260624/fe_201_pizza_1_pineapple_ham/ours_flux/seed_10/result.png,6.755705833435059,fe_201_pizza_1_pineapple_ham/ours_flux/seed_10,,10,/cluster/users/grad/2025/25t8103/project/_baselines/src/FlowEdit/Data/Images/pizza.png,0.048574578016996384,"A large, cheesy pizza sitting on a wooden pizza board.",21.236373933957008,0.08673238786648658,0.8725670242230373,0.8725670242230373,"A large, cheesy pizza, topped with pineapple and ham, sitting on a wooden pizza board.",fe_201_pizza_1_pineapple_ham
0.0,0.0,0.0,0.0,0.0,0.0,0.0,0.0,0.0,0.0,31,0.9999934434890747,0.0008858950459398329,0.0004276504914741963,0.04276504914741963,0.2891349792480469,53.6150280528544,0.9987717866897583,0.9987717866897583,0.33474594354629517,0.9082156419754028,0.21767178177833557,0.293881893157959,0.07621011137962341,0.293881893157959,True,0.7108650207519531,0.8620092868804932,0.07621011137962341,0.6512222290039062,,,F2,T2_container_insertion,1.119508274420715,0.0,0.6512222290039062,201,0.00012301275818034843,0.05505829304456711,0.05505829304456711,19.60058433807089,0.104705810546875,7.904296875,a pizza with pineapple ham,0.21767178177833557,0.2744533121585846,0.293881893157959,0.07621011137962341,0.293881893157959,"0,0,512,512",0.1816418468952179,0.0018136028666049242,/cluster/users/grad/2025/25t8103/project/data/flowedit_compatible_135/eval_masks/fe_201_pizza_1_pineapple_ham_eval_mask.png,fixed_eval_mask,0.0,0.0,0.0,0.0,ours_sd3,Ours (SD3),,0.0017451831372454762,0.0017451831372454762,43.72050483919295,0.006515905213723371,,/cluster/users/grad/2025/25t8103/project/outputs/flowedit135_ablation_metric_runs_20260624/fe_201_pizza_1_pineapple_ham/ours_sd3/seed_10/result.png,7.060507774353027,fe_201_pizza_1_pineapple_ham/ours_sd3/seed_10,,10,/cluster/users/grad/2025/25t8103/project/_baselines/src/FlowEdit/Data/Images/pizza.png,0.03646386042237282,"A large, cheesy pizza sitting on a wooden pizza board.",21.454293831546263,0.08458343309373485,0.862601028801966,0.862601028801966,"A large, cheesy pizza, topped with pineapple and ham, sitting on a wooden pizza board.",fe_201_pizza_1_pineapple_ham
0.0,0.0,0.0,0.0,0.0,0.0,0.0,0.0,0.0,0.0,31,0.9999933838844299,0.0008859811932779849,0.0004276410909369588,0.04276410909369588,0.2891349792480469,53.6138804886724,0.9987708330154419,0.9987708330154419,0.32994210720062256,0.9126537442207336,0.22203953564167023,0.29511454701423645,0.07307501137256622,0.29511454701423645,True,0.7108650207519531,0.8621636629104614,0.07307501137256622,0.6512222290039062,,,F2,T2_container_insertion,1.1063598852766934,0.0,0.6512222290039062,201,0.00011129725740126762,0.05270317941904068,0.05270317941904068,20.00228675358287,0.09997367624175303,7.730606555938721,a pizza with pineapple ham,0.22203953564167023,0.2714701294898987,0.29511454701423645,0.07307501137256622,0.29511454701423645,"0,0,512,512",0.1785077452659607,0.0015647850232198834,/cluster/users/grad/2025/25t8103/project/data/flowedit_compatible_135/eval_masks/fe_201_pizza_1_pineapple_ham_eval_mask.png,fixed_eval_mask,0.0,0.0,0.0,0.0,sd3abl_adaptive,SD3 w/o adaptive controller,,0.0016695796512067318,0.0016695796512067318,44.732266719534415,0.005799448070527421,,/cluster/users/grad/2025/25t8103/project/outputs/flowedit135_ablation_metric_runs_20260624/fe_201_pizza_1_pineapple_ham/sd3abl_adaptive/seed_10/result.png,6.987424850463867,fe_201_pizza_1_pineapple_ham/sd3abl_adaptive/seed_10,,10,/cluster/users/grad/2025/25t8103/project/_baselines/src/FlowEdit/Data/Images/pizza.png,0.03490380570292473,"A large, cheesy pizza sitting on a wooden pizza board.",21.85717460887134,0.08074976545482858,0.8713505513956683,0.8713505513956683,"A large, cheesy pizza, topped with pineapple and ham, sitting on a wooden pizza board.",fe_201_pizza_1_pineapple_ham
0.0,0.0,0.0,0.0,0.0,0.0,0.0,0.0,0.0,0.0,31,0.9993240833282471,0.010871033184230328,0.006356171332299709,0.6356171332299709,0.2891349792480469,36.54067463638196,0.9376863837242126,0.9376863837242126,0.3267771899700165,0.904700756072998,0.21747848391532898,0.29321759939193726,0.07573911547660828,0.29321759939193726,True,0.7108650207519531,0.8625493049621582,0.07573911547660828,0.6512222290039062,,,F2,T2_container_insertion,1.1338427682377956,0.0,0.6512222290039062,201,1.7573251168621203e-05,0.05677502974867821,0.05677502974867821,19.58048958538349,0.10494832722305124,7.8603410720825195,a pizza with pineapple ham,0.21747848391532898,0.27132606506347656,0.29321759939193726,0.07573911547660828,0.29321759939193726,"0,0,512,512",0.18873324990272522,0.00853763334453106,/cluster/users/grad/2025/25t8103/project/data/flowedit_compatible_135/eval_masks/fe_201_pizza_1_pineapple_ham_eval_mask.png,fixed_eval_mask,0.0,0.0,0.0,0.0,sd3abl_nofinal,SD3 w/o final restore,,0.011481836438179016,0.011481836438179016,35.798650359470265,0.01622062118832255,,/cluster/users/grad/2025/25t8103/project/outputs/flowedit135_ablation_metric_runs_20260624/fe_201_pizza_1_pineapple_ham/sd3abl_nofinal/seed_10/result.png,6.932478904724121,fe_201_pizza_1_pineapple_ham/sd3abl_nofinal/seed_10,,10,/cluster/users/grad/2025/25t8103/project/_baselines/src/FlowEdit/Data/Images/pizza.png,0.04097776859998703,"A large, cheesy pizza sitting on a wooden pizza board.",21.387987250216128,0.08523159925991797,0.8374063560938517,0.8374063560938517,"A large, cheesy pizza, topped with pineapple and ham, sitting on a wooden pizza board.",fe_201_pizza_1_pineapple_ham
0.0,0.0,0.0,0.0,0.0,0.0,0.0,0.0,0.0,0.0,31,0.9999933242797852,0.0008876885985955596,0.0004285714530851692,0.04285714530851692,0.2891349792480469,53.589579701828285,0.9986956119537354,0.9986956119537354,0.2055647075176239,0.9974555373191833,0.2662891447544098,0.262457013130188,-0.0038321316242218018,0.262457013130188,True,0.7108650207519531,0.9962334632873535,-0.0038321316242218018,0.6512222290039062,,,F2,T2_container_insertion,1.261410835445335,0.0,0.6512222290039062,201,0.00010543950701172722,0.021597392857074738,0.021597392857074738,29.319642181301077,0.03419935307838555,8.909099578857422,a pizza with pineapple ham,0.2662891447544098,0.22045838832855225,0.262457013130188,-0.0038321316242218018,0.262457013130188,"0,0,512,512",0.024862078949809074,0.0026996051892638206,/cluster/users/grad/2025/25t8103/project/data/flowedit_compatible_135/eval_masks/fe_201_pizza_1_pineapple_ham_eval_mask.png,fixed_eval_mask,0.0,0.0,0.0,0.0,sd3abl_opsupport,SD3 w/o operation support,,0.0021815469954162836,0.0021815469954162836,39.59748761417517,0.010474314728570144,,/cluster/users/grad/2025/25t8103/project/outputs/flowedit135_ablation_metric_runs_20260624/fe_201_pizza_1_pineapple_ham/sd3abl_opsupport/seed_10/result.png,7.062805652618408,fe_201_pizza_1_pineapple_ham/sd3abl_opsupport/seed_10,,10,/cluster/users/grad/2025/25t8103/project/_baselines/src/FlowEdit/Data/Images/pizza.png,0.014825578778982162,"A large, cheesy pizza sitting on a wooden pizza board.",30.96947154489257,0.0282830618177864,0.9653970158268578,0.9653970158268578,"A large, cheesy pizza, topped with pineapple and ham, sitting on a wooden pizza board.",fe_201_pizza_1_pineapple_ham
0.0,0.0,0.0,0.0,0.0,0.0,0.0,0.0,0.0,0.0,31,0.9999999403953552,0.00512815872207284,0.000246545736445114,0.0246545736445114,0.033260345458984375,40.81058191031622,0.9927252531051636,0.9927252531051636,0.4224156141281128,0.7857074737548828,0.3103257715702057,0.4030376672744751,0.09271189570426941,0.4030376672744751,True,0.9667396545410156,0.918398380279541,0.09271189570426941,0.9206466674804688,,,F3,T3_surface_decal,0.5902339765021439,0.0,0.9206466674804688,225,0.3963172593249414,0.11950330436229706,0.11950330436229706,15.00334237457344,0.17775952507068907,6.252109527587891,a flow on the billboard,0.3103257715702057,0.27456289529800415,0.4030376672744751,0.09271189570426941,0.4030376672744751,"0,0,512,512",0.35616111755371094,0.0007686585304327309,/cluster/users/grad/2025/25t8103/project/data/flowedit_compatible_135/eval_masks/fe_225_sign_4_flow_eval_mask.png,fixed_eval_mask,0.0,0.0,0.0,0.0,fluxabl_adaptive,FLUX w/o adaptive controller,,0.005794628523290157,0.005794628523290157,40.3116313894195,0.009647580932976652,,/cluster/users/grad/2025/25t8103/project/outputs/flowedit135_ablation_metric_runs_20260624/fe_225_sign_4_flow/fluxabl_adaptive/seed_10/result.png,10.592595100402832,fe_225_sign_4_flow/fluxabl_adaptive/seed_10,,10,/cluster/users/grad/2025/25t8103/project/_baselines/src/FlowEdit/Data/Images/sign.png,0.11048012226819992,"A large white billboard with a bold message written in black letters. The message reads, ""LOVE IS ALL YOU NEED."" The billboard is prominently displayed in the scene, capturing the viewer''s attention.",15.36131127976927,0.17058248468795778,0.7433875227414827,0.7433875227414827,"A large white billboard with a bold message written in black letters. The message reads, ""FLOW IS ALL YOU NEED."" The billboard is prominently displayed in the scene, capturing the viewer''s attention.",fe_225_sign_4_flow
0.0,0.0,0.0,0.0,0.0,0.0,0.0,0.0,0.0,0.0,31,0.9999999403953552,0.015169785358011723,0.0002486426383256912,0.024864263832569122,0.033260345458984375,32.772947426105866,0.9470071196556091,0.9470071196556091,0.13843217492103577,0.6669067144393921,0.27845823764801025,0.28415003418922424,0.005691796541213989,0.28415003418922424,True,0.9667396545410156,0.9722087979316711,0.005691796541213989,0.9206466674804688,,,F3,T3_surface_decal,0.7083777109123254,0.0,0.9206466674804688,225,0.4698229069121827,0.03557685762643814,0.03557685762643814,21.007408221136764,0.08904911116298883,8.35744857788086,a flow on the billboard,0.27845823764801025,0.22765320539474487,0.28415003418922424,0.005691796541213989,0.28415003418922424,"0,0,512,512",0.0770530104637146,0.0007349308580160141,/cluster/users/grad/2025/25t8103/project/data/flowedit_compatible_135/eval_masks/fe_225_sign_4_flow_eval_mask.png,fixed_eval_mask,0.0,0.0,0.0,0.0,fluxabl_nofinal,FLUX w/o final restore,,0.016062935814261436,0.016062935814261436,32.68169225855283,0.023222843051909834,,/cluster/users/grad/2025/25t8103/project/outputs/flowedit135_ablation_metric_runs_20260624/fe_225_sign_4_flow/fluxabl_nofinal/seed_10/result.png,11.798011779785156,fe_225_sign_4_flow/fluxabl_nofinal/seed_10,,10,/cluster/users/grad/2025/25t8103/project/_baselines/src/FlowEdit/Data/Images/sign.png,0.034028347581624985,"A large white billboard with a bold message written in black letters. The message reads, ""LOVE IS ALL YOU NEED."" The billboard is prominently displayed in the scene, capturing the viewer''s attention.",21.341094084270445,0.08569298985936846,0.9165032076706566,0.9165032076706566,"A large white billboard with a bold message written in black letters. The message reads, ""FLOW IS ALL YOU NEED."" The billboard is prominently displayed in the scene, capturing the viewer''s attention.",fe_225_sign_4_flow
0.0,0.0,0.0,0.0,0.0,0.0,0.0,0.0,0.0,0.0,31,0.9999999403953552,0.00512815872207284,0.000246545736445114,0.0246545736445114,0.033260345458984375,40.81058191031622,0.9927252531051636,0.9927252531051636,0.15189681947231293,0.7459861040115356,0.2963045537471771,0.3002667725086212,0.003962218761444092,0.3002667725086212,True,0.9667396545410156,0.8284493684768677,0.003962218761444092,0.9206466674804688,,,F3,T3_surface_decal,0.7598869952222629,0.0,0.9206466674804688,225,0.598395637725717,0.18198418617248535,0.18198418617248535,11.913105166381396,0.2537141807061071,8.049175262451172,a flow on the billboard,0.2963045537471771,0.2587793469429016,0.3002667725086212,0.003962218761444092,0.3002667725086212,"0,0,512,512",0.5211568474769592,0.0007686585304327309,/cluster/users/grad/2025/25t8103/project/data/flowedit_compatible_135/eval_masks/fe_225_sign_4_flow_eval_mask.png,fixed_eval_mask,0.0,0.0,0.0,0.0,fluxabl_opsupport,FLUX w/o operation support,,0.005794628523290157,0.005794628523290157,40.3116313894195,0.009647580932976652,,/cluster/users/grad/2025/25t8103/project/outputs/flowedit135_ablation_metric_runs_20260624/fe_225_sign_4_flow/fluxabl_opsupport/seed_10/result.png,10.592595100402832,fe_225_sign_4_flow/fluxabl_opsupport/seed_10,,10,/cluster/users/grad/2025/25t8103/project/_baselines/src/FlowEdit/Data/Images/sign.png,0.16800297796726227,"A large white billboard with a bold message written in black letters. The message reads, ""LOVE IS ALL YOU NEED."" The billboard is prominently displayed in the scene, capturing the viewer''s attention.",12.271635025813403,0.2434547479295214,0.6173738605748738,0.6173738605748738,"A large white billboard with a bold message written in black letters. The message reads, ""FLOW IS ALL YOU NEED."" The billboard is prominently displayed in the scene, capturing the viewer''s attention.",fe_225_sign_4_flow
0.0,0.0,0.0,0.0,0.0,0.0,0.0,0.0,0.0,0.0,31,0.9999999403953552,0.00512815872207284,0.000246545736445114,0.0246545736445114,0.033260345458984375,40.81058191031622,0.9927252531051636,0.9927252531051636,0.13978779315948486,0.6766294836997986,0.27966606616973877,0.2851637899875641,0.005497723817825317,0.2851637899875641,True,0.9667396545410156,0.9798826575279236,0.005497723817825317,0.9206466674804688,,,F3,T3_surface_decal,0.76932695821544,0.0,0.9206466674804688,225,0.47718590216373447,0.03267548233270645,0.03267548233270645,21.094388439774367,0.08816182627227132,8.149168968200684,a flow on the billboard,0.27966606616973877,0.22593361139297485,0.2851637899875641,0.005497723817825317,0.2851637899875641,"0,0,512,512",0.07230833172798157,0.0007686585304327309,/cluster/users/grad/2025/25t8103/project/data/flowedit_compatible_135/eval_masks/fe_225_sign_4_flow_eval_mask.png,fixed_eval_mask,0.0,0.0,0.0,0.0,ours_flux,Ours (FLUX),,0.005794628523290157,0.005794628523290157,40.3116313894195,0.009647580932976652,,/cluster/users/grad/2025/25t8103/project/outputs/flowedit135_ablation_metric_runs_20260624/fe_225_sign_4_flow/ours_flux/seed_10/result.png,10.592595100402832,fe_225_sign_4_flow/ours_flux/seed_10,,10,/cluster/users/grad/2025/25t8103/project/_baselines/src/FlowEdit/Data/Images/sign.png,0.030542410910129547,"A large white billboard with a bold message written in black letters. The message reads, ""LOVE IS ALL YOU NEED."" The billboard is prominently displayed in the scene, capturing the viewer''s attention.",21.448980010723663,0.08463519505936391,0.9339314789245987,0.9339314789245987,"A large white billboard with a bold message written in black letters. The message reads, ""FLOW IS ALL YOU NEED."" The billboard is prominently displayed in the scene, capturing the viewer''s attention.",fe_225_sign_4_flow
0.0,0.0,0.0,0.0,0.0,0.0,0.0,0.0,0.0,0.0,31,0.9999999403953552,0.0027256226167082787,6.196220056153834e-05,0.006196220056153834,0.033260345458984375,46.337854657205995,0.9977367520332336,0.9977367520332336,0.3932831883430481,0.5770061016082764,0.2209109663963318,0.36023029685020447,0.13931933045387268,0.36023029685020447,True,0.9667396545410156,0.8622520565986633,0.13931933045387268,0.9206466674804688,,,F3,T3_surface_decal,0.5736286498831267,0.0,0.9206466674804688,225,0.5497882672721698,0.15666501224040985,0.15666501224040985,11.34667925992391,0.27081083546630297,7.031660556793213,a flow on the billboard,0.2209109663963318,0.3014538288116455,0.36023029685020447,0.13931933045387268,0.36023029685020447,"0,0,512,512",0.39642512798309326,0.00019890075782313943,/cluster/users/grad/2025/25t8103/project/data/flowedit_compatible_135/eval_masks/fe_225_sign_4_flow_eval_mask.png,fixed_eval_mask,0.0,0.0,0.0,0.0,ours_sd3,Ours (SD3),,0.0031453738920390606,0.0031453738920390606,45.78501071578042,0.005137471956125263,,/cluster/users/grad/2025/25t8103/project/outputs/flowedit135_ablation_metric_runs_20260624/fe_225_sign_4_flow/ours_sd3/seed_10/result.png,12.258210182189941,fe_225_sign_4_flow/ours_sd3/seed_10,,10,/cluster/users/grad/2025/25t8103/project/_baselines/src/FlowEdit/Data/Images/sign.png,0.14448268711566925,"A large white billboard with a bold message written in black letters. The message reads, ""LOVE IS ALL YOU NEED."" The billboard is prominently displayed in the scene, capturing the viewer''s attention.",11.705614320493087,0.2598479434493326,0.6539273823142575,0.6539273823142575,"A large white billboard with a bold message written in black letters. The message reads, ""FLOW IS ALL YOU NEED."" The billboard is prominently displayed in the scene, capturing the viewer''s attention.",fe_225_sign_4_flow
0.0,0.0,0.0,0.0,0.0,0.0,0.0,0.0,0.0,0.0,31,0.9999999403953552,0.0027256226167082787,6.196220056153834e-05,0.006196220056153834,0.033260345458984375,46.337854657205995,0.9977367520332336,0.9977367520332336,0.41033607721328735,0.6187162399291992,0.23587104678153992,0.3724778890609741,0.1366068422794342,0.3724778890609741,True,0.9667396545410156,0.8646780848503113,0.1366068422794342,0.9206466674804688,,,F3,T3_surface_decal,0.5634892849626936,0.0,0.9206466674804688,225,0.6297163361536741,0.1566893756389618,0.1566893756389618,11.350180765902289,0.2707016866406296,6.907370090484619,a flow on the billboard,0.23587104678153992,0.3074333369731903,0.3724778890609741,0.1366068422794342,0.3724778890609741,"0,0,512,512",0.4007238745689392,0.00019890075782313943,/cluster/users/grad/2025/25t8103/project/data/flowedit_compatible_135/eval_masks/fe_225_sign_4_flow_eval_mask.png,fixed_eval_mask,0.0,0.0,0.0,0.0,sd3abl_adaptive,SD3 w/o adaptive controller,,0.0031453738920390606,0.0031453738920390606,45.78501071578042,0.005137471956125263,,/cluster/users/grad/2025/25t8103/project/outputs/flowedit135_ablation_metric_runs_20260624/fe_225_sign_4_flow/sd3abl_adaptive/seed_10/result.png,12.258210182189941,fe_225_sign_4_flow/sd3abl_adaptive/seed_10,,10,/cluster/users/grad/2025/25t8103/project/_baselines/src/FlowEdit/Data/Images/sign.png,0.1445050984621048,"A large white billboard with a bold message written in black letters. The message reads, ""LOVE IS ALL YOU NEED."" The billboard is prominently displayed in the scene, capturing the viewer''s attention.",11.709115482502883,0.2597432234433619,0.654031682367431,0.654031682367431,"A large white billboard with a bold message written in black letters. The message reads, ""FLOW IS ALL YOU NEED."" The billboard is prominently displayed in the scene, capturing the viewer''s attention.",fe_225_sign_4_flow
0.0,0.0,0.0,0.0,0.0,0.0,0.0,0.0,0.0,0.0,31,0.9999999403953552,0.020279351621866226,0.00044254385284148157,0.04425438528414816,0.033260345458984375,31.01357411382528,0.9170006513595581,0.9170006513595581,0.3888457417488098,0.5410467386245728,0.20372208952903748,0.3493453860282898,0.14562329649925232,0.3493453860282898,True,0.9667396545410156,0.865988552570343,0.14562329649925232,0.9206466674804688,,,F3,T3_surface_decal,0.6129946821574601,0.0,0.9206466674804688,225,0.520771353514929,0.16430486738681793,0.16430486738681793,11.241543067835199,0.2741087168368329,7.036042213439941,a flow on the billboard,0.20372208952903748,0.2822093963623047,0.3493453860282898,0.14562329649925232,0.3493453860282898,"0,0,512,512",0.398017555475235,0.0012493148678913713,/cluster/users/grad/2025/25t8103/project/data/flowedit_compatible_135/eval_masks/fe_225_sign_4_flow_eval_mask.png,fixed_eval_mask,0.0,0.0,0.0,0.0,sd3abl_nofinal,SD3 w/o final restore,,0.021081620827317238,0.021081620827317238,30.85504873654127,0.02865811117805233,,/cluster/users/grad/2025/25t8103/project/outputs/flowedit135_ablation_metric_runs_20260624/fe_225_sign_4_flow/sd3abl_nofinal/seed_10/result.png,11.478145599365234,fe_225_sign_4_flow/sd3abl_nofinal/seed_10,,10,/cluster/users/grad/2025/25t8103/project/_baselines/src/FlowEdit/Data/Images/sign.png,0.15293961763381958,"A large white billboard with a bold message written in black letters. The message reads, ""LOVE IS ALL YOU NEED."" The billboard is prominently displayed in the scene, capturing the viewer''s attention.",11.596522166411996,0.26313213630929844,0.6201196413097948,0.6201196413097948,"A large white billboard with a bold message written in black letters. The message reads, ""FLOW IS ALL YOU NEED."" The billboard is prominently displayed in the scene, capturing the viewer''s attention.",fe_225_sign_4_flow
0.0,0.0,0.0,0.0,0.0,0.0,0.0,0.0,0.0,0.0,31,0.9999999403953552,0.0027256226167082787,6.196220056153834e-05,0.006196220056153834,0.033260345458984375,46.337854657205995,0.9977367520332336,0.9977367520332336,0.023326192051172256,0.9868407845497131,0.33161330223083496,0.29020220041275024,-0.04141110181808472,0.29020220041275024,True,0.9667396545410156,0.9946567416191101,-0.04141110181808472,0.9206466674804688,,,F3,T3_surface_decal,0.6619287961838122,0.0,0.9206466674804688,225,0.7276313281567236,0.010038206353783607,0.010038206353783607,30.274760421993903,0.03063811055157575,8.114062309265137,a flow on the billboard,0.33161330223083496,0.22020237147808075,0.29020220041275024,-0.04141110181808472,0.29020220041275024,"0,0,512,512",0.011394383385777473,0.00019890075782313943,/cluster/users/grad/2025/25t8103/project/data/flowedit_compatible_135/eval_masks/fe_225_sign_4_flow_eval_mask.png,fixed_eval_mask,0.0,0.0,0.0,0.0,sd3abl_opsupport,SD3 w/o operation support,,0.0031453738920390606,0.0031453738920390606,45.78501071578042,0.005137471956125263,,/cluster/users/grad/2025/25t8103/project/outputs/flowedit135_ablation_metric_runs_20260624/fe_225_sign_4_flow/sd3abl_opsupport/seed_10/result.png,12.258210182189941,fe_225_sign_4_flow/sd3abl_opsupport/seed_10,,10,/cluster/users/grad/2025/25t8103/project/_baselines/src/FlowEdit/Data/Images/sign.png,0.00949123501777649,"A large white billboard with a bold message written in black letters. The message reads, ""LOVE IS ALL YOU NEED."" The billboard is prominently displayed in the scene, capturing the viewer''s attention.",30.62331705271702,0.02943297403869107,0.983662709199977,0.983662709199977,"A large white billboard with a bold message written in black letters. The message reads, ""FLOW IS ALL YOU NEED."" The billboard is prominently displayed in the scene, capturing the viewer''s attention.",fe_225_sign_4_flow
0.0,0.0,0.0,0.0,0.0,0.0,0.0,0.0,0.0,0.0,31,0.9997311234474182,0.0010353587567806244,0.0009241767693310976,0.09241767693310976,0.7422637939453125,48.132313589301575,0.998024046421051,0.998024046421051,0.27746325731277466,0.647148609161377,0.14028862118721008,0.27170729637145996,0.13141867518424988,0.27170729637145996,True,0.2577362060546875,0.9733544588088989,0.13141867518424988,0.20154571533203125,,,F3,T3_surface_decal,5.481521551038246,0.0,0.20154571533203125,238,0.4177423628723928,0.08574580401182175,0.08574580401182175,15.141449849098246,0.17495546285108585,7.042574882507324,a cvpr on the sign,0.1592443883419037,0.2743593454360962,0.27723321318626404,0.11798882484436035,0.27723321318626404,"64,0,455,342",0.03063870035111904,0.0010009664110839367,/cluster/users/grad/2025/25t8103/project/data/flowedit_compatible_135/eval_masks/fe_238_stop_arrow_1_cvpr_eval_mask.png,fixed_eval_mask,0.0,0.0,0.0,0.0,fluxabl_adaptive,FLUX w/o adaptive controller,,0.0010397310834378004,0.0010397310834378004,48.10528807579999,0.003933105502788655,,/cluster/users/grad/2025/25t8103/project/outputs/flowedit135_ablation_metric_runs_20260624/fe_238_stop_arrow_1_cvpr/fluxabl_adaptive/seed_10/result.png,1.2847846746444702,fe_238_stop_arrow_1_cvpr/fluxabl_adaptive/seed_10,,10,/cluster/users/grad/2025/25t8103/project/_baselines/src/FlowEdit/Data/Images/stop_arrow.png,0.018111879006028175,A stop sign above a blue sign with arrow pointing up.,22.089028276788124,0.0786228144534107,0.9510404732873654,0.9510404732873654,A sign that says CVPR above a blue sign with arrow pointing up.,fe_238_stop_arrow_1_cvpr
0.0,0.0,0.0,0.0,0.0,0.0,0.0,0.0,0.0,0.0,31,0.995711088180542,0.0064477138221263885,0.0027443584986031055,0.27443584986031055,0.7422637939453125,39.093765467392075,0.9932464957237244,0.9932464957237244,0.2796117067337036,0.6465119123458862,0.16849851608276367,0.3035624623298645,0.13506394624710083,0.3035624623298645,True,0.2577362060546875,0.9820338487625122,0.13506394624710083,0.20154571533203125,,,F3,T3_surface_decal,4.3573871862213425,0.0,0.20154571533203125,238,0.4250482643752129,0.06866923719644547,0.06866923719644547,16.32753498802127,0.15262414730382132,6.628683090209961,a cvpr on the sign,0.19123387336730957,0.3266986608505249,0.320567786693573,0.12933391332626343,0.320567786693573,"64,0,455,342",0.023680249229073524,0.0034327043686062098,/cluster/users/grad/2025/25t8103/project/data/flowedit_compatible_135/eval_masks/fe_238_stop_arrow_1_cvpr_eval_mask.png,fixed_eval_mask,0.0,0.0,0.0,0.0,fluxabl_nofinal,FLUX w/o final restore,,0.006628857459872961,0.006628857459872961,38.79599990930955,0.01148682499539645,,/cluster/users/grad/2025/25t8103/project/outputs/flowedit135_ablation_metric_runs_20260624/fe_238_stop_arrow_1_cvpr/fluxabl_nofinal/seed_10/result.png,1.5212517976760864,fe_238_stop_arrow_1_cvpr/fluxabl_nofinal/seed_10,,10,/cluster/users/grad/2025/25t8103/project/_baselines/src/FlowEdit/Data/Images/stop_arrow.png,0.01913282833993435,A stop sign above a blue sign with arrow pointing up.,23.187418894803532,0.06928337818339035,0.959474624116793,0.959474624116793,A sign that says CVPR above a blue sign with arrow pointing up.,fe_238_stop_arrow_1_cvpr
0.0,0.0,0.0,0.0,0.0,0.0,0.0,0.0,0.0,0.0,31,0.9997311234474182,0.0010353587567806244,0.0009241767693310976,0.09241767693310976,0.7422637939453125,48.132313589301575,0.998024046421051,0.998024046421051,0.2801833748817444,0.6318086385726929,0.13206173479557037,0.26991236209869385,0.13785062730312347,0.26991236209869385,True,0.2577362060546875,0.9834902286529541,0.13785062730312347,0.20154571533203125,,,F3,T3_surface_decal,5.872336350869933,0.0,0.20154571533203125,238,0.4434644357799902,0.10056702047586441,0.10056702047586441,13.848914825416138,0.20302721567594847,7.544687747955322,a cvpr on the sign,0.15639185905456543,0.2777540683746338,0.2860828638076782,0.1296910047531128,0.2860828638076782,"64,0,455,342",0.035288501530885696,0.0010009664110839367,/cluster/users/grad/2025/25t8103/project/data/flowedit_compatible_135/eval_masks/fe_238_stop_arrow_1_cvpr_eval_mask.png,fixed_eval_mask,0.0,0.0,0.0,0.0,fluxabl_opsupport,FLUX w/o operation support,,0.0010397310834378004,0.0010397310834378004,48.10528807579999,0.003933105502788655,,/cluster/users/grad/2025/25t8103/project/outputs/flowedit135_ablation_metric_runs_20260624/fe_238_stop_arrow_1_cvpr/fluxabl_opsupport/seed_10/result.png,1.2847846746444702,fe_238_stop_arrow_1_cvpr/fluxabl_opsupport/seed_10,,10,/cluster/users/grad/2025/25t8103/project/_baselines/src/FlowEdit/Data/Images/stop_arrow.png,0.021099036559462547,A stop sign above a blue sign with arrow pointing up.,20.798728320401118,0.09121443743801284,0.9430249204841276,0.9430249204841276,A sign that says CVPR above a blue sign with arrow pointing up.,fe_238_stop_arrow_1_cvpr
0.0,0.0,0.0,0.0,0.0,0.0,0.0,0.0,0.0,0.0,31,0.9997311234474182,0.0010353587567806244,0.0009241767693310976,0.09241767693310976,0.7422637939453125,48.132313589301575,0.998024046421051,0.998024046421051,0.2762705385684967,0.6695869565010071,0.16886039078235626,0.294632226228714,0.12577183544635773,0.294632226228714,True,0.2577362060546875,0.9844069480895996,0.12577183544635773,0.20154571533203125,,,F3,T3_surface_decal,5.1036273069355715,0.0,0.20154571533203125,238,0.42423439451868117,0.06444315612316132,0.06444315612316132,16.352735065762044,0.15218198575324476,6.557062149047852,a cvpr on the sign,0.18029959499835968,0.3107259273529053,0.3032097816467285,0.12291018664836884,0.3032097816467285,"64,0,455,342",0.022305438295006752,0.0010009664110839367,/cluster/users/grad/2025/25t8103/project/data/flowedit_compatible_135/eval_masks/fe_238_stop_arrow_1_cvpr_eval_mask.png,fixed_eval_mask,0.0,0.0,0.0,0.0,ours_flux,Ours (FLUX),,0.0010397310834378004,0.0010397310834378004,48.10528807579999,0.003933105502788655,,/cluster/users/grad/2025/25t8103/project/outputs/flowedit135_ablation_metric_runs_20260624/fe_238_stop_arrow_1_cvpr/ours_flux/seed_10/result.png,1.2847846746444702,fe_238_stop_arrow_1_cvpr/ours_flux/seed_10,,10,/cluster/users/grad/2025/25t8103/project/_baselines/src/FlowEdit/Data/Images/stop_arrow.png,0.013818416744470596,A stop sign above a blue sign with arrow pointing up.,23.297521795829116,0.06841068045509462,0.9638183022615886,0.9638183022615886,A sign that says CVPR above a blue sign with arrow pointing up.,fe_238_stop_arrow_1_cvpr
0.0,0.0,0.0,0.0,0.0,0.0,0.0,0.0,0.0,0.0,31,0.9997329711914062,0.0005644401535391808,0.00019391898240428418,0.019391898240428418,0.7422637939453125,54.23117196960124,0.9988592267036438,0.9988592267036438,0.22338074445724487,0.9179409742355347,0.21052101254463196,0.2257786989212036,0.015257686376571655,0.2257786989212036,True,0.2577362060546875,0.8829963207244873,0.015257686376571655,0.20154571533203125,,,F3,T3_surface_decal,3.402029250396152,0.0,0.20154571533203125,238,0.46837263883105573,0.11977876722812653,0.11977876722812653,12.33893787944697,0.24157562178273456,5.236130714416504,a cvpr on the sign,0.216558575630188,0.16997063159942627,0.22437573969364166,0.007817164063453674,0.22437573969364166,"64,0,455,342",0.07821102440357208,0.00020544273138511926,/cluster/users/grad/2025/25t8103/project/data/flowedit_compatible_135/eval_masks/fe_238_stop_arrow_1_cvpr_eval_mask.png,fixed_eval_mask,0.0,0.0,0.0,0.0,ours_sd3,Ours (SD3),,0.0005666611832566559,0.0005666611832566559,54.19951627209257,0.0019499531920326042,,/cluster/users/grad/2025/25t8103/project/outputs/flowedit135_ablation_metric_runs_20260624/fe_238_stop_arrow_1_cvpr/ours_sd3/seed_10/result.png,1.539119839668274,fe_238_stop_arrow_1_cvpr/ours_sd3/seed_10,,10,/cluster/users/grad/2025/25t8103/project/_baselines/src/FlowEdit/Data/Images/stop_arrow.png,0.024593345820903778,A stop sign above a blue sign with arrow pointing up.,19.29408122097111,0.10846657802167832,0.9282987225087758,0.9282987225087758,A sign that says CVPR above a blue sign with arrow pointing up.,fe_238_stop_arrow_1_cvpr
0.0,0.0,0.0,0.0,0.0,0.0,0.0,0.0,0.0,0.0,31,0.9997329711914062,0.0005644401535391808,0.00019391898240428418,0.019391898240428418,0.7422637939453125,54.23117196960124,0.9988592267036438,0.9988592267036438,0.2208452820777893,0.91761314868927,0.21208658814430237,0.2267998456954956,0.014713257551193237,0.2267998456954956,True,0.2577362060546875,0.8772370219230652,0.014713257551193237,0.20154571533203125,,,F3,T3_surface_decal,3.3413232192243045,0.0,0.20154571533203125,238,0.47088995722451454,0.12032807618379593,0.12032807618379593,12.4298595387282,0.23906005939160332,5.142696857452393,a cvpr on the sign,0.22037985920906067,0.17508143186569214,0.22713522613048553,0.006755366921424866,0.22713522613048553,"64,0,455,342",0.0770098939538002,0.00020544273138511926,/cluster/users/grad/2025/25t8103/project/data/flowedit_compatible_135/eval_masks/fe_238_stop_arrow_1_cvpr_eval_mask.png,fixed_eval_mask,0.0,0.0,0.0,0.0,sd3abl_adaptive,SD3 w/o adaptive controller,,0.0005666611832566559,0.0005666611832566559,54.19951627209257,0.0019499531920326042,,/cluster/users/grad/2025/25t8103/project/outputs/flowedit135_ablation_metric_runs_20260624/fe_238_stop_arrow_1_cvpr/sd3abl_adaptive/seed_10/result.png,1.539119839668274,fe_238_stop_arrow_1_cvpr/sd3abl_adaptive/seed_10,,10,/cluster/users/grad/2025/25t8103/project/_baselines/src/FlowEdit/Data/Images/stop_arrow.png,0.024704061448574066,A stop sign above a blue sign with arrow pointing up.,19.384979768158303,0.10733738524295434,0.9286341836207567,0.9286341836207567,A sign that says CVPR above a blue sign with arrow pointing up.,fe_238_stop_arrow_1_cvpr
0.0,0.0,0.0,0.0,0.0,0.0,0.0,0.0,0.0,0.0,31,0.9923518896102905,0.007691545411944389,0.0028204363770782948,0.2820436377078295,0.7422637939453125,38.77584207203812,0.9903140068054199,0.9903140068054199,0.22551262378692627,0.906730055809021,0.21091903746128082,0.23158659040927887,0.020667552947998047,0.23158659040927887,True,0.2577362060546875,0.8818346261978149,0.020667552947998047,0.20154571533203125,,,F3,T3_surface_decal,3.4285584698879825,0.0,0.20154571533203125,238,0.4693947079532119,0.12142911553382874,0.12142911553382874,12.37601508076456,0.24054661285247345,5.208594799041748,a cvpr on the sign,0.22123411297798157,0.17292863130569458,0.23170889914035797,0.010474786162376404,0.23170889914035797,"64,0,455,342",0.08028344064950943,0.0028335193637758493,/cluster/users/grad/2025/25t8103/project/data/flowedit_compatible_135/eval_masks/fe_238_stop_arrow_1_cvpr_eval_mask.png,fixed_eval_mask,0.0,0.0,0.0,0.0,sd3abl_nofinal,SD3 w/o final restore,,0.007684108801186085,0.007684108801186085,38.7513918889129,0.01154596949013174,,/cluster/users/grad/2025/25t8103/project/outputs/flowedit135_ablation_metric_runs_20260624/fe_238_stop_arrow_1_cvpr/sd3abl_nofinal/seed_10/result.png,1.5191792249679565,fe_238_stop_arrow_1_cvpr/sd3abl_nofinal/seed_10,,10,/cluster/users/grad/2025/25t8103/project/_baselines/src/FlowEdit/Data/Images/stop_arrow.png,0.030608922243118286,A stop sign above a blue sign with arrow pointing up.,19.292819696875874,0.10848233267026326,0.9204901834650409,0.9204901834650409,A sign that says CVPR above a blue sign with arrow pointing up.,fe_238_stop_arrow_1_cvpr
0.0,0.0,0.0,0.0,0.0,0.0,0.0,0.0,0.0,0.0,31,0.9997329711914062,0.0005644401535391808,0.00019391898240428418,0.019391898240428418,0.7422637939453125,54.23117196960124,0.9988592267036438,0.9988592267036438,0.22271674871444702,0.9161337018013,0.21031102538108826,0.22610130906105042,0.015790283679962158,0.22610130906105042,True,0.2577362060546875,0.8788434267044067,0.015790283679962158,0.20154571533203125,,,F3,T3_surface_decal,3.389804704845213,0.0,0.20154571533203125,238,0.46829693000719236,0.1185002326965332,0.1185002326965332,12.38948105308789,0.2401739757873569,5.217315673828125,a cvpr on the sign,0.21858319640159607,0.17190015316009521,0.22619953751564026,0.0076163411140441895,0.22619953751564026,"64,0,455,342",0.07732686400413513,0.00020544273138511926,/cluster/users/grad/2025/25t8103/project/data/flowedit_compatible_135/eval_masks/fe_238_stop_arrow_1_cvpr_eval_mask.png,fixed_eval_mask,0.0,0.0,0.0,0.0,sd3abl_opsupport,SD3 w/o operation support,,0.0005666611832566559,0.0005666611832566559,54.19951627209257,0.0019499531920326042,,/cluster/users/grad/2025/25t8103/project/outputs/flowedit135_ablation_metric_runs_20260624/fe_238_stop_arrow_1_cvpr/sd3abl_opsupport/seed_10/result.png,1.539119839668274,fe_238_stop_arrow_1_cvpr/sd3abl_opsupport/seed_10,,10,/cluster/users/grad/2025/25t8103/project/_baselines/src/FlowEdit/Data/Images/stop_arrow.png,0.02433566190302372,A stop sign above a blue sign with arrow pointing up.,19.344611309433752,0.10783740650882429,0.9286071478733972,0.9286071478733972,A sign that says CVPR above a blue sign with arrow pointing up.,fe_238_stop_arrow_1_cvpr
0.0,0.0,0.0,0.0,0.0,0.0,0.0,0.0,0.0,0.0,31,0.9997311234474182,0.0010353587567806244,0.0009241767693310976,0.09241767693310976,0.7422637939453125,48.132313589301575,0.998024046421051,0.998024046421051,0.38911575078964233,0.901547908782959,0.22169187664985657,0.2639506459236145,0.042258769273757935,0.2639506459236145,True,0.2577362060546875,0.9726410508155823,0.042258769273757935,0.20154571533203125,,,F3,T3_surface_decal,5.7060611613673045,0.0,0.20154571533203125,242,0.44159064238937046,0.08512044697999954,0.08512044697999954,15.335164138288842,0.17109676297465568,7.33105993270874,a home on the sign,0.22158339619636536,0.22705820202827454,0.26248693466186523,0.04090353846549988,0.26248693466186523,"64,0,455,342",0.03540617600083351,0.0010009664110839367,/cluster/users/grad/2025/25t8103/project/data/flowedit_compatible_135/eval_masks/fe_242_stop_arrow_5_home_eval_mask.png,fixed_eval_mask,0.0,0.0,0.0,0.0,fluxabl_adaptive,FLUX w/o adaptive controller,,0.0010397310834378004,0.0010397310834378004,48.10528807579999,0.003933105502788655,,/cluster/users/grad/2025/25t8103/project/outputs/flowedit135_ablation_metric_runs_20260624/fe_242_stop_arrow_5_home/fluxabl_adaptive/seed_10/result.png,1.2847846746444702,fe_242_stop_arrow_5_home/fluxabl_adaptive/seed_10,,10,/cluster/users/grad/2025/25t8103/project/_baselines/src/FlowEdit/Data/Images/stop_arrow.png,0.017985837534070015,A stop sign above a blue sign with arrow pointing up.,22.28234629207012,0.07689227055566085,0.9503857771288232,0.9503857771288232,A sign that says HOME above a blue sign with arrow pointing up.,fe_242_stop_arrow_5_home
0.0,0.0,0.0,0.0,0.0,0.0,0.0,0.0,0.0,0.0,31,0.9981316328048706,0.005691319704055786,0.0017162818694487214,0.17162818694487214,0.7422637939453125,39.44762082328961,0.9933487176895142,0.9933487176895142,0.16201870143413544,0.8967407941818237,0.24498754739761353,0.22892335057258606,-0.016064196825027466,0.22892335057258606,True,0.2577362060546875,0.9843061566352844,-0.016064196825027466,0.20154571533203125,,,F3,T3_surface_decal,4.406879308503587,0.0,0.20154571533203125,242,0.42022182685391984,0.06658602505922318,0.06658602505922318,16.454515080491692,0.15040914619640647,6.606612682342529,a home on the sign,0.2435019314289093,0.22000686824321747,0.2253483086824417,-0.01815362274646759,0.2253483086824417,"64,0,455,342",0.02290467731654644,0.001982653047889471,/cluster/users/grad/2025/25t8103/project/data/flowedit_compatible_135/eval_masks/fe_242_stop_arrow_5_home_eval_mask.png,fixed_eval_mask,0.0,0.0,0.0,0.0,fluxabl_nofinal,FLUX w/o final restore,,0.005746218841522932,0.005746218841522932,39.350642722096076,0.010776255106418726,,/cluster/users/grad/2025/25t8103/project/outputs/flowedit135_ablation_metric_runs_20260624/fe_242_stop_arrow_5_home/fluxabl_nofinal/seed_10/result.png,1.4991589784622192,fe_242_stop_arrow_5_home/fluxabl_nofinal/seed_10,,10,/cluster/users/grad/2025/25t8103/project/_baselines/src/FlowEdit/Data/Images/stop_arrow.png,0.01800822652876377,A stop sign above a blue sign with arrow pointing up.,23.323346863672665,0.06820758247338449,0.9612312434717684,0.9612312434717684,A sign that says HOME above a blue sign with arrow pointing up.,fe_242_stop_arrow_5_home
0.0,0.0,0.0,0.0,0.0,0.0,0.0,0.0,0.0,0.0,31,0.9997311234474182,0.0010353587567806244,0.0009241767693310976,0.09241767693310976,0.7422637939453125,48.132313589301575,0.998024046421051,0.998024046421051,0.41274210810661316,0.8924143314361572,0.21168868243694305,0.26520031690597534,0.05351163446903229,0.26520031690597534,True,0.2577362060546875,0.9740092754364014,0.05351163446903229,0.20154571533203125,,,F3,T3_surface_decal,6.807791191972576,0.0,0.20154571533203125,242,0.46922436309951926,0.10306670516729355,0.10306670516729355,13.31516197387274,0.2158946603990224,8.746545791625977,a home on the sign,0.2153402864933014,0.22741802036762238,0.2654518187046051,0.05011153221130371,0.2654518187046051,"64,0,455,342",0.0421602725982666,0.0010009664110839367,/cluster/users/grad/2025/25t8103/project/data/flowedit_compatible_135/eval_masks/fe_242_stop_arrow_5_home_eval_mask.png,fixed_eval_mask,0.0,0.0,0.0,0.0,fluxabl_opsupport,FLUX w/o operation support,,0.0010397310834378004,0.0010397310834378004,48.10528807579999,0.003933105502788655,,/cluster/users/grad/2025/25t8103/project/outputs/flowedit135_ablation_metric_runs_20260624/fe_242_stop_arrow_5_home/fluxabl_opsupport/seed_10/result.png,1.2847846746444702,fe_242_stop_arrow_5_home/fluxabl_opsupport/seed_10,,10,/cluster/users/grad/2025/25t8103/project/_baselines/src/FlowEdit/Data/Images/stop_arrow.png,0.02160283364355564,A stop sign above a blue sign with arrow pointing up.,20.2657204626664,0.0969871006990235,0.9399260463508283,0.9399260463508283,A sign that says HOME above a blue sign with arrow pointing up.,fe_242_stop_arrow_5_home
0.0,0.0,0.0,0.0,0.0,0.0,0.0,0.0,0.0,0.0,31,0.9997311234474182,0.0010353587567806244,0.0009241767693310976,0.09241767693310976,0.7422637939453125,48.132313589301575,0.998024046421051,0.998024046421051,0.15387581288814545,0.8938670754432678,0.24121609330177307,0.22379249334335327,-0.0174235999584198,0.22379249334335327,True,0.2577362060546875,0.9862579703330994,-0.0174235999584198,0.20154571533203125,,,F3,T3_surface_decal,5.083550025956722,0.0,0.20154571533203125,242,0.41944581140931975,0.06347319483757019,0.06347319483757019,16.470077733952216,0.15013989689960372,6.531267166137695,a home on the sign,0.24044963717460632,0.2201489806175232,0.2216675579547882,-0.018782079219818115,0.2216675579547882,"64,0,455,342",0.02215089090168476,0.0010009664110839367,/cluster/users/grad/2025/25t8103/project/data/flowedit_compatible_135/eval_masks/fe_242_stop_arrow_5_home_eval_mask.png,fixed_eval_mask,0.0,0.0,0.0,0.0,ours_flux,Ours (FLUX),,0.0010397310834378004,0.0010397310834378004,48.10528807579999,0.003933105502788655,,/cluster/users/grad/2025/25t8103/project/outputs/flowedit135_ablation_metric_runs_20260624/fe_242_stop_arrow_5_home/ours_flux/seed_10/result.png,1.2847846746444702,fe_242_stop_arrow_5_home/ours_flux/seed_10,,10,/cluster/users/grad/2025/25t8103/project/_baselines/src/FlowEdit/Data/Images/stop_arrow.png,0.01362292468547821,A stop sign above a blue sign with arrow pointing up.,23.414551928921874,0.06749512462206114,0.9654610431271629,0.9654610431271629,A sign that says HOME above a blue sign with arrow pointing up.,fe_242_stop_arrow_5_home
0.0,0.0,0.0,0.0,0.0,0.0,0.0,0.0,0.0,0.0,31,0.9997329711914062,0.0005644401535391808,0.00019391898240428418,0.019391898240428418,0.7422637939453125,54.23117196960124,0.9988592267036438,0.9988592267036438,0.2610429525375366,0.9485559463500977,0.23120474815368652,0.2226686328649521,-0.008536115288734436,0.2226686328649521,True,0.2577362060546875,0.9506511688232422,-0.008536115288734436,0.20154571533203125,,,F3,T3_surface_decal,3.268603314379835,0.0,0.20154571533203125,242,0.45800052996176704,0.14339804649353027,0.14339804649353027,12.017339608195918,0.2506876964107059,5.0307722091674805,a home on the sign,0.23321892321109772,0.15950724482536316,0.20831094682216644,-0.024907976388931274,0.20831094682216644,"64,0,455,342",0.07745295763015747,0.00020544273138511926,/cluster/users/grad/2025/25t8103/project/data/flowedit_compatible_135/eval_masks/fe_242_stop_arrow_5_home_eval_mask.png,fixed_eval_mask,0.0,0.0,0.0,0.0,ours_sd3,Ours (SD3),,0.0005666611832566559,0.0005666611832566559,54.19951627209257,0.0019499531920326042,,/cluster/users/grad/2025/25t8103/project/outputs/flowedit135_ablation_metric_runs_20260624/fe_242_stop_arrow_5_home/ours_sd3/seed_10/result.png,1.539119839668274,fe_242_stop_arrow_5_home/ours_sd3/seed_10,,10,/cluster/users/grad/2025/25t8103/project/_baselines/src/FlowEdit/Data/Images/stop_arrow.png,0.029353706166148186,A stop sign above a blue sign with arrow pointing up.,18.972563283446174,0.11255682546539558,0.9304830199982205,0.9304830199982205,A sign that says HOME above a blue sign with arrow pointing up.,fe_242_stop_arrow_5_home
0.0,0.0,0.0,0.0,0.0,0.0,0.0,0.0,0.0,0.0,31,0.9997329711914062,0.0005644401535391808,0.00019391898240428418,0.019391898240428418,0.7422637939453125,54.23117196960124,0.9988592267036438,0.9988592267036438,0.2550482153892517,0.9496533870697021,0.2284035086631775,0.21851500868797302,-0.009888499975204468,0.21851500868797302,True,0.2577362060546875,0.9492373466491699,-0.009888499975204468,0.20154571533203125,,,F3,T3_surface_decal,3.100696897926299,0.0,0.20154571533203125,242,0.5010031419161903,0.15124790370464325,0.15124790370464325,11.657026238169653,0.26130558253112257,4.77234411239624,a home on the sign,0.22784757614135742,0.1603686511516571,0.20532222092151642,-0.022525355219841003,0.20532222092151642,"64,0,455,342",0.07928048074245453,0.00020544273138511926,/cluster/users/grad/2025/25t8103/project/data/flowedit_compatible_135/eval_masks/fe_242_stop_arrow_5_home_eval_mask.png,fixed_eval_mask,0.0,0.0,0.0,0.0,sd3abl_adaptive,SD3 w/o adaptive controller,,0.0005666611832566559,0.0005666611832566559,54.19951627209257,0.0019499531920326042,,/cluster/users/grad/2025/25t8103/project/outputs/flowedit135_ablation_metric_runs_20260624/fe_242_stop_arrow_5_home/sd3abl_adaptive/seed_10/result.png,1.539119839668274,fe_242_stop_arrow_5_home/sd3abl_adaptive/seed_10,,10,/cluster/users/grad/2025/25t8103/project/_baselines/src/FlowEdit/Data/Images/stop_arrow.png,0.03093581460416317,A stop sign above a blue sign with arrow pointing up.,18.612333108252027,0.11732304998748871,0.9293689102951076,0.9293689102951076,A sign that says HOME above a blue sign with arrow pointing up.,fe_242_stop_arrow_5_home
0.0,0.0,0.0,0.0,0.0,0.0,0.0,0.0,0.0,0.0,31,0.9913510680198669,0.008149946108460426,0.0030911776702851057,0.30911776702851057,0.7422637939453125,38.4556155976111,0.990326464176178,0.990326464176178,0.21236765384674072,0.9521178007125854,0.25095611810684204,0.23097161948680878,-0.019984498620033264,0.23097161948680878,True,0.2577362060546875,0.9441879391670227,-0.019984498620033264,0.20154571533203125,,,F3,T3_surface_decal,3.7248521230291183,0.0,0.20154571533203125,242,0.45680811598591814,0.1490546613931656,0.1490546613931656,11.92911156289349,0.2532470656052672,5.6565728187561035,a home on the sign,0.23883666098117828,0.16419440507888794,0.2203589379787445,-0.018477723002433777,0.2203589379787445,"64,0,455,342",0.08223003149032593,0.0030653742142021656,/cluster/users/grad/2025/25t8103/project/data/flowedit_compatible_135/eval_masks/fe_242_stop_arrow_5_home_eval_mask.png,fixed_eval_mask,0.0,0.0,0.0,0.0,sd3abl_nofinal,SD3 w/o final restore,,0.008155531249940395,0.008155531249940395,38.42652437552872,0.011985986417627175,,/cluster/users/grad/2025/25t8103/project/outputs/flowedit135_ablation_metric_runs_20260624/fe_242_stop_arrow_5_home/sd3abl_nofinal/seed_10/result.png,1.5186033248901367,fe_242_stop_arrow_5_home/sd3abl_nofinal/seed_10,,10,/cluster/users/grad/2025/25t8103/project/_baselines/src/FlowEdit/Data/Images/stop_arrow.png,0.03655315563082695,A stop sign above a blue sign with arrow pointing up.,18.84700522738086,0.11419569674561184,0.924780886800691,0.924780886800691,A sign that says HOME above a blue sign with arrow pointing up.,fe_242_stop_arrow_5_home
0.0,0.0,0.0,0.0,0.0,0.0,0.0,0.0,0.0,0.0,31,0.9997329711914062,0.0005644401535391808,0.00019391898240428418,0.019391898240428418,0.7422637939453125,54.23117196960124,0.9988592267036438,0.9988592267036438,0.2630484700202942,0.9470453262329102,0.2295745313167572,0.22222766280174255,-0.0073468685150146484,0.22222766280174255,True,0.2577362060546875,0.9495880007743835,-0.0073468685150146484,0.20154571533203125,,,F3,T3_surface_decal,3.258483628742553,0.0,0.20154571533203125,242,0.4595525608509672,0.1482754945755005,0.1482754945755005,11.825662831816501,0.2562812646540933,5.015196800231934,a home on the sign,0.2363085150718689,0.1627599149942398,0.21201778948307037,-0.024290725588798523,0.21201778948307037,"64,0,455,342",0.0780256986618042,0.00020544273138511926,/cluster/users/grad/2025/25t8103/project/data/flowedit_compatible_135/eval_masks/fe_242_stop_arrow_5_home_eval_mask.png,fixed_eval_mask,0.0,0.0,0.0,0.0,sd3abl_opsupport,SD3 w/o operation support,,0.0005666611832566559,0.0005666611832566559,54.19951627209257,0.0019499531920326042,,/cluster/users/grad/2025/25t8103/project/outputs/flowedit135_ablation_metric_runs_20260624/fe_242_stop_arrow_5_home/sd3abl_opsupport/seed_10/result.png,1.539119839668274,fe_242_stop_arrow_5_home/sd3abl_opsupport/seed_10,,10,/cluster/users/grad/2025/25t8103/project/_baselines/src/FlowEdit/Data/Images/stop_arrow.png,0.030336739495396614,A stop sign above a blue sign with arrow pointing up.,18.780930978563564,0.11506770494681749,0.9296861724480928,0.9296861724480928,A sign that says HOME above a blue sign with arrow pointing up.,fe_242_stop_arrow_5_home
0.0,0.0,0.0,0.0,0.0,0.0,0.0,0.0,0.0,0.0,31,0.9999760985374451,0.0007465433445759118,0.0010552994208410382,0.10552994208410382,0.3748130798339844,55.31862834937884,0.9982666373252869,0.9982666373252869,0.4199424386024475,0.6333218812942505,0.14559584856033325,0.3050635755062103,0.15946772694587708,0.3050635755062103,True,0.6251869201660156,0.17413713037967682,0.15946772694587708,0.5337486267089844,,,F5,T5_same_color_material,5.664643335773731,0.0,0.5337486267089844,266,5.002894531836277e-05,0.10554702579975128,0.10554702579975128,14.340800328560652,0.19184919603157946,7.347524166107178,a origami of a dog,0.14559584856033325,0.2025378942489624,0.3050635755062103,0.15946772694587708,0.3050635755062103,"0,0,512,512",0.2770650386810303,0.004167059436440468,/cluster/users/grad/2025/25t8103/project/data/flowedit_compatible_135/eval_masks/fe_266_yellow_bulldog_10_origami_lion_eval_mask.png,fixed_eval_mask,0.0,0.0,0.0,0.0,fluxabl_adaptive,FLUX w/o adaptive controller,,0.0009528662194497883,0.0009528662194497883,49.68679213628672,0.0032783883154565655,,/cluster/users/grad/2025/25t8103/project/outputs/flowedit135_ablation_metric_runs_20260624/fe_266_yellow_bulldog_10_origami_lion/fluxabl_adaptive/seed_10/result.png,1.2970850467681885,fe_266_yellow_bulldog_10_origami_lion/fluxabl_adaptive/seed_10,,10,/cluster/users/grad/2025/25t8103/project/_baselines/src/FlowEdit/Data/Images/yellow_bulldog.png,0.05677984654903412,"A small, yellow, shiny dog figurine positioned in the center of the scene, and it appears to be a decorative piece.",17.066325225693436,0.14017925215101137,0.7924555371406394,0.7924555371406394,"A small, yellow, origami lion positioned in the center of the scene, and it appears to be a decorative piece.",fe_266_yellow_bulldog_10_origami_lion
0.0,0.0,0.0,0.0,0.0,0.0,0.0,0.0,0.0,0.0,31,0.9998658895492554,0.006780822295695543,0.004426494240760803,0.4426494240760803,0.3748130798339844,41.77579511166264,0.9902581572532654,0.9902581572532654,0.3727875351905823,0.6406199336051941,0.17408114671707153,0.3059789538383484,0.13189780712127686,0.3059789538383484,True,0.6251869201660156,0.16726461052894592,0.13189780712127686,0.5337486267089844,,,F5,T5_same_color_material,3.889061930048822,0.0,0.5337486267089844,266,0.0005002894531836277,0.09957194328308105,0.09957194328308105,14.849142500951338,0.18094345346515908,6.249388694763184,a origami of a dog,0.17408114671707153,0.2418358474969864,0.3059789538383484,0.13189780712127686,0.3059789538383484,"0,0,512,512",0.2438596487045288,0.01084993127733469,/cluster/users/grad/2025/25t8103/project/data/flowedit_compatible_135/eval_masks/fe_266_yellow_bulldog_10_origami_lion_eval_mask.png,fixed_eval_mask,0.0,0.0,0.0,0.0,fluxabl_nofinal,FLUX w/o final restore,,0.007007337175309658,0.007007337175309658,40.76884783733152,0.009152876619676566,,/cluster/users/grad/2025/25t8103/project/outputs/flowedit135_ablation_metric_runs_20260624/fe_266_yellow_bulldog_10_origami_lion/fluxabl_nofinal/seed_10/result.png,1.6069141626358032,fe_266_yellow_bulldog_10_origami_lion/fluxabl_nofinal/seed_10,,10,/cluster/users/grad/2025/25t8103/project/_baselines/src/FlowEdit/Data/Images/yellow_bulldog.png,0.056413572281599045,"A small, yellow, shiny dog figurine positioned in the center of the scene, and it appears to be a decorative piece.",17.566079182896498,0.13234149637071213,0.8087008462703196,0.8087008462703196,"A small, yellow, origami lion positioned in the center of the scene, and it appears to be a decorative piece.",fe_266_yellow_bulldog_10_origami_lion
0.0,0.0,0.0,0.0,0.0,0.0,0.0,0.0,0.0,0.0,31,0.9999760985374451,0.0007465433445759118,0.0010552994208410382,0.10552994208410382,0.3748130798339844,55.31862834937884,0.9982666373252869,0.9982666373252869,0.41830742359161377,0.6571071147918701,0.153874009847641,0.3059830069541931,0.15210899710655212,0.3059830069541931,True,0.6251869201660156,0.16993708908557892,0.15210899710655212,0.5337486267089844,,,F5,T5_same_color_material,4.907242829988393,0.0,0.5337486267089844,266,0.0009719909376139052,0.1042494997382164,0.1042494997382164,14.409577264653182,0.19033608703832877,6.133603096008301,a origami of a dog,0.153874009847641,0.2244502305984497,0.3059830069541931,0.15210899710655212,0.3059830069541931,"0,0,512,512",0.24669697880744934,0.0030996580608189106,/cluster/users/grad/2025/25t8103/project/data/flowedit_compatible_135/eval_masks/fe_266_yellow_bulldog_10_origami_lion_eval_mask.png,fixed_eval_mask,0.0,0.0,0.0,0.0,fluxabl_opsupport,FLUX w/o operation support,,0.0008314998121932149,0.0008314998121932149,52.09722405688816,0.0024839268222462316,,/cluster/users/grad/2025/25t8103/project/outputs/flowedit135_ablation_metric_runs_20260624/fe_266_yellow_bulldog_10_origami_lion/fluxabl_opsupport/seed_10/result.png,1.249908208847046,fe_266_yellow_bulldog_10_origami_lion/fluxabl_opsupport/seed_10,,10,/cluster/users/grad/2025/25t8103/project/_baselines/src/FlowEdit/Data/Images/yellow_bulldog.png,0.056030720472335815,"A small, yellow, shiny dog figurine positioned in the center of the scene, and it appears to be a decorative piece.",17.135564315213717,0.13906626294434768,0.8075397137577885,0.8075397137577885,"A small, yellow, origami lion positioned in the center of the scene, and it appears to be a decorative piece.",fe_266_yellow_bulldog_10_origami_lion
0.0,0.0,0.0,0.0,0.0,0.0,0.0,0.0,0.0,0.0,31,0.9999760985374451,0.0007465433445759118,0.0010552994208410382,0.10552994208410382,0.3748130798339844,55.31862834937884,0.9982666373252869,0.9982666373252869,0.37469637393951416,0.6405308246612549,0.16973821818828583,0.3027361035346985,0.13299788534641266,0.3027361035346985,True,0.6251869201660156,0.17021754384040833,0.13299788534641266,0.5337486267089844,,,F5,T5_same_color_material,4.898443728452791,0.0,0.5337486267089844,266,0.0005002894531836277,0.09660567343235016,0.09660567343235016,14.875244693007478,0.18040051181640254,6.088125705718994,a origami of a dog,0.16973821818828583,0.24143560230731964,0.3027361035346985,0.13299788534641266,0.3027361035346985,"0,0,512,512",0.23696641623973846,0.0025701941922307014,/cluster/users/grad/2025/25t8103/project/data/flowedit_compatible_135/eval_masks/fe_266_yellow_bulldog_10_origami_lion_eval_mask.png,fixed_eval_mask,0.0,0.0,0.0,0.0,ours_flux,Ours (FLUX),,0.0008188584470190108,0.0008188584470190108,53.00688475873568,0.002236947348123005,,/cluster/users/grad/2025/25t8103/project/outputs/flowedit135_ablation_metric_runs_20260624/fe_266_yellow_bulldog_10_origami_lion/ours_flux/seed_10/result.png,1.2428693771362305,fe_266_yellow_bulldog_10_origami_lion/ours_flux/seed_10,,10,/cluster/users/grad/2025/25t8103/project/_baselines/src/FlowEdit/Data/Images/yellow_bulldog.png,0.05194493755698204,"A small, yellow, shiny dog figurine positioned in the center of the scene, and it appears to be a decorative piece.",17.601294340792045,0.13180603111992717,0.8175646974371463,0.8175646974371463,"A small, yellow, origami lion positioned in the center of the scene, and it appears to be a decorative piece.",fe_266_yellow_bulldog_10_origami_lion
0.0,0.0,0.0,0.0,0.0,0.0,0.0,0.0,0.0,0.0,31,0.9999755620956421,0.0004975449410267174,0.00031416589627042413,0.03141658962704241,0.3748130798339844,57.095917634810824,0.998826265335083,0.998826265335083,0.4323931336402893,0.6742517352104187,0.14277540147304535,0.29517194628715515,0.1523965448141098,0.29517194628715515,True,0.6251869201660156,0.2719101309776306,0.1523965448141098,0.5337486267089844,,,F5,T5_same_color_material,3.252621499716769,0.0,0.5337486267089844,266,0.0,0.07289578020572662,0.07289578020572662,16.06833185303112,0.15724737610090925,4.275375843048096,a origami of a dog,0.14277540147304535,0.20636580884456635,0.29517194628715515,0.1523965448141098,0.29517194628715515,"0,0,512,512",0.20855306088924408,0.0003889795043505728,/cluster/users/grad/2025/25t8103/project/data/flowedit_compatible_135/eval_masks/fe_266_yellow_bulldog_10_origami_lion_eval_mask.png,fixed_eval_mask,0.0,0.0,0.0,0.0,ours_sd3,Ours (SD3),,0.0005016997456550598,0.0005016997456550598,57.059481894981744,0.0014028973835548226,,/cluster/users/grad/2025/25t8103/project/outputs/flowedit135_ablation_metric_runs_20260624/fe_266_yellow_bulldog_10_origami_lion/ours_sd3/seed_10/result.png,1.3144400119781494,fe_266_yellow_bulldog_10_origami_lion/ours_sd3/seed_10,,10,/cluster/users/grad/2025/25t8103/project/_baselines/src/FlowEdit/Data/Images/yellow_bulldog.png,0.0391419380903244,"A small, yellow, shiny dog figurine positioned in the center of the scene, and it appears to be a decorative piece.",18.79466152124203,0.11488595109301585,0.8542981741705352,0.8542981741705352,"A small, yellow, origami lion positioned in the center of the scene, and it appears to be a decorative piece.",fe_266_yellow_bulldog_10_origami_lion
0.0,0.0,0.0,0.0,0.0,0.0,0.0,0.0,0.0,0.0,31,0.9999755620956421,0.0004975449410267174,0.00031416589627042413,0.03141658962704241,0.3748130798339844,57.095917634810824,0.998826265335083,0.998826265335083,0.42283764481544495,0.6853376626968384,0.15339785814285278,0.2972426116466522,0.14384475350379944,0.2972426116466522,True,0.6251869201660156,0.29675108194351196,0.14384475350379944,0.5337486267089844,,,F5,T5_same_color_material,3.0510869716046645,0.0,0.5337486267089844,266,0.0,0.0724201574921608,0.0724201574921608,16.02616890080337,0.15801254024906458,4.010354042053223,a origami of a dog,0.15339785814285278,0.20855630934238434,0.2972426116466522,0.14384475350379944,0.2972426116466522,"0,0,512,512",0.20877277851104736,0.0003889155341312289,/cluster/users/grad/2025/25t8103/project/data/flowedit_compatible_135/eval_masks/fe_266_yellow_bulldog_10_origami_lion_eval_mask.png,fixed_eval_mask,0.0,0.0,0.0,0.0,sd3abl_adaptive,SD3 w/o adaptive controller,,0.0005017211078666151,0.0005017211078666151,57.059481894981744,0.0014028973835548226,,/cluster/users/grad/2025/25t8103/project/outputs/flowedit135_ablation_metric_runs_20260624/fe_266_yellow_bulldog_10_origami_lion/sd3abl_adaptive/seed_10/result.png,1.3144017457962036,fe_266_yellow_bulldog_10_origami_lion/sd3abl_adaptive/seed_10,,10,/cluster/users/grad/2025/25t8103/project/_baselines/src/FlowEdit/Data/Images/yellow_bulldog.png,0.03888808190822601,"A small, yellow, shiny dog figurine positioned in the center of the scene, and it appears to be a decorative piece.",18.752502817950504,0.11544492850078765,0.859624208386976,0.859624208386976,"A small, yellow, origami lion positioned in the center of the scene, and it appears to be a decorative piece.",fe_266_yellow_bulldog_10_origami_lion
0.0,0.0,0.0,0.0,0.0,0.0,0.0,0.0,0.0,0.0,31,0.9995379447937012,0.006843417417258024,0.0031438625883311033,0.31438625883311033,0.3748130798339844,41.73457164513642,0.988883376121521,0.988883376121521,0.4184632897377014,0.6596574783325195,0.15106984972953796,0.3008565306663513,0.14978668093681335,0.3008565306663513,True,0.6251869201660156,0.2760418951511383,0.14978668093681335,0.5337486267089844,,,F5,T5_same_color_material,3.5589005286789264,0.0,0.5337486267089844,266,1.4293984376675076e-05,0.07699273526668549,0.07699273526668549,15.917412762095154,0.16000345547677478,4.447903156280518,a origami of a dog,0.15106984972953796,0.20499224960803986,0.3008565306663513,0.14978668093681335,0.3008565306663513,"0,0,512,512",0.21275544166564941,0.003534046234562993,/cluster/users/grad/2025/25t8103/project/data/flowedit_compatible_135/eval_masks/fe_266_yellow_bulldog_10_origami_lion_eval_mask.png,fixed_eval_mask,0.0,0.0,0.0,0.0,sd3abl_nofinal,SD3 w/o final restore,,0.006908751092851162,0.006908751092851162,41.66421004308867,0.008256376667237946,,/cluster/users/grad/2025/25t8103/project/outputs/flowedit135_ablation_metric_runs_20260624/fe_266_yellow_bulldog_10_origami_lion/sd3abl_nofinal/seed_10/result.png,1.249796986579895,fe_266_yellow_bulldog_10_origami_lion/sd3abl_nofinal/seed_10,,10,/cluster/users/grad/2025/25t8103/project/_baselines/src/FlowEdit/Data/Images/yellow_bulldog.png,0.04431596398353577,"A small, yellow, shiny dog figurine positioned in the center of the scene, and it appears to be a decorative piece.",18.633955038405986,0.11703135896583446,0.8432047538344074,0.8432047538344074,"A small, yellow, origami lion positioned in the center of the scene, and it appears to be a decorative piece.",fe_266_yellow_bulldog_10_origami_lion
0.0,0.0,0.0,0.0,0.0,0.0,0.0,0.0,0.0,0.0,31,0.9999755620956421,0.0004975449410267174,0.00031416589627042413,0.03141658962704241,0.3748130798339844,57.095917634810824,0.998826265335083,0.998826265335083,0.42281121015548706,0.6741893291473389,0.1494458019733429,0.2964004874229431,0.14695468544960022,0.2964004874229431,True,0.6251869201660156,0.2789646089076996,0.14695468544960022,0.5337486267089844,,,F5,T5_same_color_material,3.4001339819953302,0.0,0.5337486267089844,266,1.4293984376675076e-05,0.07452099025249481,0.07452099025249481,15.907305363712414,0.1601897530287514,4.468883037567139,a origami of a dog,0.1494458019733429,0.20606422424316406,0.2964004874229431,0.14695468544960022,0.2964004874229431,"0,0,512,512",0.20780497789382935,0.00038917112397029996,/cluster/users/grad/2025/25t8103/project/data/flowedit_compatible_135/eval_masks/fe_266_yellow_bulldog_10_origami_lion_eval_mask.png,fixed_eval_mask,0.0,0.0,0.0,0.0,sd3abl_opsupport,SD3 w/o operation support,,0.0005017211078666151,0.0005017211078666151,57.05929675944384,0.0014029272859529126,,/cluster/users/grad/2025/25t8103/project/outputs/flowedit135_ablation_metric_runs_20260624/fe_266_yellow_bulldog_10_origami_lion/sd3abl_opsupport/seed_10/result.png,1.3143255710601807,fe_266_yellow_bulldog_10_origami_lion/sd3abl_opsupport/seed_10,,10,/cluster/users/grad/2025/25t8103/project/_baselines/src/FlowEdit/Data/Images/yellow_bulldog.png,0.04000939428806305,"A small, yellow, shiny dog figurine positioned in the center of the scene, and it appears to be a decorative piece.",18.633646744436863,0.1170355129102184,0.8488562621504927,0.8488562621504927,"A small, yellow, origami lion positioned in the center of the scene, and it appears to be a decorative piece.",fe_266_yellow_bulldog_10_origami_lion
