rater_id,audit_item_id,audit_row_id,family,task,seed,candidate_label,method,method_display,source_image_original,result_image_original,metric_result_image_original,selected_run,selection_reason,metric_status,anonymous_image
rater_01,item_001,rater_01_item_001_A,T1_attached_accessory,cat_crown,10,A,support_v3_controller_rmsgap,CleanEdit,experiments/support_v3_2026-06-02/normalized_512/sources/cat_crown.png,outputs/pretty_matrix/cat_crown/support_v3_controller_rmsgap_t1t4_3seed_20260609/seed_10/result.png,/cluster/users/grad/2025/25t8103/project/outputs/pretty_matrix/cat_crown/support_v3_controller_rmsgap/seed_10/result.png,support_v3_controller_rmsgap_t1t4_3seed_20260609,formal T1-T4 three-seed CleanEdit rerun,needs_metric_refresh,rater_01/images/item_001_A.png
rater_01,item_001,rater_01_item_001_B,T1_attached_accessory,cat_crown,10,B,base_only,RF reconstruction / base reconstruction,experiments/support_v3_2026-06-02/normalized_512/sources/cat_crown.png,outputs/pretty_matrix/cat_crown/base_only/seed_10/result.png,/cluster/users/grad/2025/25t8103/project/outputs/pretty_matrix/cat_crown/base_only/seed_10/result.png,base_only,canonical method directory,aligned,rater_01/images/item_001_B.png
rater_01,item_001,rater_01_item_001_C,T1_attached_accessory,cat_crown,10,C,direct_target,Direct target guidance,experiments/support_v3_2026-06-02/normalized_512/sources/cat_crown.png,outputs/pretty_matrix/cat_crown/direct_target/seed_10/result.png,/cluster/users/grad/2025/25t8103/project/outputs/pretty_matrix/cat_crown/direct_target/seed_10/result.png,direct_target,canonical method directory,aligned,rater_01/images/item_001_C.png
rater_01,item_001,rater_01_item_001_D,T1_attached_accessory,cat_crown,10,D,adaptive_full_generic_support,Generic support control,experiments/support_v3_2026-06-02/normalized_512/sources/cat_crown.png,outputs/pretty_matrix/cat_crown/adaptive_full_generic_support/seed_10/result.png,/cluster/users/grad/2025/25t8103/project/outputs/pretty_matrix/cat_crown/adaptive_full_generic_support/seed_10/result.png,adaptive_full_generic_support,canonical method directory,aligned,rater_01/images/item_001_D.png
rater_01,item_002,rater_01_item_002_A,T1_attached_accessory,cat_crown,11,A,support_v3_controller_rmsgap,CleanEdit,experiments/support_v3_2026-06-02/normalized_512/sources/cat_crown.png,outputs/pretty_matrix/cat_crown/support_v3_controller_rmsgap_t1t4_3seed_20260609/seed_11/result.png,/cluster/users/grad/2025/25t8103/project/outputs/pretty_matrix/cat_crown/support_v3_controller_rmsgap/seed_11/result.png,support_v3_controller_rmsgap_t1t4_3seed_20260609,formal T1-T4 three-seed CleanEdit rerun,needs_metric_refresh,rater_01/images/item_002_A.png
rater_01,item_002,rater_01_item_002_B,T1_attached_accessory,cat_crown,11,B,base_only,RF reconstruction / base reconstruction,experiments/support_v3_2026-06-02/normalized_512/sources/cat_crown.png,outputs/pretty_matrix/cat_crown/base_only/seed_11/result.png,/cluster/users/grad/2025/25t8103/project/outputs/pretty_matrix/cat_crown/base_only/seed_11/result.png,base_only,canonical method directory,aligned,rater_01/images/item_002_B.png
rater_01,item_002,rater_01_item_002_C,T1_attached_accessory,cat_crown,11,C,adaptive_full_generic_support,Generic support control,experiments/support_v3_2026-06-02/normalized_512/sources/cat_crown.png,outputs/pretty_matrix/cat_crown/adaptive_full_generic_support/seed_11/result.png,/cluster/users/grad/2025/25t8103/project/outputs/pretty_matrix/cat_crown/adaptive_full_generic_support/seed_11/result.png,adaptive_full_generic_support,canonical method directory,aligned,rater_01/images/item_002_C.png
rater_01,item_002,rater_01_item_002_D,T1_attached_accessory,cat_crown,11,D,direct_target,Direct target guidance,experiments/support_v3_2026-06-02/normalized_512/sources/cat_crown.png,outputs/pretty_matrix/cat_crown/direct_target/seed_11/result.png,/cluster/users/grad/2025/25t8103/project/outputs/pretty_matrix/cat_crown/direct_target/seed_11/result.png,direct_target,canonical method directory,aligned,rater_01/images/item_002_D.png
rater_01,item_003,rater_01_item_003_A,T1_attached_accessory,cat_crown,12,A,direct_target,Direct target guidance,experiments/support_v3_2026-06-02/normalized_512/sources/cat_crown.png,outputs/pretty_matrix/cat_crown/direct_target/seed_12/result.png,/cluster/users/grad/2025/25t8103/project/outputs/pretty_matrix/cat_crown/direct_target/seed_12/result.png,direct_target,canonical method directory,aligned,rater_01/images/item_003_A.png
rater_01,item_003,rater_01_item_003_B,T1_attached_accessory,cat_crown,12,B,adaptive_full_generic_support,Generic support control,experiments/support_v3_2026-06-02/normalized_512/sources/cat_crown.png,outputs/pretty_matrix/cat_crown/adaptive_full_generic_support/seed_12/result.png,/cluster/users/grad/2025/25t8103/project/outputs/pretty_matrix/cat_crown/adaptive_full_generic_support/seed_12/result.png,adaptive_full_generic_support,canonical method directory,aligned,rater_01/images/item_003_B.png
rater_01,item_003,rater_01_item_003_C,T1_attached_accessory,cat_crown,12,C,support_v3_controller_rmsgap,CleanEdit,experiments/support_v3_2026-06-02/normalized_512/sources/cat_crown.png,outputs/pretty_matrix/cat_crown/support_v3_controller_rmsgap_t1t4_3seed_20260609/seed_12/result.png,/cluster/users/grad/2025/25t8103/project/outputs/pretty_matrix/cat_crown/support_v3_controller_rmsgap/seed_12/result.png,support_v3_controller_rmsgap_t1t4_3seed_20260609,formal T1-T4 three-seed CleanEdit rerun,needs_metric_refresh,rater_01/images/item_003_C.png
rater_01,item_003,rater_01_item_003_D,T1_attached_accessory,cat_crown,12,D,base_only,RF reconstruction / base reconstruction,experiments/support_v3_2026-06-02/normalized_512/sources/cat_crown.png,outputs/pretty_matrix/cat_crown/base_only/seed_12/result.png,/cluster/users/grad/2025/25t8103/project/outputs/pretty_matrix/cat_crown/base_only/seed_12/result.png,base_only,canonical method directory,aligned,rater_01/images/item_003_D.png
rater_01,item_004,rater_01_item_004_A,T1_attached_accessory,dog_bow_tie_phase2,10,A,direct_target,Direct target guidance,experiments/support_v3_2026-06-02/normalized_512/sources/dog_bow_tie_phase2.png,outputs/pretty_matrix/dog_bow_tie_phase2/direct_target/seed_10/result.png,/cluster/users/grad/2025/25t8103/project/outputs/pretty_matrix/dog_bow_tie_phase2/direct_target/seed_10/result.png,direct_target,canonical method directory,aligned,rater_01/images/item_004_A.png
rater_01,item_004,rater_01_item_004_B,T1_attached_accessory,dog_bow_tie_phase2,10,B,adaptive_full_generic_support,Generic support control,experiments/support_v3_2026-06-02/normalized_512/sources/dog_bow_tie_phase2.png,outputs/pretty_matrix/dog_bow_tie_phase2/adaptive_full_generic_support/seed_10/result.png,/cluster/users/grad/2025/25t8103/project/outputs/pretty_matrix/dog_bow_tie_phase2/adaptive_full_generic_support/seed_10/result.png,adaptive_full_generic_support,canonical method directory,aligned,rater_01/images/item_004_B.png
rater_01,item_004,rater_01_item_004_C,T1_attached_accessory,dog_bow_tie_phase2,10,C,base_only,RF reconstruction / base reconstruction,experiments/support_v3_2026-06-02/normalized_512/sources/dog_bow_tie_phase2.png,outputs/pretty_matrix/dog_bow_tie_phase2/base_only/seed_10/result.png,/cluster/users/grad/2025/25t8103/project/outputs/pretty_matrix/dog_bow_tie_phase2/base_only/seed_10/result.png,base_only,canonical method directory,aligned,rater_01/images/item_004_C.png
rater_01,item_004,rater_01_item_004_D,T1_attached_accessory,dog_bow_tie_phase2,10,D,support_v3_controller_rmsgap,CleanEdit,experiments/support_v3_2026-06-02/normalized_512/sources/dog_bow_tie_phase2.png,outputs/pretty_matrix/dog_bow_tie_phase2/support_v3_controller_rmsgap_t1t4_3seed_20260609/seed_10/result.png,/cluster/users/grad/2025/25t8103/project/outputs/pretty_matrix/dog_bow_tie_phase2/support_v3_controller_rmsgap/seed_10/result.png,support_v3_controller_rmsgap_t1t4_3seed_20260609,formal T1-T4 three-seed CleanEdit rerun,needs_metric_refresh,rater_01/images/item_004_D.png
rater_01,item_005,rater_01_item_005_A,T1_attached_accessory,dog_bow_tie_phase2,11,A,base_only,RF reconstruction / base reconstruction,experiments/support_v3_2026-06-02/normalized_512/sources/dog_bow_tie_phase2.png,outputs/pretty_matrix/dog_bow_tie_phase2/base_only/seed_11/result.png,/cluster/users/grad/2025/25t8103/project/outputs/pretty_matrix/dog_bow_tie_phase2/base_only/seed_11/result.png,base_only,canonical method directory,aligned,rater_01/images/item_005_A.png
rater_01,item_005,rater_01_item_005_B,T1_attached_accessory,dog_bow_tie_phase2,11,B,adaptive_full_generic_support,Generic support control,experiments/support_v3_2026-06-02/normalized_512/sources/dog_bow_tie_phase2.png,outputs/pretty_matrix/dog_bow_tie_phase2/adaptive_full_generic_support/seed_11/result.png,/cluster/users/grad/2025/25t8103/project/outputs/pretty_matrix/dog_bow_tie_phase2/adaptive_full_generic_support/seed_11/result.png,adaptive_full_generic_support,canonical method directory,aligned,rater_01/images/item_005_B.png
rater_01,item_005,rater_01_item_005_C,T1_attached_accessory,dog_bow_tie_phase2,11,C,direct_target,Direct target guidance,experiments/support_v3_2026-06-02/normalized_512/sources/dog_bow_tie_phase2.png,outputs/pretty_matrix/dog_bow_tie_phase2/direct_target/seed_11/result.png,/cluster/users/grad/2025/25t8103/project/outputs/pretty_matrix/dog_bow_tie_phase2/direct_target/seed_11/result.png,direct_target,canonical method directory,aligned,rater_01/images/item_005_C.png
rater_01,item_005,rater_01_item_005_D,T1_attached_accessory,dog_bow_tie_phase2,11,D,support_v3_controller_rmsgap,CleanEdit,experiments/support_v3_2026-06-02/normalized_512/sources/dog_bow_tie_phase2.png,outputs/pretty_matrix/dog_bow_tie_phase2/support_v3_controller_rmsgap_t1t4_3seed_20260609/seed_11/result.png,/cluster/users/grad/2025/25t8103/project/outputs/pretty_matrix/dog_bow_tie_phase2/support_v3_controller_rmsgap/seed_11/result.png,support_v3_controller_rmsgap_t1t4_3seed_20260609,formal T1-T4 three-seed CleanEdit rerun,needs_metric_refresh,rater_01/images/item_005_D.png
rater_01,item_006,rater_01_item_006_A,T1_attached_accessory,dog_bow_tie_phase2,12,A,base_only,RF reconstruction / base reconstruction,experiments/support_v3_2026-06-02/normalized_512/sources/dog_bow_tie_phase2.png,outputs/pretty_matrix/dog_bow_tie_phase2/base_only/seed_12/result.png,/cluster/users/grad/2025/25t8103/project/outputs/pretty_matrix/dog_bow_tie_phase2/base_only/seed_12/result.png,base_only,canonical method directory,aligned,rater_01/images/item_006_A.png
rater_01,item_006,rater_01_item_006_B,T1_attached_accessory,dog_bow_tie_phase2,12,B,direct_target,Direct target guidance,experiments/support_v3_2026-06-02/normalized_512/sources/dog_bow_tie_phase2.png,outputs/pretty_matrix/dog_bow_tie_phase2/direct_target/seed_12/result.png,/cluster/users/grad/2025/25t8103/project/outputs/pretty_matrix/dog_bow_tie_phase2/direct_target/seed_12/result.png,direct_target,canonical method directory,aligned,rater_01/images/item_006_B.png
rater_01,item_006,rater_01_item_006_C,T1_attached_accessory,dog_bow_tie_phase2,12,C,support_v3_controller_rmsgap,CleanEdit,experiments/support_v3_2026-06-02/normalized_512/sources/dog_bow_tie_phase2.png,outputs/pretty_matrix/dog_bow_tie_phase2/support_v3_controller_rmsgap_t1t4_3seed_20260609/seed_12/result.png,/cluster/users/grad/2025/25t8103/project/outputs/pretty_matrix/dog_bow_tie_phase2/support_v3_controller_rmsgap/seed_12/result.png,support_v3_controller_rmsgap_t1t4_3seed_20260609,formal T1-T4 three-seed CleanEdit rerun,needs_metric_refresh,rater_01/images/item_006_C.png
rater_01,item_006,rater_01_item_006_D,T1_attached_accessory,dog_bow_tie_phase2,12,D,adaptive_full_generic_support,Generic support control,experiments/support_v3_2026-06-02/normalized_512/sources/dog_bow_tie_phase2.png,outputs/pretty_matrix/dog_bow_tie_phase2/adaptive_full_generic_support/seed_12/result.png,/cluster/users/grad/2025/25t8103/project/outputs/pretty_matrix/dog_bow_tie_phase2/adaptive_full_generic_support/seed_12/result.png,adaptive_full_generic_support,canonical method directory,aligned,rater_01/images/item_006_D.png
rater_01,item_007,rater_01_item_007_A,T1_attached_accessory,dog_front_sunglasses_phase2,10,A,direct_target,Direct target guidance,experiments/support_v3_2026-06-02/normalized_512/sources/dog_front_sunglasses_phase2.png,outputs/pretty_matrix/dog_front_sunglasses_phase2/direct_target/seed_10/result.png,/cluster/users/grad/2025/25t8103/project/outputs/pretty_matrix/dog_front_sunglasses_phase2/direct_target/seed_10/result.png,direct_target,canonical method directory,aligned,rater_01/images/item_007_A.png
rater_01,item_007,rater_01_item_007_B,T1_attached_accessory,dog_front_sunglasses_phase2,10,B,adaptive_full_generic_support,Generic support control,experiments/support_v3_2026-06-02/normalized_512/sources/dog_front_sunglasses_phase2.png,outputs/pretty_matrix/dog_front_sunglasses_phase2/adaptive_full_generic_support/seed_10/result.png,/cluster/users/grad/2025/25t8103/project/outputs/pretty_matrix/dog_front_sunglasses_phase2/adaptive_full_generic_support/seed_10/result.png,adaptive_full_generic_support,canonical method directory,aligned,rater_01/images/item_007_B.png
rater_01,item_007,rater_01_item_007_C,T1_attached_accessory,dog_front_sunglasses_phase2,10,C,base_only,RF reconstruction / base reconstruction,experiments/support_v3_2026-06-02/normalized_512/sources/dog_front_sunglasses_phase2.png,outputs/pretty_matrix/dog_front_sunglasses_phase2/base_only/seed_10/result.png,/cluster/users/grad/2025/25t8103/project/outputs/pretty_matrix/dog_front_sunglasses_phase2/base_only/seed_10/result.png,base_only,canonical method directory,aligned,rater_01/images/item_007_C.png
rater_01,item_007,rater_01_item_007_D,T1_attached_accessory,dog_front_sunglasses_phase2,10,D,support_v3_controller_rmsgap,CleanEdit,experiments/support_v3_2026-06-02/normalized_512/sources/dog_front_sunglasses_phase2.png,outputs/pretty_matrix/dog_front_sunglasses_phase2/support_v3_controller_rmsgap_t1t4_3seed_20260609/seed_10/result.png,/cluster/users/grad/2025/25t8103/project/outputs/pretty_matrix/dog_front_sunglasses_phase2/support_v3_controller_rmsgap/seed_10/result.png,support_v3_controller_rmsgap_t1t4_3seed_20260609,formal T1-T4 three-seed CleanEdit rerun,needs_metric_refresh,rater_01/images/item_007_D.png
rater_01,item_008,rater_01_item_008_A,T1_attached_accessory,dog_front_sunglasses_phase2,11,A,adaptive_full_generic_support,Generic support control,experiments/support_v3_2026-06-02/normalized_512/sources/dog_front_sunglasses_phase2.png,outputs/pretty_matrix/dog_front_sunglasses_phase2/adaptive_full_generic_support/seed_11/result.png,/cluster/users/grad/2025/25t8103/project/outputs/pretty_matrix/dog_front_sunglasses_phase2/adaptive_full_generic_support/seed_11/result.png,adaptive_full_generic_support,canonical method directory,aligned,rater_01/images/item_008_A.png
rater_01,item_008,rater_01_item_008_B,T1_attached_accessory,dog_front_sunglasses_phase2,11,B,base_only,RF reconstruction / base reconstruction,experiments/support_v3_2026-06-02/normalized_512/sources/dog_front_sunglasses_phase2.png,outputs/pretty_matrix/dog_front_sunglasses_phase2/base_only/seed_11/result.png,/cluster/users/grad/2025/25t8103/project/outputs/pretty_matrix/dog_front_sunglasses_phase2/base_only/seed_11/result.png,base_only,canonical method directory,aligned,rater_01/images/item_008_B.png
rater_01,item_008,rater_01_item_008_C,T1_attached_accessory,dog_front_sunglasses_phase2,11,C,support_v3_controller_rmsgap,CleanEdit,experiments/support_v3_2026-06-02/normalized_512/sources/dog_front_sunglasses_phase2.png,outputs/pretty_matrix/dog_front_sunglasses_phase2/support_v3_controller_rmsgap_t1t4_3seed_20260609/seed_11/result.png,/cluster/users/grad/2025/25t8103/project/outputs/pretty_matrix/dog_front_sunglasses_phase2/support_v3_controller_rmsgap/seed_11/result.png,support_v3_controller_rmsgap_t1t4_3seed_20260609,formal T1-T4 three-seed CleanEdit rerun,needs_metric_refresh,rater_01/images/item_008_C.png
rater_01,item_008,rater_01_item_008_D,T1_attached_accessory,dog_front_sunglasses_phase2,11,D,direct_target,Direct target guidance,experiments/support_v3_2026-06-02/normalized_512/sources/dog_front_sunglasses_phase2.png,outputs/pretty_matrix/dog_front_sunglasses_phase2/direct_target/seed_11/result.png,/cluster/users/grad/2025/25t8103/project/outputs/pretty_matrix/dog_front_sunglasses_phase2/direct_target/seed_11/result.png,direct_target,canonical method directory,aligned,rater_01/images/item_008_D.png
rater_01,item_009,rater_01_item_009_A,T1_attached_accessory,dog_front_sunglasses_phase2,12,A,adaptive_full_generic_support,Generic support control,experiments/support_v3_2026-06-02/normalized_512/sources/dog_front_sunglasses_phase2.png,outputs/pretty_matrix/dog_front_sunglasses_phase2/adaptive_full_generic_support/seed_12/result.png,/cluster/users/grad/2025/25t8103/project/outputs/pretty_matrix/dog_front_sunglasses_phase2/adaptive_full_generic_support/seed_12/result.png,adaptive_full_generic_support,canonical method directory,aligned,rater_01/images/item_009_A.png
rater_01,item_009,rater_01_item_009_B,T1_attached_accessory,dog_front_sunglasses_phase2,12,B,base_only,RF reconstruction / base reconstruction,experiments/support_v3_2026-06-02/normalized_512/sources/dog_front_sunglasses_phase2.png,outputs/pretty_matrix/dog_front_sunglasses_phase2/base_only/seed_12/result.png,/cluster/users/grad/2025/25t8103/project/outputs/pretty_matrix/dog_front_sunglasses_phase2/base_only/seed_12/result.png,base_only,canonical method directory,aligned,rater_01/images/item_009_B.png
rater_01,item_009,rater_01_item_009_C,T1_attached_accessory,dog_front_sunglasses_phase2,12,C,direct_target,Direct target guidance,experiments/support_v3_2026-06-02/normalized_512/sources/dog_front_sunglasses_phase2.png,outputs/pretty_matrix/dog_front_sunglasses_phase2/direct_target/seed_12/result.png,/cluster/users/grad/2025/25t8103/project/outputs/pretty_matrix/dog_front_sunglasses_phase2/direct_target/seed_12/result.png,direct_target,canonical method directory,aligned,rater_01/images/item_009_C.png
rater_01,item_009,rater_01_item_009_D,T1_attached_accessory,dog_front_sunglasses_phase2,12,D,support_v3_controller_rmsgap,CleanEdit,experiments/support_v3_2026-06-02/normalized_512/sources/dog_front_sunglasses_phase2.png,outputs/pretty_matrix/dog_front_sunglasses_phase2/support_v3_controller_rmsgap_t1t4_3seed_20260609/seed_12/result.png,/cluster/users/grad/2025/25t8103/project/outputs/pretty_matrix/dog_front_sunglasses_phase2/support_v3_controller_rmsgap/seed_12/result.png,support_v3_controller_rmsgap_t1t4_3seed_20260609,formal T1-T4 three-seed CleanEdit rerun,needs_metric_refresh,rater_01/images/item_009_D.png
rater_01,item_010,rater_01_item_010_A,T2_container_insertion,bowl_apple_inside,10,A,adaptive_full_generic_support,Generic support control,experiments/support_v3_2026-06-02/normalized_512/sources/bowl_apple_inside.png,outputs/pretty_matrix/bowl_apple_inside/adaptive_full_generic_support/seed_10/result.png,/cluster/users/grad/2025/25t8103/project/outputs/pretty_matrix/bowl_apple_inside/adaptive_full_generic_support/seed_10/result.png,adaptive_full_generic_support,canonical method directory,aligned,rater_01/images/item_010_A.png
rater_01,item_010,rater_01_item_010_B,T2_container_insertion,bowl_apple_inside,10,B,support_v3_controller_rmsgap,CleanEdit,experiments/support_v3_2026-06-02/normalized_512/sources/bowl_apple_inside.png,outputs/pretty_matrix/bowl_apple_inside/support_v3_controller_rmsgap_t1t4_3seed_20260609/seed_10/result.png,/cluster/users/grad/2025/25t8103/project/outputs/pretty_matrix/bowl_apple_inside/support_v3_controller_rmsgap/seed_10/result.png,support_v3_controller_rmsgap_t1t4_3seed_20260609,formal T1-T4 three-seed CleanEdit rerun,needs_metric_refresh,rater_01/images/item_010_B.png
rater_01,item_010,rater_01_item_010_C,T2_container_insertion,bowl_apple_inside,10,C,base_only,RF reconstruction / base reconstruction,experiments/support_v3_2026-06-02/normalized_512/sources/bowl_apple_inside.png,outputs/pretty_matrix/bowl_apple_inside/base_only/seed_10/result.png,/cluster/users/grad/2025/25t8103/project/outputs/pretty_matrix/bowl_apple_inside/base_only/seed_10/result.png,base_only,canonical method directory,aligned,rater_01/images/item_010_C.png
rater_01,item_010,rater_01_item_010_D,T2_container_insertion,bowl_apple_inside,10,D,direct_target,Direct target guidance,experiments/support_v3_2026-06-02/normalized_512/sources/bowl_apple_inside.png,outputs/pretty_matrix/bowl_apple_inside/direct_target/seed_10/result.png,/cluster/users/grad/2025/25t8103/project/outputs/pretty_matrix/bowl_apple_inside/direct_target/seed_10/result.png,direct_target,canonical method directory,aligned,rater_01/images/item_010_D.png
rater_01,item_011,rater_01_item_011_A,T2_container_insertion,bowl_apple_inside,11,A,adaptive_full_generic_support,Generic support control,experiments/support_v3_2026-06-02/normalized_512/sources/bowl_apple_inside.png,outputs/pretty_matrix/bowl_apple_inside/adaptive_full_generic_support/seed_11/result.png,/cluster/users/grad/2025/25t8103/project/outputs/pretty_matrix/bowl_apple_inside/adaptive_full_generic_support/seed_11/result.png,adaptive_full_generic_support,canonical method directory,aligned,rater_01/images/item_011_A.png
rater_01,item_011,rater_01_item_011_B,T2_container_insertion,bowl_apple_inside,11,B,base_only,RF reconstruction / base reconstruction,experiments/support_v3_2026-06-02/normalized_512/sources/bowl_apple_inside.png,outputs/pretty_matrix/bowl_apple_inside/base_only/seed_11/result.png,/cluster/users/grad/2025/25t8103/project/outputs/pretty_matrix/bowl_apple_inside/base_only/seed_11/result.png,base_only,canonical method directory,aligned,rater_01/images/item_011_B.png
rater_01,item_011,rater_01_item_011_C,T2_container_insertion,bowl_apple_inside,11,C,support_v3_controller_rmsgap,CleanEdit,experiments/support_v3_2026-06-02/normalized_512/sources/bowl_apple_inside.png,outputs/pretty_matrix/bowl_apple_inside/support_v3_controller_rmsgap_t1t4_3seed_20260609/seed_11/result.png,/cluster/users/grad/2025/25t8103/project/outputs/pretty_matrix/bowl_apple_inside/support_v3_controller_rmsgap/seed_11/result.png,support_v3_controller_rmsgap_t1t4_3seed_20260609,formal T1-T4 three-seed CleanEdit rerun,needs_metric_refresh,rater_01/images/item_011_C.png
rater_01,item_011,rater_01_item_011_D,T2_container_insertion,bowl_apple_inside,11,D,direct_target,Direct target guidance,experiments/support_v3_2026-06-02/normalized_512/sources/bowl_apple_inside.png,outputs/pretty_matrix/bowl_apple_inside/direct_target/seed_11/result.png,/cluster/users/grad/2025/25t8103/project/outputs/pretty_matrix/bowl_apple_inside/direct_target/seed_11/result.png,direct_target,canonical method directory,aligned,rater_01/images/item_011_D.png
rater_01,item_012,rater_01_item_012_A,T2_container_insertion,bowl_apple_inside,12,A,adaptive_full_generic_support,Generic support control,experiments/support_v3_2026-06-02/normalized_512/sources/bowl_apple_inside.png,outputs/pretty_matrix/bowl_apple_inside/adaptive_full_generic_support/seed_12/result.png,/cluster/users/grad/2025/25t8103/project/outputs/pretty_matrix/bowl_apple_inside/adaptive_full_generic_support/seed_12/result.png,adaptive_full_generic_support,canonical method directory,aligned,rater_01/images/item_012_A.png
rater_01,item_012,rater_01_item_012_B,T2_container_insertion,bowl_apple_inside,12,B,support_v3_controller_rmsgap,CleanEdit,experiments/support_v3_2026-06-02/normalized_512/sources/bowl_apple_inside.png,outputs/pretty_matrix/bowl_apple_inside/support_v3_controller_rmsgap_t1t4_3seed_20260609/seed_12/result.png,/cluster/users/grad/2025/25t8103/project/outputs/pretty_matrix/bowl_apple_inside/support_v3_controller_rmsgap/seed_12/result.png,support_v3_controller_rmsgap_t1t4_3seed_20260609,formal T1-T4 three-seed CleanEdit rerun,needs_metric_refresh,rater_01/images/item_012_B.png
rater_01,item_012,rater_01_item_012_C,T2_container_insertion,bowl_apple_inside,12,C,direct_target,Direct target guidance,experiments/support_v3_2026-06-02/normalized_512/sources/bowl_apple_inside.png,outputs/pretty_matrix/bowl_apple_inside/direct_target/seed_12/result.png,/cluster/users/grad/2025/25t8103/project/outputs/pretty_matrix/bowl_apple_inside/direct_target/seed_12/result.png,direct_target,canonical method directory,aligned,rater_01/images/item_012_C.png
rater_01,item_012,rater_01_item_012_D,T2_container_insertion,bowl_apple_inside,12,D,base_only,RF reconstruction / base reconstruction,experiments/support_v3_2026-06-02/normalized_512/sources/bowl_apple_inside.png,outputs/pretty_matrix/bowl_apple_inside/base_only/seed_12/result.png,/cluster/users/grad/2025/25t8103/project/outputs/pretty_matrix/bowl_apple_inside/base_only/seed_12/result.png,base_only,canonical method directory,aligned,rater_01/images/item_012_D.png
rater_01,item_013,rater_01_item_013_A,T2_container_insertion,white_bowl_orange_tabletop_phase2,10,A,support_v3_controller_rmsgap,CleanEdit,experiments/support_v3_2026-06-02/normalized_512/sources/white_bowl_orange_tabletop_phase2.png,outputs/pretty_matrix/white_bowl_orange_tabletop_phase2/support_v3_controller_rmsgap_failed3_fix6_20260609/seed_10/result.png,/cluster/users/grad/2025/25t8103/project/outputs/pretty_matrix/white_bowl_orange_tabletop_phase2/support_v3_controller_rmsgap/seed_10/result.png,support_v3_controller_rmsgap_failed3_fix6_20260609,selected repaired CleanEdit run with visible orange; plain seed 12 is a weak earlier run,needs_metric_refresh,rater_01/images/item_013_A.png
rater_01,item_013,rater_01_item_013_B,T2_container_insertion,white_bowl_orange_tabletop_phase2,10,B,adaptive_full_generic_support,Generic support control,experiments/support_v3_2026-06-02/normalized_512/sources/white_bowl_orange_tabletop_phase2.png,outputs/pretty_matrix/white_bowl_orange_tabletop_phase2/adaptive_full_generic_support/seed_10/result.png,/cluster/users/grad/2025/25t8103/project/outputs/pretty_matrix/white_bowl_orange_tabletop_phase2/adaptive_full_generic_support/seed_10/result.png,adaptive_full_generic_support,canonical method directory,aligned,rater_01/images/item_013_B.png
rater_01,item_013,rater_01_item_013_C,T2_container_insertion,white_bowl_orange_tabletop_phase2,10,C,base_only,RF reconstruction / base reconstruction,experiments/support_v3_2026-06-02/normalized_512/sources/white_bowl_orange_tabletop_phase2.png,outputs/pretty_matrix/white_bowl_orange_tabletop_phase2/base_only/seed_10/result.png,/cluster/users/grad/2025/25t8103/project/outputs/pretty_matrix/white_bowl_orange_tabletop_phase2/base_only/seed_10/result.png,base_only,canonical method directory,aligned,rater_01/images/item_013_C.png
rater_01,item_013,rater_01_item_013_D,T2_container_insertion,white_bowl_orange_tabletop_phase2,10,D,direct_target,Direct target guidance,experiments/support_v3_2026-06-02/normalized_512/sources/white_bowl_orange_tabletop_phase2.png,outputs/pretty_matrix/white_bowl_orange_tabletop_phase2/direct_target/seed_10/result.png,/cluster/users/grad/2025/25t8103/project/outputs/pretty_matrix/white_bowl_orange_tabletop_phase2/direct_target/seed_10/result.png,direct_target,canonical method directory,aligned,rater_01/images/item_013_D.png
rater_01,item_014,rater_01_item_014_A,T2_container_insertion,white_bowl_orange_tabletop_phase2,11,A,support_v3_controller_rmsgap,CleanEdit,experiments/support_v3_2026-06-02/normalized_512/sources/white_bowl_orange_tabletop_phase2.png,outputs/pretty_matrix/white_bowl_orange_tabletop_phase2/support_v3_controller_rmsgap_failed3_fix6_20260609/seed_11/result.png,/cluster/users/grad/2025/25t8103/project/outputs/pretty_matrix/white_bowl_orange_tabletop_phase2/support_v3_controller_rmsgap/seed_11/result.png,support_v3_controller_rmsgap_failed3_fix6_20260609,selected repaired CleanEdit run with visible orange; plain seed 12 is a weak earlier run,needs_metric_refresh,rater_01/images/item_014_A.png
rater_01,item_014,rater_01_item_014_B,T2_container_insertion,white_bowl_orange_tabletop_phase2,11,B,adaptive_full_generic_support,Generic support control,experiments/support_v3_2026-06-02/normalized_512/sources/white_bowl_orange_tabletop_phase2.png,outputs/pretty_matrix/white_bowl_orange_tabletop_phase2/adaptive_full_generic_support/seed_11/result.png,/cluster/users/grad/2025/25t8103/project/outputs/pretty_matrix/white_bowl_orange_tabletop_phase2/adaptive_full_generic_support/seed_11/result.png,adaptive_full_generic_support,canonical method directory,aligned,rater_01/images/item_014_B.png
rater_01,item_014,rater_01_item_014_C,T2_container_insertion,white_bowl_orange_tabletop_phase2,11,C,base_only,RF reconstruction / base reconstruction,experiments/support_v3_2026-06-02/normalized_512/sources/white_bowl_orange_tabletop_phase2.png,outputs/pretty_matrix/white_bowl_orange_tabletop_phase2/base_only/seed_11/result.png,/cluster/users/grad/2025/25t8103/project/outputs/pretty_matrix/white_bowl_orange_tabletop_phase2/base_only/seed_11/result.png,base_only,canonical method directory,aligned,rater_01/images/item_014_C.png
rater_01,item_014,rater_01_item_014_D,T2_container_insertion,white_bowl_orange_tabletop_phase2,11,D,direct_target,Direct target guidance,experiments/support_v3_2026-06-02/normalized_512/sources/white_bowl_orange_tabletop_phase2.png,outputs/pretty_matrix/white_bowl_orange_tabletop_phase2/direct_target/seed_11/result.png,/cluster/users/grad/2025/25t8103/project/outputs/pretty_matrix/white_bowl_orange_tabletop_phase2/direct_target/seed_11/result.png,direct_target,canonical method directory,aligned,rater_01/images/item_014_D.png
rater_01,item_015,rater_01_item_015_A,T2_container_insertion,white_bowl_orange_tabletop_phase2,12,A,support_v3_controller_rmsgap,CleanEdit,experiments/support_v3_2026-06-02/normalized_512/sources/white_bowl_orange_tabletop_phase2.png,outputs/pretty_matrix/white_bowl_orange_tabletop_phase2/support_v3_controller_rmsgap_failed3_fix6_20260609/seed_12/result.png,/cluster/users/grad/2025/25t8103/project/outputs/pretty_matrix/white_bowl_orange_tabletop_phase2/support_v3_controller_rmsgap/seed_12/result.png,support_v3_controller_rmsgap_failed3_fix6_20260609,selected repaired CleanEdit run with visible orange; plain seed 12 is a weak earlier run,needs_metric_refresh,rater_01/images/item_015_A.png
rater_01,item_015,rater_01_item_015_B,T2_container_insertion,white_bowl_orange_tabletop_phase2,12,B,base_only,RF reconstruction / base reconstruction,experiments/support_v3_2026-06-02/normalized_512/sources/white_bowl_orange_tabletop_phase2.png,outputs/pretty_matrix/white_bowl_orange_tabletop_phase2/base_only/seed_12/result.png,/cluster/users/grad/2025/25t8103/project/outputs/pretty_matrix/white_bowl_orange_tabletop_phase2/base_only/seed_12/result.png,base_only,canonical method directory,aligned,rater_01/images/item_015_B.png
rater_01,item_015,rater_01_item_015_C,T2_container_insertion,white_bowl_orange_tabletop_phase2,12,C,adaptive_full_generic_support,Generic support control,experiments/support_v3_2026-06-02/normalized_512/sources/white_bowl_orange_tabletop_phase2.png,outputs/pretty_matrix/white_bowl_orange_tabletop_phase2/adaptive_full_generic_support/seed_12/result.png,/cluster/users/grad/2025/25t8103/project/outputs/pretty_matrix/white_bowl_orange_tabletop_phase2/adaptive_full_generic_support/seed_12/result.png,adaptive_full_generic_support,canonical method directory,aligned,rater_01/images/item_015_C.png
rater_01,item_015,rater_01_item_015_D,T2_container_insertion,white_bowl_orange_tabletop_phase2,12,D,direct_target,Direct target guidance,experiments/support_v3_2026-06-02/normalized_512/sources/white_bowl_orange_tabletop_phase2.png,outputs/pretty_matrix/white_bowl_orange_tabletop_phase2/direct_target/seed_12/result.png,/cluster/users/grad/2025/25t8103/project/outputs/pretty_matrix/white_bowl_orange_tabletop_phase2/direct_target/seed_12/result.png,direct_target,canonical method directory,aligned,rater_01/images/item_015_D.png
rater_01,item_016,rater_01_item_016_A,T2_container_insertion,brown_bowl_lemon_phase2,10,A,adaptive_full_generic_support,Generic support control,experiments/support_v3_2026-06-02/normalized_512/sources/brown_bowl_lemon_phase2.png,outputs/pretty_matrix/brown_bowl_lemon_phase2/adaptive_full_generic_support/seed_10/result.png,/cluster/users/grad/2025/25t8103/project/outputs/pretty_matrix/brown_bowl_lemon_phase2/adaptive_full_generic_support/seed_10/result.png,adaptive_full_generic_support,canonical method directory,aligned,rater_01/images/item_016_A.png
rater_01,item_016,rater_01_item_016_B,T2_container_insertion,brown_bowl_lemon_phase2,10,B,support_v3_controller_rmsgap,CleanEdit,experiments/support_v3_2026-06-02/normalized_512/sources/brown_bowl_lemon_phase2.png,outputs/pretty_matrix/brown_bowl_lemon_phase2/support_v3_controller_rmsgap_t1t4_3seed_20260609/seed_10/result.png,/cluster/users/grad/2025/25t8103/project/outputs/pretty_matrix/brown_bowl_lemon_phase2/support_v3_controller_rmsgap/seed_10/result.png,support_v3_controller_rmsgap_t1t4_3seed_20260609,formal T1-T4 three-seed CleanEdit rerun,needs_metric_refresh,rater_01/images/item_016_B.png
rater_01,item_016,rater_01_item_016_C,T2_container_insertion,brown_bowl_lemon_phase2,10,C,direct_target,Direct target guidance,experiments/support_v3_2026-06-02/normalized_512/sources/brown_bowl_lemon_phase2.png,outputs/pretty_matrix/brown_bowl_lemon_phase2/direct_target/seed_10/result.png,/cluster/users/grad/2025/25t8103/project/outputs/pretty_matrix/brown_bowl_lemon_phase2/direct_target/seed_10/result.png,direct_target,canonical method directory,aligned,rater_01/images/item_016_C.png
rater_01,item_016,rater_01_item_016_D,T2_container_insertion,brown_bowl_lemon_phase2,10,D,base_only,RF reconstruction / base reconstruction,experiments/support_v3_2026-06-02/normalized_512/sources/brown_bowl_lemon_phase2.png,outputs/pretty_matrix/brown_bowl_lemon_phase2/base_only/seed_10/result.png,/cluster/users/grad/2025/25t8103/project/outputs/pretty_matrix/brown_bowl_lemon_phase2/base_only/seed_10/result.png,base_only,canonical method directory,aligned,rater_01/images/item_016_D.png
rater_01,item_017,rater_01_item_017_A,T2_container_insertion,brown_bowl_lemon_phase2,11,A,adaptive_full_generic_support,Generic support control,experiments/support_v3_2026-06-02/normalized_512/sources/brown_bowl_lemon_phase2.png,outputs/pretty_matrix/brown_bowl_lemon_phase2/adaptive_full_generic_support/seed_11/result.png,/cluster/users/grad/2025/25t8103/project/outputs/pretty_matrix/brown_bowl_lemon_phase2/adaptive_full_generic_support/seed_11/result.png,adaptive_full_generic_support,canonical method directory,aligned,rater_01/images/item_017_A.png
rater_01,item_017,rater_01_item_017_B,T2_container_insertion,brown_bowl_lemon_phase2,11,B,support_v3_controller_rmsgap,CleanEdit,experiments/support_v3_2026-06-02/normalized_512/sources/brown_bowl_lemon_phase2.png,outputs/pretty_matrix/brown_bowl_lemon_phase2/support_v3_controller_rmsgap_t1t4_3seed_20260609/seed_11/result.png,/cluster/users/grad/2025/25t8103/project/outputs/pretty_matrix/brown_bowl_lemon_phase2/support_v3_controller_rmsgap/seed_11/result.png,support_v3_controller_rmsgap_t1t4_3seed_20260609,formal T1-T4 three-seed CleanEdit rerun,needs_metric_refresh,rater_01/images/item_017_B.png
rater_01,item_017,rater_01_item_017_C,T2_container_insertion,brown_bowl_lemon_phase2,11,C,base_only,RF reconstruction / base reconstruction,experiments/support_v3_2026-06-02/normalized_512/sources/brown_bowl_lemon_phase2.png,outputs/pretty_matrix/brown_bowl_lemon_phase2/base_only/seed_11/result.png,/cluster/users/grad/2025/25t8103/project/outputs/pretty_matrix/brown_bowl_lemon_phase2/base_only/seed_11/result.png,base_only,canonical method directory,aligned,rater_01/images/item_017_C.png
rater_01,item_017,rater_01_item_017_D,T2_container_insertion,brown_bowl_lemon_phase2,11,D,direct_target,Direct target guidance,experiments/support_v3_2026-06-02/normalized_512/sources/brown_bowl_lemon_phase2.png,outputs/pretty_matrix/brown_bowl_lemon_phase2/direct_target/seed_11/result.png,/cluster/users/grad/2025/25t8103/project/outputs/pretty_matrix/brown_bowl_lemon_phase2/direct_target/seed_11/result.png,direct_target,canonical method directory,aligned,rater_01/images/item_017_D.png
rater_01,item_018,rater_01_item_018_A,T2_container_insertion,brown_bowl_lemon_phase2,12,A,base_only,RF reconstruction / base reconstruction,experiments/support_v3_2026-06-02/normalized_512/sources/brown_bowl_lemon_phase2.png,outputs/pretty_matrix/brown_bowl_lemon_phase2/base_only/seed_12/result.png,/cluster/users/grad/2025/25t8103/project/outputs/pretty_matrix/brown_bowl_lemon_phase2/base_only/seed_12/result.png,base_only,canonical method directory,aligned,rater_01/images/item_018_A.png
rater_01,item_018,rater_01_item_018_B,T2_container_insertion,brown_bowl_lemon_phase2,12,B,direct_target,Direct target guidance,experiments/support_v3_2026-06-02/normalized_512/sources/brown_bowl_lemon_phase2.png,outputs/pretty_matrix/brown_bowl_lemon_phase2/direct_target/seed_12/result.png,/cluster/users/grad/2025/25t8103/project/outputs/pretty_matrix/brown_bowl_lemon_phase2/direct_target/seed_12/result.png,direct_target,canonical method directory,aligned,rater_01/images/item_018_B.png
rater_01,item_018,rater_01_item_018_C,T2_container_insertion,brown_bowl_lemon_phase2,12,C,adaptive_full_generic_support,Generic support control,experiments/support_v3_2026-06-02/normalized_512/sources/brown_bowl_lemon_phase2.png,outputs/pretty_matrix/brown_bowl_lemon_phase2/adaptive_full_generic_support/seed_12/result.png,/cluster/users/grad/2025/25t8103/project/outputs/pretty_matrix/brown_bowl_lemon_phase2/adaptive_full_generic_support/seed_12/result.png,adaptive_full_generic_support,canonical method directory,aligned,rater_01/images/item_018_C.png
rater_01,item_018,rater_01_item_018_D,T2_container_insertion,brown_bowl_lemon_phase2,12,D,support_v3_controller_rmsgap,CleanEdit,experiments/support_v3_2026-06-02/normalized_512/sources/brown_bowl_lemon_phase2.png,outputs/pretty_matrix/brown_bowl_lemon_phase2/support_v3_controller_rmsgap_t1t4_3seed_20260609/seed_12/result.png,/cluster/users/grad/2025/25t8103/project/outputs/pretty_matrix/brown_bowl_lemon_phase2/support_v3_controller_rmsgap/seed_12/result.png,support_v3_controller_rmsgap_t1t4_3seed_20260609,formal T1-T4 three-seed CleanEdit rerun,needs_metric_refresh,rater_01/images/item_018_D.png
rater_01,item_019,rater_01_item_019_A,T3_surface_decal,tshirt_star,10,A,support_v3_controller_rmsgap,CleanEdit,experiments/support_v3_2026-06-02/normalized_512/sources/tshirt_star.png,outputs/pretty_matrix/tshirt_star/support_v3_controller_rmsgap/seed_10/result.png,/cluster/users/grad/2025/25t8103/project/outputs/pretty_matrix/tshirt_star/support_v3_controller_rmsgap/seed_10/result.png,support_v3_controller_rmsgap,selected natural-looking CleanEdit run: visible red star follows shirt lighting/folds; t1t4 rerun lost the star and fix3 looks overlaid,aligned,rater_01/images/item_019_A.png
rater_01,item_019,rater_01_item_019_B,T3_surface_decal,tshirt_star,10,B,adaptive_full_generic_support,Generic support control,experiments/support_v3_2026-06-02/normalized_512/sources/tshirt_star.png,outputs/pretty_matrix/tshirt_star/adaptive_full_generic_support/seed_10/result.png,/cluster/users/grad/2025/25t8103/project/outputs/pretty_matrix/tshirt_star/adaptive_full_generic_support/seed_10/result.png,adaptive_full_generic_support,canonical method directory,aligned,rater_01/images/item_019_B.png
rater_01,item_019,rater_01_item_019_C,T3_surface_decal,tshirt_star,10,C,base_only,RF reconstruction / base reconstruction,experiments/support_v3_2026-06-02/normalized_512/sources/tshirt_star.png,outputs/pretty_matrix/tshirt_star/base_only/seed_10/result.png,/cluster/users/grad/2025/25t8103/project/outputs/pretty_matrix/tshirt_star/base_only/seed_10/result.png,base_only,canonical method directory,aligned,rater_01/images/item_019_C.png
rater_01,item_019,rater_01_item_019_D,T3_surface_decal,tshirt_star,10,D,direct_target,Direct target guidance,experiments/support_v3_2026-06-02/normalized_512/sources/tshirt_star.png,outputs/pretty_matrix/tshirt_star/direct_target/seed_10/result.png,/cluster/users/grad/2025/25t8103/project/outputs/pretty_matrix/tshirt_star/direct_target/seed_10/result.png,direct_target,canonical method directory,aligned,rater_01/images/item_019_D.png
rater_01,item_020,rater_01_item_020_A,T3_surface_decal,tshirt_star,11,A,base_only,RF reconstruction / base reconstruction,experiments/support_v3_2026-06-02/normalized_512/sources/tshirt_star.png,outputs/pretty_matrix/tshirt_star/base_only/seed_11/result.png,/cluster/users/grad/2025/25t8103/project/outputs/pretty_matrix/tshirt_star/base_only/seed_11/result.png,base_only,canonical method directory,aligned,rater_01/images/item_020_A.png
rater_01,item_020,rater_01_item_020_B,T3_surface_decal,tshirt_star,11,B,adaptive_full_generic_support,Generic support control,experiments/support_v3_2026-06-02/normalized_512/sources/tshirt_star.png,outputs/pretty_matrix/tshirt_star/adaptive_full_generic_support/seed_11/result.png,/cluster/users/grad/2025/25t8103/project/outputs/pretty_matrix/tshirt_star/adaptive_full_generic_support/seed_11/result.png,adaptive_full_generic_support,canonical method directory,aligned,rater_01/images/item_020_B.png
rater_01,item_020,rater_01_item_020_C,T3_surface_decal,tshirt_star,11,C,direct_target,Direct target guidance,experiments/support_v3_2026-06-02/normalized_512/sources/tshirt_star.png,outputs/pretty_matrix/tshirt_star/direct_target/seed_11/result.png,/cluster/users/grad/2025/25t8103/project/outputs/pretty_matrix/tshirt_star/direct_target/seed_11/result.png,direct_target,canonical method directory,aligned,rater_01/images/item_020_C.png
rater_01,item_020,rater_01_item_020_D,T3_surface_decal,tshirt_star,11,D,support_v3_controller_rmsgap,CleanEdit,experiments/support_v3_2026-06-02/normalized_512/sources/tshirt_star.png,outputs/pretty_matrix/tshirt_star/support_v3_controller_rmsgap/seed_11/result.png,/cluster/users/grad/2025/25t8103/project/outputs/pretty_matrix/tshirt_star/support_v3_controller_rmsgap/seed_11/result.png,support_v3_controller_rmsgap,selected natural-looking CleanEdit run: visible red star follows shirt lighting/folds; t1t4 rerun lost the star and fix3 looks overlaid,aligned,rater_01/images/item_020_D.png
rater_01,item_021,rater_01_item_021_A,T3_surface_decal,tshirt_star,12,A,direct_target,Direct target guidance,experiments/support_v3_2026-06-02/normalized_512/sources/tshirt_star.png,outputs/pretty_matrix/tshirt_star/direct_target/seed_12/result.png,/cluster/users/grad/2025/25t8103/project/outputs/pretty_matrix/tshirt_star/direct_target/seed_12/result.png,direct_target,canonical method directory,aligned,rater_01/images/item_021_A.png
rater_01,item_021,rater_01_item_021_B,T3_surface_decal,tshirt_star,12,B,support_v3_controller_rmsgap,CleanEdit,experiments/support_v3_2026-06-02/normalized_512/sources/tshirt_star.png,outputs/pretty_matrix/tshirt_star/support_v3_controller_rmsgap/seed_12/result.png,/cluster/users/grad/2025/25t8103/project/outputs/pretty_matrix/tshirt_star/support_v3_controller_rmsgap/seed_12/result.png,support_v3_controller_rmsgap,selected natural-looking CleanEdit run: visible red star follows shirt lighting/folds; t1t4 rerun lost the star and fix3 looks overlaid,aligned,rater_01/images/item_021_B.png
rater_01,item_021,rater_01_item_021_C,T3_surface_decal,tshirt_star,12,C,adaptive_full_generic_support,Generic support control,experiments/support_v3_2026-06-02/normalized_512/sources/tshirt_star.png,outputs/pretty_matrix/tshirt_star/adaptive_full_generic_support/seed_12/result.png,/cluster/users/grad/2025/25t8103/project/outputs/pretty_matrix/tshirt_star/adaptive_full_generic_support/seed_12/result.png,adaptive_full_generic_support,canonical method directory,aligned,rater_01/images/item_021_C.png
rater_01,item_021,rater_01_item_021_D,T3_surface_decal,tshirt_star,12,D,base_only,RF reconstruction / base reconstruction,experiments/support_v3_2026-06-02/normalized_512/sources/tshirt_star.png,outputs/pretty_matrix/tshirt_star/base_only/seed_12/result.png,/cluster/users/grad/2025/25t8103/project/outputs/pretty_matrix/tshirt_star/base_only/seed_12/result.png,base_only,canonical method directory,aligned,rater_01/images/item_021_D.png
rater_01,item_022,rater_01_item_022_A,T3_surface_decal,mug_heart,10,A,base_only,RF reconstruction / base reconstruction,experiments/support_v3_2026-06-02/normalized_512/sources/mug_heart.png,outputs/pretty_matrix/mug_heart/base_only/seed_10/result.png,/cluster/users/grad/2025/25t8103/project/outputs/pretty_matrix/mug_heart/base_only/seed_10/result.png,base_only,canonical method directory,aligned,rater_01/images/item_022_A.png
rater_01,item_022,rater_01_item_022_B,T3_surface_decal,mug_heart,10,B,direct_target,Direct target guidance,experiments/support_v3_2026-06-02/normalized_512/sources/mug_heart.png,outputs/pretty_matrix/mug_heart/direct_target/seed_10/result.png,/cluster/users/grad/2025/25t8103/project/outputs/pretty_matrix/mug_heart/direct_target/seed_10/result.png,direct_target,canonical method directory,aligned,rater_01/images/item_022_B.png
rater_01,item_022,rater_01_item_022_C,T3_surface_decal,mug_heart,10,C,adaptive_full_generic_support,Generic support control,experiments/support_v3_2026-06-02/normalized_512/sources/mug_heart.png,outputs/pretty_matrix/mug_heart/adaptive_full_generic_support/seed_10/result.png,/cluster/users/grad/2025/25t8103/project/outputs/pretty_matrix/mug_heart/adaptive_full_generic_support/seed_10/result.png,adaptive_full_generic_support,canonical method directory,aligned,rater_01/images/item_022_C.png
rater_01,item_022,rater_01_item_022_D,T3_surface_decal,mug_heart,10,D,support_v3_controller_rmsgap,CleanEdit,experiments/support_v3_2026-06-02/normalized_512/sources/mug_heart.png,outputs/pretty_matrix/mug_heart/support_v3_controller_rmsgap_mugbox145_c180_ref075_v1/seed_10/result.png,/cluster/users/grad/2025/25t8103/project/outputs/pretty_matrix/mug_heart/support_v3_controller_rmsgap/seed_10/result.png,support_v3_controller_rmsgap_mugbox145_c180_ref075_v1,selected unified mug_heart c180 run with deterministic final-ref-composite scale 0.75 for seeds 10/11/12,needs_metric_refresh,rater_01/images/item_022_D.png
rater_01,item_023,rater_01_item_023_A,T3_surface_decal,mug_heart,11,A,adaptive_full_generic_support,Generic support control,experiments/support_v3_2026-06-02/normalized_512/sources/mug_heart.png,outputs/pretty_matrix/mug_heart/adaptive_full_generic_support/seed_11/result.png,/cluster/users/grad/2025/25t8103/project/outputs/pretty_matrix/mug_heart/adaptive_full_generic_support/seed_11/result.png,adaptive_full_generic_support,canonical method directory,aligned,rater_01/images/item_023_A.png
rater_01,item_023,rater_01_item_023_B,T3_surface_decal,mug_heart,11,B,base_only,RF reconstruction / base reconstruction,experiments/support_v3_2026-06-02/normalized_512/sources/mug_heart.png,outputs/pretty_matrix/mug_heart/base_only/seed_11/result.png,/cluster/users/grad/2025/25t8103/project/outputs/pretty_matrix/mug_heart/base_only/seed_11/result.png,base_only,canonical method directory,aligned,rater_01/images/item_023_B.png
rater_01,item_023,rater_01_item_023_C,T3_surface_decal,mug_heart,11,C,direct_target,Direct target guidance,experiments/support_v3_2026-06-02/normalized_512/sources/mug_heart.png,outputs/pretty_matrix/mug_heart/direct_target/seed_11/result.png,/cluster/users/grad/2025/25t8103/project/outputs/pretty_matrix/mug_heart/direct_target/seed_11/result.png,direct_target,canonical method directory,aligned,rater_01/images/item_023_C.png
rater_01,item_023,rater_01_item_023_D,T3_surface_decal,mug_heart,11,D,support_v3_controller_rmsgap,CleanEdit,experiments/support_v3_2026-06-02/normalized_512/sources/mug_heart.png,outputs/pretty_matrix/mug_heart/support_v3_controller_rmsgap_mugbox145_c180_ref075_v1/seed_11/result.png,/cluster/users/grad/2025/25t8103/project/outputs/pretty_matrix/mug_heart/support_v3_controller_rmsgap/seed_11/result.png,support_v3_controller_rmsgap_mugbox145_c180_ref075_v1,selected unified mug_heart c180 run with deterministic final-ref-composite scale 0.75 for seeds 10/11/12,needs_metric_refresh,rater_01/images/item_023_D.png
rater_01,item_024,rater_01_item_024_A,T3_surface_decal,mug_heart,12,A,base_only,RF reconstruction / base reconstruction,experiments/support_v3_2026-06-02/normalized_512/sources/mug_heart.png,outputs/pretty_matrix/mug_heart/base_only/seed_12/result.png,/cluster/users/grad/2025/25t8103/project/outputs/pretty_matrix/mug_heart/base_only/seed_12/result.png,base_only,canonical method directory,aligned,rater_01/images/item_024_A.png
rater_01,item_024,rater_01_item_024_B,T3_surface_decal,mug_heart,12,B,direct_target,Direct target guidance,experiments/support_v3_2026-06-02/normalized_512/sources/mug_heart.png,outputs/pretty_matrix/mug_heart/direct_target/seed_12/result.png,/cluster/users/grad/2025/25t8103/project/outputs/pretty_matrix/mug_heart/direct_target/seed_12/result.png,direct_target,canonical method directory,aligned,rater_01/images/item_024_B.png
rater_01,item_024,rater_01_item_024_C,T3_surface_decal,mug_heart,12,C,adaptive_full_generic_support,Generic support control,experiments/support_v3_2026-06-02/normalized_512/sources/mug_heart.png,outputs/pretty_matrix/mug_heart/adaptive_full_generic_support/seed_12/result.png,/cluster/users/grad/2025/25t8103/project/outputs/pretty_matrix/mug_heart/adaptive_full_generic_support/seed_12/result.png,adaptive_full_generic_support,canonical method directory,aligned,rater_01/images/item_024_C.png
rater_01,item_024,rater_01_item_024_D,T3_surface_decal,mug_heart,12,D,support_v3_controller_rmsgap,CleanEdit,experiments/support_v3_2026-06-02/normalized_512/sources/mug_heart.png,outputs/pretty_matrix/mug_heart/support_v3_controller_rmsgap_mugbox145_c180_ref075_v1/seed_12/result.png,/cluster/users/grad/2025/25t8103/project/outputs/pretty_matrix/mug_heart/support_v3_controller_rmsgap/seed_12/result.png,support_v3_controller_rmsgap_mugbox145_c180_ref075_v1,selected unified mug_heart c180 run with deterministic final-ref-composite scale 0.75 for seeds 10/11/12,needs_metric_refresh,rater_01/images/item_024_D.png
rater_01,item_025,rater_01_item_025_A,T3_surface_decal,tote_leaf,10,A,support_v3_controller_rmsgap,CleanEdit,experiments/support_v3_2026-06-02/normalized_512/sources/tote_leaf.png,outputs/pretty_matrix/tote_leaf/support_v3_controller_rmsgap_t1t4_3seed_20260609/seed_10/result.png,/cluster/users/grad/2025/25t8103/project/outputs/pretty_matrix/tote_leaf/support_v3_controller_rmsgap/seed_10/result.png,support_v3_controller_rmsgap_t1t4_3seed_20260609,formal T1-T4 three-seed CleanEdit rerun,needs_metric_refresh,rater_01/images/item_025_A.png
rater_01,item_025,rater_01_item_025_B,T3_surface_decal,tote_leaf,10,B,adaptive_full_generic_support,Generic support control,experiments/support_v3_2026-06-02/normalized_512/sources/tote_leaf.png,outputs/pretty_matrix/tote_leaf/adaptive_full_generic_support/seed_10/result.png,/cluster/users/grad/2025/25t8103/project/outputs/pretty_matrix/tote_leaf/adaptive_full_generic_support/seed_10/result.png,adaptive_full_generic_support,canonical method directory,aligned,rater_01/images/item_025_B.png
rater_01,item_025,rater_01_item_025_C,T3_surface_decal,tote_leaf,10,C,base_only,RF reconstruction / base reconstruction,experiments/support_v3_2026-06-02/normalized_512/sources/tote_leaf.png,outputs/pretty_matrix/tote_leaf/base_only/seed_10/result.png,/cluster/users/grad/2025/25t8103/project/outputs/pretty_matrix/tote_leaf/base_only/seed_10/result.png,base_only,canonical method directory,aligned,rater_01/images/item_025_C.png
rater_01,item_025,rater_01_item_025_D,T3_surface_decal,tote_leaf,10,D,direct_target,Direct target guidance,experiments/support_v3_2026-06-02/normalized_512/sources/tote_leaf.png,outputs/pretty_matrix/tote_leaf/direct_target/seed_10/result.png,/cluster/users/grad/2025/25t8103/project/outputs/pretty_matrix/tote_leaf/direct_target/seed_10/result.png,direct_target,canonical method directory,aligned,rater_01/images/item_025_D.png
rater_01,item_026,rater_01_item_026_A,T3_surface_decal,tote_leaf,11,A,support_v3_controller_rmsgap,CleanEdit,experiments/support_v3_2026-06-02/normalized_512/sources/tote_leaf.png,outputs/pretty_matrix/tote_leaf/support_v3_controller_rmsgap_t1t4_3seed_20260609/seed_11/result.png,/cluster/users/grad/2025/25t8103/project/outputs/pretty_matrix/tote_leaf/support_v3_controller_rmsgap/seed_11/result.png,support_v3_controller_rmsgap_t1t4_3seed_20260609,formal T1-T4 three-seed CleanEdit rerun,needs_metric_refresh,rater_01/images/item_026_A.png
rater_01,item_026,rater_01_item_026_B,T3_surface_decal,tote_leaf,11,B,adaptive_full_generic_support,Generic support control,experiments/support_v3_2026-06-02/normalized_512/sources/tote_leaf.png,outputs/pretty_matrix/tote_leaf/adaptive_full_generic_support/seed_11/result.png,/cluster/users/grad/2025/25t8103/project/outputs/pretty_matrix/tote_leaf/adaptive_full_generic_support/seed_11/result.png,adaptive_full_generic_support,canonical method directory,aligned,rater_01/images/item_026_B.png
rater_01,item_026,rater_01_item_026_C,T3_surface_decal,tote_leaf,11,C,direct_target,Direct target guidance,experiments/support_v3_2026-06-02/normalized_512/sources/tote_leaf.png,outputs/pretty_matrix/tote_leaf/direct_target/seed_11/result.png,/cluster/users/grad/2025/25t8103/project/outputs/pretty_matrix/tote_leaf/direct_target/seed_11/result.png,direct_target,canonical method directory,aligned,rater_01/images/item_026_C.png
rater_01,item_026,rater_01_item_026_D,T3_surface_decal,tote_leaf,11,D,base_only,RF reconstruction / base reconstruction,experiments/support_v3_2026-06-02/normalized_512/sources/tote_leaf.png,outputs/pretty_matrix/tote_leaf/base_only/seed_11/result.png,/cluster/users/grad/2025/25t8103/project/outputs/pretty_matrix/tote_leaf/base_only/seed_11/result.png,base_only,canonical method directory,aligned,rater_01/images/item_026_D.png
rater_01,item_027,rater_01_item_027_A,T3_surface_decal,tote_leaf,12,A,adaptive_full_generic_support,Generic support control,experiments/support_v3_2026-06-02/normalized_512/sources/tote_leaf.png,outputs/pretty_matrix/tote_leaf/adaptive_full_generic_support/seed_12/result.png,/cluster/users/grad/2025/25t8103/project/outputs/pretty_matrix/tote_leaf/adaptive_full_generic_support/seed_12/result.png,adaptive_full_generic_support,canonical method directory,aligned,rater_01/images/item_027_A.png
rater_01,item_027,rater_01_item_027_B,T3_surface_decal,tote_leaf,12,B,direct_target,Direct target guidance,experiments/support_v3_2026-06-02/normalized_512/sources/tote_leaf.png,outputs/pretty_matrix/tote_leaf/direct_target/seed_12/result.png,/cluster/users/grad/2025/25t8103/project/outputs/pretty_matrix/tote_leaf/direct_target/seed_12/result.png,direct_target,canonical method directory,aligned,rater_01/images/item_027_B.png
rater_01,item_027,rater_01_item_027_C,T3_surface_decal,tote_leaf,12,C,support_v3_controller_rmsgap,CleanEdit,experiments/support_v3_2026-06-02/normalized_512/sources/tote_leaf.png,outputs/pretty_matrix/tote_leaf/support_v3_controller_rmsgap_t1t4_3seed_20260609/seed_12/result.png,/cluster/users/grad/2025/25t8103/project/outputs/pretty_matrix/tote_leaf/support_v3_controller_rmsgap/seed_12/result.png,support_v3_controller_rmsgap_t1t4_3seed_20260609,formal T1-T4 three-seed CleanEdit rerun,needs_metric_refresh,rater_01/images/item_027_C.png
rater_01,item_027,rater_01_item_027_D,T3_surface_decal,tote_leaf,12,D,base_only,RF reconstruction / base reconstruction,experiments/support_v3_2026-06-02/normalized_512/sources/tote_leaf.png,outputs/pretty_matrix/tote_leaf/base_only/seed_12/result.png,/cluster/users/grad/2025/25t8103/project/outputs/pretty_matrix/tote_leaf/base_only/seed_12/result.png,base_only,canonical method directory,aligned,rater_01/images/item_027_D.png
rater_01,item_028,rater_01_item_028_A,T4_local_recolor,red_office_chair_to_blue_office_chair,10,A,base_only,RF reconstruction / base reconstruction,experiments/support_v3_2026-06-02/normalized_512/sources/red_office_chair_to_blue_office_chair.png,outputs/pretty_matrix/red_office_chair_to_blue_office_chair/base_only/seed_10/result.png,/cluster/users/grad/2025/25t8103/project/outputs/pretty_matrix/red_office_chair_to_blue_office_chair/base_only/seed_10/result.png,base_only,canonical method directory,aligned,rater_01/images/item_028_A.png
rater_01,item_028,rater_01_item_028_B,T4_local_recolor,red_office_chair_to_blue_office_chair,10,B,adaptive_full_generic_support,Generic support control,experiments/support_v3_2026-06-02/normalized_512/sources/red_office_chair_to_blue_office_chair.png,outputs/pretty_matrix/red_office_chair_to_blue_office_chair/adaptive_full_generic_support/seed_10/result.png,/cluster/users/grad/2025/25t8103/project/outputs/pretty_matrix/red_office_chair_to_blue_office_chair/adaptive_full_generic_support/seed_10/result.png,adaptive_full_generic_support,canonical method directory,aligned,rater_01/images/item_028_B.png
rater_01,item_028,rater_01_item_028_C,T4_local_recolor,red_office_chair_to_blue_office_chair,10,C,support_v3_controller_rmsgap,CleanEdit,experiments/support_v3_2026-06-02/normalized_512/sources/red_office_chair_to_blue_office_chair.png,outputs/pretty_matrix/red_office_chair_to_blue_office_chair/support_v3_controller_rmsgap_t1t4_3seed_20260609/seed_10/result.png,/cluster/users/grad/2025/25t8103/project/outputs/pretty_matrix/red_office_chair_to_blue_office_chair/support_v3_controller_rmsgap/seed_10/result.png,support_v3_controller_rmsgap_t1t4_3seed_20260609,formal T1-T4 three-seed CleanEdit rerun,needs_metric_refresh,rater_01/images/item_028_C.png
rater_01,item_028,rater_01_item_028_D,T4_local_recolor,red_office_chair_to_blue_office_chair,10,D,direct_target,Direct target guidance,experiments/support_v3_2026-06-02/normalized_512/sources/red_office_chair_to_blue_office_chair.png,outputs/pretty_matrix/red_office_chair_to_blue_office_chair/direct_target/seed_10/result.png,/cluster/users/grad/2025/25t8103/project/outputs/pretty_matrix/red_office_chair_to_blue_office_chair/direct_target/seed_10/result.png,direct_target,canonical method directory,aligned,rater_01/images/item_028_D.png
rater_01,item_029,rater_01_item_029_A,T4_local_recolor,red_office_chair_to_blue_office_chair,11,A,support_v3_controller_rmsgap,CleanEdit,experiments/support_v3_2026-06-02/normalized_512/sources/red_office_chair_to_blue_office_chair.png,outputs/pretty_matrix/red_office_chair_to_blue_office_chair/support_v3_controller_rmsgap_t1t4_3seed_20260609/seed_11/result.png,/cluster/users/grad/2025/25t8103/project/outputs/pretty_matrix/red_office_chair_to_blue_office_chair/support_v3_controller_rmsgap/seed_11/result.png,support_v3_controller_rmsgap_t1t4_3seed_20260609,formal T1-T4 three-seed CleanEdit rerun,needs_metric_refresh,rater_01/images/item_029_A.png
rater_01,item_029,rater_01_item_029_B,T4_local_recolor,red_office_chair_to_blue_office_chair,11,B,base_only,RF reconstruction / base reconstruction,experiments/support_v3_2026-06-02/normalized_512/sources/red_office_chair_to_blue_office_chair.png,outputs/pretty_matrix/red_office_chair_to_blue_office_chair/base_only/seed_11/result.png,/cluster/users/grad/2025/25t8103/project/outputs/pretty_matrix/red_office_chair_to_blue_office_chair/base_only/seed_11/result.png,base_only,canonical method directory,aligned,rater_01/images/item_029_B.png
rater_01,item_029,rater_01_item_029_C,T4_local_recolor,red_office_chair_to_blue_office_chair,11,C,adaptive_full_generic_support,Generic support control,experiments/support_v3_2026-06-02/normalized_512/sources/red_office_chair_to_blue_office_chair.png,outputs/pretty_matrix/red_office_chair_to_blue_office_chair/adaptive_full_generic_support/seed_11/result.png,/cluster/users/grad/2025/25t8103/project/outputs/pretty_matrix/red_office_chair_to_blue_office_chair/adaptive_full_generic_support/seed_11/result.png,adaptive_full_generic_support,canonical method directory,aligned,rater_01/images/item_029_C.png
rater_01,item_029,rater_01_item_029_D,T4_local_recolor,red_office_chair_to_blue_office_chair,11,D,direct_target,Direct target guidance,experiments/support_v3_2026-06-02/normalized_512/sources/red_office_chair_to_blue_office_chair.png,outputs/pretty_matrix/red_office_chair_to_blue_office_chair/direct_target/seed_11/result.png,/cluster/users/grad/2025/25t8103/project/outputs/pretty_matrix/red_office_chair_to_blue_office_chair/direct_target/seed_11/result.png,direct_target,canonical method directory,aligned,rater_01/images/item_029_D.png
rater_01,item_030,rater_01_item_030_A,T4_local_recolor,red_office_chair_to_blue_office_chair,12,A,base_only,RF reconstruction / base reconstruction,experiments/support_v3_2026-06-02/normalized_512/sources/red_office_chair_to_blue_office_chair.png,outputs/pretty_matrix/red_office_chair_to_blue_office_chair/base_only/seed_12/result.png,/cluster/users/grad/2025/25t8103/project/outputs/pretty_matrix/red_office_chair_to_blue_office_chair/base_only/seed_12/result.png,base_only,canonical method directory,aligned,rater_01/images/item_030_A.png
rater_01,item_030,rater_01_item_030_B,T4_local_recolor,red_office_chair_to_blue_office_chair,12,B,direct_target,Direct target guidance,experiments/support_v3_2026-06-02/normalized_512/sources/red_office_chair_to_blue_office_chair.png,outputs/pretty_matrix/red_office_chair_to_blue_office_chair/direct_target/seed_12/result.png,/cluster/users/grad/2025/25t8103/project/outputs/pretty_matrix/red_office_chair_to_blue_office_chair/direct_target/seed_12/result.png,direct_target,canonical method directory,aligned,rater_01/images/item_030_B.png
rater_01,item_030,rater_01_item_030_C,T4_local_recolor,red_office_chair_to_blue_office_chair,12,C,adaptive_full_generic_support,Generic support control,experiments/support_v3_2026-06-02/normalized_512/sources/red_office_chair_to_blue_office_chair.png,outputs/pretty_matrix/red_office_chair_to_blue_office_chair/adaptive_full_generic_support/seed_12/result.png,/cluster/users/grad/2025/25t8103/project/outputs/pretty_matrix/red_office_chair_to_blue_office_chair/adaptive_full_generic_support/seed_12/result.png,adaptive_full_generic_support,canonical method directory,aligned,rater_01/images/item_030_C.png
rater_01,item_030,rater_01_item_030_D,T4_local_recolor,red_office_chair_to_blue_office_chair,12,D,support_v3_controller_rmsgap,CleanEdit,experiments/support_v3_2026-06-02/normalized_512/sources/red_office_chair_to_blue_office_chair.png,outputs/pretty_matrix/red_office_chair_to_blue_office_chair/support_v3_controller_rmsgap_t1t4_3seed_20260609/seed_12/result.png,/cluster/users/grad/2025/25t8103/project/outputs/pretty_matrix/red_office_chair_to_blue_office_chair/support_v3_controller_rmsgap/seed_12/result.png,support_v3_controller_rmsgap_t1t4_3seed_20260609,formal T1-T4 three-seed CleanEdit rerun,needs_metric_refresh,rater_01/images/item_030_D.png
rater_01,item_031,rater_01_item_031_A,T4_local_recolor,green_mug_orange_phase2,10,A,direct_target,Direct target guidance,experiments/support_v3_2026-06-02/normalized_512/sources/green_mug_orange_phase2.png,outputs/pretty_matrix/green_mug_orange_phase2/direct_target/seed_10/result.png,/cluster/users/grad/2025/25t8103/project/outputs/pretty_matrix/green_mug_orange_phase2/direct_target/seed_10/result.png,direct_target,canonical method directory,aligned,rater_01/images/item_031_A.png
rater_01,item_031,rater_01_item_031_B,T4_local_recolor,green_mug_orange_phase2,10,B,adaptive_full_generic_support,Generic support control,experiments/support_v3_2026-06-02/normalized_512/sources/green_mug_orange_phase2.png,outputs/pretty_matrix/green_mug_orange_phase2/adaptive_full_generic_support/seed_10/result.png,/cluster/users/grad/2025/25t8103/project/outputs/pretty_matrix/green_mug_orange_phase2/adaptive_full_generic_support/seed_10/result.png,adaptive_full_generic_support,canonical method directory,aligned,rater_01/images/item_031_B.png
rater_01,item_031,rater_01_item_031_C,T4_local_recolor,green_mug_orange_phase2,10,C,base_only,RF reconstruction / base reconstruction,experiments/support_v3_2026-06-02/normalized_512/sources/green_mug_orange_phase2.png,outputs/pretty_matrix/green_mug_orange_phase2/base_only/seed_10/result.png,/cluster/users/grad/2025/25t8103/project/outputs/pretty_matrix/green_mug_orange_phase2/base_only/seed_10/result.png,base_only,canonical method directory,aligned,rater_01/images/item_031_C.png
rater_01,item_031,rater_01_item_031_D,T4_local_recolor,green_mug_orange_phase2,10,D,support_v3_controller_rmsgap,CleanEdit,experiments/support_v3_2026-06-02/normalized_512/sources/green_mug_orange_phase2.png,outputs/pretty_matrix/green_mug_orange_phase2/support_v3_controller_rmsgap_t1t4_3seed_20260609/seed_10/result.png,/cluster/users/grad/2025/25t8103/project/outputs/pretty_matrix/green_mug_orange_phase2/support_v3_controller_rmsgap/seed_10/result.png,support_v3_controller_rmsgap_t1t4_3seed_20260609,formal T1-T4 three-seed CleanEdit rerun,needs_metric_refresh,rater_01/images/item_031_D.png
rater_01,item_032,rater_01_item_032_A,T4_local_recolor,green_mug_orange_phase2,11,A,adaptive_full_generic_support,Generic support control,experiments/support_v3_2026-06-02/normalized_512/sources/green_mug_orange_phase2.png,outputs/pretty_matrix/green_mug_orange_phase2/adaptive_full_generic_support/seed_11/result.png,/cluster/users/grad/2025/25t8103/project/outputs/pretty_matrix/green_mug_orange_phase2/adaptive_full_generic_support/seed_11/result.png,adaptive_full_generic_support,canonical method directory,aligned,rater_01/images/item_032_A.png
rater_01,item_032,rater_01_item_032_B,T4_local_recolor,green_mug_orange_phase2,11,B,base_only,RF reconstruction / base reconstruction,experiments/support_v3_2026-06-02/normalized_512/sources/green_mug_orange_phase2.png,outputs/pretty_matrix/green_mug_orange_phase2/base_only/seed_11/result.png,/cluster/users/grad/2025/25t8103/project/outputs/pretty_matrix/green_mug_orange_phase2/base_only/seed_11/result.png,base_only,canonical method directory,aligned,rater_01/images/item_032_B.png
rater_01,item_032,rater_01_item_032_C,T4_local_recolor,green_mug_orange_phase2,11,C,direct_target,Direct target guidance,experiments/support_v3_2026-06-02/normalized_512/sources/green_mug_orange_phase2.png,outputs/pretty_matrix/green_mug_orange_phase2/direct_target/seed_11/result.png,/cluster/users/grad/2025/25t8103/project/outputs/pretty_matrix/green_mug_orange_phase2/direct_target/seed_11/result.png,direct_target,canonical method directory,aligned,rater_01/images/item_032_C.png
rater_01,item_032,rater_01_item_032_D,T4_local_recolor,green_mug_orange_phase2,11,D,support_v3_controller_rmsgap,CleanEdit,experiments/support_v3_2026-06-02/normalized_512/sources/green_mug_orange_phase2.png,outputs/pretty_matrix/green_mug_orange_phase2/support_v3_controller_rmsgap_t1t4_3seed_20260609/seed_11/result.png,/cluster/users/grad/2025/25t8103/project/outputs/pretty_matrix/green_mug_orange_phase2/support_v3_controller_rmsgap/seed_11/result.png,support_v3_controller_rmsgap_t1t4_3seed_20260609,formal T1-T4 three-seed CleanEdit rerun,needs_metric_refresh,rater_01/images/item_032_D.png
rater_01,item_033,rater_01_item_033_A,T4_local_recolor,green_mug_orange_phase2,12,A,direct_target,Direct target guidance,experiments/support_v3_2026-06-02/normalized_512/sources/green_mug_orange_phase2.png,outputs/pretty_matrix/green_mug_orange_phase2/direct_target/seed_12/result.png,/cluster/users/grad/2025/25t8103/project/outputs/pretty_matrix/green_mug_orange_phase2/direct_target/seed_12/result.png,direct_target,canonical method directory,aligned,rater_01/images/item_033_A.png
rater_01,item_033,rater_01_item_033_B,T4_local_recolor,green_mug_orange_phase2,12,B,support_v3_controller_rmsgap,CleanEdit,experiments/support_v3_2026-06-02/normalized_512/sources/green_mug_orange_phase2.png,outputs/pretty_matrix/green_mug_orange_phase2/support_v3_controller_rmsgap_t1t4_3seed_20260609/seed_12/result.png,/cluster/users/grad/2025/25t8103/project/outputs/pretty_matrix/green_mug_orange_phase2/support_v3_controller_rmsgap/seed_12/result.png,support_v3_controller_rmsgap_t1t4_3seed_20260609,formal T1-T4 three-seed CleanEdit rerun,needs_metric_refresh,rater_01/images/item_033_B.png
rater_01,item_033,rater_01_item_033_C,T4_local_recolor,green_mug_orange_phase2,12,C,base_only,RF reconstruction / base reconstruction,experiments/support_v3_2026-06-02/normalized_512/sources/green_mug_orange_phase2.png,outputs/pretty_matrix/green_mug_orange_phase2/base_only/seed_12/result.png,/cluster/users/grad/2025/25t8103/project/outputs/pretty_matrix/green_mug_orange_phase2/base_only/seed_12/result.png,base_only,canonical method directory,aligned,rater_01/images/item_033_C.png
rater_01,item_033,rater_01_item_033_D,T4_local_recolor,green_mug_orange_phase2,12,D,adaptive_full_generic_support,Generic support control,experiments/support_v3_2026-06-02/normalized_512/sources/green_mug_orange_phase2.png,outputs/pretty_matrix/green_mug_orange_phase2/adaptive_full_generic_support/seed_12/result.png,/cluster/users/grad/2025/25t8103/project/outputs/pretty_matrix/green_mug_orange_phase2/adaptive_full_generic_support/seed_12/result.png,adaptive_full_generic_support,canonical method directory,aligned,rater_01/images/item_033_D.png
rater_01,item_034,rater_01_item_034_A,T4_local_recolor,yellow_vase_blue_phase2,10,A,support_v3_controller_rmsgap,CleanEdit,experiments/support_v3_2026-06-02/normalized_512/sources/yellow_vase_blue_phase2.png,outputs/pretty_matrix/yellow_vase_blue_phase2/support_v3_controller_rmsgap_t1t4_3seed_20260609/seed_10/result.png,/cluster/users/grad/2025/25t8103/project/outputs/pretty_matrix/yellow_vase_blue_phase2/support_v3_controller_rmsgap/seed_10/result.png,support_v3_controller_rmsgap_t1t4_3seed_20260609,formal T1-T4 three-seed CleanEdit rerun,needs_metric_refresh,rater_01/images/item_034_A.png
rater_01,item_034,rater_01_item_034_B,T4_local_recolor,yellow_vase_blue_phase2,10,B,direct_target,Direct target guidance,experiments/support_v3_2026-06-02/normalized_512/sources/yellow_vase_blue_phase2.png,outputs/pretty_matrix/yellow_vase_blue_phase2/direct_target/seed_10/result.png,/cluster/users/grad/2025/25t8103/project/outputs/pretty_matrix/yellow_vase_blue_phase2/direct_target/seed_10/result.png,direct_target,canonical method directory,aligned,rater_01/images/item_034_B.png
rater_01,item_034,rater_01_item_034_C,T4_local_recolor,yellow_vase_blue_phase2,10,C,adaptive_full_generic_support,Generic support control,experiments/support_v3_2026-06-02/normalized_512/sources/yellow_vase_blue_phase2.png,outputs/pretty_matrix/yellow_vase_blue_phase2/adaptive_full_generic_support/seed_10/result.png,/cluster/users/grad/2025/25t8103/project/outputs/pretty_matrix/yellow_vase_blue_phase2/adaptive_full_generic_support/seed_10/result.png,adaptive_full_generic_support,canonical method directory,aligned,rater_01/images/item_034_C.png
rater_01,item_034,rater_01_item_034_D,T4_local_recolor,yellow_vase_blue_phase2,10,D,base_only,RF reconstruction / base reconstruction,experiments/support_v3_2026-06-02/normalized_512/sources/yellow_vase_blue_phase2.png,outputs/pretty_matrix/yellow_vase_blue_phase2/base_only/seed_10/result.png,/cluster/users/grad/2025/25t8103/project/outputs/pretty_matrix/yellow_vase_blue_phase2/base_only/seed_10/result.png,base_only,canonical method directory,aligned,rater_01/images/item_034_D.png
rater_01,item_035,rater_01_item_035_A,T4_local_recolor,yellow_vase_blue_phase2,11,A,support_v3_controller_rmsgap,CleanEdit,experiments/support_v3_2026-06-02/normalized_512/sources/yellow_vase_blue_phase2.png,outputs/pretty_matrix/yellow_vase_blue_phase2/support_v3_controller_rmsgap_t1t4_3seed_20260609/seed_11/result.png,/cluster/users/grad/2025/25t8103/project/outputs/pretty_matrix/yellow_vase_blue_phase2/support_v3_controller_rmsgap/seed_11/result.png,support_v3_controller_rmsgap_t1t4_3seed_20260609,formal T1-T4 three-seed CleanEdit rerun,needs_metric_refresh,rater_01/images/item_035_A.png
rater_01,item_035,rater_01_item_035_B,T4_local_recolor,yellow_vase_blue_phase2,11,B,direct_target,Direct target guidance,experiments/support_v3_2026-06-02/normalized_512/sources/yellow_vase_blue_phase2.png,outputs/pretty_matrix/yellow_vase_blue_phase2/direct_target/seed_11/result.png,/cluster/users/grad/2025/25t8103/project/outputs/pretty_matrix/yellow_vase_blue_phase2/direct_target/seed_11/result.png,direct_target,canonical method directory,aligned,rater_01/images/item_035_B.png
rater_01,item_035,rater_01_item_035_C,T4_local_recolor,yellow_vase_blue_phase2,11,C,base_only,RF reconstruction / base reconstruction,experiments/support_v3_2026-06-02/normalized_512/sources/yellow_vase_blue_phase2.png,outputs/pretty_matrix/yellow_vase_blue_phase2/base_only/seed_11/result.png,/cluster/users/grad/2025/25t8103/project/outputs/pretty_matrix/yellow_vase_blue_phase2/base_only/seed_11/result.png,base_only,canonical method directory,aligned,rater_01/images/item_035_C.png
rater_01,item_035,rater_01_item_035_D,T4_local_recolor,yellow_vase_blue_phase2,11,D,adaptive_full_generic_support,Generic support control,experiments/support_v3_2026-06-02/normalized_512/sources/yellow_vase_blue_phase2.png,outputs/pretty_matrix/yellow_vase_blue_phase2/adaptive_full_generic_support/seed_11/result.png,/cluster/users/grad/2025/25t8103/project/outputs/pretty_matrix/yellow_vase_blue_phase2/adaptive_full_generic_support/seed_11/result.png,adaptive_full_generic_support,canonical method directory,aligned,rater_01/images/item_035_D.png
rater_01,item_036,rater_01_item_036_A,T4_local_recolor,yellow_vase_blue_phase2,12,A,base_only,RF reconstruction / base reconstruction,experiments/support_v3_2026-06-02/normalized_512/sources/yellow_vase_blue_phase2.png,outputs/pretty_matrix/yellow_vase_blue_phase2/base_only/seed_12/result.png,/cluster/users/grad/2025/25t8103/project/outputs/pretty_matrix/yellow_vase_blue_phase2/base_only/seed_12/result.png,base_only,canonical method directory,aligned,rater_01/images/item_036_A.png
rater_01,item_036,rater_01_item_036_B,T4_local_recolor,yellow_vase_blue_phase2,12,B,support_v3_controller_rmsgap,CleanEdit,experiments/support_v3_2026-06-02/normalized_512/sources/yellow_vase_blue_phase2.png,outputs/pretty_matrix/yellow_vase_blue_phase2/support_v3_controller_rmsgap_t1t4_3seed_20260609/seed_12/result.png,/cluster/users/grad/2025/25t8103/project/outputs/pretty_matrix/yellow_vase_blue_phase2/support_v3_controller_rmsgap/seed_12/result.png,support_v3_controller_rmsgap_t1t4_3seed_20260609,formal T1-T4 three-seed CleanEdit rerun,needs_metric_refresh,rater_01/images/item_036_B.png
rater_01,item_036,rater_01_item_036_C,T4_local_recolor,yellow_vase_blue_phase2,12,C,direct_target,Direct target guidance,experiments/support_v3_2026-06-02/normalized_512/sources/yellow_vase_blue_phase2.png,outputs/pretty_matrix/yellow_vase_blue_phase2/direct_target/seed_12/result.png,/cluster/users/grad/2025/25t8103/project/outputs/pretty_matrix/yellow_vase_blue_phase2/direct_target/seed_12/result.png,direct_target,canonical method directory,aligned,rater_01/images/item_036_C.png
rater_01,item_036,rater_01_item_036_D,T4_local_recolor,yellow_vase_blue_phase2,12,D,adaptive_full_generic_support,Generic support control,experiments/support_v3_2026-06-02/normalized_512/sources/yellow_vase_blue_phase2.png,outputs/pretty_matrix/yellow_vase_blue_phase2/adaptive_full_generic_support/seed_12/result.png,/cluster/users/grad/2025/25t8103/project/outputs/pretty_matrix/yellow_vase_blue_phase2/adaptive_full_generic_support/seed_12/result.png,adaptive_full_generic_support,canonical method directory,aligned,rater_01/images/item_036_D.png
rater_01,item_037,rater_01_item_037_A,T5_same_color_material,pillow_same_color_cable_knit,10,A,support_v3_controller_rmsgap,CleanEdit,experiments/support_v3_2026-06-02/normalized_512/sources/pillow_same_color_cable_knit.png,outputs/pretty_matrix/pillow_same_color_cable_knit/support_v3_controller_rmsgap/seed_10/result.png,/cluster/users/grad/2025/25t8103/project/outputs/pretty_matrix/pillow_same_color_cable_knit/support_v3_controller_rmsgap/seed_10/result.png,support_v3_controller_rmsgap,formal T5 CleanEdit run,aligned,rater_01/images/item_037_A.png
rater_01,item_037,rater_01_item_037_B,T5_same_color_material,pillow_same_color_cable_knit,10,B,adaptive_full_generic_support,Generic support control,experiments/support_v3_2026-06-02/normalized_512/sources/pillow_same_color_cable_knit.png,outputs/pretty_matrix/pillow_same_color_cable_knit/adaptive_full_generic_support/seed_10/result.png,/cluster/users/grad/2025/25t8103/project/outputs/pretty_matrix/pillow_same_color_cable_knit/adaptive_full_generic_support/seed_10/result.png,adaptive_full_generic_support,canonical method directory,aligned,rater_01/images/item_037_B.png
rater_01,item_037,rater_01_item_037_C,T5_same_color_material,pillow_same_color_cable_knit,10,C,base_only,RF reconstruction / base reconstruction,experiments/support_v3_2026-06-02/normalized_512/sources/pillow_same_color_cable_knit.png,outputs/pretty_matrix/pillow_same_color_cable_knit/base_only/seed_10/result.png,/cluster/users/grad/2025/25t8103/project/outputs/pretty_matrix/pillow_same_color_cable_knit/base_only/seed_10/result.png,base_only,canonical method directory,aligned,rater_01/images/item_037_C.png
rater_01,item_037,rater_01_item_037_D,T5_same_color_material,pillow_same_color_cable_knit,10,D,direct_target,Direct target guidance,experiments/support_v3_2026-06-02/normalized_512/sources/pillow_same_color_cable_knit.png,outputs/pretty_matrix/pillow_same_color_cable_knit/direct_target/seed_10/result.png,/cluster/users/grad/2025/25t8103/project/outputs/pretty_matrix/pillow_same_color_cable_knit/direct_target/seed_10/result.png,direct_target,canonical method directory,aligned,rater_01/images/item_037_D.png
rater_01,item_038,rater_01_item_038_A,T5_same_color_material,pillow_same_color_cable_knit,11,A,direct_target,Direct target guidance,experiments/support_v3_2026-06-02/normalized_512/sources/pillow_same_color_cable_knit.png,outputs/pretty_matrix/pillow_same_color_cable_knit/direct_target/seed_11/result.png,/cluster/users/grad/2025/25t8103/project/outputs/pretty_matrix/pillow_same_color_cable_knit/direct_target/seed_11/result.png,direct_target,canonical method directory,aligned,rater_01/images/item_038_A.png
rater_01,item_038,rater_01_item_038_B,T5_same_color_material,pillow_same_color_cable_knit,11,B,base_only,RF reconstruction / base reconstruction,experiments/support_v3_2026-06-02/normalized_512/sources/pillow_same_color_cable_knit.png,outputs/pretty_matrix/pillow_same_color_cable_knit/base_only/seed_11/result.png,/cluster/users/grad/2025/25t8103/project/outputs/pretty_matrix/pillow_same_color_cable_knit/base_only/seed_11/result.png,base_only,canonical method directory,aligned,rater_01/images/item_038_B.png
rater_01,item_038,rater_01_item_038_C,T5_same_color_material,pillow_same_color_cable_knit,11,C,adaptive_full_generic_support,Generic support control,experiments/support_v3_2026-06-02/normalized_512/sources/pillow_same_color_cable_knit.png,outputs/pretty_matrix/pillow_same_color_cable_knit/adaptive_full_generic_support/seed_11/result.png,/cluster/users/grad/2025/25t8103/project/outputs/pretty_matrix/pillow_same_color_cable_knit/adaptive_full_generic_support/seed_11/result.png,adaptive_full_generic_support,canonical method directory,aligned,rater_01/images/item_038_C.png
rater_01,item_038,rater_01_item_038_D,T5_same_color_material,pillow_same_color_cable_knit,11,D,support_v3_controller_rmsgap,CleanEdit,experiments/support_v3_2026-06-02/normalized_512/sources/pillow_same_color_cable_knit.png,outputs/pretty_matrix/pillow_same_color_cable_knit/support_v3_controller_rmsgap/seed_11/result.png,/cluster/users/grad/2025/25t8103/project/outputs/pretty_matrix/pillow_same_color_cable_knit/support_v3_controller_rmsgap/seed_11/result.png,support_v3_controller_rmsgap,formal T5 CleanEdit run,aligned,rater_01/images/item_038_D.png
rater_01,item_039,rater_01_item_039_A,T5_same_color_material,pillow_same_color_cable_knit,12,A,adaptive_full_generic_support,Generic support control,experiments/support_v3_2026-06-02/normalized_512/sources/pillow_same_color_cable_knit.png,outputs/pretty_matrix/pillow_same_color_cable_knit/adaptive_full_generic_support/seed_12/result.png,/cluster/users/grad/2025/25t8103/project/outputs/pretty_matrix/pillow_same_color_cable_knit/adaptive_full_generic_support/seed_12/result.png,adaptive_full_generic_support,canonical method directory,aligned,rater_01/images/item_039_A.png
rater_01,item_039,rater_01_item_039_B,T5_same_color_material,pillow_same_color_cable_knit,12,B,base_only,RF reconstruction / base reconstruction,experiments/support_v3_2026-06-02/normalized_512/sources/pillow_same_color_cable_knit.png,outputs/pretty_matrix/pillow_same_color_cable_knit/base_only/seed_12/result.png,/cluster/users/grad/2025/25t8103/project/outputs/pretty_matrix/pillow_same_color_cable_knit/base_only/seed_12/result.png,base_only,canonical method directory,aligned,rater_01/images/item_039_B.png
rater_01,item_039,rater_01_item_039_C,T5_same_color_material,pillow_same_color_cable_knit,12,C,support_v3_controller_rmsgap,CleanEdit,experiments/support_v3_2026-06-02/normalized_512/sources/pillow_same_color_cable_knit.png,outputs/pretty_matrix/pillow_same_color_cable_knit/support_v3_controller_rmsgap/seed_12/result.png,/cluster/users/grad/2025/25t8103/project/outputs/pretty_matrix/pillow_same_color_cable_knit/support_v3_controller_rmsgap/seed_12/result.png,support_v3_controller_rmsgap,formal T5 CleanEdit run,aligned,rater_01/images/item_039_C.png
rater_01,item_039,rater_01_item_039_D,T5_same_color_material,pillow_same_color_cable_knit,12,D,direct_target,Direct target guidance,experiments/support_v3_2026-06-02/normalized_512/sources/pillow_same_color_cable_knit.png,outputs/pretty_matrix/pillow_same_color_cable_knit/direct_target/seed_12/result.png,/cluster/users/grad/2025/25t8103/project/outputs/pretty_matrix/pillow_same_color_cable_knit/direct_target/seed_12/result.png,direct_target,canonical method directory,aligned,rater_01/images/item_039_D.png
rater_01,item_040,rater_01_item_040_A,T5_same_color_material,pillow_same_color_cable_knit_grey,10,A,adaptive_full_generic_support,Generic support control,experiments/support_v3_2026-06-02/normalized_512/sources/pillow_same_color_cable_knit_grey.png,outputs/pretty_matrix/pillow_same_color_cable_knit_grey/adaptive_full_generic_support/seed_10/result.png,/cluster/users/grad/2025/25t8103/project/outputs/pretty_matrix/pillow_same_color_cable_knit_grey/adaptive_full_generic_support/seed_10/result.png,adaptive_full_generic_support,canonical method directory,aligned,rater_01/images/item_040_A.png
rater_01,item_040,rater_01_item_040_B,T5_same_color_material,pillow_same_color_cable_knit_grey,10,B,direct_target,Direct target guidance,experiments/support_v3_2026-06-02/normalized_512/sources/pillow_same_color_cable_knit_grey.png,outputs/pretty_matrix/pillow_same_color_cable_knit_grey/direct_target/seed_10/result.png,/cluster/users/grad/2025/25t8103/project/outputs/pretty_matrix/pillow_same_color_cable_knit_grey/direct_target/seed_10/result.png,direct_target,canonical method directory,aligned,rater_01/images/item_040_B.png
rater_01,item_040,rater_01_item_040_C,T5_same_color_material,pillow_same_color_cable_knit_grey,10,C,support_v3_controller_rmsgap,CleanEdit,experiments/support_v3_2026-06-02/normalized_512/sources/pillow_same_color_cable_knit_grey.png,outputs/pretty_matrix/pillow_same_color_cable_knit_grey/support_v3_controller_rmsgap/seed_10/result.png,/cluster/users/grad/2025/25t8103/project/outputs/pretty_matrix/pillow_same_color_cable_knit_grey/support_v3_controller_rmsgap/seed_10/result.png,support_v3_controller_rmsgap,formal T5 CleanEdit run,aligned,rater_01/images/item_040_C.png
rater_01,item_040,rater_01_item_040_D,T5_same_color_material,pillow_same_color_cable_knit_grey,10,D,base_only,RF reconstruction / base reconstruction,experiments/support_v3_2026-06-02/normalized_512/sources/pillow_same_color_cable_knit_grey.png,outputs/pretty_matrix/pillow_same_color_cable_knit_grey/base_only/seed_10/result.png,/cluster/users/grad/2025/25t8103/project/outputs/pretty_matrix/pillow_same_color_cable_knit_grey/base_only/seed_10/result.png,base_only,canonical method directory,aligned,rater_01/images/item_040_D.png
rater_01,item_041,rater_01_item_041_A,T5_same_color_material,pillow_same_color_cable_knit_grey,11,A,base_only,RF reconstruction / base reconstruction,experiments/support_v3_2026-06-02/normalized_512/sources/pillow_same_color_cable_knit_grey.png,outputs/pretty_matrix/pillow_same_color_cable_knit_grey/base_only/seed_11/result.png,/cluster/users/grad/2025/25t8103/project/outputs/pretty_matrix/pillow_same_color_cable_knit_grey/base_only/seed_11/result.png,base_only,canonical method directory,aligned,rater_01/images/item_041_A.png
rater_01,item_041,rater_01_item_041_B,T5_same_color_material,pillow_same_color_cable_knit_grey,11,B,support_v3_controller_rmsgap,CleanEdit,experiments/support_v3_2026-06-02/normalized_512/sources/pillow_same_color_cable_knit_grey.png,outputs/pretty_matrix/pillow_same_color_cable_knit_grey/support_v3_controller_rmsgap/seed_11/result.png,/cluster/users/grad/2025/25t8103/project/outputs/pretty_matrix/pillow_same_color_cable_knit_grey/support_v3_controller_rmsgap/seed_11/result.png,support_v3_controller_rmsgap,formal T5 CleanEdit run,aligned,rater_01/images/item_041_B.png
rater_01,item_041,rater_01_item_041_C,T5_same_color_material,pillow_same_color_cable_knit_grey,11,C,adaptive_full_generic_support,Generic support control,experiments/support_v3_2026-06-02/normalized_512/sources/pillow_same_color_cable_knit_grey.png,outputs/pretty_matrix/pillow_same_color_cable_knit_grey/adaptive_full_generic_support/seed_11/result.png,/cluster/users/grad/2025/25t8103/project/outputs/pretty_matrix/pillow_same_color_cable_knit_grey/adaptive_full_generic_support/seed_11/result.png,adaptive_full_generic_support,canonical method directory,aligned,rater_01/images/item_041_C.png
rater_01,item_041,rater_01_item_041_D,T5_same_color_material,pillow_same_color_cable_knit_grey,11,D,direct_target,Direct target guidance,experiments/support_v3_2026-06-02/normalized_512/sources/pillow_same_color_cable_knit_grey.png,outputs/pretty_matrix/pillow_same_color_cable_knit_grey/direct_target/seed_11/result.png,/cluster/users/grad/2025/25t8103/project/outputs/pretty_matrix/pillow_same_color_cable_knit_grey/direct_target/seed_11/result.png,direct_target,canonical method directory,aligned,rater_01/images/item_041_D.png
rater_01,item_042,rater_01_item_042_A,T5_same_color_material,pillow_same_color_cable_knit_grey,12,A,support_v3_controller_rmsgap,CleanEdit,experiments/support_v3_2026-06-02/normalized_512/sources/pillow_same_color_cable_knit_grey.png,outputs/pretty_matrix/pillow_same_color_cable_knit_grey/support_v3_controller_rmsgap/seed_12/result.png,/cluster/users/grad/2025/25t8103/project/outputs/pretty_matrix/pillow_same_color_cable_knit_grey/support_v3_controller_rmsgap/seed_12/result.png,support_v3_controller_rmsgap,formal T5 CleanEdit run,aligned,rater_01/images/item_042_A.png
rater_01,item_042,rater_01_item_042_B,T5_same_color_material,pillow_same_color_cable_knit_grey,12,B,base_only,RF reconstruction / base reconstruction,experiments/support_v3_2026-06-02/normalized_512/sources/pillow_same_color_cable_knit_grey.png,outputs/pretty_matrix/pillow_same_color_cable_knit_grey/base_only/seed_12/result.png,/cluster/users/grad/2025/25t8103/project/outputs/pretty_matrix/pillow_same_color_cable_knit_grey/base_only/seed_12/result.png,base_only,canonical method directory,aligned,rater_01/images/item_042_B.png
rater_01,item_042,rater_01_item_042_C,T5_same_color_material,pillow_same_color_cable_knit_grey,12,C,adaptive_full_generic_support,Generic support control,experiments/support_v3_2026-06-02/normalized_512/sources/pillow_same_color_cable_knit_grey.png,outputs/pretty_matrix/pillow_same_color_cable_knit_grey/adaptive_full_generic_support/seed_12/result.png,/cluster/users/grad/2025/25t8103/project/outputs/pretty_matrix/pillow_same_color_cable_knit_grey/adaptive_full_generic_support/seed_12/result.png,adaptive_full_generic_support,canonical method directory,aligned,rater_01/images/item_042_C.png
rater_01,item_042,rater_01_item_042_D,T5_same_color_material,pillow_same_color_cable_knit_grey,12,D,direct_target,Direct target guidance,experiments/support_v3_2026-06-02/normalized_512/sources/pillow_same_color_cable_knit_grey.png,outputs/pretty_matrix/pillow_same_color_cable_knit_grey/direct_target/seed_12/result.png,/cluster/users/grad/2025/25t8103/project/outputs/pretty_matrix/pillow_same_color_cable_knit_grey/direct_target/seed_12/result.png,direct_target,canonical method directory,aligned,rater_01/images/item_042_D.png
rater_01,item_043,rater_01_item_043_A,T5_same_color_material,pillow_same_color_cable_knit_armchair,10,A,support_v3_controller_rmsgap,CleanEdit,experiments/support_v3_2026-06-02/normalized_512/sources/pillow_same_color_cable_knit_armchair.png,outputs/pretty_matrix/pillow_same_color_cable_knit_armchair/support_v3_controller_rmsgap/seed_10/result.png,/cluster/users/grad/2025/25t8103/project/outputs/pretty_matrix/pillow_same_color_cable_knit_armchair/support_v3_controller_rmsgap/seed_10/result.png,support_v3_controller_rmsgap,formal T5 CleanEdit run,aligned,rater_01/images/item_043_A.png
rater_01,item_043,rater_01_item_043_B,T5_same_color_material,pillow_same_color_cable_knit_armchair,10,B,direct_target,Direct target guidance,experiments/support_v3_2026-06-02/normalized_512/sources/pillow_same_color_cable_knit_armchair.png,outputs/pretty_matrix/pillow_same_color_cable_knit_armchair/direct_target/seed_10/result.png,/cluster/users/grad/2025/25t8103/project/outputs/pretty_matrix/pillow_same_color_cable_knit_armchair/direct_target/seed_10/result.png,direct_target,canonical method directory,aligned,rater_01/images/item_043_B.png
rater_01,item_043,rater_01_item_043_C,T5_same_color_material,pillow_same_color_cable_knit_armchair,10,C,adaptive_full_generic_support,Generic support control,experiments/support_v3_2026-06-02/normalized_512/sources/pillow_same_color_cable_knit_armchair.png,outputs/pretty_matrix/pillow_same_color_cable_knit_armchair/adaptive_full_generic_support/seed_10/result.png,/cluster/users/grad/2025/25t8103/project/outputs/pretty_matrix/pillow_same_color_cable_knit_armchair/adaptive_full_generic_support/seed_10/result.png,adaptive_full_generic_support,canonical method directory,aligned,rater_01/images/item_043_C.png
rater_01,item_043,rater_01_item_043_D,T5_same_color_material,pillow_same_color_cable_knit_armchair,10,D,base_only,RF reconstruction / base reconstruction,experiments/support_v3_2026-06-02/normalized_512/sources/pillow_same_color_cable_knit_armchair.png,outputs/pretty_matrix/pillow_same_color_cable_knit_armchair/base_only/seed_10/result.png,/cluster/users/grad/2025/25t8103/project/outputs/pretty_matrix/pillow_same_color_cable_knit_armchair/base_only/seed_10/result.png,base_only,canonical method directory,aligned,rater_01/images/item_043_D.png
rater_01,item_044,rater_01_item_044_A,T5_same_color_material,pillow_same_color_cable_knit_armchair,11,A,adaptive_full_generic_support,Generic support control,experiments/support_v3_2026-06-02/normalized_512/sources/pillow_same_color_cable_knit_armchair.png,outputs/pretty_matrix/pillow_same_color_cable_knit_armchair/adaptive_full_generic_support/seed_11/result.png,/cluster/users/grad/2025/25t8103/project/outputs/pretty_matrix/pillow_same_color_cable_knit_armchair/adaptive_full_generic_support/seed_11/result.png,adaptive_full_generic_support,canonical method directory,aligned,rater_01/images/item_044_A.png
rater_01,item_044,rater_01_item_044_B,T5_same_color_material,pillow_same_color_cable_knit_armchair,11,B,direct_target,Direct target guidance,experiments/support_v3_2026-06-02/normalized_512/sources/pillow_same_color_cable_knit_armchair.png,outputs/pretty_matrix/pillow_same_color_cable_knit_armchair/direct_target/seed_11/result.png,/cluster/users/grad/2025/25t8103/project/outputs/pretty_matrix/pillow_same_color_cable_knit_armchair/direct_target/seed_11/result.png,direct_target,canonical method directory,aligned,rater_01/images/item_044_B.png
rater_01,item_044,rater_01_item_044_C,T5_same_color_material,pillow_same_color_cable_knit_armchair,11,C,support_v3_controller_rmsgap,CleanEdit,experiments/support_v3_2026-06-02/normalized_512/sources/pillow_same_color_cable_knit_armchair.png,outputs/pretty_matrix/pillow_same_color_cable_knit_armchair/support_v3_controller_rmsgap/seed_11/result.png,/cluster/users/grad/2025/25t8103/project/outputs/pretty_matrix/pillow_same_color_cable_knit_armchair/support_v3_controller_rmsgap/seed_11/result.png,support_v3_controller_rmsgap,formal T5 CleanEdit run,aligned,rater_01/images/item_044_C.png
rater_01,item_044,rater_01_item_044_D,T5_same_color_material,pillow_same_color_cable_knit_armchair,11,D,base_only,RF reconstruction / base reconstruction,experiments/support_v3_2026-06-02/normalized_512/sources/pillow_same_color_cable_knit_armchair.png,outputs/pretty_matrix/pillow_same_color_cable_knit_armchair/base_only/seed_11/result.png,/cluster/users/grad/2025/25t8103/project/outputs/pretty_matrix/pillow_same_color_cable_knit_armchair/base_only/seed_11/result.png,base_only,canonical method directory,aligned,rater_01/images/item_044_D.png
rater_01,item_045,rater_01_item_045_A,T5_same_color_material,pillow_same_color_cable_knit_armchair,12,A,direct_target,Direct target guidance,experiments/support_v3_2026-06-02/normalized_512/sources/pillow_same_color_cable_knit_armchair.png,outputs/pretty_matrix/pillow_same_color_cable_knit_armchair/direct_target/seed_12/result.png,/cluster/users/grad/2025/25t8103/project/outputs/pretty_matrix/pillow_same_color_cable_knit_armchair/direct_target/seed_12/result.png,direct_target,canonical method directory,aligned,rater_01/images/item_045_A.png
rater_01,item_045,rater_01_item_045_B,T5_same_color_material,pillow_same_color_cable_knit_armchair,12,B,base_only,RF reconstruction / base reconstruction,experiments/support_v3_2026-06-02/normalized_512/sources/pillow_same_color_cable_knit_armchair.png,outputs/pretty_matrix/pillow_same_color_cable_knit_armchair/base_only/seed_12/result.png,/cluster/users/grad/2025/25t8103/project/outputs/pretty_matrix/pillow_same_color_cable_knit_armchair/base_only/seed_12/result.png,base_only,canonical method directory,aligned,rater_01/images/item_045_B.png
rater_01,item_045,rater_01_item_045_C,T5_same_color_material,pillow_same_color_cable_knit_armchair,12,C,adaptive_full_generic_support,Generic support control,experiments/support_v3_2026-06-02/normalized_512/sources/pillow_same_color_cable_knit_armchair.png,outputs/pretty_matrix/pillow_same_color_cable_knit_armchair/adaptive_full_generic_support/seed_12/result.png,/cluster/users/grad/2025/25t8103/project/outputs/pretty_matrix/pillow_same_color_cable_knit_armchair/adaptive_full_generic_support/seed_12/result.png,adaptive_full_generic_support,canonical method directory,aligned,rater_01/images/item_045_C.png
rater_01,item_045,rater_01_item_045_D,T5_same_color_material,pillow_same_color_cable_knit_armchair,12,D,support_v3_controller_rmsgap,CleanEdit,experiments/support_v3_2026-06-02/normalized_512/sources/pillow_same_color_cable_knit_armchair.png,outputs/pretty_matrix/pillow_same_color_cable_knit_armchair/support_v3_controller_rmsgap/seed_12/result.png,/cluster/users/grad/2025/25t8103/project/outputs/pretty_matrix/pillow_same_color_cable_knit_armchair/support_v3_controller_rmsgap/seed_12/result.png,support_v3_controller_rmsgap,formal T5 CleanEdit run,aligned,rater_01/images/item_045_D.png
rater_02,item_001,rater_02_item_001_A,T1_attached_accessory,cat_crown,10,A,support_v3_controller_rmsgap,CleanEdit,experiments/support_v3_2026-06-02/normalized_512/sources/cat_crown.png,outputs/pretty_matrix/cat_crown/support_v3_controller_rmsgap_t1t4_3seed_20260609/seed_10/result.png,/cluster/users/grad/2025/25t8103/project/outputs/pretty_matrix/cat_crown/support_v3_controller_rmsgap/seed_10/result.png,support_v3_controller_rmsgap_t1t4_3seed_20260609,formal T1-T4 three-seed CleanEdit rerun,needs_metric_refresh,rater_02/images/item_001_A.png
rater_02,item_001,rater_02_item_001_B,T1_attached_accessory,cat_crown,10,B,base_only,RF reconstruction / base reconstruction,experiments/support_v3_2026-06-02/normalized_512/sources/cat_crown.png,outputs/pretty_matrix/cat_crown/base_only/seed_10/result.png,/cluster/users/grad/2025/25t8103/project/outputs/pretty_matrix/cat_crown/base_only/seed_10/result.png,base_only,canonical method directory,aligned,rater_02/images/item_001_B.png
rater_02,item_001,rater_02_item_001_C,T1_attached_accessory,cat_crown,10,C,adaptive_full_generic_support,Generic support control,experiments/support_v3_2026-06-02/normalized_512/sources/cat_crown.png,outputs/pretty_matrix/cat_crown/adaptive_full_generic_support/seed_10/result.png,/cluster/users/grad/2025/25t8103/project/outputs/pretty_matrix/cat_crown/adaptive_full_generic_support/seed_10/result.png,adaptive_full_generic_support,canonical method directory,aligned,rater_02/images/item_001_C.png
rater_02,item_001,rater_02_item_001_D,T1_attached_accessory,cat_crown,10,D,direct_target,Direct target guidance,experiments/support_v3_2026-06-02/normalized_512/sources/cat_crown.png,outputs/pretty_matrix/cat_crown/direct_target/seed_10/result.png,/cluster/users/grad/2025/25t8103/project/outputs/pretty_matrix/cat_crown/direct_target/seed_10/result.png,direct_target,canonical method directory,aligned,rater_02/images/item_001_D.png
rater_02,item_002,rater_02_item_002_A,T1_attached_accessory,cat_crown,11,A,support_v3_controller_rmsgap,CleanEdit,experiments/support_v3_2026-06-02/normalized_512/sources/cat_crown.png,outputs/pretty_matrix/cat_crown/support_v3_controller_rmsgap_t1t4_3seed_20260609/seed_11/result.png,/cluster/users/grad/2025/25t8103/project/outputs/pretty_matrix/cat_crown/support_v3_controller_rmsgap/seed_11/result.png,support_v3_controller_rmsgap_t1t4_3seed_20260609,formal T1-T4 three-seed CleanEdit rerun,needs_metric_refresh,rater_02/images/item_002_A.png
rater_02,item_002,rater_02_item_002_B,T1_attached_accessory,cat_crown,11,B,direct_target,Direct target guidance,experiments/support_v3_2026-06-02/normalized_512/sources/cat_crown.png,outputs/pretty_matrix/cat_crown/direct_target/seed_11/result.png,/cluster/users/grad/2025/25t8103/project/outputs/pretty_matrix/cat_crown/direct_target/seed_11/result.png,direct_target,canonical method directory,aligned,rater_02/images/item_002_B.png
rater_02,item_002,rater_02_item_002_C,T1_attached_accessory,cat_crown,11,C,base_only,RF reconstruction / base reconstruction,experiments/support_v3_2026-06-02/normalized_512/sources/cat_crown.png,outputs/pretty_matrix/cat_crown/base_only/seed_11/result.png,/cluster/users/grad/2025/25t8103/project/outputs/pretty_matrix/cat_crown/base_only/seed_11/result.png,base_only,canonical method directory,aligned,rater_02/images/item_002_C.png
rater_02,item_002,rater_02_item_002_D,T1_attached_accessory,cat_crown,11,D,adaptive_full_generic_support,Generic support control,experiments/support_v3_2026-06-02/normalized_512/sources/cat_crown.png,outputs/pretty_matrix/cat_crown/adaptive_full_generic_support/seed_11/result.png,/cluster/users/grad/2025/25t8103/project/outputs/pretty_matrix/cat_crown/adaptive_full_generic_support/seed_11/result.png,adaptive_full_generic_support,canonical method directory,aligned,rater_02/images/item_002_D.png
rater_02,item_003,rater_02_item_003_A,T1_attached_accessory,cat_crown,12,A,adaptive_full_generic_support,Generic support control,experiments/support_v3_2026-06-02/normalized_512/sources/cat_crown.png,outputs/pretty_matrix/cat_crown/adaptive_full_generic_support/seed_12/result.png,/cluster/users/grad/2025/25t8103/project/outputs/pretty_matrix/cat_crown/adaptive_full_generic_support/seed_12/result.png,adaptive_full_generic_support,canonical method directory,aligned,rater_02/images/item_003_A.png
rater_02,item_003,rater_02_item_003_B,T1_attached_accessory,cat_crown,12,B,support_v3_controller_rmsgap,CleanEdit,experiments/support_v3_2026-06-02/normalized_512/sources/cat_crown.png,outputs/pretty_matrix/cat_crown/support_v3_controller_rmsgap_t1t4_3seed_20260609/seed_12/result.png,/cluster/users/grad/2025/25t8103/project/outputs/pretty_matrix/cat_crown/support_v3_controller_rmsgap/seed_12/result.png,support_v3_controller_rmsgap_t1t4_3seed_20260609,formal T1-T4 three-seed CleanEdit rerun,needs_metric_refresh,rater_02/images/item_003_B.png
rater_02,item_003,rater_02_item_003_C,T1_attached_accessory,cat_crown,12,C,base_only,RF reconstruction / base reconstruction,experiments/support_v3_2026-06-02/normalized_512/sources/cat_crown.png,outputs/pretty_matrix/cat_crown/base_only/seed_12/result.png,/cluster/users/grad/2025/25t8103/project/outputs/pretty_matrix/cat_crown/base_only/seed_12/result.png,base_only,canonical method directory,aligned,rater_02/images/item_003_C.png
rater_02,item_003,rater_02_item_003_D,T1_attached_accessory,cat_crown,12,D,direct_target,Direct target guidance,experiments/support_v3_2026-06-02/normalized_512/sources/cat_crown.png,outputs/pretty_matrix/cat_crown/direct_target/seed_12/result.png,/cluster/users/grad/2025/25t8103/project/outputs/pretty_matrix/cat_crown/direct_target/seed_12/result.png,direct_target,canonical method directory,aligned,rater_02/images/item_003_D.png
rater_02,item_004,rater_02_item_004_A,T1_attached_accessory,dog_bow_tie_phase2,10,A,base_only,RF reconstruction / base reconstruction,experiments/support_v3_2026-06-02/normalized_512/sources/dog_bow_tie_phase2.png,outputs/pretty_matrix/dog_bow_tie_phase2/base_only/seed_10/result.png,/cluster/users/grad/2025/25t8103/project/outputs/pretty_matrix/dog_bow_tie_phase2/base_only/seed_10/result.png,base_only,canonical method directory,aligned,rater_02/images/item_004_A.png
rater_02,item_004,rater_02_item_004_B,T1_attached_accessory,dog_bow_tie_phase2,10,B,adaptive_full_generic_support,Generic support control,experiments/support_v3_2026-06-02/normalized_512/sources/dog_bow_tie_phase2.png,outputs/pretty_matrix/dog_bow_tie_phase2/adaptive_full_generic_support/seed_10/result.png,/cluster/users/grad/2025/25t8103/project/outputs/pretty_matrix/dog_bow_tie_phase2/adaptive_full_generic_support/seed_10/result.png,adaptive_full_generic_support,canonical method directory,aligned,rater_02/images/item_004_B.png
rater_02,item_004,rater_02_item_004_C,T1_attached_accessory,dog_bow_tie_phase2,10,C,direct_target,Direct target guidance,experiments/support_v3_2026-06-02/normalized_512/sources/dog_bow_tie_phase2.png,outputs/pretty_matrix/dog_bow_tie_phase2/direct_target/seed_10/result.png,/cluster/users/grad/2025/25t8103/project/outputs/pretty_matrix/dog_bow_tie_phase2/direct_target/seed_10/result.png,direct_target,canonical method directory,aligned,rater_02/images/item_004_C.png
rater_02,item_004,rater_02_item_004_D,T1_attached_accessory,dog_bow_tie_phase2,10,D,support_v3_controller_rmsgap,CleanEdit,experiments/support_v3_2026-06-02/normalized_512/sources/dog_bow_tie_phase2.png,outputs/pretty_matrix/dog_bow_tie_phase2/support_v3_controller_rmsgap_t1t4_3seed_20260609/seed_10/result.png,/cluster/users/grad/2025/25t8103/project/outputs/pretty_matrix/dog_bow_tie_phase2/support_v3_controller_rmsgap/seed_10/result.png,support_v3_controller_rmsgap_t1t4_3seed_20260609,formal T1-T4 three-seed CleanEdit rerun,needs_metric_refresh,rater_02/images/item_004_D.png
rater_02,item_005,rater_02_item_005_A,T1_attached_accessory,dog_bow_tie_phase2,11,A,adaptive_full_generic_support,Generic support control,experiments/support_v3_2026-06-02/normalized_512/sources/dog_bow_tie_phase2.png,outputs/pretty_matrix/dog_bow_tie_phase2/adaptive_full_generic_support/seed_11/result.png,/cluster/users/grad/2025/25t8103/project/outputs/pretty_matrix/dog_bow_tie_phase2/adaptive_full_generic_support/seed_11/result.png,adaptive_full_generic_support,canonical method directory,aligned,rater_02/images/item_005_A.png
rater_02,item_005,rater_02_item_005_B,T1_attached_accessory,dog_bow_tie_phase2,11,B,direct_target,Direct target guidance,experiments/support_v3_2026-06-02/normalized_512/sources/dog_bow_tie_phase2.png,outputs/pretty_matrix/dog_bow_tie_phase2/direct_target/seed_11/result.png,/cluster/users/grad/2025/25t8103/project/outputs/pretty_matrix/dog_bow_tie_phase2/direct_target/seed_11/result.png,direct_target,canonical method directory,aligned,rater_02/images/item_005_B.png
rater_02,item_005,rater_02_item_005_C,T1_attached_accessory,dog_bow_tie_phase2,11,C,support_v3_controller_rmsgap,CleanEdit,experiments/support_v3_2026-06-02/normalized_512/sources/dog_bow_tie_phase2.png,outputs/pretty_matrix/dog_bow_tie_phase2/support_v3_controller_rmsgap_t1t4_3seed_20260609/seed_11/result.png,/cluster/users/grad/2025/25t8103/project/outputs/pretty_matrix/dog_bow_tie_phase2/support_v3_controller_rmsgap/seed_11/result.png,support_v3_controller_rmsgap_t1t4_3seed_20260609,formal T1-T4 three-seed CleanEdit rerun,needs_metric_refresh,rater_02/images/item_005_C.png
rater_02,item_005,rater_02_item_005_D,T1_attached_accessory,dog_bow_tie_phase2,11,D,base_only,RF reconstruction / base reconstruction,experiments/support_v3_2026-06-02/normalized_512/sources/dog_bow_tie_phase2.png,outputs/pretty_matrix/dog_bow_tie_phase2/base_only/seed_11/result.png,/cluster/users/grad/2025/25t8103/project/outputs/pretty_matrix/dog_bow_tie_phase2/base_only/seed_11/result.png,base_only,canonical method directory,aligned,rater_02/images/item_005_D.png
rater_02,item_006,rater_02_item_006_A,T1_attached_accessory,dog_bow_tie_phase2,12,A,adaptive_full_generic_support,Generic support control,experiments/support_v3_2026-06-02/normalized_512/sources/dog_bow_tie_phase2.png,outputs/pretty_matrix/dog_bow_tie_phase2/adaptive_full_generic_support/seed_12/result.png,/cluster/users/grad/2025/25t8103/project/outputs/pretty_matrix/dog_bow_tie_phase2/adaptive_full_generic_support/seed_12/result.png,adaptive_full_generic_support,canonical method directory,aligned,rater_02/images/item_006_A.png
rater_02,item_006,rater_02_item_006_B,T1_attached_accessory,dog_bow_tie_phase2,12,B,support_v3_controller_rmsgap,CleanEdit,experiments/support_v3_2026-06-02/normalized_512/sources/dog_bow_tie_phase2.png,outputs/pretty_matrix/dog_bow_tie_phase2/support_v3_controller_rmsgap_t1t4_3seed_20260609/seed_12/result.png,/cluster/users/grad/2025/25t8103/project/outputs/pretty_matrix/dog_bow_tie_phase2/support_v3_controller_rmsgap/seed_12/result.png,support_v3_controller_rmsgap_t1t4_3seed_20260609,formal T1-T4 three-seed CleanEdit rerun,needs_metric_refresh,rater_02/images/item_006_B.png
rater_02,item_006,rater_02_item_006_C,T1_attached_accessory,dog_bow_tie_phase2,12,C,direct_target,Direct target guidance,experiments/support_v3_2026-06-02/normalized_512/sources/dog_bow_tie_phase2.png,outputs/pretty_matrix/dog_bow_tie_phase2/direct_target/seed_12/result.png,/cluster/users/grad/2025/25t8103/project/outputs/pretty_matrix/dog_bow_tie_phase2/direct_target/seed_12/result.png,direct_target,canonical method directory,aligned,rater_02/images/item_006_C.png
rater_02,item_006,rater_02_item_006_D,T1_attached_accessory,dog_bow_tie_phase2,12,D,base_only,RF reconstruction / base reconstruction,experiments/support_v3_2026-06-02/normalized_512/sources/dog_bow_tie_phase2.png,outputs/pretty_matrix/dog_bow_tie_phase2/base_only/seed_12/result.png,/cluster/users/grad/2025/25t8103/project/outputs/pretty_matrix/dog_bow_tie_phase2/base_only/seed_12/result.png,base_only,canonical method directory,aligned,rater_02/images/item_006_D.png
rater_02,item_007,rater_02_item_007_A,T1_attached_accessory,dog_front_sunglasses_phase2,10,A,support_v3_controller_rmsgap,CleanEdit,experiments/support_v3_2026-06-02/normalized_512/sources/dog_front_sunglasses_phase2.png,outputs/pretty_matrix/dog_front_sunglasses_phase2/support_v3_controller_rmsgap_t1t4_3seed_20260609/seed_10/result.png,/cluster/users/grad/2025/25t8103/project/outputs/pretty_matrix/dog_front_sunglasses_phase2/support_v3_controller_rmsgap/seed_10/result.png,support_v3_controller_rmsgap_t1t4_3seed_20260609,formal T1-T4 three-seed CleanEdit rerun,needs_metric_refresh,rater_02/images/item_007_A.png
rater_02,item_007,rater_02_item_007_B,T1_attached_accessory,dog_front_sunglasses_phase2,10,B,adaptive_full_generic_support,Generic support control,experiments/support_v3_2026-06-02/normalized_512/sources/dog_front_sunglasses_phase2.png,outputs/pretty_matrix/dog_front_sunglasses_phase2/adaptive_full_generic_support/seed_10/result.png,/cluster/users/grad/2025/25t8103/project/outputs/pretty_matrix/dog_front_sunglasses_phase2/adaptive_full_generic_support/seed_10/result.png,adaptive_full_generic_support,canonical method directory,aligned,rater_02/images/item_007_B.png
rater_02,item_007,rater_02_item_007_C,T1_attached_accessory,dog_front_sunglasses_phase2,10,C,base_only,RF reconstruction / base reconstruction,experiments/support_v3_2026-06-02/normalized_512/sources/dog_front_sunglasses_phase2.png,outputs/pretty_matrix/dog_front_sunglasses_phase2/base_only/seed_10/result.png,/cluster/users/grad/2025/25t8103/project/outputs/pretty_matrix/dog_front_sunglasses_phase2/base_only/seed_10/result.png,base_only,canonical method directory,aligned,rater_02/images/item_007_C.png
rater_02,item_007,rater_02_item_007_D,T1_attached_accessory,dog_front_sunglasses_phase2,10,D,direct_target,Direct target guidance,experiments/support_v3_2026-06-02/normalized_512/sources/dog_front_sunglasses_phase2.png,outputs/pretty_matrix/dog_front_sunglasses_phase2/direct_target/seed_10/result.png,/cluster/users/grad/2025/25t8103/project/outputs/pretty_matrix/dog_front_sunglasses_phase2/direct_target/seed_10/result.png,direct_target,canonical method directory,aligned,rater_02/images/item_007_D.png
rater_02,item_008,rater_02_item_008_A,T1_attached_accessory,dog_front_sunglasses_phase2,11,A,support_v3_controller_rmsgap,CleanEdit,experiments/support_v3_2026-06-02/normalized_512/sources/dog_front_sunglasses_phase2.png,outputs/pretty_matrix/dog_front_sunglasses_phase2/support_v3_controller_rmsgap_t1t4_3seed_20260609/seed_11/result.png,/cluster/users/grad/2025/25t8103/project/outputs/pretty_matrix/dog_front_sunglasses_phase2/support_v3_controller_rmsgap/seed_11/result.png,support_v3_controller_rmsgap_t1t4_3seed_20260609,formal T1-T4 three-seed CleanEdit rerun,needs_metric_refresh,rater_02/images/item_008_A.png
rater_02,item_008,rater_02_item_008_B,T1_attached_accessory,dog_front_sunglasses_phase2,11,B,base_only,RF reconstruction / base reconstruction,experiments/support_v3_2026-06-02/normalized_512/sources/dog_front_sunglasses_phase2.png,outputs/pretty_matrix/dog_front_sunglasses_phase2/base_only/seed_11/result.png,/cluster/users/grad/2025/25t8103/project/outputs/pretty_matrix/dog_front_sunglasses_phase2/base_only/seed_11/result.png,base_only,canonical method directory,aligned,rater_02/images/item_008_B.png
rater_02,item_008,rater_02_item_008_C,T1_attached_accessory,dog_front_sunglasses_phase2,11,C,adaptive_full_generic_support,Generic support control,experiments/support_v3_2026-06-02/normalized_512/sources/dog_front_sunglasses_phase2.png,outputs/pretty_matrix/dog_front_sunglasses_phase2/adaptive_full_generic_support/seed_11/result.png,/cluster/users/grad/2025/25t8103/project/outputs/pretty_matrix/dog_front_sunglasses_phase2/adaptive_full_generic_support/seed_11/result.png,adaptive_full_generic_support,canonical method directory,aligned,rater_02/images/item_008_C.png
rater_02,item_008,rater_02_item_008_D,T1_attached_accessory,dog_front_sunglasses_phase2,11,D,direct_target,Direct target guidance,experiments/support_v3_2026-06-02/normalized_512/sources/dog_front_sunglasses_phase2.png,outputs/pretty_matrix/dog_front_sunglasses_phase2/direct_target/seed_11/result.png,/cluster/users/grad/2025/25t8103/project/outputs/pretty_matrix/dog_front_sunglasses_phase2/direct_target/seed_11/result.png,direct_target,canonical method directory,aligned,rater_02/images/item_008_D.png
rater_02,item_009,rater_02_item_009_A,T1_attached_accessory,dog_front_sunglasses_phase2,12,A,adaptive_full_generic_support,Generic support control,experiments/support_v3_2026-06-02/normalized_512/sources/dog_front_sunglasses_phase2.png,outputs/pretty_matrix/dog_front_sunglasses_phase2/adaptive_full_generic_support/seed_12/result.png,/cluster/users/grad/2025/25t8103/project/outputs/pretty_matrix/dog_front_sunglasses_phase2/adaptive_full_generic_support/seed_12/result.png,adaptive_full_generic_support,canonical method directory,aligned,rater_02/images/item_009_A.png
rater_02,item_009,rater_02_item_009_B,T1_attached_accessory,dog_front_sunglasses_phase2,12,B,base_only,RF reconstruction / base reconstruction,experiments/support_v3_2026-06-02/normalized_512/sources/dog_front_sunglasses_phase2.png,outputs/pretty_matrix/dog_front_sunglasses_phase2/base_only/seed_12/result.png,/cluster/users/grad/2025/25t8103/project/outputs/pretty_matrix/dog_front_sunglasses_phase2/base_only/seed_12/result.png,base_only,canonical method directory,aligned,rater_02/images/item_009_B.png
rater_02,item_009,rater_02_item_009_C,T1_attached_accessory,dog_front_sunglasses_phase2,12,C,direct_target,Direct target guidance,experiments/support_v3_2026-06-02/normalized_512/sources/dog_front_sunglasses_phase2.png,outputs/pretty_matrix/dog_front_sunglasses_phase2/direct_target/seed_12/result.png,/cluster/users/grad/2025/25t8103/project/outputs/pretty_matrix/dog_front_sunglasses_phase2/direct_target/seed_12/result.png,direct_target,canonical method directory,aligned,rater_02/images/item_009_C.png
rater_02,item_009,rater_02_item_009_D,T1_attached_accessory,dog_front_sunglasses_phase2,12,D,support_v3_controller_rmsgap,CleanEdit,experiments/support_v3_2026-06-02/normalized_512/sources/dog_front_sunglasses_phase2.png,outputs/pretty_matrix/dog_front_sunglasses_phase2/support_v3_controller_rmsgap_t1t4_3seed_20260609/seed_12/result.png,/cluster/users/grad/2025/25t8103/project/outputs/pretty_matrix/dog_front_sunglasses_phase2/support_v3_controller_rmsgap/seed_12/result.png,support_v3_controller_rmsgap_t1t4_3seed_20260609,formal T1-T4 three-seed CleanEdit rerun,needs_metric_refresh,rater_02/images/item_009_D.png
rater_02,item_010,rater_02_item_010_A,T2_container_insertion,bowl_apple_inside,10,A,support_v3_controller_rmsgap,CleanEdit,experiments/support_v3_2026-06-02/normalized_512/sources/bowl_apple_inside.png,outputs/pretty_matrix/bowl_apple_inside/support_v3_controller_rmsgap_t1t4_3seed_20260609/seed_10/result.png,/cluster/users/grad/2025/25t8103/project/outputs/pretty_matrix/bowl_apple_inside/support_v3_controller_rmsgap/seed_10/result.png,support_v3_controller_rmsgap_t1t4_3seed_20260609,formal T1-T4 three-seed CleanEdit rerun,needs_metric_refresh,rater_02/images/item_010_A.png
rater_02,item_010,rater_02_item_010_B,T2_container_insertion,bowl_apple_inside,10,B,adaptive_full_generic_support,Generic support control,experiments/support_v3_2026-06-02/normalized_512/sources/bowl_apple_inside.png,outputs/pretty_matrix/bowl_apple_inside/adaptive_full_generic_support/seed_10/result.png,/cluster/users/grad/2025/25t8103/project/outputs/pretty_matrix/bowl_apple_inside/adaptive_full_generic_support/seed_10/result.png,adaptive_full_generic_support,canonical method directory,aligned,rater_02/images/item_010_B.png
rater_02,item_010,rater_02_item_010_C,T2_container_insertion,bowl_apple_inside,10,C,base_only,RF reconstruction / base reconstruction,experiments/support_v3_2026-06-02/normalized_512/sources/bowl_apple_inside.png,outputs/pretty_matrix/bowl_apple_inside/base_only/seed_10/result.png,/cluster/users/grad/2025/25t8103/project/outputs/pretty_matrix/bowl_apple_inside/base_only/seed_10/result.png,base_only,canonical method directory,aligned,rater_02/images/item_010_C.png
rater_02,item_010,rater_02_item_010_D,T2_container_insertion,bowl_apple_inside,10,D,direct_target,Direct target guidance,experiments/support_v3_2026-06-02/normalized_512/sources/bowl_apple_inside.png,outputs/pretty_matrix/bowl_apple_inside/direct_target/seed_10/result.png,/cluster/users/grad/2025/25t8103/project/outputs/pretty_matrix/bowl_apple_inside/direct_target/seed_10/result.png,direct_target,canonical method directory,aligned,rater_02/images/item_010_D.png
rater_02,item_011,rater_02_item_011_A,T2_container_insertion,bowl_apple_inside,11,A,support_v3_controller_rmsgap,CleanEdit,experiments/support_v3_2026-06-02/normalized_512/sources/bowl_apple_inside.png,outputs/pretty_matrix/bowl_apple_inside/support_v3_controller_rmsgap_t1t4_3seed_20260609/seed_11/result.png,/cluster/users/grad/2025/25t8103/project/outputs/pretty_matrix/bowl_apple_inside/support_v3_controller_rmsgap/seed_11/result.png,support_v3_controller_rmsgap_t1t4_3seed_20260609,formal T1-T4 three-seed CleanEdit rerun,needs_metric_refresh,rater_02/images/item_011_A.png
rater_02,item_011,rater_02_item_011_B,T2_container_insertion,bowl_apple_inside,11,B,adaptive_full_generic_support,Generic support control,experiments/support_v3_2026-06-02/normalized_512/sources/bowl_apple_inside.png,outputs/pretty_matrix/bowl_apple_inside/adaptive_full_generic_support/seed_11/result.png,/cluster/users/grad/2025/25t8103/project/outputs/pretty_matrix/bowl_apple_inside/adaptive_full_generic_support/seed_11/result.png,adaptive_full_generic_support,canonical method directory,aligned,rater_02/images/item_011_B.png
rater_02,item_011,rater_02_item_011_C,T2_container_insertion,bowl_apple_inside,11,C,base_only,RF reconstruction / base reconstruction,experiments/support_v3_2026-06-02/normalized_512/sources/bowl_apple_inside.png,outputs/pretty_matrix/bowl_apple_inside/base_only/seed_11/result.png,/cluster/users/grad/2025/25t8103/project/outputs/pretty_matrix/bowl_apple_inside/base_only/seed_11/result.png,base_only,canonical method directory,aligned,rater_02/images/item_011_C.png
rater_02,item_011,rater_02_item_011_D,T2_container_insertion,bowl_apple_inside,11,D,direct_target,Direct target guidance,experiments/support_v3_2026-06-02/normalized_512/sources/bowl_apple_inside.png,outputs/pretty_matrix/bowl_apple_inside/direct_target/seed_11/result.png,/cluster/users/grad/2025/25t8103/project/outputs/pretty_matrix/bowl_apple_inside/direct_target/seed_11/result.png,direct_target,canonical method directory,aligned,rater_02/images/item_011_D.png
rater_02,item_012,rater_02_item_012_A,T2_container_insertion,bowl_apple_inside,12,A,direct_target,Direct target guidance,experiments/support_v3_2026-06-02/normalized_512/sources/bowl_apple_inside.png,outputs/pretty_matrix/bowl_apple_inside/direct_target/seed_12/result.png,/cluster/users/grad/2025/25t8103/project/outputs/pretty_matrix/bowl_apple_inside/direct_target/seed_12/result.png,direct_target,canonical method directory,aligned,rater_02/images/item_012_A.png
rater_02,item_012,rater_02_item_012_B,T2_container_insertion,bowl_apple_inside,12,B,adaptive_full_generic_support,Generic support control,experiments/support_v3_2026-06-02/normalized_512/sources/bowl_apple_inside.png,outputs/pretty_matrix/bowl_apple_inside/adaptive_full_generic_support/seed_12/result.png,/cluster/users/grad/2025/25t8103/project/outputs/pretty_matrix/bowl_apple_inside/adaptive_full_generic_support/seed_12/result.png,adaptive_full_generic_support,canonical method directory,aligned,rater_02/images/item_012_B.png
rater_02,item_012,rater_02_item_012_C,T2_container_insertion,bowl_apple_inside,12,C,base_only,RF reconstruction / base reconstruction,experiments/support_v3_2026-06-02/normalized_512/sources/bowl_apple_inside.png,outputs/pretty_matrix/bowl_apple_inside/base_only/seed_12/result.png,/cluster/users/grad/2025/25t8103/project/outputs/pretty_matrix/bowl_apple_inside/base_only/seed_12/result.png,base_only,canonical method directory,aligned,rater_02/images/item_012_C.png
rater_02,item_012,rater_02_item_012_D,T2_container_insertion,bowl_apple_inside,12,D,support_v3_controller_rmsgap,CleanEdit,experiments/support_v3_2026-06-02/normalized_512/sources/bowl_apple_inside.png,outputs/pretty_matrix/bowl_apple_inside/support_v3_controller_rmsgap_t1t4_3seed_20260609/seed_12/result.png,/cluster/users/grad/2025/25t8103/project/outputs/pretty_matrix/bowl_apple_inside/support_v3_controller_rmsgap/seed_12/result.png,support_v3_controller_rmsgap_t1t4_3seed_20260609,formal T1-T4 three-seed CleanEdit rerun,needs_metric_refresh,rater_02/images/item_012_D.png
rater_02,item_013,rater_02_item_013_A,T2_container_insertion,white_bowl_orange_tabletop_phase2,10,A,support_v3_controller_rmsgap,CleanEdit,experiments/support_v3_2026-06-02/normalized_512/sources/white_bowl_orange_tabletop_phase2.png,outputs/pretty_matrix/white_bowl_orange_tabletop_phase2/support_v3_controller_rmsgap_failed3_fix6_20260609/seed_10/result.png,/cluster/users/grad/2025/25t8103/project/outputs/pretty_matrix/white_bowl_orange_tabletop_phase2/support_v3_controller_rmsgap/seed_10/result.png,support_v3_controller_rmsgap_failed3_fix6_20260609,selected repaired CleanEdit run with visible orange; plain seed 12 is a weak earlier run,needs_metric_refresh,rater_02/images/item_013_A.png
rater_02,item_013,rater_02_item_013_B,T2_container_insertion,white_bowl_orange_tabletop_phase2,10,B,base_only,RF reconstruction / base reconstruction,experiments/support_v3_2026-06-02/normalized_512/sources/white_bowl_orange_tabletop_phase2.png,outputs/pretty_matrix/white_bowl_orange_tabletop_phase2/base_only/seed_10/result.png,/cluster/users/grad/2025/25t8103/project/outputs/pretty_matrix/white_bowl_orange_tabletop_phase2/base_only/seed_10/result.png,base_only,canonical method directory,aligned,rater_02/images/item_013_B.png
rater_02,item_013,rater_02_item_013_C,T2_container_insertion,white_bowl_orange_tabletop_phase2,10,C,adaptive_full_generic_support,Generic support control,experiments/support_v3_2026-06-02/normalized_512/sources/white_bowl_orange_tabletop_phase2.png,outputs/pretty_matrix/white_bowl_orange_tabletop_phase2/adaptive_full_generic_support/seed_10/result.png,/cluster/users/grad/2025/25t8103/project/outputs/pretty_matrix/white_bowl_orange_tabletop_phase2/adaptive_full_generic_support/seed_10/result.png,adaptive_full_generic_support,canonical method directory,aligned,rater_02/images/item_013_C.png
rater_02,item_013,rater_02_item_013_D,T2_container_insertion,white_bowl_orange_tabletop_phase2,10,D,direct_target,Direct target guidance,experiments/support_v3_2026-06-02/normalized_512/sources/white_bowl_orange_tabletop_phase2.png,outputs/pretty_matrix/white_bowl_orange_tabletop_phase2/direct_target/seed_10/result.png,/cluster/users/grad/2025/25t8103/project/outputs/pretty_matrix/white_bowl_orange_tabletop_phase2/direct_target/seed_10/result.png,direct_target,canonical method directory,aligned,rater_02/images/item_013_D.png
rater_02,item_014,rater_02_item_014_A,T2_container_insertion,white_bowl_orange_tabletop_phase2,11,A,support_v3_controller_rmsgap,CleanEdit,experiments/support_v3_2026-06-02/normalized_512/sources/white_bowl_orange_tabletop_phase2.png,outputs/pretty_matrix/white_bowl_orange_tabletop_phase2/support_v3_controller_rmsgap_failed3_fix6_20260609/seed_11/result.png,/cluster/users/grad/2025/25t8103/project/outputs/pretty_matrix/white_bowl_orange_tabletop_phase2/support_v3_controller_rmsgap/seed_11/result.png,support_v3_controller_rmsgap_failed3_fix6_20260609,selected repaired CleanEdit run with visible orange; plain seed 12 is a weak earlier run,needs_metric_refresh,rater_02/images/item_014_A.png
rater_02,item_014,rater_02_item_014_B,T2_container_insertion,white_bowl_orange_tabletop_phase2,11,B,direct_target,Direct target guidance,experiments/support_v3_2026-06-02/normalized_512/sources/white_bowl_orange_tabletop_phase2.png,outputs/pretty_matrix/white_bowl_orange_tabletop_phase2/direct_target/seed_11/result.png,/cluster/users/grad/2025/25t8103/project/outputs/pretty_matrix/white_bowl_orange_tabletop_phase2/direct_target/seed_11/result.png,direct_target,canonical method directory,aligned,rater_02/images/item_014_B.png
rater_02,item_014,rater_02_item_014_C,T2_container_insertion,white_bowl_orange_tabletop_phase2,11,C,adaptive_full_generic_support,Generic support control,experiments/support_v3_2026-06-02/normalized_512/sources/white_bowl_orange_tabletop_phase2.png,outputs/pretty_matrix/white_bowl_orange_tabletop_phase2/adaptive_full_generic_support/seed_11/result.png,/cluster/users/grad/2025/25t8103/project/outputs/pretty_matrix/white_bowl_orange_tabletop_phase2/adaptive_full_generic_support/seed_11/result.png,adaptive_full_generic_support,canonical method directory,aligned,rater_02/images/item_014_C.png
rater_02,item_014,rater_02_item_014_D,T2_container_insertion,white_bowl_orange_tabletop_phase2,11,D,base_only,RF reconstruction / base reconstruction,experiments/support_v3_2026-06-02/normalized_512/sources/white_bowl_orange_tabletop_phase2.png,outputs/pretty_matrix/white_bowl_orange_tabletop_phase2/base_only/seed_11/result.png,/cluster/users/grad/2025/25t8103/project/outputs/pretty_matrix/white_bowl_orange_tabletop_phase2/base_only/seed_11/result.png,base_only,canonical method directory,aligned,rater_02/images/item_014_D.png
rater_02,item_015,rater_02_item_015_A,T2_container_insertion,white_bowl_orange_tabletop_phase2,12,A,direct_target,Direct target guidance,experiments/support_v3_2026-06-02/normalized_512/sources/white_bowl_orange_tabletop_phase2.png,outputs/pretty_matrix/white_bowl_orange_tabletop_phase2/direct_target/seed_12/result.png,/cluster/users/grad/2025/25t8103/project/outputs/pretty_matrix/white_bowl_orange_tabletop_phase2/direct_target/seed_12/result.png,direct_target,canonical method directory,aligned,rater_02/images/item_015_A.png
rater_02,item_015,rater_02_item_015_B,T2_container_insertion,white_bowl_orange_tabletop_phase2,12,B,support_v3_controller_rmsgap,CleanEdit,experiments/support_v3_2026-06-02/normalized_512/sources/white_bowl_orange_tabletop_phase2.png,outputs/pretty_matrix/white_bowl_orange_tabletop_phase2/support_v3_controller_rmsgap_failed3_fix6_20260609/seed_12/result.png,/cluster/users/grad/2025/25t8103/project/outputs/pretty_matrix/white_bowl_orange_tabletop_phase2/support_v3_controller_rmsgap/seed_12/result.png,support_v3_controller_rmsgap_failed3_fix6_20260609,selected repaired CleanEdit run with visible orange; plain seed 12 is a weak earlier run,needs_metric_refresh,rater_02/images/item_015_B.png
rater_02,item_015,rater_02_item_015_C,T2_container_insertion,white_bowl_orange_tabletop_phase2,12,C,base_only,RF reconstruction / base reconstruction,experiments/support_v3_2026-06-02/normalized_512/sources/white_bowl_orange_tabletop_phase2.png,outputs/pretty_matrix/white_bowl_orange_tabletop_phase2/base_only/seed_12/result.png,/cluster/users/grad/2025/25t8103/project/outputs/pretty_matrix/white_bowl_orange_tabletop_phase2/base_only/seed_12/result.png,base_only,canonical method directory,aligned,rater_02/images/item_015_C.png
rater_02,item_015,rater_02_item_015_D,T2_container_insertion,white_bowl_orange_tabletop_phase2,12,D,adaptive_full_generic_support,Generic support control,experiments/support_v3_2026-06-02/normalized_512/sources/white_bowl_orange_tabletop_phase2.png,outputs/pretty_matrix/white_bowl_orange_tabletop_phase2/adaptive_full_generic_support/seed_12/result.png,/cluster/users/grad/2025/25t8103/project/outputs/pretty_matrix/white_bowl_orange_tabletop_phase2/adaptive_full_generic_support/seed_12/result.png,adaptive_full_generic_support,canonical method directory,aligned,rater_02/images/item_015_D.png
rater_02,item_016,rater_02_item_016_A,T2_container_insertion,brown_bowl_lemon_phase2,10,A,base_only,RF reconstruction / base reconstruction,experiments/support_v3_2026-06-02/normalized_512/sources/brown_bowl_lemon_phase2.png,outputs/pretty_matrix/brown_bowl_lemon_phase2/base_only/seed_10/result.png,/cluster/users/grad/2025/25t8103/project/outputs/pretty_matrix/brown_bowl_lemon_phase2/base_only/seed_10/result.png,base_only,canonical method directory,aligned,rater_02/images/item_016_A.png
rater_02,item_016,rater_02_item_016_B,T2_container_insertion,brown_bowl_lemon_phase2,10,B,adaptive_full_generic_support,Generic support control,experiments/support_v3_2026-06-02/normalized_512/sources/brown_bowl_lemon_phase2.png,outputs/pretty_matrix/brown_bowl_lemon_phase2/adaptive_full_generic_support/seed_10/result.png,/cluster/users/grad/2025/25t8103/project/outputs/pretty_matrix/brown_bowl_lemon_phase2/adaptive_full_generic_support/seed_10/result.png,adaptive_full_generic_support,canonical method directory,aligned,rater_02/images/item_016_B.png
rater_02,item_016,rater_02_item_016_C,T2_container_insertion,brown_bowl_lemon_phase2,10,C,direct_target,Direct target guidance,experiments/support_v3_2026-06-02/normalized_512/sources/brown_bowl_lemon_phase2.png,outputs/pretty_matrix/brown_bowl_lemon_phase2/direct_target/seed_10/result.png,/cluster/users/grad/2025/25t8103/project/outputs/pretty_matrix/brown_bowl_lemon_phase2/direct_target/seed_10/result.png,direct_target,canonical method directory,aligned,rater_02/images/item_016_C.png
rater_02,item_016,rater_02_item_016_D,T2_container_insertion,brown_bowl_lemon_phase2,10,D,support_v3_controller_rmsgap,CleanEdit,experiments/support_v3_2026-06-02/normalized_512/sources/brown_bowl_lemon_phase2.png,outputs/pretty_matrix/brown_bowl_lemon_phase2/support_v3_controller_rmsgap_t1t4_3seed_20260609/seed_10/result.png,/cluster/users/grad/2025/25t8103/project/outputs/pretty_matrix/brown_bowl_lemon_phase2/support_v3_controller_rmsgap/seed_10/result.png,support_v3_controller_rmsgap_t1t4_3seed_20260609,formal T1-T4 three-seed CleanEdit rerun,needs_metric_refresh,rater_02/images/item_016_D.png
rater_02,item_017,rater_02_item_017_A,T2_container_insertion,brown_bowl_lemon_phase2,11,A,support_v3_controller_rmsgap,CleanEdit,experiments/support_v3_2026-06-02/normalized_512/sources/brown_bowl_lemon_phase2.png,outputs/pretty_matrix/brown_bowl_lemon_phase2/support_v3_controller_rmsgap_t1t4_3seed_20260609/seed_11/result.png,/cluster/users/grad/2025/25t8103/project/outputs/pretty_matrix/brown_bowl_lemon_phase2/support_v3_controller_rmsgap/seed_11/result.png,support_v3_controller_rmsgap_t1t4_3seed_20260609,formal T1-T4 three-seed CleanEdit rerun,needs_metric_refresh,rater_02/images/item_017_A.png
rater_02,item_017,rater_02_item_017_B,T2_container_insertion,brown_bowl_lemon_phase2,11,B,base_only,RF reconstruction / base reconstruction,experiments/support_v3_2026-06-02/normalized_512/sources/brown_bowl_lemon_phase2.png,outputs/pretty_matrix/brown_bowl_lemon_phase2/base_only/seed_11/result.png,/cluster/users/grad/2025/25t8103/project/outputs/pretty_matrix/brown_bowl_lemon_phase2/base_only/seed_11/result.png,base_only,canonical method directory,aligned,rater_02/images/item_017_B.png
rater_02,item_017,rater_02_item_017_C,T2_container_insertion,brown_bowl_lemon_phase2,11,C,adaptive_full_generic_support,Generic support control,experiments/support_v3_2026-06-02/normalized_512/sources/brown_bowl_lemon_phase2.png,outputs/pretty_matrix/brown_bowl_lemon_phase2/adaptive_full_generic_support/seed_11/result.png,/cluster/users/grad/2025/25t8103/project/outputs/pretty_matrix/brown_bowl_lemon_phase2/adaptive_full_generic_support/seed_11/result.png,adaptive_full_generic_support,canonical method directory,aligned,rater_02/images/item_017_C.png
rater_02,item_017,rater_02_item_017_D,T2_container_insertion,brown_bowl_lemon_phase2,11,D,direct_target,Direct target guidance,experiments/support_v3_2026-06-02/normalized_512/sources/brown_bowl_lemon_phase2.png,outputs/pretty_matrix/brown_bowl_lemon_phase2/direct_target/seed_11/result.png,/cluster/users/grad/2025/25t8103/project/outputs/pretty_matrix/brown_bowl_lemon_phase2/direct_target/seed_11/result.png,direct_target,canonical method directory,aligned,rater_02/images/item_017_D.png
rater_02,item_018,rater_02_item_018_A,T2_container_insertion,brown_bowl_lemon_phase2,12,A,base_only,RF reconstruction / base reconstruction,experiments/support_v3_2026-06-02/normalized_512/sources/brown_bowl_lemon_phase2.png,outputs/pretty_matrix/brown_bowl_lemon_phase2/base_only/seed_12/result.png,/cluster/users/grad/2025/25t8103/project/outputs/pretty_matrix/brown_bowl_lemon_phase2/base_only/seed_12/result.png,base_only,canonical method directory,aligned,rater_02/images/item_018_A.png
rater_02,item_018,rater_02_item_018_B,T2_container_insertion,brown_bowl_lemon_phase2,12,B,adaptive_full_generic_support,Generic support control,experiments/support_v3_2026-06-02/normalized_512/sources/brown_bowl_lemon_phase2.png,outputs/pretty_matrix/brown_bowl_lemon_phase2/adaptive_full_generic_support/seed_12/result.png,/cluster/users/grad/2025/25t8103/project/outputs/pretty_matrix/brown_bowl_lemon_phase2/adaptive_full_generic_support/seed_12/result.png,adaptive_full_generic_support,canonical method directory,aligned,rater_02/images/item_018_B.png
rater_02,item_018,rater_02_item_018_C,T2_container_insertion,brown_bowl_lemon_phase2,12,C,direct_target,Direct target guidance,experiments/support_v3_2026-06-02/normalized_512/sources/brown_bowl_lemon_phase2.png,outputs/pretty_matrix/brown_bowl_lemon_phase2/direct_target/seed_12/result.png,/cluster/users/grad/2025/25t8103/project/outputs/pretty_matrix/brown_bowl_lemon_phase2/direct_target/seed_12/result.png,direct_target,canonical method directory,aligned,rater_02/images/item_018_C.png
rater_02,item_018,rater_02_item_018_D,T2_container_insertion,brown_bowl_lemon_phase2,12,D,support_v3_controller_rmsgap,CleanEdit,experiments/support_v3_2026-06-02/normalized_512/sources/brown_bowl_lemon_phase2.png,outputs/pretty_matrix/brown_bowl_lemon_phase2/support_v3_controller_rmsgap_t1t4_3seed_20260609/seed_12/result.png,/cluster/users/grad/2025/25t8103/project/outputs/pretty_matrix/brown_bowl_lemon_phase2/support_v3_controller_rmsgap/seed_12/result.png,support_v3_controller_rmsgap_t1t4_3seed_20260609,formal T1-T4 three-seed CleanEdit rerun,needs_metric_refresh,rater_02/images/item_018_D.png
rater_02,item_019,rater_02_item_019_A,T3_surface_decal,tshirt_star,10,A,support_v3_controller_rmsgap,CleanEdit,experiments/support_v3_2026-06-02/normalized_512/sources/tshirt_star.png,outputs/pretty_matrix/tshirt_star/support_v3_controller_rmsgap/seed_10/result.png,/cluster/users/grad/2025/25t8103/project/outputs/pretty_matrix/tshirt_star/support_v3_controller_rmsgap/seed_10/result.png,support_v3_controller_rmsgap,selected natural-looking CleanEdit run: visible red star follows shirt lighting/folds; t1t4 rerun lost the star and fix3 looks overlaid,aligned,rater_02/images/item_019_A.png
rater_02,item_019,rater_02_item_019_B,T3_surface_decal,tshirt_star,10,B,adaptive_full_generic_support,Generic support control,experiments/support_v3_2026-06-02/normalized_512/sources/tshirt_star.png,outputs/pretty_matrix/tshirt_star/adaptive_full_generic_support/seed_10/result.png,/cluster/users/grad/2025/25t8103/project/outputs/pretty_matrix/tshirt_star/adaptive_full_generic_support/seed_10/result.png,adaptive_full_generic_support,canonical method directory,aligned,rater_02/images/item_019_B.png
rater_02,item_019,rater_02_item_019_C,T3_surface_decal,tshirt_star,10,C,base_only,RF reconstruction / base reconstruction,experiments/support_v3_2026-06-02/normalized_512/sources/tshirt_star.png,outputs/pretty_matrix/tshirt_star/base_only/seed_10/result.png,/cluster/users/grad/2025/25t8103/project/outputs/pretty_matrix/tshirt_star/base_only/seed_10/result.png,base_only,canonical method directory,aligned,rater_02/images/item_019_C.png
rater_02,item_019,rater_02_item_019_D,T3_surface_decal,tshirt_star,10,D,direct_target,Direct target guidance,experiments/support_v3_2026-06-02/normalized_512/sources/tshirt_star.png,outputs/pretty_matrix/tshirt_star/direct_target/seed_10/result.png,/cluster/users/grad/2025/25t8103/project/outputs/pretty_matrix/tshirt_star/direct_target/seed_10/result.png,direct_target,canonical method directory,aligned,rater_02/images/item_019_D.png
rater_02,item_020,rater_02_item_020_A,T3_surface_decal,tshirt_star,11,A,direct_target,Direct target guidance,experiments/support_v3_2026-06-02/normalized_512/sources/tshirt_star.png,outputs/pretty_matrix/tshirt_star/direct_target/seed_11/result.png,/cluster/users/grad/2025/25t8103/project/outputs/pretty_matrix/tshirt_star/direct_target/seed_11/result.png,direct_target,canonical method directory,aligned,rater_02/images/item_020_A.png
rater_02,item_020,rater_02_item_020_B,T3_surface_decal,tshirt_star,11,B,base_only,RF reconstruction / base reconstruction,experiments/support_v3_2026-06-02/normalized_512/sources/tshirt_star.png,outputs/pretty_matrix/tshirt_star/base_only/seed_11/result.png,/cluster/users/grad/2025/25t8103/project/outputs/pretty_matrix/tshirt_star/base_only/seed_11/result.png,base_only,canonical method directory,aligned,rater_02/images/item_020_B.png
rater_02,item_020,rater_02_item_020_C,T3_surface_decal,tshirt_star,11,C,adaptive_full_generic_support,Generic support control,experiments/support_v3_2026-06-02/normalized_512/sources/tshirt_star.png,outputs/pretty_matrix/tshirt_star/adaptive_full_generic_support/seed_11/result.png,/cluster/users/grad/2025/25t8103/project/outputs/pretty_matrix/tshirt_star/adaptive_full_generic_support/seed_11/result.png,adaptive_full_generic_support,canonical method directory,aligned,rater_02/images/item_020_C.png
rater_02,item_020,rater_02_item_020_D,T3_surface_decal,tshirt_star,11,D,support_v3_controller_rmsgap,CleanEdit,experiments/support_v3_2026-06-02/normalized_512/sources/tshirt_star.png,outputs/pretty_matrix/tshirt_star/support_v3_controller_rmsgap/seed_11/result.png,/cluster/users/grad/2025/25t8103/project/outputs/pretty_matrix/tshirt_star/support_v3_controller_rmsgap/seed_11/result.png,support_v3_controller_rmsgap,selected natural-looking CleanEdit run: visible red star follows shirt lighting/folds; t1t4 rerun lost the star and fix3 looks overlaid,aligned,rater_02/images/item_020_D.png
rater_02,item_021,rater_02_item_021_A,T3_surface_decal,tshirt_star,12,A,adaptive_full_generic_support,Generic support control,experiments/support_v3_2026-06-02/normalized_512/sources/tshirt_star.png,outputs/pretty_matrix/tshirt_star/adaptive_full_generic_support/seed_12/result.png,/cluster/users/grad/2025/25t8103/project/outputs/pretty_matrix/tshirt_star/adaptive_full_generic_support/seed_12/result.png,adaptive_full_generic_support,canonical method directory,aligned,rater_02/images/item_021_A.png
rater_02,item_021,rater_02_item_021_B,T3_surface_decal,tshirt_star,12,B,base_only,RF reconstruction / base reconstruction,experiments/support_v3_2026-06-02/normalized_512/sources/tshirt_star.png,outputs/pretty_matrix/tshirt_star/base_only/seed_12/result.png,/cluster/users/grad/2025/25t8103/project/outputs/pretty_matrix/tshirt_star/base_only/seed_12/result.png,base_only,canonical method directory,aligned,rater_02/images/item_021_B.png
rater_02,item_021,rater_02_item_021_C,T3_surface_decal,tshirt_star,12,C,direct_target,Direct target guidance,experiments/support_v3_2026-06-02/normalized_512/sources/tshirt_star.png,outputs/pretty_matrix/tshirt_star/direct_target/seed_12/result.png,/cluster/users/grad/2025/25t8103/project/outputs/pretty_matrix/tshirt_star/direct_target/seed_12/result.png,direct_target,canonical method directory,aligned,rater_02/images/item_021_C.png
rater_02,item_021,rater_02_item_021_D,T3_surface_decal,tshirt_star,12,D,support_v3_controller_rmsgap,CleanEdit,experiments/support_v3_2026-06-02/normalized_512/sources/tshirt_star.png,outputs/pretty_matrix/tshirt_star/support_v3_controller_rmsgap/seed_12/result.png,/cluster/users/grad/2025/25t8103/project/outputs/pretty_matrix/tshirt_star/support_v3_controller_rmsgap/seed_12/result.png,support_v3_controller_rmsgap,selected natural-looking CleanEdit run: visible red star follows shirt lighting/folds; t1t4 rerun lost the star and fix3 looks overlaid,aligned,rater_02/images/item_021_D.png
rater_02,item_022,rater_02_item_022_A,T3_surface_decal,mug_heart,10,A,support_v3_controller_rmsgap,CleanEdit,experiments/support_v3_2026-06-02/normalized_512/sources/mug_heart.png,outputs/pretty_matrix/mug_heart/support_v3_controller_rmsgap_mugbox145_c180_ref075_v1/seed_10/result.png,/cluster/users/grad/2025/25t8103/project/outputs/pretty_matrix/mug_heart/support_v3_controller_rmsgap/seed_10/result.png,support_v3_controller_rmsgap_mugbox145_c180_ref075_v1,selected unified mug_heart c180 run with deterministic final-ref-composite scale 0.75 for seeds 10/11/12,needs_metric_refresh,rater_02/images/item_022_A.png
rater_02,item_022,rater_02_item_022_B,T3_surface_decal,mug_heart,10,B,adaptive_full_generic_support,Generic support control,experiments/support_v3_2026-06-02/normalized_512/sources/mug_heart.png,outputs/pretty_matrix/mug_heart/adaptive_full_generic_support/seed_10/result.png,/cluster/users/grad/2025/25t8103/project/outputs/pretty_matrix/mug_heart/adaptive_full_generic_support/seed_10/result.png,adaptive_full_generic_support,canonical method directory,aligned,rater_02/images/item_022_B.png
rater_02,item_022,rater_02_item_022_C,T3_surface_decal,mug_heart,10,C,direct_target,Direct target guidance,experiments/support_v3_2026-06-02/normalized_512/sources/mug_heart.png,outputs/pretty_matrix/mug_heart/direct_target/seed_10/result.png,/cluster/users/grad/2025/25t8103/project/outputs/pretty_matrix/mug_heart/direct_target/seed_10/result.png,direct_target,canonical method directory,aligned,rater_02/images/item_022_C.png
rater_02,item_022,rater_02_item_022_D,T3_surface_decal,mug_heart,10,D,base_only,RF reconstruction / base reconstruction,experiments/support_v3_2026-06-02/normalized_512/sources/mug_heart.png,outputs/pretty_matrix/mug_heart/base_only/seed_10/result.png,/cluster/users/grad/2025/25t8103/project/outputs/pretty_matrix/mug_heart/base_only/seed_10/result.png,base_only,canonical method directory,aligned,rater_02/images/item_022_D.png
rater_02,item_023,rater_02_item_023_A,T3_surface_decal,mug_heart,11,A,support_v3_controller_rmsgap,CleanEdit,experiments/support_v3_2026-06-02/normalized_512/sources/mug_heart.png,outputs/pretty_matrix/mug_heart/support_v3_controller_rmsgap_mugbox145_c180_ref075_v1/seed_11/result.png,/cluster/users/grad/2025/25t8103/project/outputs/pretty_matrix/mug_heart/support_v3_controller_rmsgap/seed_11/result.png,support_v3_controller_rmsgap_mugbox145_c180_ref075_v1,selected unified mug_heart c180 run with deterministic final-ref-composite scale 0.75 for seeds 10/11/12,needs_metric_refresh,rater_02/images/item_023_A.png
rater_02,item_023,rater_02_item_023_B,T3_surface_decal,mug_heart,11,B,base_only,RF reconstruction / base reconstruction,experiments/support_v3_2026-06-02/normalized_512/sources/mug_heart.png,outputs/pretty_matrix/mug_heart/base_only/seed_11/result.png,/cluster/users/grad/2025/25t8103/project/outputs/pretty_matrix/mug_heart/base_only/seed_11/result.png,base_only,canonical method directory,aligned,rater_02/images/item_023_B.png
rater_02,item_023,rater_02_item_023_C,T3_surface_decal,mug_heart,11,C,direct_target,Direct target guidance,experiments/support_v3_2026-06-02/normalized_512/sources/mug_heart.png,outputs/pretty_matrix/mug_heart/direct_target/seed_11/result.png,/cluster/users/grad/2025/25t8103/project/outputs/pretty_matrix/mug_heart/direct_target/seed_11/result.png,direct_target,canonical method directory,aligned,rater_02/images/item_023_C.png
rater_02,item_023,rater_02_item_023_D,T3_surface_decal,mug_heart,11,D,adaptive_full_generic_support,Generic support control,experiments/support_v3_2026-06-02/normalized_512/sources/mug_heart.png,outputs/pretty_matrix/mug_heart/adaptive_full_generic_support/seed_11/result.png,/cluster/users/grad/2025/25t8103/project/outputs/pretty_matrix/mug_heart/adaptive_full_generic_support/seed_11/result.png,adaptive_full_generic_support,canonical method directory,aligned,rater_02/images/item_023_D.png
rater_02,item_024,rater_02_item_024_A,T3_surface_decal,mug_heart,12,A,base_only,RF reconstruction / base reconstruction,experiments/support_v3_2026-06-02/normalized_512/sources/mug_heart.png,outputs/pretty_matrix/mug_heart/base_only/seed_12/result.png,/cluster/users/grad/2025/25t8103/project/outputs/pretty_matrix/mug_heart/base_only/seed_12/result.png,base_only,canonical method directory,aligned,rater_02/images/item_024_A.png
rater_02,item_024,rater_02_item_024_B,T3_surface_decal,mug_heart,12,B,support_v3_controller_rmsgap,CleanEdit,experiments/support_v3_2026-06-02/normalized_512/sources/mug_heart.png,outputs/pretty_matrix/mug_heart/support_v3_controller_rmsgap_mugbox145_c180_ref075_v1/seed_12/result.png,/cluster/users/grad/2025/25t8103/project/outputs/pretty_matrix/mug_heart/support_v3_controller_rmsgap/seed_12/result.png,support_v3_controller_rmsgap_mugbox145_c180_ref075_v1,selected unified mug_heart c180 run with deterministic final-ref-composite scale 0.75 for seeds 10/11/12,needs_metric_refresh,rater_02/images/item_024_B.png
rater_02,item_024,rater_02_item_024_C,T3_surface_decal,mug_heart,12,C,adaptive_full_generic_support,Generic support control,experiments/support_v3_2026-06-02/normalized_512/sources/mug_heart.png,outputs/pretty_matrix/mug_heart/adaptive_full_generic_support/seed_12/result.png,/cluster/users/grad/2025/25t8103/project/outputs/pretty_matrix/mug_heart/adaptive_full_generic_support/seed_12/result.png,adaptive_full_generic_support,canonical method directory,aligned,rater_02/images/item_024_C.png
rater_02,item_024,rater_02_item_024_D,T3_surface_decal,mug_heart,12,D,direct_target,Direct target guidance,experiments/support_v3_2026-06-02/normalized_512/sources/mug_heart.png,outputs/pretty_matrix/mug_heart/direct_target/seed_12/result.png,/cluster/users/grad/2025/25t8103/project/outputs/pretty_matrix/mug_heart/direct_target/seed_12/result.png,direct_target,canonical method directory,aligned,rater_02/images/item_024_D.png
rater_02,item_025,rater_02_item_025_A,T3_surface_decal,tote_leaf,10,A,direct_target,Direct target guidance,experiments/support_v3_2026-06-02/normalized_512/sources/tote_leaf.png,outputs/pretty_matrix/tote_leaf/direct_target/seed_10/result.png,/cluster/users/grad/2025/25t8103/project/outputs/pretty_matrix/tote_leaf/direct_target/seed_10/result.png,direct_target,canonical method directory,aligned,rater_02/images/item_025_A.png
rater_02,item_025,rater_02_item_025_B,T3_surface_decal,tote_leaf,10,B,base_only,RF reconstruction / base reconstruction,experiments/support_v3_2026-06-02/normalized_512/sources/tote_leaf.png,outputs/pretty_matrix/tote_leaf/base_only/seed_10/result.png,/cluster/users/grad/2025/25t8103/project/outputs/pretty_matrix/tote_leaf/base_only/seed_10/result.png,base_only,canonical method directory,aligned,rater_02/images/item_025_B.png
rater_02,item_025,rater_02_item_025_C,T3_surface_decal,tote_leaf,10,C,adaptive_full_generic_support,Generic support control,experiments/support_v3_2026-06-02/normalized_512/sources/tote_leaf.png,outputs/pretty_matrix/tote_leaf/adaptive_full_generic_support/seed_10/result.png,/cluster/users/grad/2025/25t8103/project/outputs/pretty_matrix/tote_leaf/adaptive_full_generic_support/seed_10/result.png,adaptive_full_generic_support,canonical method directory,aligned,rater_02/images/item_025_C.png
rater_02,item_025,rater_02_item_025_D,T3_surface_decal,tote_leaf,10,D,support_v3_controller_rmsgap,CleanEdit,experiments/support_v3_2026-06-02/normalized_512/sources/tote_leaf.png,outputs/pretty_matrix/tote_leaf/support_v3_controller_rmsgap_t1t4_3seed_20260609/seed_10/result.png,/cluster/users/grad/2025/25t8103/project/outputs/pretty_matrix/tote_leaf/support_v3_controller_rmsgap/seed_10/result.png,support_v3_controller_rmsgap_t1t4_3seed_20260609,formal T1-T4 three-seed CleanEdit rerun,needs_metric_refresh,rater_02/images/item_025_D.png
rater_02,item_026,rater_02_item_026_A,T3_surface_decal,tote_leaf,11,A,direct_target,Direct target guidance,experiments/support_v3_2026-06-02/normalized_512/sources/tote_leaf.png,outputs/pretty_matrix/tote_leaf/direct_target/seed_11/result.png,/cluster/users/grad/2025/25t8103/project/outputs/pretty_matrix/tote_leaf/direct_target/seed_11/result.png,direct_target,canonical method directory,aligned,rater_02/images/item_026_A.png
rater_02,item_026,rater_02_item_026_B,T3_surface_decal,tote_leaf,11,B,support_v3_controller_rmsgap,CleanEdit,experiments/support_v3_2026-06-02/normalized_512/sources/tote_leaf.png,outputs/pretty_matrix/tote_leaf/support_v3_controller_rmsgap_t1t4_3seed_20260609/seed_11/result.png,/cluster/users/grad/2025/25t8103/project/outputs/pretty_matrix/tote_leaf/support_v3_controller_rmsgap/seed_11/result.png,support_v3_controller_rmsgap_t1t4_3seed_20260609,formal T1-T4 three-seed CleanEdit rerun,needs_metric_refresh,rater_02/images/item_026_B.png
rater_02,item_026,rater_02_item_026_C,T3_surface_decal,tote_leaf,11,C,base_only,RF reconstruction / base reconstruction,experiments/support_v3_2026-06-02/normalized_512/sources/tote_leaf.png,outputs/pretty_matrix/tote_leaf/base_only/seed_11/result.png,/cluster/users/grad/2025/25t8103/project/outputs/pretty_matrix/tote_leaf/base_only/seed_11/result.png,base_only,canonical method directory,aligned,rater_02/images/item_026_C.png
rater_02,item_026,rater_02_item_026_D,T3_surface_decal,tote_leaf,11,D,adaptive_full_generic_support,Generic support control,experiments/support_v3_2026-06-02/normalized_512/sources/tote_leaf.png,outputs/pretty_matrix/tote_leaf/adaptive_full_generic_support/seed_11/result.png,/cluster/users/grad/2025/25t8103/project/outputs/pretty_matrix/tote_leaf/adaptive_full_generic_support/seed_11/result.png,adaptive_full_generic_support,canonical method directory,aligned,rater_02/images/item_026_D.png
rater_02,item_027,rater_02_item_027_A,T3_surface_decal,tote_leaf,12,A,support_v3_controller_rmsgap,CleanEdit,experiments/support_v3_2026-06-02/normalized_512/sources/tote_leaf.png,outputs/pretty_matrix/tote_leaf/support_v3_controller_rmsgap_t1t4_3seed_20260609/seed_12/result.png,/cluster/users/grad/2025/25t8103/project/outputs/pretty_matrix/tote_leaf/support_v3_controller_rmsgap/seed_12/result.png,support_v3_controller_rmsgap_t1t4_3seed_20260609,formal T1-T4 three-seed CleanEdit rerun,needs_metric_refresh,rater_02/images/item_027_A.png
rater_02,item_027,rater_02_item_027_B,T3_surface_decal,tote_leaf,12,B,adaptive_full_generic_support,Generic support control,experiments/support_v3_2026-06-02/normalized_512/sources/tote_leaf.png,outputs/pretty_matrix/tote_leaf/adaptive_full_generic_support/seed_12/result.png,/cluster/users/grad/2025/25t8103/project/outputs/pretty_matrix/tote_leaf/adaptive_full_generic_support/seed_12/result.png,adaptive_full_generic_support,canonical method directory,aligned,rater_02/images/item_027_B.png
rater_02,item_027,rater_02_item_027_C,T3_surface_decal,tote_leaf,12,C,direct_target,Direct target guidance,experiments/support_v3_2026-06-02/normalized_512/sources/tote_leaf.png,outputs/pretty_matrix/tote_leaf/direct_target/seed_12/result.png,/cluster/users/grad/2025/25t8103/project/outputs/pretty_matrix/tote_leaf/direct_target/seed_12/result.png,direct_target,canonical method directory,aligned,rater_02/images/item_027_C.png
rater_02,item_027,rater_02_item_027_D,T3_surface_decal,tote_leaf,12,D,base_only,RF reconstruction / base reconstruction,experiments/support_v3_2026-06-02/normalized_512/sources/tote_leaf.png,outputs/pretty_matrix/tote_leaf/base_only/seed_12/result.png,/cluster/users/grad/2025/25t8103/project/outputs/pretty_matrix/tote_leaf/base_only/seed_12/result.png,base_only,canonical method directory,aligned,rater_02/images/item_027_D.png
rater_02,item_028,rater_02_item_028_A,T4_local_recolor,red_office_chair_to_blue_office_chair,10,A,base_only,RF reconstruction / base reconstruction,experiments/support_v3_2026-06-02/normalized_512/sources/red_office_chair_to_blue_office_chair.png,outputs/pretty_matrix/red_office_chair_to_blue_office_chair/base_only/seed_10/result.png,/cluster/users/grad/2025/25t8103/project/outputs/pretty_matrix/red_office_chair_to_blue_office_chair/base_only/seed_10/result.png,base_only,canonical method directory,aligned,rater_02/images/item_028_A.png
rater_02,item_028,rater_02_item_028_B,T4_local_recolor,red_office_chair_to_blue_office_chair,10,B,support_v3_controller_rmsgap,CleanEdit,experiments/support_v3_2026-06-02/normalized_512/sources/red_office_chair_to_blue_office_chair.png,outputs/pretty_matrix/red_office_chair_to_blue_office_chair/support_v3_controller_rmsgap_t1t4_3seed_20260609/seed_10/result.png,/cluster/users/grad/2025/25t8103/project/outputs/pretty_matrix/red_office_chair_to_blue_office_chair/support_v3_controller_rmsgap/seed_10/result.png,support_v3_controller_rmsgap_t1t4_3seed_20260609,formal T1-T4 three-seed CleanEdit rerun,needs_metric_refresh,rater_02/images/item_028_B.png
rater_02,item_028,rater_02_item_028_C,T4_local_recolor,red_office_chair_to_blue_office_chair,10,C,direct_target,Direct target guidance,experiments/support_v3_2026-06-02/normalized_512/sources/red_office_chair_to_blue_office_chair.png,outputs/pretty_matrix/red_office_chair_to_blue_office_chair/direct_target/seed_10/result.png,/cluster/users/grad/2025/25t8103/project/outputs/pretty_matrix/red_office_chair_to_blue_office_chair/direct_target/seed_10/result.png,direct_target,canonical method directory,aligned,rater_02/images/item_028_C.png
rater_02,item_028,rater_02_item_028_D,T4_local_recolor,red_office_chair_to_blue_office_chair,10,D,adaptive_full_generic_support,Generic support control,experiments/support_v3_2026-06-02/normalized_512/sources/red_office_chair_to_blue_office_chair.png,outputs/pretty_matrix/red_office_chair_to_blue_office_chair/adaptive_full_generic_support/seed_10/result.png,/cluster/users/grad/2025/25t8103/project/outputs/pretty_matrix/red_office_chair_to_blue_office_chair/adaptive_full_generic_support/seed_10/result.png,adaptive_full_generic_support,canonical method directory,aligned,rater_02/images/item_028_D.png
rater_02,item_029,rater_02_item_029_A,T4_local_recolor,red_office_chair_to_blue_office_chair,11,A,direct_target,Direct target guidance,experiments/support_v3_2026-06-02/normalized_512/sources/red_office_chair_to_blue_office_chair.png,outputs/pretty_matrix/red_office_chair_to_blue_office_chair/direct_target/seed_11/result.png,/cluster/users/grad/2025/25t8103/project/outputs/pretty_matrix/red_office_chair_to_blue_office_chair/direct_target/seed_11/result.png,direct_target,canonical method directory,aligned,rater_02/images/item_029_A.png
rater_02,item_029,rater_02_item_029_B,T4_local_recolor,red_office_chair_to_blue_office_chair,11,B,adaptive_full_generic_support,Generic support control,experiments/support_v3_2026-06-02/normalized_512/sources/red_office_chair_to_blue_office_chair.png,outputs/pretty_matrix/red_office_chair_to_blue_office_chair/adaptive_full_generic_support/seed_11/result.png,/cluster/users/grad/2025/25t8103/project/outputs/pretty_matrix/red_office_chair_to_blue_office_chair/adaptive_full_generic_support/seed_11/result.png,adaptive_full_generic_support,canonical method directory,aligned,rater_02/images/item_029_B.png
rater_02,item_029,rater_02_item_029_C,T4_local_recolor,red_office_chair_to_blue_office_chair,11,C,base_only,RF reconstruction / base reconstruction,experiments/support_v3_2026-06-02/normalized_512/sources/red_office_chair_to_blue_office_chair.png,outputs/pretty_matrix/red_office_chair_to_blue_office_chair/base_only/seed_11/result.png,/cluster/users/grad/2025/25t8103/project/outputs/pretty_matrix/red_office_chair_to_blue_office_chair/base_only/seed_11/result.png,base_only,canonical method directory,aligned,rater_02/images/item_029_C.png
rater_02,item_029,rater_02_item_029_D,T4_local_recolor,red_office_chair_to_blue_office_chair,11,D,support_v3_controller_rmsgap,CleanEdit,experiments/support_v3_2026-06-02/normalized_512/sources/red_office_chair_to_blue_office_chair.png,outputs/pretty_matrix/red_office_chair_to_blue_office_chair/support_v3_controller_rmsgap_t1t4_3seed_20260609/seed_11/result.png,/cluster/users/grad/2025/25t8103/project/outputs/pretty_matrix/red_office_chair_to_blue_office_chair/support_v3_controller_rmsgap/seed_11/result.png,support_v3_controller_rmsgap_t1t4_3seed_20260609,formal T1-T4 three-seed CleanEdit rerun,needs_metric_refresh,rater_02/images/item_029_D.png
rater_02,item_030,rater_02_item_030_A,T4_local_recolor,red_office_chair_to_blue_office_chair,12,A,adaptive_full_generic_support,Generic support control,experiments/support_v3_2026-06-02/normalized_512/sources/red_office_chair_to_blue_office_chair.png,outputs/pretty_matrix/red_office_chair_to_blue_office_chair/adaptive_full_generic_support/seed_12/result.png,/cluster/users/grad/2025/25t8103/project/outputs/pretty_matrix/red_office_chair_to_blue_office_chair/adaptive_full_generic_support/seed_12/result.png,adaptive_full_generic_support,canonical method directory,aligned,rater_02/images/item_030_A.png
rater_02,item_030,rater_02_item_030_B,T4_local_recolor,red_office_chair_to_blue_office_chair,12,B,base_only,RF reconstruction / base reconstruction,experiments/support_v3_2026-06-02/normalized_512/sources/red_office_chair_to_blue_office_chair.png,outputs/pretty_matrix/red_office_chair_to_blue_office_chair/base_only/seed_12/result.png,/cluster/users/grad/2025/25t8103/project/outputs/pretty_matrix/red_office_chair_to_blue_office_chair/base_only/seed_12/result.png,base_only,canonical method directory,aligned,rater_02/images/item_030_B.png
rater_02,item_030,rater_02_item_030_C,T4_local_recolor,red_office_chair_to_blue_office_chair,12,C,support_v3_controller_rmsgap,CleanEdit,experiments/support_v3_2026-06-02/normalized_512/sources/red_office_chair_to_blue_office_chair.png,outputs/pretty_matrix/red_office_chair_to_blue_office_chair/support_v3_controller_rmsgap_t1t4_3seed_20260609/seed_12/result.png,/cluster/users/grad/2025/25t8103/project/outputs/pretty_matrix/red_office_chair_to_blue_office_chair/support_v3_controller_rmsgap/seed_12/result.png,support_v3_controller_rmsgap_t1t4_3seed_20260609,formal T1-T4 three-seed CleanEdit rerun,needs_metric_refresh,rater_02/images/item_030_C.png
rater_02,item_030,rater_02_item_030_D,T4_local_recolor,red_office_chair_to_blue_office_chair,12,D,direct_target,Direct target guidance,experiments/support_v3_2026-06-02/normalized_512/sources/red_office_chair_to_blue_office_chair.png,outputs/pretty_matrix/red_office_chair_to_blue_office_chair/direct_target/seed_12/result.png,/cluster/users/grad/2025/25t8103/project/outputs/pretty_matrix/red_office_chair_to_blue_office_chair/direct_target/seed_12/result.png,direct_target,canonical method directory,aligned,rater_02/images/item_030_D.png
rater_02,item_031,rater_02_item_031_A,T4_local_recolor,green_mug_orange_phase2,10,A,direct_target,Direct target guidance,experiments/support_v3_2026-06-02/normalized_512/sources/green_mug_orange_phase2.png,outputs/pretty_matrix/green_mug_orange_phase2/direct_target/seed_10/result.png,/cluster/users/grad/2025/25t8103/project/outputs/pretty_matrix/green_mug_orange_phase2/direct_target/seed_10/result.png,direct_target,canonical method directory,aligned,rater_02/images/item_031_A.png
rater_02,item_031,rater_02_item_031_B,T4_local_recolor,green_mug_orange_phase2,10,B,support_v3_controller_rmsgap,CleanEdit,experiments/support_v3_2026-06-02/normalized_512/sources/green_mug_orange_phase2.png,outputs/pretty_matrix/green_mug_orange_phase2/support_v3_controller_rmsgap_t1t4_3seed_20260609/seed_10/result.png,/cluster/users/grad/2025/25t8103/project/outputs/pretty_matrix/green_mug_orange_phase2/support_v3_controller_rmsgap/seed_10/result.png,support_v3_controller_rmsgap_t1t4_3seed_20260609,formal T1-T4 three-seed CleanEdit rerun,needs_metric_refresh,rater_02/images/item_031_B.png
rater_02,item_031,rater_02_item_031_C,T4_local_recolor,green_mug_orange_phase2,10,C,adaptive_full_generic_support,Generic support control,experiments/support_v3_2026-06-02/normalized_512/sources/green_mug_orange_phase2.png,outputs/pretty_matrix/green_mug_orange_phase2/adaptive_full_generic_support/seed_10/result.png,/cluster/users/grad/2025/25t8103/project/outputs/pretty_matrix/green_mug_orange_phase2/adaptive_full_generic_support/seed_10/result.png,adaptive_full_generic_support,canonical method directory,aligned,rater_02/images/item_031_C.png
rater_02,item_031,rater_02_item_031_D,T4_local_recolor,green_mug_orange_phase2,10,D,base_only,RF reconstruction / base reconstruction,experiments/support_v3_2026-06-02/normalized_512/sources/green_mug_orange_phase2.png,outputs/pretty_matrix/green_mug_orange_phase2/base_only/seed_10/result.png,/cluster/users/grad/2025/25t8103/project/outputs/pretty_matrix/green_mug_orange_phase2/base_only/seed_10/result.png,base_only,canonical method directory,aligned,rater_02/images/item_031_D.png
rater_02,item_032,rater_02_item_032_A,T4_local_recolor,green_mug_orange_phase2,11,A,support_v3_controller_rmsgap,CleanEdit,experiments/support_v3_2026-06-02/normalized_512/sources/green_mug_orange_phase2.png,outputs/pretty_matrix/green_mug_orange_phase2/support_v3_controller_rmsgap_t1t4_3seed_20260609/seed_11/result.png,/cluster/users/grad/2025/25t8103/project/outputs/pretty_matrix/green_mug_orange_phase2/support_v3_controller_rmsgap/seed_11/result.png,support_v3_controller_rmsgap_t1t4_3seed_20260609,formal T1-T4 three-seed CleanEdit rerun,needs_metric_refresh,rater_02/images/item_032_A.png
rater_02,item_032,rater_02_item_032_B,T4_local_recolor,green_mug_orange_phase2,11,B,direct_target,Direct target guidance,experiments/support_v3_2026-06-02/normalized_512/sources/green_mug_orange_phase2.png,outputs/pretty_matrix/green_mug_orange_phase2/direct_target/seed_11/result.png,/cluster/users/grad/2025/25t8103/project/outputs/pretty_matrix/green_mug_orange_phase2/direct_target/seed_11/result.png,direct_target,canonical method directory,aligned,rater_02/images/item_032_B.png
rater_02,item_032,rater_02_item_032_C,T4_local_recolor,green_mug_orange_phase2,11,C,base_only,RF reconstruction / base reconstruction,experiments/support_v3_2026-06-02/normalized_512/sources/green_mug_orange_phase2.png,outputs/pretty_matrix/green_mug_orange_phase2/base_only/seed_11/result.png,/cluster/users/grad/2025/25t8103/project/outputs/pretty_matrix/green_mug_orange_phase2/base_only/seed_11/result.png,base_only,canonical method directory,aligned,rater_02/images/item_032_C.png
rater_02,item_032,rater_02_item_032_D,T4_local_recolor,green_mug_orange_phase2,11,D,adaptive_full_generic_support,Generic support control,experiments/support_v3_2026-06-02/normalized_512/sources/green_mug_orange_phase2.png,outputs/pretty_matrix/green_mug_orange_phase2/adaptive_full_generic_support/seed_11/result.png,/cluster/users/grad/2025/25t8103/project/outputs/pretty_matrix/green_mug_orange_phase2/adaptive_full_generic_support/seed_11/result.png,adaptive_full_generic_support,canonical method directory,aligned,rater_02/images/item_032_D.png
rater_02,item_033,rater_02_item_033_A,T4_local_recolor,green_mug_orange_phase2,12,A,direct_target,Direct target guidance,experiments/support_v3_2026-06-02/normalized_512/sources/green_mug_orange_phase2.png,outputs/pretty_matrix/green_mug_orange_phase2/direct_target/seed_12/result.png,/cluster/users/grad/2025/25t8103/project/outputs/pretty_matrix/green_mug_orange_phase2/direct_target/seed_12/result.png,direct_target,canonical method directory,aligned,rater_02/images/item_033_A.png
rater_02,item_033,rater_02_item_033_B,T4_local_recolor,green_mug_orange_phase2,12,B,adaptive_full_generic_support,Generic support control,experiments/support_v3_2026-06-02/normalized_512/sources/green_mug_orange_phase2.png,outputs/pretty_matrix/green_mug_orange_phase2/adaptive_full_generic_support/seed_12/result.png,/cluster/users/grad/2025/25t8103/project/outputs/pretty_matrix/green_mug_orange_phase2/adaptive_full_generic_support/seed_12/result.png,adaptive_full_generic_support,canonical method directory,aligned,rater_02/images/item_033_B.png
rater_02,item_033,rater_02_item_033_C,T4_local_recolor,green_mug_orange_phase2,12,C,base_only,RF reconstruction / base reconstruction,experiments/support_v3_2026-06-02/normalized_512/sources/green_mug_orange_phase2.png,outputs/pretty_matrix/green_mug_orange_phase2/base_only/seed_12/result.png,/cluster/users/grad/2025/25t8103/project/outputs/pretty_matrix/green_mug_orange_phase2/base_only/seed_12/result.png,base_only,canonical method directory,aligned,rater_02/images/item_033_C.png
rater_02,item_033,rater_02_item_033_D,T4_local_recolor,green_mug_orange_phase2,12,D,support_v3_controller_rmsgap,CleanEdit,experiments/support_v3_2026-06-02/normalized_512/sources/green_mug_orange_phase2.png,outputs/pretty_matrix/green_mug_orange_phase2/support_v3_controller_rmsgap_t1t4_3seed_20260609/seed_12/result.png,/cluster/users/grad/2025/25t8103/project/outputs/pretty_matrix/green_mug_orange_phase2/support_v3_controller_rmsgap/seed_12/result.png,support_v3_controller_rmsgap_t1t4_3seed_20260609,formal T1-T4 three-seed CleanEdit rerun,needs_metric_refresh,rater_02/images/item_033_D.png
rater_02,item_034,rater_02_item_034_A,T4_local_recolor,yellow_vase_blue_phase2,10,A,base_only,RF reconstruction / base reconstruction,experiments/support_v3_2026-06-02/normalized_512/sources/yellow_vase_blue_phase2.png,outputs/pretty_matrix/yellow_vase_blue_phase2/base_only/seed_10/result.png,/cluster/users/grad/2025/25t8103/project/outputs/pretty_matrix/yellow_vase_blue_phase2/base_only/seed_10/result.png,base_only,canonical method directory,aligned,rater_02/images/item_034_A.png
rater_02,item_034,rater_02_item_034_B,T4_local_recolor,yellow_vase_blue_phase2,10,B,adaptive_full_generic_support,Generic support control,experiments/support_v3_2026-06-02/normalized_512/sources/yellow_vase_blue_phase2.png,outputs/pretty_matrix/yellow_vase_blue_phase2/adaptive_full_generic_support/seed_10/result.png,/cluster/users/grad/2025/25t8103/project/outputs/pretty_matrix/yellow_vase_blue_phase2/adaptive_full_generic_support/seed_10/result.png,adaptive_full_generic_support,canonical method directory,aligned,rater_02/images/item_034_B.png
rater_02,item_034,rater_02_item_034_C,T4_local_recolor,yellow_vase_blue_phase2,10,C,support_v3_controller_rmsgap,CleanEdit,experiments/support_v3_2026-06-02/normalized_512/sources/yellow_vase_blue_phase2.png,outputs/pretty_matrix/yellow_vase_blue_phase2/support_v3_controller_rmsgap_t1t4_3seed_20260609/seed_10/result.png,/cluster/users/grad/2025/25t8103/project/outputs/pretty_matrix/yellow_vase_blue_phase2/support_v3_controller_rmsgap/seed_10/result.png,support_v3_controller_rmsgap_t1t4_3seed_20260609,formal T1-T4 three-seed CleanEdit rerun,needs_metric_refresh,rater_02/images/item_034_C.png
rater_02,item_034,rater_02_item_034_D,T4_local_recolor,yellow_vase_blue_phase2,10,D,direct_target,Direct target guidance,experiments/support_v3_2026-06-02/normalized_512/sources/yellow_vase_blue_phase2.png,outputs/pretty_matrix/yellow_vase_blue_phase2/direct_target/seed_10/result.png,/cluster/users/grad/2025/25t8103/project/outputs/pretty_matrix/yellow_vase_blue_phase2/direct_target/seed_10/result.png,direct_target,canonical method directory,aligned,rater_02/images/item_034_D.png
rater_02,item_035,rater_02_item_035_A,T4_local_recolor,yellow_vase_blue_phase2,11,A,base_only,RF reconstruction / base reconstruction,experiments/support_v3_2026-06-02/normalized_512/sources/yellow_vase_blue_phase2.png,outputs/pretty_matrix/yellow_vase_blue_phase2/base_only/seed_11/result.png,/cluster/users/grad/2025/25t8103/project/outputs/pretty_matrix/yellow_vase_blue_phase2/base_only/seed_11/result.png,base_only,canonical method directory,aligned,rater_02/images/item_035_A.png
rater_02,item_035,rater_02_item_035_B,T4_local_recolor,yellow_vase_blue_phase2,11,B,direct_target,Direct target guidance,experiments/support_v3_2026-06-02/normalized_512/sources/yellow_vase_blue_phase2.png,outputs/pretty_matrix/yellow_vase_blue_phase2/direct_target/seed_11/result.png,/cluster/users/grad/2025/25t8103/project/outputs/pretty_matrix/yellow_vase_blue_phase2/direct_target/seed_11/result.png,direct_target,canonical method directory,aligned,rater_02/images/item_035_B.png
rater_02,item_035,rater_02_item_035_C,T4_local_recolor,yellow_vase_blue_phase2,11,C,adaptive_full_generic_support,Generic support control,experiments/support_v3_2026-06-02/normalized_512/sources/yellow_vase_blue_phase2.png,outputs/pretty_matrix/yellow_vase_blue_phase2/adaptive_full_generic_support/seed_11/result.png,/cluster/users/grad/2025/25t8103/project/outputs/pretty_matrix/yellow_vase_blue_phase2/adaptive_full_generic_support/seed_11/result.png,adaptive_full_generic_support,canonical method directory,aligned,rater_02/images/item_035_C.png
rater_02,item_035,rater_02_item_035_D,T4_local_recolor,yellow_vase_blue_phase2,11,D,support_v3_controller_rmsgap,CleanEdit,experiments/support_v3_2026-06-02/normalized_512/sources/yellow_vase_blue_phase2.png,outputs/pretty_matrix/yellow_vase_blue_phase2/support_v3_controller_rmsgap_t1t4_3seed_20260609/seed_11/result.png,/cluster/users/grad/2025/25t8103/project/outputs/pretty_matrix/yellow_vase_blue_phase2/support_v3_controller_rmsgap/seed_11/result.png,support_v3_controller_rmsgap_t1t4_3seed_20260609,formal T1-T4 three-seed CleanEdit rerun,needs_metric_refresh,rater_02/images/item_035_D.png
rater_02,item_036,rater_02_item_036_A,T4_local_recolor,yellow_vase_blue_phase2,12,A,direct_target,Direct target guidance,experiments/support_v3_2026-06-02/normalized_512/sources/yellow_vase_blue_phase2.png,outputs/pretty_matrix/yellow_vase_blue_phase2/direct_target/seed_12/result.png,/cluster/users/grad/2025/25t8103/project/outputs/pretty_matrix/yellow_vase_blue_phase2/direct_target/seed_12/result.png,direct_target,canonical method directory,aligned,rater_02/images/item_036_A.png
rater_02,item_036,rater_02_item_036_B,T4_local_recolor,yellow_vase_blue_phase2,12,B,support_v3_controller_rmsgap,CleanEdit,experiments/support_v3_2026-06-02/normalized_512/sources/yellow_vase_blue_phase2.png,outputs/pretty_matrix/yellow_vase_blue_phase2/support_v3_controller_rmsgap_t1t4_3seed_20260609/seed_12/result.png,/cluster/users/grad/2025/25t8103/project/outputs/pretty_matrix/yellow_vase_blue_phase2/support_v3_controller_rmsgap/seed_12/result.png,support_v3_controller_rmsgap_t1t4_3seed_20260609,formal T1-T4 three-seed CleanEdit rerun,needs_metric_refresh,rater_02/images/item_036_B.png
rater_02,item_036,rater_02_item_036_C,T4_local_recolor,yellow_vase_blue_phase2,12,C,adaptive_full_generic_support,Generic support control,experiments/support_v3_2026-06-02/normalized_512/sources/yellow_vase_blue_phase2.png,outputs/pretty_matrix/yellow_vase_blue_phase2/adaptive_full_generic_support/seed_12/result.png,/cluster/users/grad/2025/25t8103/project/outputs/pretty_matrix/yellow_vase_blue_phase2/adaptive_full_generic_support/seed_12/result.png,adaptive_full_generic_support,canonical method directory,aligned,rater_02/images/item_036_C.png
rater_02,item_036,rater_02_item_036_D,T4_local_recolor,yellow_vase_blue_phase2,12,D,base_only,RF reconstruction / base reconstruction,experiments/support_v3_2026-06-02/normalized_512/sources/yellow_vase_blue_phase2.png,outputs/pretty_matrix/yellow_vase_blue_phase2/base_only/seed_12/result.png,/cluster/users/grad/2025/25t8103/project/outputs/pretty_matrix/yellow_vase_blue_phase2/base_only/seed_12/result.png,base_only,canonical method directory,aligned,rater_02/images/item_036_D.png
rater_02,item_037,rater_02_item_037_A,T5_same_color_material,pillow_same_color_cable_knit,10,A,base_only,RF reconstruction / base reconstruction,experiments/support_v3_2026-06-02/normalized_512/sources/pillow_same_color_cable_knit.png,outputs/pretty_matrix/pillow_same_color_cable_knit/base_only/seed_10/result.png,/cluster/users/grad/2025/25t8103/project/outputs/pretty_matrix/pillow_same_color_cable_knit/base_only/seed_10/result.png,base_only,canonical method directory,aligned,rater_02/images/item_037_A.png
rater_02,item_037,rater_02_item_037_B,T5_same_color_material,pillow_same_color_cable_knit,10,B,support_v3_controller_rmsgap,CleanEdit,experiments/support_v3_2026-06-02/normalized_512/sources/pillow_same_color_cable_knit.png,outputs/pretty_matrix/pillow_same_color_cable_knit/support_v3_controller_rmsgap/seed_10/result.png,/cluster/users/grad/2025/25t8103/project/outputs/pretty_matrix/pillow_same_color_cable_knit/support_v3_controller_rmsgap/seed_10/result.png,support_v3_controller_rmsgap,formal T5 CleanEdit run,aligned,rater_02/images/item_037_B.png
rater_02,item_037,rater_02_item_037_C,T5_same_color_material,pillow_same_color_cable_knit,10,C,direct_target,Direct target guidance,experiments/support_v3_2026-06-02/normalized_512/sources/pillow_same_color_cable_knit.png,outputs/pretty_matrix/pillow_same_color_cable_knit/direct_target/seed_10/result.png,/cluster/users/grad/2025/25t8103/project/outputs/pretty_matrix/pillow_same_color_cable_knit/direct_target/seed_10/result.png,direct_target,canonical method directory,aligned,rater_02/images/item_037_C.png
rater_02,item_037,rater_02_item_037_D,T5_same_color_material,pillow_same_color_cable_knit,10,D,adaptive_full_generic_support,Generic support control,experiments/support_v3_2026-06-02/normalized_512/sources/pillow_same_color_cable_knit.png,outputs/pretty_matrix/pillow_same_color_cable_knit/adaptive_full_generic_support/seed_10/result.png,/cluster/users/grad/2025/25t8103/project/outputs/pretty_matrix/pillow_same_color_cable_knit/adaptive_full_generic_support/seed_10/result.png,adaptive_full_generic_support,canonical method directory,aligned,rater_02/images/item_037_D.png
rater_02,item_038,rater_02_item_038_A,T5_same_color_material,pillow_same_color_cable_knit,11,A,direct_target,Direct target guidance,experiments/support_v3_2026-06-02/normalized_512/sources/pillow_same_color_cable_knit.png,outputs/pretty_matrix/pillow_same_color_cable_knit/direct_target/seed_11/result.png,/cluster/users/grad/2025/25t8103/project/outputs/pretty_matrix/pillow_same_color_cable_knit/direct_target/seed_11/result.png,direct_target,canonical method directory,aligned,rater_02/images/item_038_A.png
rater_02,item_038,rater_02_item_038_B,T5_same_color_material,pillow_same_color_cable_knit,11,B,support_v3_controller_rmsgap,CleanEdit,experiments/support_v3_2026-06-02/normalized_512/sources/pillow_same_color_cable_knit.png,outputs/pretty_matrix/pillow_same_color_cable_knit/support_v3_controller_rmsgap/seed_11/result.png,/cluster/users/grad/2025/25t8103/project/outputs/pretty_matrix/pillow_same_color_cable_knit/support_v3_controller_rmsgap/seed_11/result.png,support_v3_controller_rmsgap,formal T5 CleanEdit run,aligned,rater_02/images/item_038_B.png
rater_02,item_038,rater_02_item_038_C,T5_same_color_material,pillow_same_color_cable_knit,11,C,adaptive_full_generic_support,Generic support control,experiments/support_v3_2026-06-02/normalized_512/sources/pillow_same_color_cable_knit.png,outputs/pretty_matrix/pillow_same_color_cable_knit/adaptive_full_generic_support/seed_11/result.png,/cluster/users/grad/2025/25t8103/project/outputs/pretty_matrix/pillow_same_color_cable_knit/adaptive_full_generic_support/seed_11/result.png,adaptive_full_generic_support,canonical method directory,aligned,rater_02/images/item_038_C.png
rater_02,item_038,rater_02_item_038_D,T5_same_color_material,pillow_same_color_cable_knit,11,D,base_only,RF reconstruction / base reconstruction,experiments/support_v3_2026-06-02/normalized_512/sources/pillow_same_color_cable_knit.png,outputs/pretty_matrix/pillow_same_color_cable_knit/base_only/seed_11/result.png,/cluster/users/grad/2025/25t8103/project/outputs/pretty_matrix/pillow_same_color_cable_knit/base_only/seed_11/result.png,base_only,canonical method directory,aligned,rater_02/images/item_038_D.png
rater_02,item_039,rater_02_item_039_A,T5_same_color_material,pillow_same_color_cable_knit,12,A,adaptive_full_generic_support,Generic support control,experiments/support_v3_2026-06-02/normalized_512/sources/pillow_same_color_cable_knit.png,outputs/pretty_matrix/pillow_same_color_cable_knit/adaptive_full_generic_support/seed_12/result.png,/cluster/users/grad/2025/25t8103/project/outputs/pretty_matrix/pillow_same_color_cable_knit/adaptive_full_generic_support/seed_12/result.png,adaptive_full_generic_support,canonical method directory,aligned,rater_02/images/item_039_A.png
rater_02,item_039,rater_02_item_039_B,T5_same_color_material,pillow_same_color_cable_knit,12,B,base_only,RF reconstruction / base reconstruction,experiments/support_v3_2026-06-02/normalized_512/sources/pillow_same_color_cable_knit.png,outputs/pretty_matrix/pillow_same_color_cable_knit/base_only/seed_12/result.png,/cluster/users/grad/2025/25t8103/project/outputs/pretty_matrix/pillow_same_color_cable_knit/base_only/seed_12/result.png,base_only,canonical method directory,aligned,rater_02/images/item_039_B.png
rater_02,item_039,rater_02_item_039_C,T5_same_color_material,pillow_same_color_cable_knit,12,C,support_v3_controller_rmsgap,CleanEdit,experiments/support_v3_2026-06-02/normalized_512/sources/pillow_same_color_cable_knit.png,outputs/pretty_matrix/pillow_same_color_cable_knit/support_v3_controller_rmsgap/seed_12/result.png,/cluster/users/grad/2025/25t8103/project/outputs/pretty_matrix/pillow_same_color_cable_knit/support_v3_controller_rmsgap/seed_12/result.png,support_v3_controller_rmsgap,formal T5 CleanEdit run,aligned,rater_02/images/item_039_C.png
rater_02,item_039,rater_02_item_039_D,T5_same_color_material,pillow_same_color_cable_knit,12,D,direct_target,Direct target guidance,experiments/support_v3_2026-06-02/normalized_512/sources/pillow_same_color_cable_knit.png,outputs/pretty_matrix/pillow_same_color_cable_knit/direct_target/seed_12/result.png,/cluster/users/grad/2025/25t8103/project/outputs/pretty_matrix/pillow_same_color_cable_knit/direct_target/seed_12/result.png,direct_target,canonical method directory,aligned,rater_02/images/item_039_D.png
rater_02,item_040,rater_02_item_040_A,T5_same_color_material,pillow_same_color_cable_knit_grey,10,A,direct_target,Direct target guidance,experiments/support_v3_2026-06-02/normalized_512/sources/pillow_same_color_cable_knit_grey.png,outputs/pretty_matrix/pillow_same_color_cable_knit_grey/direct_target/seed_10/result.png,/cluster/users/grad/2025/25t8103/project/outputs/pretty_matrix/pillow_same_color_cable_knit_grey/direct_target/seed_10/result.png,direct_target,canonical method directory,aligned,rater_02/images/item_040_A.png
rater_02,item_040,rater_02_item_040_B,T5_same_color_material,pillow_same_color_cable_knit_grey,10,B,adaptive_full_generic_support,Generic support control,experiments/support_v3_2026-06-02/normalized_512/sources/pillow_same_color_cable_knit_grey.png,outputs/pretty_matrix/pillow_same_color_cable_knit_grey/adaptive_full_generic_support/seed_10/result.png,/cluster/users/grad/2025/25t8103/project/outputs/pretty_matrix/pillow_same_color_cable_knit_grey/adaptive_full_generic_support/seed_10/result.png,adaptive_full_generic_support,canonical method directory,aligned,rater_02/images/item_040_B.png
rater_02,item_040,rater_02_item_040_C,T5_same_color_material,pillow_same_color_cable_knit_grey,10,C,base_only,RF reconstruction / base reconstruction,experiments/support_v3_2026-06-02/normalized_512/sources/pillow_same_color_cable_knit_grey.png,outputs/pretty_matrix/pillow_same_color_cable_knit_grey/base_only/seed_10/result.png,/cluster/users/grad/2025/25t8103/project/outputs/pretty_matrix/pillow_same_color_cable_knit_grey/base_only/seed_10/result.png,base_only,canonical method directory,aligned,rater_02/images/item_040_C.png
rater_02,item_040,rater_02_item_040_D,T5_same_color_material,pillow_same_color_cable_knit_grey,10,D,support_v3_controller_rmsgap,CleanEdit,experiments/support_v3_2026-06-02/normalized_512/sources/pillow_same_color_cable_knit_grey.png,outputs/pretty_matrix/pillow_same_color_cable_knit_grey/support_v3_controller_rmsgap/seed_10/result.png,/cluster/users/grad/2025/25t8103/project/outputs/pretty_matrix/pillow_same_color_cable_knit_grey/support_v3_controller_rmsgap/seed_10/result.png,support_v3_controller_rmsgap,formal T5 CleanEdit run,aligned,rater_02/images/item_040_D.png
rater_02,item_041,rater_02_item_041_A,T5_same_color_material,pillow_same_color_cable_knit_grey,11,A,base_only,RF reconstruction / base reconstruction,experiments/support_v3_2026-06-02/normalized_512/sources/pillow_same_color_cable_knit_grey.png,outputs/pretty_matrix/pillow_same_color_cable_knit_grey/base_only/seed_11/result.png,/cluster/users/grad/2025/25t8103/project/outputs/pretty_matrix/pillow_same_color_cable_knit_grey/base_only/seed_11/result.png,base_only,canonical method directory,aligned,rater_02/images/item_041_A.png
rater_02,item_041,rater_02_item_041_B,T5_same_color_material,pillow_same_color_cable_knit_grey,11,B,support_v3_controller_rmsgap,CleanEdit,experiments/support_v3_2026-06-02/normalized_512/sources/pillow_same_color_cable_knit_grey.png,outputs/pretty_matrix/pillow_same_color_cable_knit_grey/support_v3_controller_rmsgap/seed_11/result.png,/cluster/users/grad/2025/25t8103/project/outputs/pretty_matrix/pillow_same_color_cable_knit_grey/support_v3_controller_rmsgap/seed_11/result.png,support_v3_controller_rmsgap,formal T5 CleanEdit run,aligned,rater_02/images/item_041_B.png
rater_02,item_041,rater_02_item_041_C,T5_same_color_material,pillow_same_color_cable_knit_grey,11,C,adaptive_full_generic_support,Generic support control,experiments/support_v3_2026-06-02/normalized_512/sources/pillow_same_color_cable_knit_grey.png,outputs/pretty_matrix/pillow_same_color_cable_knit_grey/adaptive_full_generic_support/seed_11/result.png,/cluster/users/grad/2025/25t8103/project/outputs/pretty_matrix/pillow_same_color_cable_knit_grey/adaptive_full_generic_support/seed_11/result.png,adaptive_full_generic_support,canonical method directory,aligned,rater_02/images/item_041_C.png
rater_02,item_041,rater_02_item_041_D,T5_same_color_material,pillow_same_color_cable_knit_grey,11,D,direct_target,Direct target guidance,experiments/support_v3_2026-06-02/normalized_512/sources/pillow_same_color_cable_knit_grey.png,outputs/pretty_matrix/pillow_same_color_cable_knit_grey/direct_target/seed_11/result.png,/cluster/users/grad/2025/25t8103/project/outputs/pretty_matrix/pillow_same_color_cable_knit_grey/direct_target/seed_11/result.png,direct_target,canonical method directory,aligned,rater_02/images/item_041_D.png
rater_02,item_042,rater_02_item_042_A,T5_same_color_material,pillow_same_color_cable_knit_grey,12,A,direct_target,Direct target guidance,experiments/support_v3_2026-06-02/normalized_512/sources/pillow_same_color_cable_knit_grey.png,outputs/pretty_matrix/pillow_same_color_cable_knit_grey/direct_target/seed_12/result.png,/cluster/users/grad/2025/25t8103/project/outputs/pretty_matrix/pillow_same_color_cable_knit_grey/direct_target/seed_12/result.png,direct_target,canonical method directory,aligned,rater_02/images/item_042_A.png
rater_02,item_042,rater_02_item_042_B,T5_same_color_material,pillow_same_color_cable_knit_grey,12,B,adaptive_full_generic_support,Generic support control,experiments/support_v3_2026-06-02/normalized_512/sources/pillow_same_color_cable_knit_grey.png,outputs/pretty_matrix/pillow_same_color_cable_knit_grey/adaptive_full_generic_support/seed_12/result.png,/cluster/users/grad/2025/25t8103/project/outputs/pretty_matrix/pillow_same_color_cable_knit_grey/adaptive_full_generic_support/seed_12/result.png,adaptive_full_generic_support,canonical method directory,aligned,rater_02/images/item_042_B.png
rater_02,item_042,rater_02_item_042_C,T5_same_color_material,pillow_same_color_cable_knit_grey,12,C,support_v3_controller_rmsgap,CleanEdit,experiments/support_v3_2026-06-02/normalized_512/sources/pillow_same_color_cable_knit_grey.png,outputs/pretty_matrix/pillow_same_color_cable_knit_grey/support_v3_controller_rmsgap/seed_12/result.png,/cluster/users/grad/2025/25t8103/project/outputs/pretty_matrix/pillow_same_color_cable_knit_grey/support_v3_controller_rmsgap/seed_12/result.png,support_v3_controller_rmsgap,formal T5 CleanEdit run,aligned,rater_02/images/item_042_C.png
rater_02,item_042,rater_02_item_042_D,T5_same_color_material,pillow_same_color_cable_knit_grey,12,D,base_only,RF reconstruction / base reconstruction,experiments/support_v3_2026-06-02/normalized_512/sources/pillow_same_color_cable_knit_grey.png,outputs/pretty_matrix/pillow_same_color_cable_knit_grey/base_only/seed_12/result.png,/cluster/users/grad/2025/25t8103/project/outputs/pretty_matrix/pillow_same_color_cable_knit_grey/base_only/seed_12/result.png,base_only,canonical method directory,aligned,rater_02/images/item_042_D.png
rater_02,item_043,rater_02_item_043_A,T5_same_color_material,pillow_same_color_cable_knit_armchair,10,A,direct_target,Direct target guidance,experiments/support_v3_2026-06-02/normalized_512/sources/pillow_same_color_cable_knit_armchair.png,outputs/pretty_matrix/pillow_same_color_cable_knit_armchair/direct_target/seed_10/result.png,/cluster/users/grad/2025/25t8103/project/outputs/pretty_matrix/pillow_same_color_cable_knit_armchair/direct_target/seed_10/result.png,direct_target,canonical method directory,aligned,rater_02/images/item_043_A.png
rater_02,item_043,rater_02_item_043_B,T5_same_color_material,pillow_same_color_cable_knit_armchair,10,B,adaptive_full_generic_support,Generic support control,experiments/support_v3_2026-06-02/normalized_512/sources/pillow_same_color_cable_knit_armchair.png,outputs/pretty_matrix/pillow_same_color_cable_knit_armchair/adaptive_full_generic_support/seed_10/result.png,/cluster/users/grad/2025/25t8103/project/outputs/pretty_matrix/pillow_same_color_cable_knit_armchair/adaptive_full_generic_support/seed_10/result.png,adaptive_full_generic_support,canonical method directory,aligned,rater_02/images/item_043_B.png
rater_02,item_043,rater_02_item_043_C,T5_same_color_material,pillow_same_color_cable_knit_armchair,10,C,base_only,RF reconstruction / base reconstruction,experiments/support_v3_2026-06-02/normalized_512/sources/pillow_same_color_cable_knit_armchair.png,outputs/pretty_matrix/pillow_same_color_cable_knit_armchair/base_only/seed_10/result.png,/cluster/users/grad/2025/25t8103/project/outputs/pretty_matrix/pillow_same_color_cable_knit_armchair/base_only/seed_10/result.png,base_only,canonical method directory,aligned,rater_02/images/item_043_C.png
rater_02,item_043,rater_02_item_043_D,T5_same_color_material,pillow_same_color_cable_knit_armchair,10,D,support_v3_controller_rmsgap,CleanEdit,experiments/support_v3_2026-06-02/normalized_512/sources/pillow_same_color_cable_knit_armchair.png,outputs/pretty_matrix/pillow_same_color_cable_knit_armchair/support_v3_controller_rmsgap/seed_10/result.png,/cluster/users/grad/2025/25t8103/project/outputs/pretty_matrix/pillow_same_color_cable_knit_armchair/support_v3_controller_rmsgap/seed_10/result.png,support_v3_controller_rmsgap,formal T5 CleanEdit run,aligned,rater_02/images/item_043_D.png
rater_02,item_044,rater_02_item_044_A,T5_same_color_material,pillow_same_color_cable_knit_armchair,11,A,support_v3_controller_rmsgap,CleanEdit,experiments/support_v3_2026-06-02/normalized_512/sources/pillow_same_color_cable_knit_armchair.png,outputs/pretty_matrix/pillow_same_color_cable_knit_armchair/support_v3_controller_rmsgap/seed_11/result.png,/cluster/users/grad/2025/25t8103/project/outputs/pretty_matrix/pillow_same_color_cable_knit_armchair/support_v3_controller_rmsgap/seed_11/result.png,support_v3_controller_rmsgap,formal T5 CleanEdit run,aligned,rater_02/images/item_044_A.png
rater_02,item_044,rater_02_item_044_B,T5_same_color_material,pillow_same_color_cable_knit_armchair,11,B,direct_target,Direct target guidance,experiments/support_v3_2026-06-02/normalized_512/sources/pillow_same_color_cable_knit_armchair.png,outputs/pretty_matrix/pillow_same_color_cable_knit_armchair/direct_target/seed_11/result.png,/cluster/users/grad/2025/25t8103/project/outputs/pretty_matrix/pillow_same_color_cable_knit_armchair/direct_target/seed_11/result.png,direct_target,canonical method directory,aligned,rater_02/images/item_044_B.png
rater_02,item_044,rater_02_item_044_C,T5_same_color_material,pillow_same_color_cable_knit_armchair,11,C,base_only,RF reconstruction / base reconstruction,experiments/support_v3_2026-06-02/normalized_512/sources/pillow_same_color_cable_knit_armchair.png,outputs/pretty_matrix/pillow_same_color_cable_knit_armchair/base_only/seed_11/result.png,/cluster/users/grad/2025/25t8103/project/outputs/pretty_matrix/pillow_same_color_cable_knit_armchair/base_only/seed_11/result.png,base_only,canonical method directory,aligned,rater_02/images/item_044_C.png
rater_02,item_044,rater_02_item_044_D,T5_same_color_material,pillow_same_color_cable_knit_armchair,11,D,adaptive_full_generic_support,Generic support control,experiments/support_v3_2026-06-02/normalized_512/sources/pillow_same_color_cable_knit_armchair.png,outputs/pretty_matrix/pillow_same_color_cable_knit_armchair/adaptive_full_generic_support/seed_11/result.png,/cluster/users/grad/2025/25t8103/project/outputs/pretty_matrix/pillow_same_color_cable_knit_armchair/adaptive_full_generic_support/seed_11/result.png,adaptive_full_generic_support,canonical method directory,aligned,rater_02/images/item_044_D.png
rater_02,item_045,rater_02_item_045_A,T5_same_color_material,pillow_same_color_cable_knit_armchair,12,A,base_only,RF reconstruction / base reconstruction,experiments/support_v3_2026-06-02/normalized_512/sources/pillow_same_color_cable_knit_armchair.png,outputs/pretty_matrix/pillow_same_color_cable_knit_armchair/base_only/seed_12/result.png,/cluster/users/grad/2025/25t8103/project/outputs/pretty_matrix/pillow_same_color_cable_knit_armchair/base_only/seed_12/result.png,base_only,canonical method directory,aligned,rater_02/images/item_045_A.png
rater_02,item_045,rater_02_item_045_B,T5_same_color_material,pillow_same_color_cable_knit_armchair,12,B,support_v3_controller_rmsgap,CleanEdit,experiments/support_v3_2026-06-02/normalized_512/sources/pillow_same_color_cable_knit_armchair.png,outputs/pretty_matrix/pillow_same_color_cable_knit_armchair/support_v3_controller_rmsgap/seed_12/result.png,/cluster/users/grad/2025/25t8103/project/outputs/pretty_matrix/pillow_same_color_cable_knit_armchair/support_v3_controller_rmsgap/seed_12/result.png,support_v3_controller_rmsgap,formal T5 CleanEdit run,aligned,rater_02/images/item_045_B.png
rater_02,item_045,rater_02_item_045_C,T5_same_color_material,pillow_same_color_cable_knit_armchair,12,C,adaptive_full_generic_support,Generic support control,experiments/support_v3_2026-06-02/normalized_512/sources/pillow_same_color_cable_knit_armchair.png,outputs/pretty_matrix/pillow_same_color_cable_knit_armchair/adaptive_full_generic_support/seed_12/result.png,/cluster/users/grad/2025/25t8103/project/outputs/pretty_matrix/pillow_same_color_cable_knit_armchair/adaptive_full_generic_support/seed_12/result.png,adaptive_full_generic_support,canonical method directory,aligned,rater_02/images/item_045_C.png
rater_02,item_045,rater_02_item_045_D,T5_same_color_material,pillow_same_color_cable_knit_armchair,12,D,direct_target,Direct target guidance,experiments/support_v3_2026-06-02/normalized_512/sources/pillow_same_color_cable_knit_armchair.png,outputs/pretty_matrix/pillow_same_color_cable_knit_armchair/direct_target/seed_12/result.png,/cluster/users/grad/2025/25t8103/project/outputs/pretty_matrix/pillow_same_color_cable_knit_armchair/direct_target/seed_12/result.png,direct_target,canonical method directory,aligned,rater_02/images/item_045_D.png
rater_03,item_001,rater_03_item_001_A,T1_attached_accessory,cat_crown,10,A,base_only,RF reconstruction / base reconstruction,experiments/support_v3_2026-06-02/normalized_512/sources/cat_crown.png,outputs/pretty_matrix/cat_crown/base_only/seed_10/result.png,/cluster/users/grad/2025/25t8103/project/outputs/pretty_matrix/cat_crown/base_only/seed_10/result.png,base_only,canonical method directory,aligned,rater_03/images/item_001_A.png
rater_03,item_001,rater_03_item_001_B,T1_attached_accessory,cat_crown,10,B,adaptive_full_generic_support,Generic support control,experiments/support_v3_2026-06-02/normalized_512/sources/cat_crown.png,outputs/pretty_matrix/cat_crown/adaptive_full_generic_support/seed_10/result.png,/cluster/users/grad/2025/25t8103/project/outputs/pretty_matrix/cat_crown/adaptive_full_generic_support/seed_10/result.png,adaptive_full_generic_support,canonical method directory,aligned,rater_03/images/item_001_B.png
rater_03,item_001,rater_03_item_001_C,T1_attached_accessory,cat_crown,10,C,support_v3_controller_rmsgap,CleanEdit,experiments/support_v3_2026-06-02/normalized_512/sources/cat_crown.png,outputs/pretty_matrix/cat_crown/support_v3_controller_rmsgap_t1t4_3seed_20260609/seed_10/result.png,/cluster/users/grad/2025/25t8103/project/outputs/pretty_matrix/cat_crown/support_v3_controller_rmsgap/seed_10/result.png,support_v3_controller_rmsgap_t1t4_3seed_20260609,formal T1-T4 three-seed CleanEdit rerun,needs_metric_refresh,rater_03/images/item_001_C.png
rater_03,item_001,rater_03_item_001_D,T1_attached_accessory,cat_crown,10,D,direct_target,Direct target guidance,experiments/support_v3_2026-06-02/normalized_512/sources/cat_crown.png,outputs/pretty_matrix/cat_crown/direct_target/seed_10/result.png,/cluster/users/grad/2025/25t8103/project/outputs/pretty_matrix/cat_crown/direct_target/seed_10/result.png,direct_target,canonical method directory,aligned,rater_03/images/item_001_D.png
rater_03,item_002,rater_03_item_002_A,T1_attached_accessory,cat_crown,11,A,adaptive_full_generic_support,Generic support control,experiments/support_v3_2026-06-02/normalized_512/sources/cat_crown.png,outputs/pretty_matrix/cat_crown/adaptive_full_generic_support/seed_11/result.png,/cluster/users/grad/2025/25t8103/project/outputs/pretty_matrix/cat_crown/adaptive_full_generic_support/seed_11/result.png,adaptive_full_generic_support,canonical method directory,aligned,rater_03/images/item_002_A.png
rater_03,item_002,rater_03_item_002_B,T1_attached_accessory,cat_crown,11,B,support_v3_controller_rmsgap,CleanEdit,experiments/support_v3_2026-06-02/normalized_512/sources/cat_crown.png,outputs/pretty_matrix/cat_crown/support_v3_controller_rmsgap_t1t4_3seed_20260609/seed_11/result.png,/cluster/users/grad/2025/25t8103/project/outputs/pretty_matrix/cat_crown/support_v3_controller_rmsgap/seed_11/result.png,support_v3_controller_rmsgap_t1t4_3seed_20260609,formal T1-T4 three-seed CleanEdit rerun,needs_metric_refresh,rater_03/images/item_002_B.png
rater_03,item_002,rater_03_item_002_C,T1_attached_accessory,cat_crown,11,C,direct_target,Direct target guidance,experiments/support_v3_2026-06-02/normalized_512/sources/cat_crown.png,outputs/pretty_matrix/cat_crown/direct_target/seed_11/result.png,/cluster/users/grad/2025/25t8103/project/outputs/pretty_matrix/cat_crown/direct_target/seed_11/result.png,direct_target,canonical method directory,aligned,rater_03/images/item_002_C.png
rater_03,item_002,rater_03_item_002_D,T1_attached_accessory,cat_crown,11,D,base_only,RF reconstruction / base reconstruction,experiments/support_v3_2026-06-02/normalized_512/sources/cat_crown.png,outputs/pretty_matrix/cat_crown/base_only/seed_11/result.png,/cluster/users/grad/2025/25t8103/project/outputs/pretty_matrix/cat_crown/base_only/seed_11/result.png,base_only,canonical method directory,aligned,rater_03/images/item_002_D.png
rater_03,item_003,rater_03_item_003_A,T1_attached_accessory,cat_crown,12,A,adaptive_full_generic_support,Generic support control,experiments/support_v3_2026-06-02/normalized_512/sources/cat_crown.png,outputs/pretty_matrix/cat_crown/adaptive_full_generic_support/seed_12/result.png,/cluster/users/grad/2025/25t8103/project/outputs/pretty_matrix/cat_crown/adaptive_full_generic_support/seed_12/result.png,adaptive_full_generic_support,canonical method directory,aligned,rater_03/images/item_003_A.png
rater_03,item_003,rater_03_item_003_B,T1_attached_accessory,cat_crown,12,B,support_v3_controller_rmsgap,CleanEdit,experiments/support_v3_2026-06-02/normalized_512/sources/cat_crown.png,outputs/pretty_matrix/cat_crown/support_v3_controller_rmsgap_t1t4_3seed_20260609/seed_12/result.png,/cluster/users/grad/2025/25t8103/project/outputs/pretty_matrix/cat_crown/support_v3_controller_rmsgap/seed_12/result.png,support_v3_controller_rmsgap_t1t4_3seed_20260609,formal T1-T4 three-seed CleanEdit rerun,needs_metric_refresh,rater_03/images/item_003_B.png
rater_03,item_003,rater_03_item_003_C,T1_attached_accessory,cat_crown,12,C,base_only,RF reconstruction / base reconstruction,experiments/support_v3_2026-06-02/normalized_512/sources/cat_crown.png,outputs/pretty_matrix/cat_crown/base_only/seed_12/result.png,/cluster/users/grad/2025/25t8103/project/outputs/pretty_matrix/cat_crown/base_only/seed_12/result.png,base_only,canonical method directory,aligned,rater_03/images/item_003_C.png
rater_03,item_003,rater_03_item_003_D,T1_attached_accessory,cat_crown,12,D,direct_target,Direct target guidance,experiments/support_v3_2026-06-02/normalized_512/sources/cat_crown.png,outputs/pretty_matrix/cat_crown/direct_target/seed_12/result.png,/cluster/users/grad/2025/25t8103/project/outputs/pretty_matrix/cat_crown/direct_target/seed_12/result.png,direct_target,canonical method directory,aligned,rater_03/images/item_003_D.png
rater_03,item_004,rater_03_item_004_A,T1_attached_accessory,dog_bow_tie_phase2,10,A,adaptive_full_generic_support,Generic support control,experiments/support_v3_2026-06-02/normalized_512/sources/dog_bow_tie_phase2.png,outputs/pretty_matrix/dog_bow_tie_phase2/adaptive_full_generic_support/seed_10/result.png,/cluster/users/grad/2025/25t8103/project/outputs/pretty_matrix/dog_bow_tie_phase2/adaptive_full_generic_support/seed_10/result.png,adaptive_full_generic_support,canonical method directory,aligned,rater_03/images/item_004_A.png
rater_03,item_004,rater_03_item_004_B,T1_attached_accessory,dog_bow_tie_phase2,10,B,base_only,RF reconstruction / base reconstruction,experiments/support_v3_2026-06-02/normalized_512/sources/dog_bow_tie_phase2.png,outputs/pretty_matrix/dog_bow_tie_phase2/base_only/seed_10/result.png,/cluster/users/grad/2025/25t8103/project/outputs/pretty_matrix/dog_bow_tie_phase2/base_only/seed_10/result.png,base_only,canonical method directory,aligned,rater_03/images/item_004_B.png
rater_03,item_004,rater_03_item_004_C,T1_attached_accessory,dog_bow_tie_phase2,10,C,support_v3_controller_rmsgap,CleanEdit,experiments/support_v3_2026-06-02/normalized_512/sources/dog_bow_tie_phase2.png,outputs/pretty_matrix/dog_bow_tie_phase2/support_v3_controller_rmsgap_t1t4_3seed_20260609/seed_10/result.png,/cluster/users/grad/2025/25t8103/project/outputs/pretty_matrix/dog_bow_tie_phase2/support_v3_controller_rmsgap/seed_10/result.png,support_v3_controller_rmsgap_t1t4_3seed_20260609,formal T1-T4 three-seed CleanEdit rerun,needs_metric_refresh,rater_03/images/item_004_C.png
rater_03,item_004,rater_03_item_004_D,T1_attached_accessory,dog_bow_tie_phase2,10,D,direct_target,Direct target guidance,experiments/support_v3_2026-06-02/normalized_512/sources/dog_bow_tie_phase2.png,outputs/pretty_matrix/dog_bow_tie_phase2/direct_target/seed_10/result.png,/cluster/users/grad/2025/25t8103/project/outputs/pretty_matrix/dog_bow_tie_phase2/direct_target/seed_10/result.png,direct_target,canonical method directory,aligned,rater_03/images/item_004_D.png
rater_03,item_005,rater_03_item_005_A,T1_attached_accessory,dog_bow_tie_phase2,11,A,adaptive_full_generic_support,Generic support control,experiments/support_v3_2026-06-02/normalized_512/sources/dog_bow_tie_phase2.png,outputs/pretty_matrix/dog_bow_tie_phase2/adaptive_full_generic_support/seed_11/result.png,/cluster/users/grad/2025/25t8103/project/outputs/pretty_matrix/dog_bow_tie_phase2/adaptive_full_generic_support/seed_11/result.png,adaptive_full_generic_support,canonical method directory,aligned,rater_03/images/item_005_A.png
rater_03,item_005,rater_03_item_005_B,T1_attached_accessory,dog_bow_tie_phase2,11,B,direct_target,Direct target guidance,experiments/support_v3_2026-06-02/normalized_512/sources/dog_bow_tie_phase2.png,outputs/pretty_matrix/dog_bow_tie_phase2/direct_target/seed_11/result.png,/cluster/users/grad/2025/25t8103/project/outputs/pretty_matrix/dog_bow_tie_phase2/direct_target/seed_11/result.png,direct_target,canonical method directory,aligned,rater_03/images/item_005_B.png
rater_03,item_005,rater_03_item_005_C,T1_attached_accessory,dog_bow_tie_phase2,11,C,base_only,RF reconstruction / base reconstruction,experiments/support_v3_2026-06-02/normalized_512/sources/dog_bow_tie_phase2.png,outputs/pretty_matrix/dog_bow_tie_phase2/base_only/seed_11/result.png,/cluster/users/grad/2025/25t8103/project/outputs/pretty_matrix/dog_bow_tie_phase2/base_only/seed_11/result.png,base_only,canonical method directory,aligned,rater_03/images/item_005_C.png
rater_03,item_005,rater_03_item_005_D,T1_attached_accessory,dog_bow_tie_phase2,11,D,support_v3_controller_rmsgap,CleanEdit,experiments/support_v3_2026-06-02/normalized_512/sources/dog_bow_tie_phase2.png,outputs/pretty_matrix/dog_bow_tie_phase2/support_v3_controller_rmsgap_t1t4_3seed_20260609/seed_11/result.png,/cluster/users/grad/2025/25t8103/project/outputs/pretty_matrix/dog_bow_tie_phase2/support_v3_controller_rmsgap/seed_11/result.png,support_v3_controller_rmsgap_t1t4_3seed_20260609,formal T1-T4 three-seed CleanEdit rerun,needs_metric_refresh,rater_03/images/item_005_D.png
rater_03,item_006,rater_03_item_006_A,T1_attached_accessory,dog_bow_tie_phase2,12,A,support_v3_controller_rmsgap,CleanEdit,experiments/support_v3_2026-06-02/normalized_512/sources/dog_bow_tie_phase2.png,outputs/pretty_matrix/dog_bow_tie_phase2/support_v3_controller_rmsgap_t1t4_3seed_20260609/seed_12/result.png,/cluster/users/grad/2025/25t8103/project/outputs/pretty_matrix/dog_bow_tie_phase2/support_v3_controller_rmsgap/seed_12/result.png,support_v3_controller_rmsgap_t1t4_3seed_20260609,formal T1-T4 three-seed CleanEdit rerun,needs_metric_refresh,rater_03/images/item_006_A.png
rater_03,item_006,rater_03_item_006_B,T1_attached_accessory,dog_bow_tie_phase2,12,B,adaptive_full_generic_support,Generic support control,experiments/support_v3_2026-06-02/normalized_512/sources/dog_bow_tie_phase2.png,outputs/pretty_matrix/dog_bow_tie_phase2/adaptive_full_generic_support/seed_12/result.png,/cluster/users/grad/2025/25t8103/project/outputs/pretty_matrix/dog_bow_tie_phase2/adaptive_full_generic_support/seed_12/result.png,adaptive_full_generic_support,canonical method directory,aligned,rater_03/images/item_006_B.png
rater_03,item_006,rater_03_item_006_C,T1_attached_accessory,dog_bow_tie_phase2,12,C,base_only,RF reconstruction / base reconstruction,experiments/support_v3_2026-06-02/normalized_512/sources/dog_bow_tie_phase2.png,outputs/pretty_matrix/dog_bow_tie_phase2/base_only/seed_12/result.png,/cluster/users/grad/2025/25t8103/project/outputs/pretty_matrix/dog_bow_tie_phase2/base_only/seed_12/result.png,base_only,canonical method directory,aligned,rater_03/images/item_006_C.png
rater_03,item_006,rater_03_item_006_D,T1_attached_accessory,dog_bow_tie_phase2,12,D,direct_target,Direct target guidance,experiments/support_v3_2026-06-02/normalized_512/sources/dog_bow_tie_phase2.png,outputs/pretty_matrix/dog_bow_tie_phase2/direct_target/seed_12/result.png,/cluster/users/grad/2025/25t8103/project/outputs/pretty_matrix/dog_bow_tie_phase2/direct_target/seed_12/result.png,direct_target,canonical method directory,aligned,rater_03/images/item_006_D.png
rater_03,item_007,rater_03_item_007_A,T1_attached_accessory,dog_front_sunglasses_phase2,10,A,adaptive_full_generic_support,Generic support control,experiments/support_v3_2026-06-02/normalized_512/sources/dog_front_sunglasses_phase2.png,outputs/pretty_matrix/dog_front_sunglasses_phase2/adaptive_full_generic_support/seed_10/result.png,/cluster/users/grad/2025/25t8103/project/outputs/pretty_matrix/dog_front_sunglasses_phase2/adaptive_full_generic_support/seed_10/result.png,adaptive_full_generic_support,canonical method directory,aligned,rater_03/images/item_007_A.png
rater_03,item_007,rater_03_item_007_B,T1_attached_accessory,dog_front_sunglasses_phase2,10,B,direct_target,Direct target guidance,experiments/support_v3_2026-06-02/normalized_512/sources/dog_front_sunglasses_phase2.png,outputs/pretty_matrix/dog_front_sunglasses_phase2/direct_target/seed_10/result.png,/cluster/users/grad/2025/25t8103/project/outputs/pretty_matrix/dog_front_sunglasses_phase2/direct_target/seed_10/result.png,direct_target,canonical method directory,aligned,rater_03/images/item_007_B.png
rater_03,item_007,rater_03_item_007_C,T1_attached_accessory,dog_front_sunglasses_phase2,10,C,support_v3_controller_rmsgap,CleanEdit,experiments/support_v3_2026-06-02/normalized_512/sources/dog_front_sunglasses_phase2.png,outputs/pretty_matrix/dog_front_sunglasses_phase2/support_v3_controller_rmsgap_t1t4_3seed_20260609/seed_10/result.png,/cluster/users/grad/2025/25t8103/project/outputs/pretty_matrix/dog_front_sunglasses_phase2/support_v3_controller_rmsgap/seed_10/result.png,support_v3_controller_rmsgap_t1t4_3seed_20260609,formal T1-T4 three-seed CleanEdit rerun,needs_metric_refresh,rater_03/images/item_007_C.png
rater_03,item_007,rater_03_item_007_D,T1_attached_accessory,dog_front_sunglasses_phase2,10,D,base_only,RF reconstruction / base reconstruction,experiments/support_v3_2026-06-02/normalized_512/sources/dog_front_sunglasses_phase2.png,outputs/pretty_matrix/dog_front_sunglasses_phase2/base_only/seed_10/result.png,/cluster/users/grad/2025/25t8103/project/outputs/pretty_matrix/dog_front_sunglasses_phase2/base_only/seed_10/result.png,base_only,canonical method directory,aligned,rater_03/images/item_007_D.png
rater_03,item_008,rater_03_item_008_A,T1_attached_accessory,dog_front_sunglasses_phase2,11,A,base_only,RF reconstruction / base reconstruction,experiments/support_v3_2026-06-02/normalized_512/sources/dog_front_sunglasses_phase2.png,outputs/pretty_matrix/dog_front_sunglasses_phase2/base_only/seed_11/result.png,/cluster/users/grad/2025/25t8103/project/outputs/pretty_matrix/dog_front_sunglasses_phase2/base_only/seed_11/result.png,base_only,canonical method directory,aligned,rater_03/images/item_008_A.png
rater_03,item_008,rater_03_item_008_B,T1_attached_accessory,dog_front_sunglasses_phase2,11,B,direct_target,Direct target guidance,experiments/support_v3_2026-06-02/normalized_512/sources/dog_front_sunglasses_phase2.png,outputs/pretty_matrix/dog_front_sunglasses_phase2/direct_target/seed_11/result.png,/cluster/users/grad/2025/25t8103/project/outputs/pretty_matrix/dog_front_sunglasses_phase2/direct_target/seed_11/result.png,direct_target,canonical method directory,aligned,rater_03/images/item_008_B.png
rater_03,item_008,rater_03_item_008_C,T1_attached_accessory,dog_front_sunglasses_phase2,11,C,support_v3_controller_rmsgap,CleanEdit,experiments/support_v3_2026-06-02/normalized_512/sources/dog_front_sunglasses_phase2.png,outputs/pretty_matrix/dog_front_sunglasses_phase2/support_v3_controller_rmsgap_t1t4_3seed_20260609/seed_11/result.png,/cluster/users/grad/2025/25t8103/project/outputs/pretty_matrix/dog_front_sunglasses_phase2/support_v3_controller_rmsgap/seed_11/result.png,support_v3_controller_rmsgap_t1t4_3seed_20260609,formal T1-T4 three-seed CleanEdit rerun,needs_metric_refresh,rater_03/images/item_008_C.png
rater_03,item_008,rater_03_item_008_D,T1_attached_accessory,dog_front_sunglasses_phase2,11,D,adaptive_full_generic_support,Generic support control,experiments/support_v3_2026-06-02/normalized_512/sources/dog_front_sunglasses_phase2.png,outputs/pretty_matrix/dog_front_sunglasses_phase2/adaptive_full_generic_support/seed_11/result.png,/cluster/users/grad/2025/25t8103/project/outputs/pretty_matrix/dog_front_sunglasses_phase2/adaptive_full_generic_support/seed_11/result.png,adaptive_full_generic_support,canonical method directory,aligned,rater_03/images/item_008_D.png
rater_03,item_009,rater_03_item_009_A,T1_attached_accessory,dog_front_sunglasses_phase2,12,A,direct_target,Direct target guidance,experiments/support_v3_2026-06-02/normalized_512/sources/dog_front_sunglasses_phase2.png,outputs/pretty_matrix/dog_front_sunglasses_phase2/direct_target/seed_12/result.png,/cluster/users/grad/2025/25t8103/project/outputs/pretty_matrix/dog_front_sunglasses_phase2/direct_target/seed_12/result.png,direct_target,canonical method directory,aligned,rater_03/images/item_009_A.png
rater_03,item_009,rater_03_item_009_B,T1_attached_accessory,dog_front_sunglasses_phase2,12,B,base_only,RF reconstruction / base reconstruction,experiments/support_v3_2026-06-02/normalized_512/sources/dog_front_sunglasses_phase2.png,outputs/pretty_matrix/dog_front_sunglasses_phase2/base_only/seed_12/result.png,/cluster/users/grad/2025/25t8103/project/outputs/pretty_matrix/dog_front_sunglasses_phase2/base_only/seed_12/result.png,base_only,canonical method directory,aligned,rater_03/images/item_009_B.png
rater_03,item_009,rater_03_item_009_C,T1_attached_accessory,dog_front_sunglasses_phase2,12,C,support_v3_controller_rmsgap,CleanEdit,experiments/support_v3_2026-06-02/normalized_512/sources/dog_front_sunglasses_phase2.png,outputs/pretty_matrix/dog_front_sunglasses_phase2/support_v3_controller_rmsgap_t1t4_3seed_20260609/seed_12/result.png,/cluster/users/grad/2025/25t8103/project/outputs/pretty_matrix/dog_front_sunglasses_phase2/support_v3_controller_rmsgap/seed_12/result.png,support_v3_controller_rmsgap_t1t4_3seed_20260609,formal T1-T4 three-seed CleanEdit rerun,needs_metric_refresh,rater_03/images/item_009_C.png
rater_03,item_009,rater_03_item_009_D,T1_attached_accessory,dog_front_sunglasses_phase2,12,D,adaptive_full_generic_support,Generic support control,experiments/support_v3_2026-06-02/normalized_512/sources/dog_front_sunglasses_phase2.png,outputs/pretty_matrix/dog_front_sunglasses_phase2/adaptive_full_generic_support/seed_12/result.png,/cluster/users/grad/2025/25t8103/project/outputs/pretty_matrix/dog_front_sunglasses_phase2/adaptive_full_generic_support/seed_12/result.png,adaptive_full_generic_support,canonical method directory,aligned,rater_03/images/item_009_D.png
rater_03,item_010,rater_03_item_010_A,T2_container_insertion,bowl_apple_inside,10,A,direct_target,Direct target guidance,experiments/support_v3_2026-06-02/normalized_512/sources/bowl_apple_inside.png,outputs/pretty_matrix/bowl_apple_inside/direct_target/seed_10/result.png,/cluster/users/grad/2025/25t8103/project/outputs/pretty_matrix/bowl_apple_inside/direct_target/seed_10/result.png,direct_target,canonical method directory,aligned,rater_03/images/item_010_A.png
rater_03,item_010,rater_03_item_010_B,T2_container_insertion,bowl_apple_inside,10,B,support_v3_controller_rmsgap,CleanEdit,experiments/support_v3_2026-06-02/normalized_512/sources/bowl_apple_inside.png,outputs/pretty_matrix/bowl_apple_inside/support_v3_controller_rmsgap_t1t4_3seed_20260609/seed_10/result.png,/cluster/users/grad/2025/25t8103/project/outputs/pretty_matrix/bowl_apple_inside/support_v3_controller_rmsgap/seed_10/result.png,support_v3_controller_rmsgap_t1t4_3seed_20260609,formal T1-T4 three-seed CleanEdit rerun,needs_metric_refresh,rater_03/images/item_010_B.png
rater_03,item_010,rater_03_item_010_C,T2_container_insertion,bowl_apple_inside,10,C,base_only,RF reconstruction / base reconstruction,experiments/support_v3_2026-06-02/normalized_512/sources/bowl_apple_inside.png,outputs/pretty_matrix/bowl_apple_inside/base_only/seed_10/result.png,/cluster/users/grad/2025/25t8103/project/outputs/pretty_matrix/bowl_apple_inside/base_only/seed_10/result.png,base_only,canonical method directory,aligned,rater_03/images/item_010_C.png
rater_03,item_010,rater_03_item_010_D,T2_container_insertion,bowl_apple_inside,10,D,adaptive_full_generic_support,Generic support control,experiments/support_v3_2026-06-02/normalized_512/sources/bowl_apple_inside.png,outputs/pretty_matrix/bowl_apple_inside/adaptive_full_generic_support/seed_10/result.png,/cluster/users/grad/2025/25t8103/project/outputs/pretty_matrix/bowl_apple_inside/adaptive_full_generic_support/seed_10/result.png,adaptive_full_generic_support,canonical method directory,aligned,rater_03/images/item_010_D.png
rater_03,item_011,rater_03_item_011_A,T2_container_insertion,bowl_apple_inside,11,A,support_v3_controller_rmsgap,CleanEdit,experiments/support_v3_2026-06-02/normalized_512/sources/bowl_apple_inside.png,outputs/pretty_matrix/bowl_apple_inside/support_v3_controller_rmsgap_t1t4_3seed_20260609/seed_11/result.png,/cluster/users/grad/2025/25t8103/project/outputs/pretty_matrix/bowl_apple_inside/support_v3_controller_rmsgap/seed_11/result.png,support_v3_controller_rmsgap_t1t4_3seed_20260609,formal T1-T4 three-seed CleanEdit rerun,needs_metric_refresh,rater_03/images/item_011_A.png
rater_03,item_011,rater_03_item_011_B,T2_container_insertion,bowl_apple_inside,11,B,direct_target,Direct target guidance,experiments/support_v3_2026-06-02/normalized_512/sources/bowl_apple_inside.png,outputs/pretty_matrix/bowl_apple_inside/direct_target/seed_11/result.png,/cluster/users/grad/2025/25t8103/project/outputs/pretty_matrix/bowl_apple_inside/direct_target/seed_11/result.png,direct_target,canonical method directory,aligned,rater_03/images/item_011_B.png
rater_03,item_011,rater_03_item_011_C,T2_container_insertion,bowl_apple_inside,11,C,base_only,RF reconstruction / base reconstruction,experiments/support_v3_2026-06-02/normalized_512/sources/bowl_apple_inside.png,outputs/pretty_matrix/bowl_apple_inside/base_only/seed_11/result.png,/cluster/users/grad/2025/25t8103/project/outputs/pretty_matrix/bowl_apple_inside/base_only/seed_11/result.png,base_only,canonical method directory,aligned,rater_03/images/item_011_C.png
rater_03,item_011,rater_03_item_011_D,T2_container_insertion,bowl_apple_inside,11,D,adaptive_full_generic_support,Generic support control,experiments/support_v3_2026-06-02/normalized_512/sources/bowl_apple_inside.png,outputs/pretty_matrix/bowl_apple_inside/adaptive_full_generic_support/seed_11/result.png,/cluster/users/grad/2025/25t8103/project/outputs/pretty_matrix/bowl_apple_inside/adaptive_full_generic_support/seed_11/result.png,adaptive_full_generic_support,canonical method directory,aligned,rater_03/images/item_011_D.png
rater_03,item_012,rater_03_item_012_A,T2_container_insertion,bowl_apple_inside,12,A,support_v3_controller_rmsgap,CleanEdit,experiments/support_v3_2026-06-02/normalized_512/sources/bowl_apple_inside.png,outputs/pretty_matrix/bowl_apple_inside/support_v3_controller_rmsgap_t1t4_3seed_20260609/seed_12/result.png,/cluster/users/grad/2025/25t8103/project/outputs/pretty_matrix/bowl_apple_inside/support_v3_controller_rmsgap/seed_12/result.png,support_v3_controller_rmsgap_t1t4_3seed_20260609,formal T1-T4 three-seed CleanEdit rerun,needs_metric_refresh,rater_03/images/item_012_A.png
rater_03,item_012,rater_03_item_012_B,T2_container_insertion,bowl_apple_inside,12,B,adaptive_full_generic_support,Generic support control,experiments/support_v3_2026-06-02/normalized_512/sources/bowl_apple_inside.png,outputs/pretty_matrix/bowl_apple_inside/adaptive_full_generic_support/seed_12/result.png,/cluster/users/grad/2025/25t8103/project/outputs/pretty_matrix/bowl_apple_inside/adaptive_full_generic_support/seed_12/result.png,adaptive_full_generic_support,canonical method directory,aligned,rater_03/images/item_012_B.png
rater_03,item_012,rater_03_item_012_C,T2_container_insertion,bowl_apple_inside,12,C,direct_target,Direct target guidance,experiments/support_v3_2026-06-02/normalized_512/sources/bowl_apple_inside.png,outputs/pretty_matrix/bowl_apple_inside/direct_target/seed_12/result.png,/cluster/users/grad/2025/25t8103/project/outputs/pretty_matrix/bowl_apple_inside/direct_target/seed_12/result.png,direct_target,canonical method directory,aligned,rater_03/images/item_012_C.png
rater_03,item_012,rater_03_item_012_D,T2_container_insertion,bowl_apple_inside,12,D,base_only,RF reconstruction / base reconstruction,experiments/support_v3_2026-06-02/normalized_512/sources/bowl_apple_inside.png,outputs/pretty_matrix/bowl_apple_inside/base_only/seed_12/result.png,/cluster/users/grad/2025/25t8103/project/outputs/pretty_matrix/bowl_apple_inside/base_only/seed_12/result.png,base_only,canonical method directory,aligned,rater_03/images/item_012_D.png
rater_03,item_013,rater_03_item_013_A,T2_container_insertion,white_bowl_orange_tabletop_phase2,10,A,direct_target,Direct target guidance,experiments/support_v3_2026-06-02/normalized_512/sources/white_bowl_orange_tabletop_phase2.png,outputs/pretty_matrix/white_bowl_orange_tabletop_phase2/direct_target/seed_10/result.png,/cluster/users/grad/2025/25t8103/project/outputs/pretty_matrix/white_bowl_orange_tabletop_phase2/direct_target/seed_10/result.png,direct_target,canonical method directory,aligned,rater_03/images/item_013_A.png
rater_03,item_013,rater_03_item_013_B,T2_container_insertion,white_bowl_orange_tabletop_phase2,10,B,adaptive_full_generic_support,Generic support control,experiments/support_v3_2026-06-02/normalized_512/sources/white_bowl_orange_tabletop_phase2.png,outputs/pretty_matrix/white_bowl_orange_tabletop_phase2/adaptive_full_generic_support/seed_10/result.png,/cluster/users/grad/2025/25t8103/project/outputs/pretty_matrix/white_bowl_orange_tabletop_phase2/adaptive_full_generic_support/seed_10/result.png,adaptive_full_generic_support,canonical method directory,aligned,rater_03/images/item_013_B.png
rater_03,item_013,rater_03_item_013_C,T2_container_insertion,white_bowl_orange_tabletop_phase2,10,C,base_only,RF reconstruction / base reconstruction,experiments/support_v3_2026-06-02/normalized_512/sources/white_bowl_orange_tabletop_phase2.png,outputs/pretty_matrix/white_bowl_orange_tabletop_phase2/base_only/seed_10/result.png,/cluster/users/grad/2025/25t8103/project/outputs/pretty_matrix/white_bowl_orange_tabletop_phase2/base_only/seed_10/result.png,base_only,canonical method directory,aligned,rater_03/images/item_013_C.png
rater_03,item_013,rater_03_item_013_D,T2_container_insertion,white_bowl_orange_tabletop_phase2,10,D,support_v3_controller_rmsgap,CleanEdit,experiments/support_v3_2026-06-02/normalized_512/sources/white_bowl_orange_tabletop_phase2.png,outputs/pretty_matrix/white_bowl_orange_tabletop_phase2/support_v3_controller_rmsgap_failed3_fix6_20260609/seed_10/result.png,/cluster/users/grad/2025/25t8103/project/outputs/pretty_matrix/white_bowl_orange_tabletop_phase2/support_v3_controller_rmsgap/seed_10/result.png,support_v3_controller_rmsgap_failed3_fix6_20260609,selected repaired CleanEdit run with visible orange; plain seed 12 is a weak earlier run,needs_metric_refresh,rater_03/images/item_013_D.png
rater_03,item_014,rater_03_item_014_A,T2_container_insertion,white_bowl_orange_tabletop_phase2,11,A,base_only,RF reconstruction / base reconstruction,experiments/support_v3_2026-06-02/normalized_512/sources/white_bowl_orange_tabletop_phase2.png,outputs/pretty_matrix/white_bowl_orange_tabletop_phase2/base_only/seed_11/result.png,/cluster/users/grad/2025/25t8103/project/outputs/pretty_matrix/white_bowl_orange_tabletop_phase2/base_only/seed_11/result.png,base_only,canonical method directory,aligned,rater_03/images/item_014_A.png
rater_03,item_014,rater_03_item_014_B,T2_container_insertion,white_bowl_orange_tabletop_phase2,11,B,support_v3_controller_rmsgap,CleanEdit,experiments/support_v3_2026-06-02/normalized_512/sources/white_bowl_orange_tabletop_phase2.png,outputs/pretty_matrix/white_bowl_orange_tabletop_phase2/support_v3_controller_rmsgap_failed3_fix6_20260609/seed_11/result.png,/cluster/users/grad/2025/25t8103/project/outputs/pretty_matrix/white_bowl_orange_tabletop_phase2/support_v3_controller_rmsgap/seed_11/result.png,support_v3_controller_rmsgap_failed3_fix6_20260609,selected repaired CleanEdit run with visible orange; plain seed 12 is a weak earlier run,needs_metric_refresh,rater_03/images/item_014_B.png
rater_03,item_014,rater_03_item_014_C,T2_container_insertion,white_bowl_orange_tabletop_phase2,11,C,adaptive_full_generic_support,Generic support control,experiments/support_v3_2026-06-02/normalized_512/sources/white_bowl_orange_tabletop_phase2.png,outputs/pretty_matrix/white_bowl_orange_tabletop_phase2/adaptive_full_generic_support/seed_11/result.png,/cluster/users/grad/2025/25t8103/project/outputs/pretty_matrix/white_bowl_orange_tabletop_phase2/adaptive_full_generic_support/seed_11/result.png,adaptive_full_generic_support,canonical method directory,aligned,rater_03/images/item_014_C.png
rater_03,item_014,rater_03_item_014_D,T2_container_insertion,white_bowl_orange_tabletop_phase2,11,D,direct_target,Direct target guidance,experiments/support_v3_2026-06-02/normalized_512/sources/white_bowl_orange_tabletop_phase2.png,outputs/pretty_matrix/white_bowl_orange_tabletop_phase2/direct_target/seed_11/result.png,/cluster/users/grad/2025/25t8103/project/outputs/pretty_matrix/white_bowl_orange_tabletop_phase2/direct_target/seed_11/result.png,direct_target,canonical method directory,aligned,rater_03/images/item_014_D.png
rater_03,item_015,rater_03_item_015_A,T2_container_insertion,white_bowl_orange_tabletop_phase2,12,A,adaptive_full_generic_support,Generic support control,experiments/support_v3_2026-06-02/normalized_512/sources/white_bowl_orange_tabletop_phase2.png,outputs/pretty_matrix/white_bowl_orange_tabletop_phase2/adaptive_full_generic_support/seed_12/result.png,/cluster/users/grad/2025/25t8103/project/outputs/pretty_matrix/white_bowl_orange_tabletop_phase2/adaptive_full_generic_support/seed_12/result.png,adaptive_full_generic_support,canonical method directory,aligned,rater_03/images/item_015_A.png
rater_03,item_015,rater_03_item_015_B,T2_container_insertion,white_bowl_orange_tabletop_phase2,12,B,support_v3_controller_rmsgap,CleanEdit,experiments/support_v3_2026-06-02/normalized_512/sources/white_bowl_orange_tabletop_phase2.png,outputs/pretty_matrix/white_bowl_orange_tabletop_phase2/support_v3_controller_rmsgap_failed3_fix6_20260609/seed_12/result.png,/cluster/users/grad/2025/25t8103/project/outputs/pretty_matrix/white_bowl_orange_tabletop_phase2/support_v3_controller_rmsgap/seed_12/result.png,support_v3_controller_rmsgap_failed3_fix6_20260609,selected repaired CleanEdit run with visible orange; plain seed 12 is a weak earlier run,needs_metric_refresh,rater_03/images/item_015_B.png
rater_03,item_015,rater_03_item_015_C,T2_container_insertion,white_bowl_orange_tabletop_phase2,12,C,base_only,RF reconstruction / base reconstruction,experiments/support_v3_2026-06-02/normalized_512/sources/white_bowl_orange_tabletop_phase2.png,outputs/pretty_matrix/white_bowl_orange_tabletop_phase2/base_only/seed_12/result.png,/cluster/users/grad/2025/25t8103/project/outputs/pretty_matrix/white_bowl_orange_tabletop_phase2/base_only/seed_12/result.png,base_only,canonical method directory,aligned,rater_03/images/item_015_C.png
rater_03,item_015,rater_03_item_015_D,T2_container_insertion,white_bowl_orange_tabletop_phase2,12,D,direct_target,Direct target guidance,experiments/support_v3_2026-06-02/normalized_512/sources/white_bowl_orange_tabletop_phase2.png,outputs/pretty_matrix/white_bowl_orange_tabletop_phase2/direct_target/seed_12/result.png,/cluster/users/grad/2025/25t8103/project/outputs/pretty_matrix/white_bowl_orange_tabletop_phase2/direct_target/seed_12/result.png,direct_target,canonical method directory,aligned,rater_03/images/item_015_D.png
rater_03,item_016,rater_03_item_016_A,T2_container_insertion,brown_bowl_lemon_phase2,10,A,adaptive_full_generic_support,Generic support control,experiments/support_v3_2026-06-02/normalized_512/sources/brown_bowl_lemon_phase2.png,outputs/pretty_matrix/brown_bowl_lemon_phase2/adaptive_full_generic_support/seed_10/result.png,/cluster/users/grad/2025/25t8103/project/outputs/pretty_matrix/brown_bowl_lemon_phase2/adaptive_full_generic_support/seed_10/result.png,adaptive_full_generic_support,canonical method directory,aligned,rater_03/images/item_016_A.png
rater_03,item_016,rater_03_item_016_B,T2_container_insertion,brown_bowl_lemon_phase2,10,B,direct_target,Direct target guidance,experiments/support_v3_2026-06-02/normalized_512/sources/brown_bowl_lemon_phase2.png,outputs/pretty_matrix/brown_bowl_lemon_phase2/direct_target/seed_10/result.png,/cluster/users/grad/2025/25t8103/project/outputs/pretty_matrix/brown_bowl_lemon_phase2/direct_target/seed_10/result.png,direct_target,canonical method directory,aligned,rater_03/images/item_016_B.png
rater_03,item_016,rater_03_item_016_C,T2_container_insertion,brown_bowl_lemon_phase2,10,C,support_v3_controller_rmsgap,CleanEdit,experiments/support_v3_2026-06-02/normalized_512/sources/brown_bowl_lemon_phase2.png,outputs/pretty_matrix/brown_bowl_lemon_phase2/support_v3_controller_rmsgap_t1t4_3seed_20260609/seed_10/result.png,/cluster/users/grad/2025/25t8103/project/outputs/pretty_matrix/brown_bowl_lemon_phase2/support_v3_controller_rmsgap/seed_10/result.png,support_v3_controller_rmsgap_t1t4_3seed_20260609,formal T1-T4 three-seed CleanEdit rerun,needs_metric_refresh,rater_03/images/item_016_C.png
rater_03,item_016,rater_03_item_016_D,T2_container_insertion,brown_bowl_lemon_phase2,10,D,base_only,RF reconstruction / base reconstruction,experiments/support_v3_2026-06-02/normalized_512/sources/brown_bowl_lemon_phase2.png,outputs/pretty_matrix/brown_bowl_lemon_phase2/base_only/seed_10/result.png,/cluster/users/grad/2025/25t8103/project/outputs/pretty_matrix/brown_bowl_lemon_phase2/base_only/seed_10/result.png,base_only,canonical method directory,aligned,rater_03/images/item_016_D.png
rater_03,item_017,rater_03_item_017_A,T2_container_insertion,brown_bowl_lemon_phase2,11,A,adaptive_full_generic_support,Generic support control,experiments/support_v3_2026-06-02/normalized_512/sources/brown_bowl_lemon_phase2.png,outputs/pretty_matrix/brown_bowl_lemon_phase2/adaptive_full_generic_support/seed_11/result.png,/cluster/users/grad/2025/25t8103/project/outputs/pretty_matrix/brown_bowl_lemon_phase2/adaptive_full_generic_support/seed_11/result.png,adaptive_full_generic_support,canonical method directory,aligned,rater_03/images/item_017_A.png
rater_03,item_017,rater_03_item_017_B,T2_container_insertion,brown_bowl_lemon_phase2,11,B,base_only,RF reconstruction / base reconstruction,experiments/support_v3_2026-06-02/normalized_512/sources/brown_bowl_lemon_phase2.png,outputs/pretty_matrix/brown_bowl_lemon_phase2/base_only/seed_11/result.png,/cluster/users/grad/2025/25t8103/project/outputs/pretty_matrix/brown_bowl_lemon_phase2/base_only/seed_11/result.png,base_only,canonical method directory,aligned,rater_03/images/item_017_B.png
rater_03,item_017,rater_03_item_017_C,T2_container_insertion,brown_bowl_lemon_phase2,11,C,direct_target,Direct target guidance,experiments/support_v3_2026-06-02/normalized_512/sources/brown_bowl_lemon_phase2.png,outputs/pretty_matrix/brown_bowl_lemon_phase2/direct_target/seed_11/result.png,/cluster/users/grad/2025/25t8103/project/outputs/pretty_matrix/brown_bowl_lemon_phase2/direct_target/seed_11/result.png,direct_target,canonical method directory,aligned,rater_03/images/item_017_C.png
rater_03,item_017,rater_03_item_017_D,T2_container_insertion,brown_bowl_lemon_phase2,11,D,support_v3_controller_rmsgap,CleanEdit,experiments/support_v3_2026-06-02/normalized_512/sources/brown_bowl_lemon_phase2.png,outputs/pretty_matrix/brown_bowl_lemon_phase2/support_v3_controller_rmsgap_t1t4_3seed_20260609/seed_11/result.png,/cluster/users/grad/2025/25t8103/project/outputs/pretty_matrix/brown_bowl_lemon_phase2/support_v3_controller_rmsgap/seed_11/result.png,support_v3_controller_rmsgap_t1t4_3seed_20260609,formal T1-T4 three-seed CleanEdit rerun,needs_metric_refresh,rater_03/images/item_017_D.png
rater_03,item_018,rater_03_item_018_A,T2_container_insertion,brown_bowl_lemon_phase2,12,A,support_v3_controller_rmsgap,CleanEdit,experiments/support_v3_2026-06-02/normalized_512/sources/brown_bowl_lemon_phase2.png,outputs/pretty_matrix/brown_bowl_lemon_phase2/support_v3_controller_rmsgap_t1t4_3seed_20260609/seed_12/result.png,/cluster/users/grad/2025/25t8103/project/outputs/pretty_matrix/brown_bowl_lemon_phase2/support_v3_controller_rmsgap/seed_12/result.png,support_v3_controller_rmsgap_t1t4_3seed_20260609,formal T1-T4 three-seed CleanEdit rerun,needs_metric_refresh,rater_03/images/item_018_A.png
rater_03,item_018,rater_03_item_018_B,T2_container_insertion,brown_bowl_lemon_phase2,12,B,base_only,RF reconstruction / base reconstruction,experiments/support_v3_2026-06-02/normalized_512/sources/brown_bowl_lemon_phase2.png,outputs/pretty_matrix/brown_bowl_lemon_phase2/base_only/seed_12/result.png,/cluster/users/grad/2025/25t8103/project/outputs/pretty_matrix/brown_bowl_lemon_phase2/base_only/seed_12/result.png,base_only,canonical method directory,aligned,rater_03/images/item_018_B.png
rater_03,item_018,rater_03_item_018_C,T2_container_insertion,brown_bowl_lemon_phase2,12,C,adaptive_full_generic_support,Generic support control,experiments/support_v3_2026-06-02/normalized_512/sources/brown_bowl_lemon_phase2.png,outputs/pretty_matrix/brown_bowl_lemon_phase2/adaptive_full_generic_support/seed_12/result.png,/cluster/users/grad/2025/25t8103/project/outputs/pretty_matrix/brown_bowl_lemon_phase2/adaptive_full_generic_support/seed_12/result.png,adaptive_full_generic_support,canonical method directory,aligned,rater_03/images/item_018_C.png
rater_03,item_018,rater_03_item_018_D,T2_container_insertion,brown_bowl_lemon_phase2,12,D,direct_target,Direct target guidance,experiments/support_v3_2026-06-02/normalized_512/sources/brown_bowl_lemon_phase2.png,outputs/pretty_matrix/brown_bowl_lemon_phase2/direct_target/seed_12/result.png,/cluster/users/grad/2025/25t8103/project/outputs/pretty_matrix/brown_bowl_lemon_phase2/direct_target/seed_12/result.png,direct_target,canonical method directory,aligned,rater_03/images/item_018_D.png
rater_03,item_019,rater_03_item_019_A,T3_surface_decal,tshirt_star,10,A,base_only,RF reconstruction / base reconstruction,experiments/support_v3_2026-06-02/normalized_512/sources/tshirt_star.png,outputs/pretty_matrix/tshirt_star/base_only/seed_10/result.png,/cluster/users/grad/2025/25t8103/project/outputs/pretty_matrix/tshirt_star/base_only/seed_10/result.png,base_only,canonical method directory,aligned,rater_03/images/item_019_A.png
rater_03,item_019,rater_03_item_019_B,T3_surface_decal,tshirt_star,10,B,adaptive_full_generic_support,Generic support control,experiments/support_v3_2026-06-02/normalized_512/sources/tshirt_star.png,outputs/pretty_matrix/tshirt_star/adaptive_full_generic_support/seed_10/result.png,/cluster/users/grad/2025/25t8103/project/outputs/pretty_matrix/tshirt_star/adaptive_full_generic_support/seed_10/result.png,adaptive_full_generic_support,canonical method directory,aligned,rater_03/images/item_019_B.png
rater_03,item_019,rater_03_item_019_C,T3_surface_decal,tshirt_star,10,C,direct_target,Direct target guidance,experiments/support_v3_2026-06-02/normalized_512/sources/tshirt_star.png,outputs/pretty_matrix/tshirt_star/direct_target/seed_10/result.png,/cluster/users/grad/2025/25t8103/project/outputs/pretty_matrix/tshirt_star/direct_target/seed_10/result.png,direct_target,canonical method directory,aligned,rater_03/images/item_019_C.png
rater_03,item_019,rater_03_item_019_D,T3_surface_decal,tshirt_star,10,D,support_v3_controller_rmsgap,CleanEdit,experiments/support_v3_2026-06-02/normalized_512/sources/tshirt_star.png,outputs/pretty_matrix/tshirt_star/support_v3_controller_rmsgap/seed_10/result.png,/cluster/users/grad/2025/25t8103/project/outputs/pretty_matrix/tshirt_star/support_v3_controller_rmsgap/seed_10/result.png,support_v3_controller_rmsgap,selected natural-looking CleanEdit run: visible red star follows shirt lighting/folds; t1t4 rerun lost the star and fix3 looks overlaid,aligned,rater_03/images/item_019_D.png
rater_03,item_020,rater_03_item_020_A,T3_surface_decal,tshirt_star,11,A,adaptive_full_generic_support,Generic support control,experiments/support_v3_2026-06-02/normalized_512/sources/tshirt_star.png,outputs/pretty_matrix/tshirt_star/adaptive_full_generic_support/seed_11/result.png,/cluster/users/grad/2025/25t8103/project/outputs/pretty_matrix/tshirt_star/adaptive_full_generic_support/seed_11/result.png,adaptive_full_generic_support,canonical method directory,aligned,rater_03/images/item_020_A.png
rater_03,item_020,rater_03_item_020_B,T3_surface_decal,tshirt_star,11,B,support_v3_controller_rmsgap,CleanEdit,experiments/support_v3_2026-06-02/normalized_512/sources/tshirt_star.png,outputs/pretty_matrix/tshirt_star/support_v3_controller_rmsgap/seed_11/result.png,/cluster/users/grad/2025/25t8103/project/outputs/pretty_matrix/tshirt_star/support_v3_controller_rmsgap/seed_11/result.png,support_v3_controller_rmsgap,selected natural-looking CleanEdit run: visible red star follows shirt lighting/folds; t1t4 rerun lost the star and fix3 looks overlaid,aligned,rater_03/images/item_020_B.png
rater_03,item_020,rater_03_item_020_C,T3_surface_decal,tshirt_star,11,C,direct_target,Direct target guidance,experiments/support_v3_2026-06-02/normalized_512/sources/tshirt_star.png,outputs/pretty_matrix/tshirt_star/direct_target/seed_11/result.png,/cluster/users/grad/2025/25t8103/project/outputs/pretty_matrix/tshirt_star/direct_target/seed_11/result.png,direct_target,canonical method directory,aligned,rater_03/images/item_020_C.png
rater_03,item_020,rater_03_item_020_D,T3_surface_decal,tshirt_star,11,D,base_only,RF reconstruction / base reconstruction,experiments/support_v3_2026-06-02/normalized_512/sources/tshirt_star.png,outputs/pretty_matrix/tshirt_star/base_only/seed_11/result.png,/cluster/users/grad/2025/25t8103/project/outputs/pretty_matrix/tshirt_star/base_only/seed_11/result.png,base_only,canonical method directory,aligned,rater_03/images/item_020_D.png
rater_03,item_021,rater_03_item_021_A,T3_surface_decal,tshirt_star,12,A,support_v3_controller_rmsgap,CleanEdit,experiments/support_v3_2026-06-02/normalized_512/sources/tshirt_star.png,outputs/pretty_matrix/tshirt_star/support_v3_controller_rmsgap/seed_12/result.png,/cluster/users/grad/2025/25t8103/project/outputs/pretty_matrix/tshirt_star/support_v3_controller_rmsgap/seed_12/result.png,support_v3_controller_rmsgap,selected natural-looking CleanEdit run: visible red star follows shirt lighting/folds; t1t4 rerun lost the star and fix3 looks overlaid,aligned,rater_03/images/item_021_A.png
rater_03,item_021,rater_03_item_021_B,T3_surface_decal,tshirt_star,12,B,base_only,RF reconstruction / base reconstruction,experiments/support_v3_2026-06-02/normalized_512/sources/tshirt_star.png,outputs/pretty_matrix/tshirt_star/base_only/seed_12/result.png,/cluster/users/grad/2025/25t8103/project/outputs/pretty_matrix/tshirt_star/base_only/seed_12/result.png,base_only,canonical method directory,aligned,rater_03/images/item_021_B.png
rater_03,item_021,rater_03_item_021_C,T3_surface_decal,tshirt_star,12,C,direct_target,Direct target guidance,experiments/support_v3_2026-06-02/normalized_512/sources/tshirt_star.png,outputs/pretty_matrix/tshirt_star/direct_target/seed_12/result.png,/cluster/users/grad/2025/25t8103/project/outputs/pretty_matrix/tshirt_star/direct_target/seed_12/result.png,direct_target,canonical method directory,aligned,rater_03/images/item_021_C.png
rater_03,item_021,rater_03_item_021_D,T3_surface_decal,tshirt_star,12,D,adaptive_full_generic_support,Generic support control,experiments/support_v3_2026-06-02/normalized_512/sources/tshirt_star.png,outputs/pretty_matrix/tshirt_star/adaptive_full_generic_support/seed_12/result.png,/cluster/users/grad/2025/25t8103/project/outputs/pretty_matrix/tshirt_star/adaptive_full_generic_support/seed_12/result.png,adaptive_full_generic_support,canonical method directory,aligned,rater_03/images/item_021_D.png
rater_03,item_022,rater_03_item_022_A,T3_surface_decal,mug_heart,10,A,direct_target,Direct target guidance,experiments/support_v3_2026-06-02/normalized_512/sources/mug_heart.png,outputs/pretty_matrix/mug_heart/direct_target/seed_10/result.png,/cluster/users/grad/2025/25t8103/project/outputs/pretty_matrix/mug_heart/direct_target/seed_10/result.png,direct_target,canonical method directory,aligned,rater_03/images/item_022_A.png
rater_03,item_022,rater_03_item_022_B,T3_surface_decal,mug_heart,10,B,adaptive_full_generic_support,Generic support control,experiments/support_v3_2026-06-02/normalized_512/sources/mug_heart.png,outputs/pretty_matrix/mug_heart/adaptive_full_generic_support/seed_10/result.png,/cluster/users/grad/2025/25t8103/project/outputs/pretty_matrix/mug_heart/adaptive_full_generic_support/seed_10/result.png,adaptive_full_generic_support,canonical method directory,aligned,rater_03/images/item_022_B.png
rater_03,item_022,rater_03_item_022_C,T3_surface_decal,mug_heart,10,C,support_v3_controller_rmsgap,CleanEdit,experiments/support_v3_2026-06-02/normalized_512/sources/mug_heart.png,outputs/pretty_matrix/mug_heart/support_v3_controller_rmsgap_mugbox145_c180_ref075_v1/seed_10/result.png,/cluster/users/grad/2025/25t8103/project/outputs/pretty_matrix/mug_heart/support_v3_controller_rmsgap/seed_10/result.png,support_v3_controller_rmsgap_mugbox145_c180_ref075_v1,selected unified mug_heart c180 run with deterministic final-ref-composite scale 0.75 for seeds 10/11/12,needs_metric_refresh,rater_03/images/item_022_C.png
rater_03,item_022,rater_03_item_022_D,T3_surface_decal,mug_heart,10,D,base_only,RF reconstruction / base reconstruction,experiments/support_v3_2026-06-02/normalized_512/sources/mug_heart.png,outputs/pretty_matrix/mug_heart/base_only/seed_10/result.png,/cluster/users/grad/2025/25t8103/project/outputs/pretty_matrix/mug_heart/base_only/seed_10/result.png,base_only,canonical method directory,aligned,rater_03/images/item_022_D.png
rater_03,item_023,rater_03_item_023_A,T3_surface_decal,mug_heart,11,A,adaptive_full_generic_support,Generic support control,experiments/support_v3_2026-06-02/normalized_512/sources/mug_heart.png,outputs/pretty_matrix/mug_heart/adaptive_full_generic_support/seed_11/result.png,/cluster/users/grad/2025/25t8103/project/outputs/pretty_matrix/mug_heart/adaptive_full_generic_support/seed_11/result.png,adaptive_full_generic_support,canonical method directory,aligned,rater_03/images/item_023_A.png
rater_03,item_023,rater_03_item_023_B,T3_surface_decal,mug_heart,11,B,base_only,RF reconstruction / base reconstruction,experiments/support_v3_2026-06-02/normalized_512/sources/mug_heart.png,outputs/pretty_matrix/mug_heart/base_only/seed_11/result.png,/cluster/users/grad/2025/25t8103/project/outputs/pretty_matrix/mug_heart/base_only/seed_11/result.png,base_only,canonical method directory,aligned,rater_03/images/item_023_B.png
rater_03,item_023,rater_03_item_023_C,T3_surface_decal,mug_heart,11,C,support_v3_controller_rmsgap,CleanEdit,experiments/support_v3_2026-06-02/normalized_512/sources/mug_heart.png,outputs/pretty_matrix/mug_heart/support_v3_controller_rmsgap_mugbox145_c180_ref075_v1/seed_11/result.png,/cluster/users/grad/2025/25t8103/project/outputs/pretty_matrix/mug_heart/support_v3_controller_rmsgap/seed_11/result.png,support_v3_controller_rmsgap_mugbox145_c180_ref075_v1,selected unified mug_heart c180 run with deterministic final-ref-composite scale 0.75 for seeds 10/11/12,needs_metric_refresh,rater_03/images/item_023_C.png
rater_03,item_023,rater_03_item_023_D,T3_surface_decal,mug_heart,11,D,direct_target,Direct target guidance,experiments/support_v3_2026-06-02/normalized_512/sources/mug_heart.png,outputs/pretty_matrix/mug_heart/direct_target/seed_11/result.png,/cluster/users/grad/2025/25t8103/project/outputs/pretty_matrix/mug_heart/direct_target/seed_11/result.png,direct_target,canonical method directory,aligned,rater_03/images/item_023_D.png
rater_03,item_024,rater_03_item_024_A,T3_surface_decal,mug_heart,12,A,support_v3_controller_rmsgap,CleanEdit,experiments/support_v3_2026-06-02/normalized_512/sources/mug_heart.png,outputs/pretty_matrix/mug_heart/support_v3_controller_rmsgap_mugbox145_c180_ref075_v1/seed_12/result.png,/cluster/users/grad/2025/25t8103/project/outputs/pretty_matrix/mug_heart/support_v3_controller_rmsgap/seed_12/result.png,support_v3_controller_rmsgap_mugbox145_c180_ref075_v1,selected unified mug_heart c180 run with deterministic final-ref-composite scale 0.75 for seeds 10/11/12,needs_metric_refresh,rater_03/images/item_024_A.png
rater_03,item_024,rater_03_item_024_B,T3_surface_decal,mug_heart,12,B,base_only,RF reconstruction / base reconstruction,experiments/support_v3_2026-06-02/normalized_512/sources/mug_heart.png,outputs/pretty_matrix/mug_heart/base_only/seed_12/result.png,/cluster/users/grad/2025/25t8103/project/outputs/pretty_matrix/mug_heart/base_only/seed_12/result.png,base_only,canonical method directory,aligned,rater_03/images/item_024_B.png
rater_03,item_024,rater_03_item_024_C,T3_surface_decal,mug_heart,12,C,adaptive_full_generic_support,Generic support control,experiments/support_v3_2026-06-02/normalized_512/sources/mug_heart.png,outputs/pretty_matrix/mug_heart/adaptive_full_generic_support/seed_12/result.png,/cluster/users/grad/2025/25t8103/project/outputs/pretty_matrix/mug_heart/adaptive_full_generic_support/seed_12/result.png,adaptive_full_generic_support,canonical method directory,aligned,rater_03/images/item_024_C.png
rater_03,item_024,rater_03_item_024_D,T3_surface_decal,mug_heart,12,D,direct_target,Direct target guidance,experiments/support_v3_2026-06-02/normalized_512/sources/mug_heart.png,outputs/pretty_matrix/mug_heart/direct_target/seed_12/result.png,/cluster/users/grad/2025/25t8103/project/outputs/pretty_matrix/mug_heart/direct_target/seed_12/result.png,direct_target,canonical method directory,aligned,rater_03/images/item_024_D.png
rater_03,item_025,rater_03_item_025_A,T3_surface_decal,tote_leaf,10,A,support_v3_controller_rmsgap,CleanEdit,experiments/support_v3_2026-06-02/normalized_512/sources/tote_leaf.png,outputs/pretty_matrix/tote_leaf/support_v3_controller_rmsgap_t1t4_3seed_20260609/seed_10/result.png,/cluster/users/grad/2025/25t8103/project/outputs/pretty_matrix/tote_leaf/support_v3_controller_rmsgap/seed_10/result.png,support_v3_controller_rmsgap_t1t4_3seed_20260609,formal T1-T4 three-seed CleanEdit rerun,needs_metric_refresh,rater_03/images/item_025_A.png
rater_03,item_025,rater_03_item_025_B,T3_surface_decal,tote_leaf,10,B,adaptive_full_generic_support,Generic support control,experiments/support_v3_2026-06-02/normalized_512/sources/tote_leaf.png,outputs/pretty_matrix/tote_leaf/adaptive_full_generic_support/seed_10/result.png,/cluster/users/grad/2025/25t8103/project/outputs/pretty_matrix/tote_leaf/adaptive_full_generic_support/seed_10/result.png,adaptive_full_generic_support,canonical method directory,aligned,rater_03/images/item_025_B.png
rater_03,item_025,rater_03_item_025_C,T3_surface_decal,tote_leaf,10,C,direct_target,Direct target guidance,experiments/support_v3_2026-06-02/normalized_512/sources/tote_leaf.png,outputs/pretty_matrix/tote_leaf/direct_target/seed_10/result.png,/cluster/users/grad/2025/25t8103/project/outputs/pretty_matrix/tote_leaf/direct_target/seed_10/result.png,direct_target,canonical method directory,aligned,rater_03/images/item_025_C.png
rater_03,item_025,rater_03_item_025_D,T3_surface_decal,tote_leaf,10,D,base_only,RF reconstruction / base reconstruction,experiments/support_v3_2026-06-02/normalized_512/sources/tote_leaf.png,outputs/pretty_matrix/tote_leaf/base_only/seed_10/result.png,/cluster/users/grad/2025/25t8103/project/outputs/pretty_matrix/tote_leaf/base_only/seed_10/result.png,base_only,canonical method directory,aligned,rater_03/images/item_025_D.png
rater_03,item_026,rater_03_item_026_A,T3_surface_decal,tote_leaf,11,A,direct_target,Direct target guidance,experiments/support_v3_2026-06-02/normalized_512/sources/tote_leaf.png,outputs/pretty_matrix/tote_leaf/direct_target/seed_11/result.png,/cluster/users/grad/2025/25t8103/project/outputs/pretty_matrix/tote_leaf/direct_target/seed_11/result.png,direct_target,canonical method directory,aligned,rater_03/images/item_026_A.png
rater_03,item_026,rater_03_item_026_B,T3_surface_decal,tote_leaf,11,B,adaptive_full_generic_support,Generic support control,experiments/support_v3_2026-06-02/normalized_512/sources/tote_leaf.png,outputs/pretty_matrix/tote_leaf/adaptive_full_generic_support/seed_11/result.png,/cluster/users/grad/2025/25t8103/project/outputs/pretty_matrix/tote_leaf/adaptive_full_generic_support/seed_11/result.png,adaptive_full_generic_support,canonical method directory,aligned,rater_03/images/item_026_B.png
rater_03,item_026,rater_03_item_026_C,T3_surface_decal,tote_leaf,11,C,support_v3_controller_rmsgap,CleanEdit,experiments/support_v3_2026-06-02/normalized_512/sources/tote_leaf.png,outputs/pretty_matrix/tote_leaf/support_v3_controller_rmsgap_t1t4_3seed_20260609/seed_11/result.png,/cluster/users/grad/2025/25t8103/project/outputs/pretty_matrix/tote_leaf/support_v3_controller_rmsgap/seed_11/result.png,support_v3_controller_rmsgap_t1t4_3seed_20260609,formal T1-T4 three-seed CleanEdit rerun,needs_metric_refresh,rater_03/images/item_026_C.png
rater_03,item_026,rater_03_item_026_D,T3_surface_decal,tote_leaf,11,D,base_only,RF reconstruction / base reconstruction,experiments/support_v3_2026-06-02/normalized_512/sources/tote_leaf.png,outputs/pretty_matrix/tote_leaf/base_only/seed_11/result.png,/cluster/users/grad/2025/25t8103/project/outputs/pretty_matrix/tote_leaf/base_only/seed_11/result.png,base_only,canonical method directory,aligned,rater_03/images/item_026_D.png
rater_03,item_027,rater_03_item_027_A,T3_surface_decal,tote_leaf,12,A,direct_target,Direct target guidance,experiments/support_v3_2026-06-02/normalized_512/sources/tote_leaf.png,outputs/pretty_matrix/tote_leaf/direct_target/seed_12/result.png,/cluster/users/grad/2025/25t8103/project/outputs/pretty_matrix/tote_leaf/direct_target/seed_12/result.png,direct_target,canonical method directory,aligned,rater_03/images/item_027_A.png
rater_03,item_027,rater_03_item_027_B,T3_surface_decal,tote_leaf,12,B,base_only,RF reconstruction / base reconstruction,experiments/support_v3_2026-06-02/normalized_512/sources/tote_leaf.png,outputs/pretty_matrix/tote_leaf/base_only/seed_12/result.png,/cluster/users/grad/2025/25t8103/project/outputs/pretty_matrix/tote_leaf/base_only/seed_12/result.png,base_only,canonical method directory,aligned,rater_03/images/item_027_B.png
rater_03,item_027,rater_03_item_027_C,T3_surface_decal,tote_leaf,12,C,support_v3_controller_rmsgap,CleanEdit,experiments/support_v3_2026-06-02/normalized_512/sources/tote_leaf.png,outputs/pretty_matrix/tote_leaf/support_v3_controller_rmsgap_t1t4_3seed_20260609/seed_12/result.png,/cluster/users/grad/2025/25t8103/project/outputs/pretty_matrix/tote_leaf/support_v3_controller_rmsgap/seed_12/result.png,support_v3_controller_rmsgap_t1t4_3seed_20260609,formal T1-T4 three-seed CleanEdit rerun,needs_metric_refresh,rater_03/images/item_027_C.png
rater_03,item_027,rater_03_item_027_D,T3_surface_decal,tote_leaf,12,D,adaptive_full_generic_support,Generic support control,experiments/support_v3_2026-06-02/normalized_512/sources/tote_leaf.png,outputs/pretty_matrix/tote_leaf/adaptive_full_generic_support/seed_12/result.png,/cluster/users/grad/2025/25t8103/project/outputs/pretty_matrix/tote_leaf/adaptive_full_generic_support/seed_12/result.png,adaptive_full_generic_support,canonical method directory,aligned,rater_03/images/item_027_D.png
rater_03,item_028,rater_03_item_028_A,T4_local_recolor,red_office_chair_to_blue_office_chair,10,A,support_v3_controller_rmsgap,CleanEdit,experiments/support_v3_2026-06-02/normalized_512/sources/red_office_chair_to_blue_office_chair.png,outputs/pretty_matrix/red_office_chair_to_blue_office_chair/support_v3_controller_rmsgap_t1t4_3seed_20260609/seed_10/result.png,/cluster/users/grad/2025/25t8103/project/outputs/pretty_matrix/red_office_chair_to_blue_office_chair/support_v3_controller_rmsgap/seed_10/result.png,support_v3_controller_rmsgap_t1t4_3seed_20260609,formal T1-T4 three-seed CleanEdit rerun,needs_metric_refresh,rater_03/images/item_028_A.png
rater_03,item_028,rater_03_item_028_B,T4_local_recolor,red_office_chair_to_blue_office_chair,10,B,adaptive_full_generic_support,Generic support control,experiments/support_v3_2026-06-02/normalized_512/sources/red_office_chair_to_blue_office_chair.png,outputs/pretty_matrix/red_office_chair_to_blue_office_chair/adaptive_full_generic_support/seed_10/result.png,/cluster/users/grad/2025/25t8103/project/outputs/pretty_matrix/red_office_chair_to_blue_office_chair/adaptive_full_generic_support/seed_10/result.png,adaptive_full_generic_support,canonical method directory,aligned,rater_03/images/item_028_B.png
rater_03,item_028,rater_03_item_028_C,T4_local_recolor,red_office_chair_to_blue_office_chair,10,C,direct_target,Direct target guidance,experiments/support_v3_2026-06-02/normalized_512/sources/red_office_chair_to_blue_office_chair.png,outputs/pretty_matrix/red_office_chair_to_blue_office_chair/direct_target/seed_10/result.png,/cluster/users/grad/2025/25t8103/project/outputs/pretty_matrix/red_office_chair_to_blue_office_chair/direct_target/seed_10/result.png,direct_target,canonical method directory,aligned,rater_03/images/item_028_C.png
rater_03,item_028,rater_03_item_028_D,T4_local_recolor,red_office_chair_to_blue_office_chair,10,D,base_only,RF reconstruction / base reconstruction,experiments/support_v3_2026-06-02/normalized_512/sources/red_office_chair_to_blue_office_chair.png,outputs/pretty_matrix/red_office_chair_to_blue_office_chair/base_only/seed_10/result.png,/cluster/users/grad/2025/25t8103/project/outputs/pretty_matrix/red_office_chair_to_blue_office_chair/base_only/seed_10/result.png,base_only,canonical method directory,aligned,rater_03/images/item_028_D.png
rater_03,item_029,rater_03_item_029_A,T4_local_recolor,red_office_chair_to_blue_office_chair,11,A,support_v3_controller_rmsgap,CleanEdit,experiments/support_v3_2026-06-02/normalized_512/sources/red_office_chair_to_blue_office_chair.png,outputs/pretty_matrix/red_office_chair_to_blue_office_chair/support_v3_controller_rmsgap_t1t4_3seed_20260609/seed_11/result.png,/cluster/users/grad/2025/25t8103/project/outputs/pretty_matrix/red_office_chair_to_blue_office_chair/support_v3_controller_rmsgap/seed_11/result.png,support_v3_controller_rmsgap_t1t4_3seed_20260609,formal T1-T4 three-seed CleanEdit rerun,needs_metric_refresh,rater_03/images/item_029_A.png
rater_03,item_029,rater_03_item_029_B,T4_local_recolor,red_office_chair_to_blue_office_chair,11,B,base_only,RF reconstruction / base reconstruction,experiments/support_v3_2026-06-02/normalized_512/sources/red_office_chair_to_blue_office_chair.png,outputs/pretty_matrix/red_office_chair_to_blue_office_chair/base_only/seed_11/result.png,/cluster/users/grad/2025/25t8103/project/outputs/pretty_matrix/red_office_chair_to_blue_office_chair/base_only/seed_11/result.png,base_only,canonical method directory,aligned,rater_03/images/item_029_B.png
rater_03,item_029,rater_03_item_029_C,T4_local_recolor,red_office_chair_to_blue_office_chair,11,C,direct_target,Direct target guidance,experiments/support_v3_2026-06-02/normalized_512/sources/red_office_chair_to_blue_office_chair.png,outputs/pretty_matrix/red_office_chair_to_blue_office_chair/direct_target/seed_11/result.png,/cluster/users/grad/2025/25t8103/project/outputs/pretty_matrix/red_office_chair_to_blue_office_chair/direct_target/seed_11/result.png,direct_target,canonical method directory,aligned,rater_03/images/item_029_C.png
rater_03,item_029,rater_03_item_029_D,T4_local_recolor,red_office_chair_to_blue_office_chair,11,D,adaptive_full_generic_support,Generic support control,experiments/support_v3_2026-06-02/normalized_512/sources/red_office_chair_to_blue_office_chair.png,outputs/pretty_matrix/red_office_chair_to_blue_office_chair/adaptive_full_generic_support/seed_11/result.png,/cluster/users/grad/2025/25t8103/project/outputs/pretty_matrix/red_office_chair_to_blue_office_chair/adaptive_full_generic_support/seed_11/result.png,adaptive_full_generic_support,canonical method directory,aligned,rater_03/images/item_029_D.png
rater_03,item_030,rater_03_item_030_A,T4_local_recolor,red_office_chair_to_blue_office_chair,12,A,direct_target,Direct target guidance,experiments/support_v3_2026-06-02/normalized_512/sources/red_office_chair_to_blue_office_chair.png,outputs/pretty_matrix/red_office_chair_to_blue_office_chair/direct_target/seed_12/result.png,/cluster/users/grad/2025/25t8103/project/outputs/pretty_matrix/red_office_chair_to_blue_office_chair/direct_target/seed_12/result.png,direct_target,canonical method directory,aligned,rater_03/images/item_030_A.png
rater_03,item_030,rater_03_item_030_B,T4_local_recolor,red_office_chair_to_blue_office_chair,12,B,base_only,RF reconstruction / base reconstruction,experiments/support_v3_2026-06-02/normalized_512/sources/red_office_chair_to_blue_office_chair.png,outputs/pretty_matrix/red_office_chair_to_blue_office_chair/base_only/seed_12/result.png,/cluster/users/grad/2025/25t8103/project/outputs/pretty_matrix/red_office_chair_to_blue_office_chair/base_only/seed_12/result.png,base_only,canonical method directory,aligned,rater_03/images/item_030_B.png
rater_03,item_030,rater_03_item_030_C,T4_local_recolor,red_office_chair_to_blue_office_chair,12,C,adaptive_full_generic_support,Generic support control,experiments/support_v3_2026-06-02/normalized_512/sources/red_office_chair_to_blue_office_chair.png,outputs/pretty_matrix/red_office_chair_to_blue_office_chair/adaptive_full_generic_support/seed_12/result.png,/cluster/users/grad/2025/25t8103/project/outputs/pretty_matrix/red_office_chair_to_blue_office_chair/adaptive_full_generic_support/seed_12/result.png,adaptive_full_generic_support,canonical method directory,aligned,rater_03/images/item_030_C.png
rater_03,item_030,rater_03_item_030_D,T4_local_recolor,red_office_chair_to_blue_office_chair,12,D,support_v3_controller_rmsgap,CleanEdit,experiments/support_v3_2026-06-02/normalized_512/sources/red_office_chair_to_blue_office_chair.png,outputs/pretty_matrix/red_office_chair_to_blue_office_chair/support_v3_controller_rmsgap_t1t4_3seed_20260609/seed_12/result.png,/cluster/users/grad/2025/25t8103/project/outputs/pretty_matrix/red_office_chair_to_blue_office_chair/support_v3_controller_rmsgap/seed_12/result.png,support_v3_controller_rmsgap_t1t4_3seed_20260609,formal T1-T4 three-seed CleanEdit rerun,needs_metric_refresh,rater_03/images/item_030_D.png
rater_03,item_031,rater_03_item_031_A,T4_local_recolor,green_mug_orange_phase2,10,A,direct_target,Direct target guidance,experiments/support_v3_2026-06-02/normalized_512/sources/green_mug_orange_phase2.png,outputs/pretty_matrix/green_mug_orange_phase2/direct_target/seed_10/result.png,/cluster/users/grad/2025/25t8103/project/outputs/pretty_matrix/green_mug_orange_phase2/direct_target/seed_10/result.png,direct_target,canonical method directory,aligned,rater_03/images/item_031_A.png
rater_03,item_031,rater_03_item_031_B,T4_local_recolor,green_mug_orange_phase2,10,B,base_only,RF reconstruction / base reconstruction,experiments/support_v3_2026-06-02/normalized_512/sources/green_mug_orange_phase2.png,outputs/pretty_matrix/green_mug_orange_phase2/base_only/seed_10/result.png,/cluster/users/grad/2025/25t8103/project/outputs/pretty_matrix/green_mug_orange_phase2/base_only/seed_10/result.png,base_only,canonical method directory,aligned,rater_03/images/item_031_B.png
rater_03,item_031,rater_03_item_031_C,T4_local_recolor,green_mug_orange_phase2,10,C,support_v3_controller_rmsgap,CleanEdit,experiments/support_v3_2026-06-02/normalized_512/sources/green_mug_orange_phase2.png,outputs/pretty_matrix/green_mug_orange_phase2/support_v3_controller_rmsgap_t1t4_3seed_20260609/seed_10/result.png,/cluster/users/grad/2025/25t8103/project/outputs/pretty_matrix/green_mug_orange_phase2/support_v3_controller_rmsgap/seed_10/result.png,support_v3_controller_rmsgap_t1t4_3seed_20260609,formal T1-T4 three-seed CleanEdit rerun,needs_metric_refresh,rater_03/images/item_031_C.png
rater_03,item_031,rater_03_item_031_D,T4_local_recolor,green_mug_orange_phase2,10,D,adaptive_full_generic_support,Generic support control,experiments/support_v3_2026-06-02/normalized_512/sources/green_mug_orange_phase2.png,outputs/pretty_matrix/green_mug_orange_phase2/adaptive_full_generic_support/seed_10/result.png,/cluster/users/grad/2025/25t8103/project/outputs/pretty_matrix/green_mug_orange_phase2/adaptive_full_generic_support/seed_10/result.png,adaptive_full_generic_support,canonical method directory,aligned,rater_03/images/item_031_D.png
rater_03,item_032,rater_03_item_032_A,T4_local_recolor,green_mug_orange_phase2,11,A,base_only,RF reconstruction / base reconstruction,experiments/support_v3_2026-06-02/normalized_512/sources/green_mug_orange_phase2.png,outputs/pretty_matrix/green_mug_orange_phase2/base_only/seed_11/result.png,/cluster/users/grad/2025/25t8103/project/outputs/pretty_matrix/green_mug_orange_phase2/base_only/seed_11/result.png,base_only,canonical method directory,aligned,rater_03/images/item_032_A.png
rater_03,item_032,rater_03_item_032_B,T4_local_recolor,green_mug_orange_phase2,11,B,support_v3_controller_rmsgap,CleanEdit,experiments/support_v3_2026-06-02/normalized_512/sources/green_mug_orange_phase2.png,outputs/pretty_matrix/green_mug_orange_phase2/support_v3_controller_rmsgap_t1t4_3seed_20260609/seed_11/result.png,/cluster/users/grad/2025/25t8103/project/outputs/pretty_matrix/green_mug_orange_phase2/support_v3_controller_rmsgap/seed_11/result.png,support_v3_controller_rmsgap_t1t4_3seed_20260609,formal T1-T4 three-seed CleanEdit rerun,needs_metric_refresh,rater_03/images/item_032_B.png
rater_03,item_032,rater_03_item_032_C,T4_local_recolor,green_mug_orange_phase2,11,C,adaptive_full_generic_support,Generic support control,experiments/support_v3_2026-06-02/normalized_512/sources/green_mug_orange_phase2.png,outputs/pretty_matrix/green_mug_orange_phase2/adaptive_full_generic_support/seed_11/result.png,/cluster/users/grad/2025/25t8103/project/outputs/pretty_matrix/green_mug_orange_phase2/adaptive_full_generic_support/seed_11/result.png,adaptive_full_generic_support,canonical method directory,aligned,rater_03/images/item_032_C.png
rater_03,item_032,rater_03_item_032_D,T4_local_recolor,green_mug_orange_phase2,11,D,direct_target,Direct target guidance,experiments/support_v3_2026-06-02/normalized_512/sources/green_mug_orange_phase2.png,outputs/pretty_matrix/green_mug_orange_phase2/direct_target/seed_11/result.png,/cluster/users/grad/2025/25t8103/project/outputs/pretty_matrix/green_mug_orange_phase2/direct_target/seed_11/result.png,direct_target,canonical method directory,aligned,rater_03/images/item_032_D.png
rater_03,item_033,rater_03_item_033_A,T4_local_recolor,green_mug_orange_phase2,12,A,support_v3_controller_rmsgap,CleanEdit,experiments/support_v3_2026-06-02/normalized_512/sources/green_mug_orange_phase2.png,outputs/pretty_matrix/green_mug_orange_phase2/support_v3_controller_rmsgap_t1t4_3seed_20260609/seed_12/result.png,/cluster/users/grad/2025/25t8103/project/outputs/pretty_matrix/green_mug_orange_phase2/support_v3_controller_rmsgap/seed_12/result.png,support_v3_controller_rmsgap_t1t4_3seed_20260609,formal T1-T4 three-seed CleanEdit rerun,needs_metric_refresh,rater_03/images/item_033_A.png
rater_03,item_033,rater_03_item_033_B,T4_local_recolor,green_mug_orange_phase2,12,B,direct_target,Direct target guidance,experiments/support_v3_2026-06-02/normalized_512/sources/green_mug_orange_phase2.png,outputs/pretty_matrix/green_mug_orange_phase2/direct_target/seed_12/result.png,/cluster/users/grad/2025/25t8103/project/outputs/pretty_matrix/green_mug_orange_phase2/direct_target/seed_12/result.png,direct_target,canonical method directory,aligned,rater_03/images/item_033_B.png
rater_03,item_033,rater_03_item_033_C,T4_local_recolor,green_mug_orange_phase2,12,C,base_only,RF reconstruction / base reconstruction,experiments/support_v3_2026-06-02/normalized_512/sources/green_mug_orange_phase2.png,outputs/pretty_matrix/green_mug_orange_phase2/base_only/seed_12/result.png,/cluster/users/grad/2025/25t8103/project/outputs/pretty_matrix/green_mug_orange_phase2/base_only/seed_12/result.png,base_only,canonical method directory,aligned,rater_03/images/item_033_C.png
rater_03,item_033,rater_03_item_033_D,T4_local_recolor,green_mug_orange_phase2,12,D,adaptive_full_generic_support,Generic support control,experiments/support_v3_2026-06-02/normalized_512/sources/green_mug_orange_phase2.png,outputs/pretty_matrix/green_mug_orange_phase2/adaptive_full_generic_support/seed_12/result.png,/cluster/users/grad/2025/25t8103/project/outputs/pretty_matrix/green_mug_orange_phase2/adaptive_full_generic_support/seed_12/result.png,adaptive_full_generic_support,canonical method directory,aligned,rater_03/images/item_033_D.png
rater_03,item_034,rater_03_item_034_A,T4_local_recolor,yellow_vase_blue_phase2,10,A,adaptive_full_generic_support,Generic support control,experiments/support_v3_2026-06-02/normalized_512/sources/yellow_vase_blue_phase2.png,outputs/pretty_matrix/yellow_vase_blue_phase2/adaptive_full_generic_support/seed_10/result.png,/cluster/users/grad/2025/25t8103/project/outputs/pretty_matrix/yellow_vase_blue_phase2/adaptive_full_generic_support/seed_10/result.png,adaptive_full_generic_support,canonical method directory,aligned,rater_03/images/item_034_A.png
rater_03,item_034,rater_03_item_034_B,T4_local_recolor,yellow_vase_blue_phase2,10,B,base_only,RF reconstruction / base reconstruction,experiments/support_v3_2026-06-02/normalized_512/sources/yellow_vase_blue_phase2.png,outputs/pretty_matrix/yellow_vase_blue_phase2/base_only/seed_10/result.png,/cluster/users/grad/2025/25t8103/project/outputs/pretty_matrix/yellow_vase_blue_phase2/base_only/seed_10/result.png,base_only,canonical method directory,aligned,rater_03/images/item_034_B.png
rater_03,item_034,rater_03_item_034_C,T4_local_recolor,yellow_vase_blue_phase2,10,C,direct_target,Direct target guidance,experiments/support_v3_2026-06-02/normalized_512/sources/yellow_vase_blue_phase2.png,outputs/pretty_matrix/yellow_vase_blue_phase2/direct_target/seed_10/result.png,/cluster/users/grad/2025/25t8103/project/outputs/pretty_matrix/yellow_vase_blue_phase2/direct_target/seed_10/result.png,direct_target,canonical method directory,aligned,rater_03/images/item_034_C.png
rater_03,item_034,rater_03_item_034_D,T4_local_recolor,yellow_vase_blue_phase2,10,D,support_v3_controller_rmsgap,CleanEdit,experiments/support_v3_2026-06-02/normalized_512/sources/yellow_vase_blue_phase2.png,outputs/pretty_matrix/yellow_vase_blue_phase2/support_v3_controller_rmsgap_t1t4_3seed_20260609/seed_10/result.png,/cluster/users/grad/2025/25t8103/project/outputs/pretty_matrix/yellow_vase_blue_phase2/support_v3_controller_rmsgap/seed_10/result.png,support_v3_controller_rmsgap_t1t4_3seed_20260609,formal T1-T4 three-seed CleanEdit rerun,needs_metric_refresh,rater_03/images/item_034_D.png
rater_03,item_035,rater_03_item_035_A,T4_local_recolor,yellow_vase_blue_phase2,11,A,support_v3_controller_rmsgap,CleanEdit,experiments/support_v3_2026-06-02/normalized_512/sources/yellow_vase_blue_phase2.png,outputs/pretty_matrix/yellow_vase_blue_phase2/support_v3_controller_rmsgap_t1t4_3seed_20260609/seed_11/result.png,/cluster/users/grad/2025/25t8103/project/outputs/pretty_matrix/yellow_vase_blue_phase2/support_v3_controller_rmsgap/seed_11/result.png,support_v3_controller_rmsgap_t1t4_3seed_20260609,formal T1-T4 three-seed CleanEdit rerun,needs_metric_refresh,rater_03/images/item_035_A.png
rater_03,item_035,rater_03_item_035_B,T4_local_recolor,yellow_vase_blue_phase2,11,B,direct_target,Direct target guidance,experiments/support_v3_2026-06-02/normalized_512/sources/yellow_vase_blue_phase2.png,outputs/pretty_matrix/yellow_vase_blue_phase2/direct_target/seed_11/result.png,/cluster/users/grad/2025/25t8103/project/outputs/pretty_matrix/yellow_vase_blue_phase2/direct_target/seed_11/result.png,direct_target,canonical method directory,aligned,rater_03/images/item_035_B.png
rater_03,item_035,rater_03_item_035_C,T4_local_recolor,yellow_vase_blue_phase2,11,C,base_only,RF reconstruction / base reconstruction,experiments/support_v3_2026-06-02/normalized_512/sources/yellow_vase_blue_phase2.png,outputs/pretty_matrix/yellow_vase_blue_phase2/base_only/seed_11/result.png,/cluster/users/grad/2025/25t8103/project/outputs/pretty_matrix/yellow_vase_blue_phase2/base_only/seed_11/result.png,base_only,canonical method directory,aligned,rater_03/images/item_035_C.png
rater_03,item_035,rater_03_item_035_D,T4_local_recolor,yellow_vase_blue_phase2,11,D,adaptive_full_generic_support,Generic support control,experiments/support_v3_2026-06-02/normalized_512/sources/yellow_vase_blue_phase2.png,outputs/pretty_matrix/yellow_vase_blue_phase2/adaptive_full_generic_support/seed_11/result.png,/cluster/users/grad/2025/25t8103/project/outputs/pretty_matrix/yellow_vase_blue_phase2/adaptive_full_generic_support/seed_11/result.png,adaptive_full_generic_support,canonical method directory,aligned,rater_03/images/item_035_D.png
rater_03,item_036,rater_03_item_036_A,T4_local_recolor,yellow_vase_blue_phase2,12,A,support_v3_controller_rmsgap,CleanEdit,experiments/support_v3_2026-06-02/normalized_512/sources/yellow_vase_blue_phase2.png,outputs/pretty_matrix/yellow_vase_blue_phase2/support_v3_controller_rmsgap_t1t4_3seed_20260609/seed_12/result.png,/cluster/users/grad/2025/25t8103/project/outputs/pretty_matrix/yellow_vase_blue_phase2/support_v3_controller_rmsgap/seed_12/result.png,support_v3_controller_rmsgap_t1t4_3seed_20260609,formal T1-T4 three-seed CleanEdit rerun,needs_metric_refresh,rater_03/images/item_036_A.png
rater_03,item_036,rater_03_item_036_B,T4_local_recolor,yellow_vase_blue_phase2,12,B,direct_target,Direct target guidance,experiments/support_v3_2026-06-02/normalized_512/sources/yellow_vase_blue_phase2.png,outputs/pretty_matrix/yellow_vase_blue_phase2/direct_target/seed_12/result.png,/cluster/users/grad/2025/25t8103/project/outputs/pretty_matrix/yellow_vase_blue_phase2/direct_target/seed_12/result.png,direct_target,canonical method directory,aligned,rater_03/images/item_036_B.png
rater_03,item_036,rater_03_item_036_C,T4_local_recolor,yellow_vase_blue_phase2,12,C,adaptive_full_generic_support,Generic support control,experiments/support_v3_2026-06-02/normalized_512/sources/yellow_vase_blue_phase2.png,outputs/pretty_matrix/yellow_vase_blue_phase2/adaptive_full_generic_support/seed_12/result.png,/cluster/users/grad/2025/25t8103/project/outputs/pretty_matrix/yellow_vase_blue_phase2/adaptive_full_generic_support/seed_12/result.png,adaptive_full_generic_support,canonical method directory,aligned,rater_03/images/item_036_C.png
rater_03,item_036,rater_03_item_036_D,T4_local_recolor,yellow_vase_blue_phase2,12,D,base_only,RF reconstruction / base reconstruction,experiments/support_v3_2026-06-02/normalized_512/sources/yellow_vase_blue_phase2.png,outputs/pretty_matrix/yellow_vase_blue_phase2/base_only/seed_12/result.png,/cluster/users/grad/2025/25t8103/project/outputs/pretty_matrix/yellow_vase_blue_phase2/base_only/seed_12/result.png,base_only,canonical method directory,aligned,rater_03/images/item_036_D.png
rater_03,item_037,rater_03_item_037_A,T5_same_color_material,pillow_same_color_cable_knit,10,A,base_only,RF reconstruction / base reconstruction,experiments/support_v3_2026-06-02/normalized_512/sources/pillow_same_color_cable_knit.png,outputs/pretty_matrix/pillow_same_color_cable_knit/base_only/seed_10/result.png,/cluster/users/grad/2025/25t8103/project/outputs/pretty_matrix/pillow_same_color_cable_knit/base_only/seed_10/result.png,base_only,canonical method directory,aligned,rater_03/images/item_037_A.png
rater_03,item_037,rater_03_item_037_B,T5_same_color_material,pillow_same_color_cable_knit,10,B,support_v3_controller_rmsgap,CleanEdit,experiments/support_v3_2026-06-02/normalized_512/sources/pillow_same_color_cable_knit.png,outputs/pretty_matrix/pillow_same_color_cable_knit/support_v3_controller_rmsgap/seed_10/result.png,/cluster/users/grad/2025/25t8103/project/outputs/pretty_matrix/pillow_same_color_cable_knit/support_v3_controller_rmsgap/seed_10/result.png,support_v3_controller_rmsgap,formal T5 CleanEdit run,aligned,rater_03/images/item_037_B.png
rater_03,item_037,rater_03_item_037_C,T5_same_color_material,pillow_same_color_cable_knit,10,C,direct_target,Direct target guidance,experiments/support_v3_2026-06-02/normalized_512/sources/pillow_same_color_cable_knit.png,outputs/pretty_matrix/pillow_same_color_cable_knit/direct_target/seed_10/result.png,/cluster/users/grad/2025/25t8103/project/outputs/pretty_matrix/pillow_same_color_cable_knit/direct_target/seed_10/result.png,direct_target,canonical method directory,aligned,rater_03/images/item_037_C.png
rater_03,item_037,rater_03_item_037_D,T5_same_color_material,pillow_same_color_cable_knit,10,D,adaptive_full_generic_support,Generic support control,experiments/support_v3_2026-06-02/normalized_512/sources/pillow_same_color_cable_knit.png,outputs/pretty_matrix/pillow_same_color_cable_knit/adaptive_full_generic_support/seed_10/result.png,/cluster/users/grad/2025/25t8103/project/outputs/pretty_matrix/pillow_same_color_cable_knit/adaptive_full_generic_support/seed_10/result.png,adaptive_full_generic_support,canonical method directory,aligned,rater_03/images/item_037_D.png
rater_03,item_038,rater_03_item_038_A,T5_same_color_material,pillow_same_color_cable_knit,11,A,support_v3_controller_rmsgap,CleanEdit,experiments/support_v3_2026-06-02/normalized_512/sources/pillow_same_color_cable_knit.png,outputs/pretty_matrix/pillow_same_color_cable_knit/support_v3_controller_rmsgap/seed_11/result.png,/cluster/users/grad/2025/25t8103/project/outputs/pretty_matrix/pillow_same_color_cable_knit/support_v3_controller_rmsgap/seed_11/result.png,support_v3_controller_rmsgap,formal T5 CleanEdit run,aligned,rater_03/images/item_038_A.png
rater_03,item_038,rater_03_item_038_B,T5_same_color_material,pillow_same_color_cable_knit,11,B,direct_target,Direct target guidance,experiments/support_v3_2026-06-02/normalized_512/sources/pillow_same_color_cable_knit.png,outputs/pretty_matrix/pillow_same_color_cable_knit/direct_target/seed_11/result.png,/cluster/users/grad/2025/25t8103/project/outputs/pretty_matrix/pillow_same_color_cable_knit/direct_target/seed_11/result.png,direct_target,canonical method directory,aligned,rater_03/images/item_038_B.png
rater_03,item_038,rater_03_item_038_C,T5_same_color_material,pillow_same_color_cable_knit,11,C,base_only,RF reconstruction / base reconstruction,experiments/support_v3_2026-06-02/normalized_512/sources/pillow_same_color_cable_knit.png,outputs/pretty_matrix/pillow_same_color_cable_knit/base_only/seed_11/result.png,/cluster/users/grad/2025/25t8103/project/outputs/pretty_matrix/pillow_same_color_cable_knit/base_only/seed_11/result.png,base_only,canonical method directory,aligned,rater_03/images/item_038_C.png
rater_03,item_038,rater_03_item_038_D,T5_same_color_material,pillow_same_color_cable_knit,11,D,adaptive_full_generic_support,Generic support control,experiments/support_v3_2026-06-02/normalized_512/sources/pillow_same_color_cable_knit.png,outputs/pretty_matrix/pillow_same_color_cable_knit/adaptive_full_generic_support/seed_11/result.png,/cluster/users/grad/2025/25t8103/project/outputs/pretty_matrix/pillow_same_color_cable_knit/adaptive_full_generic_support/seed_11/result.png,adaptive_full_generic_support,canonical method directory,aligned,rater_03/images/item_038_D.png
rater_03,item_039,rater_03_item_039_A,T5_same_color_material,pillow_same_color_cable_knit,12,A,direct_target,Direct target guidance,experiments/support_v3_2026-06-02/normalized_512/sources/pillow_same_color_cable_knit.png,outputs/pretty_matrix/pillow_same_color_cable_knit/direct_target/seed_12/result.png,/cluster/users/grad/2025/25t8103/project/outputs/pretty_matrix/pillow_same_color_cable_knit/direct_target/seed_12/result.png,direct_target,canonical method directory,aligned,rater_03/images/item_039_A.png
rater_03,item_039,rater_03_item_039_B,T5_same_color_material,pillow_same_color_cable_knit,12,B,adaptive_full_generic_support,Generic support control,experiments/support_v3_2026-06-02/normalized_512/sources/pillow_same_color_cable_knit.png,outputs/pretty_matrix/pillow_same_color_cable_knit/adaptive_full_generic_support/seed_12/result.png,/cluster/users/grad/2025/25t8103/project/outputs/pretty_matrix/pillow_same_color_cable_knit/adaptive_full_generic_support/seed_12/result.png,adaptive_full_generic_support,canonical method directory,aligned,rater_03/images/item_039_B.png
rater_03,item_039,rater_03_item_039_C,T5_same_color_material,pillow_same_color_cable_knit,12,C,support_v3_controller_rmsgap,CleanEdit,experiments/support_v3_2026-06-02/normalized_512/sources/pillow_same_color_cable_knit.png,outputs/pretty_matrix/pillow_same_color_cable_knit/support_v3_controller_rmsgap/seed_12/result.png,/cluster/users/grad/2025/25t8103/project/outputs/pretty_matrix/pillow_same_color_cable_knit/support_v3_controller_rmsgap/seed_12/result.png,support_v3_controller_rmsgap,formal T5 CleanEdit run,aligned,rater_03/images/item_039_C.png
rater_03,item_039,rater_03_item_039_D,T5_same_color_material,pillow_same_color_cable_knit,12,D,base_only,RF reconstruction / base reconstruction,experiments/support_v3_2026-06-02/normalized_512/sources/pillow_same_color_cable_knit.png,outputs/pretty_matrix/pillow_same_color_cable_knit/base_only/seed_12/result.png,/cluster/users/grad/2025/25t8103/project/outputs/pretty_matrix/pillow_same_color_cable_knit/base_only/seed_12/result.png,base_only,canonical method directory,aligned,rater_03/images/item_039_D.png
rater_03,item_040,rater_03_item_040_A,T5_same_color_material,pillow_same_color_cable_knit_grey,10,A,direct_target,Direct target guidance,experiments/support_v3_2026-06-02/normalized_512/sources/pillow_same_color_cable_knit_grey.png,outputs/pretty_matrix/pillow_same_color_cable_knit_grey/direct_target/seed_10/result.png,/cluster/users/grad/2025/25t8103/project/outputs/pretty_matrix/pillow_same_color_cable_knit_grey/direct_target/seed_10/result.png,direct_target,canonical method directory,aligned,rater_03/images/item_040_A.png
rater_03,item_040,rater_03_item_040_B,T5_same_color_material,pillow_same_color_cable_knit_grey,10,B,support_v3_controller_rmsgap,CleanEdit,experiments/support_v3_2026-06-02/normalized_512/sources/pillow_same_color_cable_knit_grey.png,outputs/pretty_matrix/pillow_same_color_cable_knit_grey/support_v3_controller_rmsgap/seed_10/result.png,/cluster/users/grad/2025/25t8103/project/outputs/pretty_matrix/pillow_same_color_cable_knit_grey/support_v3_controller_rmsgap/seed_10/result.png,support_v3_controller_rmsgap,formal T5 CleanEdit run,aligned,rater_03/images/item_040_B.png
rater_03,item_040,rater_03_item_040_C,T5_same_color_material,pillow_same_color_cable_knit_grey,10,C,adaptive_full_generic_support,Generic support control,experiments/support_v3_2026-06-02/normalized_512/sources/pillow_same_color_cable_knit_grey.png,outputs/pretty_matrix/pillow_same_color_cable_knit_grey/adaptive_full_generic_support/seed_10/result.png,/cluster/users/grad/2025/25t8103/project/outputs/pretty_matrix/pillow_same_color_cable_knit_grey/adaptive_full_generic_support/seed_10/result.png,adaptive_full_generic_support,canonical method directory,aligned,rater_03/images/item_040_C.png
rater_03,item_040,rater_03_item_040_D,T5_same_color_material,pillow_same_color_cable_knit_grey,10,D,base_only,RF reconstruction / base reconstruction,experiments/support_v3_2026-06-02/normalized_512/sources/pillow_same_color_cable_knit_grey.png,outputs/pretty_matrix/pillow_same_color_cable_knit_grey/base_only/seed_10/result.png,/cluster/users/grad/2025/25t8103/project/outputs/pretty_matrix/pillow_same_color_cable_knit_grey/base_only/seed_10/result.png,base_only,canonical method directory,aligned,rater_03/images/item_040_D.png
rater_03,item_041,rater_03_item_041_A,T5_same_color_material,pillow_same_color_cable_knit_grey,11,A,base_only,RF reconstruction / base reconstruction,experiments/support_v3_2026-06-02/normalized_512/sources/pillow_same_color_cable_knit_grey.png,outputs/pretty_matrix/pillow_same_color_cable_knit_grey/base_only/seed_11/result.png,/cluster/users/grad/2025/25t8103/project/outputs/pretty_matrix/pillow_same_color_cable_knit_grey/base_only/seed_11/result.png,base_only,canonical method directory,aligned,rater_03/images/item_041_A.png
rater_03,item_041,rater_03_item_041_B,T5_same_color_material,pillow_same_color_cable_knit_grey,11,B,direct_target,Direct target guidance,experiments/support_v3_2026-06-02/normalized_512/sources/pillow_same_color_cable_knit_grey.png,outputs/pretty_matrix/pillow_same_color_cable_knit_grey/direct_target/seed_11/result.png,/cluster/users/grad/2025/25t8103/project/outputs/pretty_matrix/pillow_same_color_cable_knit_grey/direct_target/seed_11/result.png,direct_target,canonical method directory,aligned,rater_03/images/item_041_B.png
rater_03,item_041,rater_03_item_041_C,T5_same_color_material,pillow_same_color_cable_knit_grey,11,C,support_v3_controller_rmsgap,CleanEdit,experiments/support_v3_2026-06-02/normalized_512/sources/pillow_same_color_cable_knit_grey.png,outputs/pretty_matrix/pillow_same_color_cable_knit_grey/support_v3_controller_rmsgap/seed_11/result.png,/cluster/users/grad/2025/25t8103/project/outputs/pretty_matrix/pillow_same_color_cable_knit_grey/support_v3_controller_rmsgap/seed_11/result.png,support_v3_controller_rmsgap,formal T5 CleanEdit run,aligned,rater_03/images/item_041_C.png
rater_03,item_041,rater_03_item_041_D,T5_same_color_material,pillow_same_color_cable_knit_grey,11,D,adaptive_full_generic_support,Generic support control,experiments/support_v3_2026-06-02/normalized_512/sources/pillow_same_color_cable_knit_grey.png,outputs/pretty_matrix/pillow_same_color_cable_knit_grey/adaptive_full_generic_support/seed_11/result.png,/cluster/users/grad/2025/25t8103/project/outputs/pretty_matrix/pillow_same_color_cable_knit_grey/adaptive_full_generic_support/seed_11/result.png,adaptive_full_generic_support,canonical method directory,aligned,rater_03/images/item_041_D.png
rater_03,item_042,rater_03_item_042_A,T5_same_color_material,pillow_same_color_cable_knit_grey,12,A,base_only,RF reconstruction / base reconstruction,experiments/support_v3_2026-06-02/normalized_512/sources/pillow_same_color_cable_knit_grey.png,outputs/pretty_matrix/pillow_same_color_cable_knit_grey/base_only/seed_12/result.png,/cluster/users/grad/2025/25t8103/project/outputs/pretty_matrix/pillow_same_color_cable_knit_grey/base_only/seed_12/result.png,base_only,canonical method directory,aligned,rater_03/images/item_042_A.png
rater_03,item_042,rater_03_item_042_B,T5_same_color_material,pillow_same_color_cable_knit_grey,12,B,direct_target,Direct target guidance,experiments/support_v3_2026-06-02/normalized_512/sources/pillow_same_color_cable_knit_grey.png,outputs/pretty_matrix/pillow_same_color_cable_knit_grey/direct_target/seed_12/result.png,/cluster/users/grad/2025/25t8103/project/outputs/pretty_matrix/pillow_same_color_cable_knit_grey/direct_target/seed_12/result.png,direct_target,canonical method directory,aligned,rater_03/images/item_042_B.png
rater_03,item_042,rater_03_item_042_C,T5_same_color_material,pillow_same_color_cable_knit_grey,12,C,adaptive_full_generic_support,Generic support control,experiments/support_v3_2026-06-02/normalized_512/sources/pillow_same_color_cable_knit_grey.png,outputs/pretty_matrix/pillow_same_color_cable_knit_grey/adaptive_full_generic_support/seed_12/result.png,/cluster/users/grad/2025/25t8103/project/outputs/pretty_matrix/pillow_same_color_cable_knit_grey/adaptive_full_generic_support/seed_12/result.png,adaptive_full_generic_support,canonical method directory,aligned,rater_03/images/item_042_C.png
rater_03,item_042,rater_03_item_042_D,T5_same_color_material,pillow_same_color_cable_knit_grey,12,D,support_v3_controller_rmsgap,CleanEdit,experiments/support_v3_2026-06-02/normalized_512/sources/pillow_same_color_cable_knit_grey.png,outputs/pretty_matrix/pillow_same_color_cable_knit_grey/support_v3_controller_rmsgap/seed_12/result.png,/cluster/users/grad/2025/25t8103/project/outputs/pretty_matrix/pillow_same_color_cable_knit_grey/support_v3_controller_rmsgap/seed_12/result.png,support_v3_controller_rmsgap,formal T5 CleanEdit run,aligned,rater_03/images/item_042_D.png
rater_03,item_043,rater_03_item_043_A,T5_same_color_material,pillow_same_color_cable_knit_armchair,10,A,direct_target,Direct target guidance,experiments/support_v3_2026-06-02/normalized_512/sources/pillow_same_color_cable_knit_armchair.png,outputs/pretty_matrix/pillow_same_color_cable_knit_armchair/direct_target/seed_10/result.png,/cluster/users/grad/2025/25t8103/project/outputs/pretty_matrix/pillow_same_color_cable_knit_armchair/direct_target/seed_10/result.png,direct_target,canonical method directory,aligned,rater_03/images/item_043_A.png
rater_03,item_043,rater_03_item_043_B,T5_same_color_material,pillow_same_color_cable_knit_armchair,10,B,adaptive_full_generic_support,Generic support control,experiments/support_v3_2026-06-02/normalized_512/sources/pillow_same_color_cable_knit_armchair.png,outputs/pretty_matrix/pillow_same_color_cable_knit_armchair/adaptive_full_generic_support/seed_10/result.png,/cluster/users/grad/2025/25t8103/project/outputs/pretty_matrix/pillow_same_color_cable_knit_armchair/adaptive_full_generic_support/seed_10/result.png,adaptive_full_generic_support,canonical method directory,aligned,rater_03/images/item_043_B.png
rater_03,item_043,rater_03_item_043_C,T5_same_color_material,pillow_same_color_cable_knit_armchair,10,C,base_only,RF reconstruction / base reconstruction,experiments/support_v3_2026-06-02/normalized_512/sources/pillow_same_color_cable_knit_armchair.png,outputs/pretty_matrix/pillow_same_color_cable_knit_armchair/base_only/seed_10/result.png,/cluster/users/grad/2025/25t8103/project/outputs/pretty_matrix/pillow_same_color_cable_knit_armchair/base_only/seed_10/result.png,base_only,canonical method directory,aligned,rater_03/images/item_043_C.png
rater_03,item_043,rater_03_item_043_D,T5_same_color_material,pillow_same_color_cable_knit_armchair,10,D,support_v3_controller_rmsgap,CleanEdit,experiments/support_v3_2026-06-02/normalized_512/sources/pillow_same_color_cable_knit_armchair.png,outputs/pretty_matrix/pillow_same_color_cable_knit_armchair/support_v3_controller_rmsgap/seed_10/result.png,/cluster/users/grad/2025/25t8103/project/outputs/pretty_matrix/pillow_same_color_cable_knit_armchair/support_v3_controller_rmsgap/seed_10/result.png,support_v3_controller_rmsgap,formal T5 CleanEdit run,aligned,rater_03/images/item_043_D.png
rater_03,item_044,rater_03_item_044_A,T5_same_color_material,pillow_same_color_cable_knit_armchair,11,A,base_only,RF reconstruction / base reconstruction,experiments/support_v3_2026-06-02/normalized_512/sources/pillow_same_color_cable_knit_armchair.png,outputs/pretty_matrix/pillow_same_color_cable_knit_armchair/base_only/seed_11/result.png,/cluster/users/grad/2025/25t8103/project/outputs/pretty_matrix/pillow_same_color_cable_knit_armchair/base_only/seed_11/result.png,base_only,canonical method directory,aligned,rater_03/images/item_044_A.png
rater_03,item_044,rater_03_item_044_B,T5_same_color_material,pillow_same_color_cable_knit_armchair,11,B,adaptive_full_generic_support,Generic support control,experiments/support_v3_2026-06-02/normalized_512/sources/pillow_same_color_cable_knit_armchair.png,outputs/pretty_matrix/pillow_same_color_cable_knit_armchair/adaptive_full_generic_support/seed_11/result.png,/cluster/users/grad/2025/25t8103/project/outputs/pretty_matrix/pillow_same_color_cable_knit_armchair/adaptive_full_generic_support/seed_11/result.png,adaptive_full_generic_support,canonical method directory,aligned,rater_03/images/item_044_B.png
rater_03,item_044,rater_03_item_044_C,T5_same_color_material,pillow_same_color_cable_knit_armchair,11,C,support_v3_controller_rmsgap,CleanEdit,experiments/support_v3_2026-06-02/normalized_512/sources/pillow_same_color_cable_knit_armchair.png,outputs/pretty_matrix/pillow_same_color_cable_knit_armchair/support_v3_controller_rmsgap/seed_11/result.png,/cluster/users/grad/2025/25t8103/project/outputs/pretty_matrix/pillow_same_color_cable_knit_armchair/support_v3_controller_rmsgap/seed_11/result.png,support_v3_controller_rmsgap,formal T5 CleanEdit run,aligned,rater_03/images/item_044_C.png
rater_03,item_044,rater_03_item_044_D,T5_same_color_material,pillow_same_color_cable_knit_armchair,11,D,direct_target,Direct target guidance,experiments/support_v3_2026-06-02/normalized_512/sources/pillow_same_color_cable_knit_armchair.png,outputs/pretty_matrix/pillow_same_color_cable_knit_armchair/direct_target/seed_11/result.png,/cluster/users/grad/2025/25t8103/project/outputs/pretty_matrix/pillow_same_color_cable_knit_armchair/direct_target/seed_11/result.png,direct_target,canonical method directory,aligned,rater_03/images/item_044_D.png
rater_03,item_045,rater_03_item_045_A,T5_same_color_material,pillow_same_color_cable_knit_armchair,12,A,direct_target,Direct target guidance,experiments/support_v3_2026-06-02/normalized_512/sources/pillow_same_color_cable_knit_armchair.png,outputs/pretty_matrix/pillow_same_color_cable_knit_armchair/direct_target/seed_12/result.png,/cluster/users/grad/2025/25t8103/project/outputs/pretty_matrix/pillow_same_color_cable_knit_armchair/direct_target/seed_12/result.png,direct_target,canonical method directory,aligned,rater_03/images/item_045_A.png
rater_03,item_045,rater_03_item_045_B,T5_same_color_material,pillow_same_color_cable_knit_armchair,12,B,base_only,RF reconstruction / base reconstruction,experiments/support_v3_2026-06-02/normalized_512/sources/pillow_same_color_cable_knit_armchair.png,outputs/pretty_matrix/pillow_same_color_cable_knit_armchair/base_only/seed_12/result.png,/cluster/users/grad/2025/25t8103/project/outputs/pretty_matrix/pillow_same_color_cable_knit_armchair/base_only/seed_12/result.png,base_only,canonical method directory,aligned,rater_03/images/item_045_B.png
rater_03,item_045,rater_03_item_045_C,T5_same_color_material,pillow_same_color_cable_knit_armchair,12,C,support_v3_controller_rmsgap,CleanEdit,experiments/support_v3_2026-06-02/normalized_512/sources/pillow_same_color_cable_knit_armchair.png,outputs/pretty_matrix/pillow_same_color_cable_knit_armchair/support_v3_controller_rmsgap/seed_12/result.png,/cluster/users/grad/2025/25t8103/project/outputs/pretty_matrix/pillow_same_color_cable_knit_armchair/support_v3_controller_rmsgap/seed_12/result.png,support_v3_controller_rmsgap,formal T5 CleanEdit run,aligned,rater_03/images/item_045_C.png
rater_03,item_045,rater_03_item_045_D,T5_same_color_material,pillow_same_color_cable_knit_armchair,12,D,adaptive_full_generic_support,Generic support control,experiments/support_v3_2026-06-02/normalized_512/sources/pillow_same_color_cable_knit_armchair.png,outputs/pretty_matrix/pillow_same_color_cable_knit_armchair/adaptive_full_generic_support/seed_12/result.png,/cluster/users/grad/2025/25t8103/project/outputs/pretty_matrix/pillow_same_color_cable_knit_armchair/adaptive_full_generic_support/seed_12/result.png,adaptive_full_generic_support,canonical method directory,aligned,rater_03/images/item_045_D.png
