avg_beta_t,avg_cos_anchor_region,avg_cos_base_anchor,avg_cos_base_region,avg_cos_rec_base,avg_cos_rec_edit_total,avg_edit_norm,avg_mask_area,avg_rec_energy,avg_rec_norm,bg_dilate_px,bg_dino_source,bg_l1,bg_lpips,bg_lpips_x100,bg_mask_area,bg_psnr,bg_ssim,bg_ssim_luma,clip_direction_similarity,clip_image_source_similarity,clip_source_score,clip_t,clip_target_minus_source,clip_target_score,complete,dilated_edit_mask_area,dino_source_similarity,edit_score,eval_mask_area,failure_flag,failure_note,family,family_label,fill_texture_ratio,final_mask_area,fixed_eval_mask_area,flowedit_idx,inside_blue_ratio,inside_l1,inside_mask_l1,inside_mask_psnr,inside_mask_rmse,inside_texture_energy,local_clip_prompt,local_clip_source_score,local_clip_t,local_clip_t_full_prompt,local_clip_target_minus_source,local_clip_target_score,local_crop_box,lpips_full,lpips_outside,mask_path,mask_source,max_beta_t,max_edit_norm,max_rec_energy,max_rec_norm,method,method_display,missing,outside_l1,outside_mask_l1,outside_mask_psnr,outside_mask_rmse,peak_gpu_memory_gb,result_image,ring_texture_energy,run,runtime_seconds,seed,source_image,source_l1,source_prompt,source_psnr,source_rmse,source_ssim,source_ssim_luma,target_prompt,task
0.0,0.0,0.0,0.0,0.0,0.0,0.0,0.0,0.0,0.0,31,0.9995582103729248,0.02969268709421158,0.0154943922534585,1.54943922534585,0.37699127197265625,27.165634539478624,0.8882141709327698,0.8882141709327698,0.19895796477794647,0.9762006998062134,0.26955974102020264,0.26628613471984863,-0.003273606300354004,0.26628613471984863,True,0.6230087280273438,0.783249020576477,-0.003273606300354004,0.5634307861328125,,,F4,T4_local_recolor,0.8307924520650444,0.0,0.5634307861328125,0,0.17773188896411646,0.05820925161242485,0.05820925161242485,21.41538322955001,0.084963195595385,15.161253929138184,a black bear,0.26955974102020264,0.2247052788734436,0.26628613471984863,-0.003273606300354004,0.26628613471984863,"0,0,512,512",0.1210203766822815,0.01922871358692646,/cluster/users/grad/2025/25t8103/project/data/flowedit_compatible_135/eval_masks/fe_000_bear_1_black_bear_eval_mask.png,fixed_eval_mask,0.0,0.0,0.0,0.0,ours_flux_plain,ours_flux_plain,,0.030936332419514656,0.030936332419514656,26.82782202813527,0.045562641938306336,,/cluster/users/grad/2025/25t8103/project/outputs/t4_operator_ablation_seed10/fe_000_bear_1_black_bear/ours_flux_plain/seed_10/result.png,18.249147415161133,fe_000_bear_1_black_bear/ours_flux_plain/seed_10,,10,/cluster/users/grad/2025/25t8103/project/_baselines/src/FlowEdit/Data/Images/bear.png,0.04630272462964058,"A large brown bear walking through a stream of water. The stream appears to be shallow, as the bear is able to walk through it without any difficulty.",23.033325072094616,0.07052348192618617,0.7958849967074262,0.7958849967074262,"A large black bear walking through a stream of water. The stream appears to be shallow, as the black bear is able to walk through it without any difficulty.",fe_000_bear_1_black_bear
0.0,0.0,0.0,0.0,0.0,0.0,0.0,0.0,0.0,0.0,31,0.9995757341384888,0.029812758788466454,0.015417813323438168,1.5417813323438168,0.37699127197265625,27.128175610869995,0.8870981931686401,0.8870981931686401,0.16304746270179749,0.9882473945617676,0.25854015350341797,0.24545599520206451,-0.013084158301353455,0.24545599520206451,True,0.6230087280273438,0.9075325131416321,-0.013084158301353455,0.5634307861328125,,,F4,T4_local_recolor,0.8770589331671564,0.0,0.5634307861328125,0,0.10483412322274882,0.048351358622312546,0.048351358622312546,23.310490113936645,0.06830861727625294,15.994016647338867,a black bear,0.25854015350341797,0.2107587456703186,0.24545599520206451,-0.013084158301353455,0.24545599520206451,"0,0,512,512",0.08327247202396393,0.019086219370365143,/cluster/users/grad/2025/25t8103/project/data/flowedit_compatible_135/eval_masks/fe_000_bear_1_black_bear_eval_mask.png,fixed_eval_mask,0.0,0.0,0.0,0.0,ours_flux_texture,ours_flux_texture,,0.03106384165585041,0.03106384165585041,26.788616097871728,0.04576876513618152,,/cluster/users/grad/2025/25t8103/project/outputs/t4_operator_ablation_seed10/fe_000_bear_1_black_bear/ours_flux_texture/seed_10/result.png,18.235965728759766,fe_000_bear_1_black_bear/ours_flux_texture/seed_10,,10,/cluster/users/grad/2025/25t8103/project/_baselines/src/FlowEdit/Data/Images/bear.png,0.04080416262149811,"A large brown bear walking through a stream of water. The stream appears to be shallow, as the bear is able to walk through it without any difficulty.",24.50564840965082,0.05952749120304888,0.8302602978271716,0.8302602978271716,"A large black bear walking through a stream of water. The stream appears to be shallow, as the black bear is able to walk through it without any difficulty.",fe_000_bear_1_black_bear
0.0,0.0,0.0,0.0,0.0,0.0,0.0,0.0,0.0,0.0,31,0.9993497729301453,0.03882136195898056,0.030320290476083755,3.0320290476083755,0.37699127197265625,24.94350359513769,0.8002848029136658,0.8002848029136658,0.15267547965049744,0.9884960651397705,0.26613956689834595,0.25177568197250366,-0.014363884925842285,0.25177568197250366,True,0.6230087280273438,0.9147592782974243,-0.014363884925842285,0.5634307861328125,,,F4,T4_local_recolor,0.8462434174410931,0.0,0.5634307861328125,0,0.0014421123899796885,0.05226338654756546,0.05226338654756546,22.499541499088544,0.07499337949440331,15.274785041809082,a black bear,0.26613956689834595,0.2134859561920166,0.25177568197250366,-0.014363884925842285,0.25177568197250366,"0,0,512,512",0.11930792033672333,0.036899633705616,/cluster/users/grad/2025/25t8103/project/data/flowedit_compatible_135/eval_masks/fe_000_bear_1_black_bear_eval_mask.png,fixed_eval_mask,0.0,0.0,0.0,0.0,ours_sd3_plain,ours_sd3_plain,,0.04009251669049263,0.04009251669049263,24.670814770425334,0.05840624171836615,,/cluster/users/grad/2025/25t8103/project/outputs/t4_operator_ablation_seed10/fe_000_bear_1_black_bear/ours_sd3_plain/seed_10/result.png,18.050107955932617,fe_000_bear_1_black_bear/ours_sd3_plain/seed_10,,10,/cluster/users/grad/2025/25t8103/project/_baselines/src/FlowEdit/Data/Images/bear.png,0.04694996401667595,"A large brown bear walking through a stream of water. The stream appears to be shallow, as the bear is able to walk through it without any difficulty.",23.318003348580127,0.06824955634066372,0.7478413698101228,0.7478413698101228,"A large black bear walking through a stream of water. The stream appears to be shallow, as the black bear is able to walk through it without any difficulty.",fe_000_bear_1_black_bear
0.0,0.0,0.0,0.0,0.0,0.0,0.0,0.0,0.0,0.0,31,0.9993618130683899,0.0390278585255146,0.030443018302321434,3.0443018302321434,0.37699127197265625,24.93646008574142,0.7999146580696106,0.7999146580696106,0.10042297840118408,0.9766786098480225,0.2811564803123474,0.2658332884311676,-0.01532319188117981,0.2658332884311676,True,0.6230087280273438,0.896173894405365,-0.01532319188117981,0.5634307861328125,,,F4,T4_local_recolor,0.9316405821366107,0.0,0.5634307861328125,0,0.001990521327014218,0.06286059319972992,0.06286059319972992,20.689684119878386,0.09236677788746296,16.76070785522461,a black bear,0.2811564803123474,0.21832449734210968,0.2658332884311676,-0.01532319188117981,0.2658332884311676,"0,0,512,512",0.15787118673324585,0.037049394100904465,/cluster/users/grad/2025/25t8103/project/data/flowedit_compatible_135/eval_masks/fe_000_bear_1_black_bear_eval_mask.png,fixed_eval_mask,0.0,0.0,0.0,0.0,ours_sd3_texture,ours_sd3_texture,,0.04027598351240158,0.04027598351240158,24.668382445149142,0.058422599613397255,,/cluster/users/grad/2025/25t8103/project/outputs/t4_operator_ablation_seed10/fe_000_bear_1_black_bear/ours_sd3_texture/seed_10/result.png,17.990530014038086,fe_000_bear_1_black_bear/ours_sd3_texture/seed_10,,10,/cluster/users/grad/2025/25t8103/project/_baselines/src/FlowEdit/Data/Images/bear.png,0.05300084128975868,"A large brown bear walking through a stream of water. The stream appears to be shallow, as the bear is able to walk through it without any difficulty.",22.008610888978946,0.07935411555370865,0.7738831402033597,0.7738831402033597,"A large black bear walking through a stream of water. The stream appears to be shallow, as the black bear is able to walk through it without any difficulty.",fe_000_bear_1_black_bear
0.0,0.0,0.0,0.0,0.0,0.0,0.0,0.0,0.0,0.0,31,0.999651312828064,0.04572417959570885,0.04717780277132988,4.717780277132988,0.702667236328125,24.063844937270925,0.7854713201522827,0.7854713201522827,0.31743985414505005,0.9010710120201111,0.24111098051071167,0.27919256687164307,0.038081586360931396,0.27919256687164307,True,0.297332763671875,0.5622298717498779,0.038081586360931396,0.23633575439453125,,,F4,T4_local_recolor,0.7968111949238779,0.0,0.23633575439453125,4,6.456403137811925e-05,0.089433953166008,0.089433953166008,17.081236705409133,0.13993880621550492,15.348978996276855,a black bear,0.2357548028230667,0.2701250910758972,0.28275710344314575,0.04700230062007904,0.28275710344314575,"39,75,512,494",0.12565109133720398,0.052007660269737244,/cluster/users/grad/2025/25t8103/project/data/flowedit_compatible_135/eval_masks/fe_004_bear_grass_1_black_bear_eval_mask.png,fixed_eval_mask,0.0,0.0,0.0,0.0,ours_flux_plain,ours_flux_plain,,0.04626481980085373,0.04626481980085373,23.99982189714146,0.06309702822981347,,/cluster/users/grad/2025/25t8103/project/outputs/t4_operator_ablation_seed10/fe_004_bear_grass_1_black_bear/ours_flux_plain/seed_10/result.png,19.26300621032715,fe_004_bear_grass_1_black_bear/ours_flux_plain/seed_10,,10,/cluster/users/grad/2025/25t8103/project/_baselines/src/FlowEdit/Data/Images/bear_grass.png,0.05646723508834839,A large brown bear walking through a grassy field.,21.152919609346373,0.08756973178741426,0.7499363147460281,0.7499363147460281,A large black bear walking through a grassy field.,fe_004_bear_grass_1_black_bear
0.0,0.0,0.0,0.0,0.0,0.0,0.0,0.0,0.0,0.0,31,0.999657392501831,0.04566124454140663,0.04720732942223549,4.720732942223549,0.702667236328125,24.077604078694144,0.7852092385292053,0.7852092385292053,0.22542905807495117,0.9153521060943604,0.24619817733764648,0.2587042450904846,0.012506067752838135,0.2587042450904846,True,0.297332763671875,0.7438188791275024,0.012506067752838135,0.23633575439453125,,,F4,T4_local_recolor,0.8745531308404665,0.0,0.23633575439453125,4,0.04751912709429577,0.06881546229124069,0.06881546229124069,19.756590741625935,0.10284198792483032,16.778514862060547,a black bear,0.24058178067207336,0.23027382791042328,0.2440047413110733,0.003422960638999939,0.2440047413110733,"39,75,512,494",0.095413438975811,0.05206705257296562,/cluster/users/grad/2025/25t8103/project/data/flowedit_compatible_135/eval_masks/fe_004_bear_grass_1_black_bear_eval_mask.png,fixed_eval_mask,0.0,0.0,0.0,0.0,ours_flux_texture,ours_flux_texture,,0.04620065540075302,0.04620065540075302,24.013363070747758,0.06299873753188151,,/cluster/users/grad/2025/25t8103/project/outputs/t4_operator_ablation_seed10/fe_004_bear_grass_1_black_bear/ours_flux_texture/seed_10/result.png,19.185243606567383,fe_004_bear_grass_1_black_bear/ours_flux_texture/seed_10,,10,/cluster/users/grad/2025/25t8103/project/_baselines/src/FlowEdit/Data/Images/bear_grass.png,0.05154535546898842,A large brown bear walking through a grassy field.,22.572387230778187,0.07436706443032653,0.7697333255516533,0.7697333255516533,A large black bear walking through a grassy field.,fe_004_bear_grass_1_black_bear
0.0,0.0,0.0,0.0,0.0,0.0,0.0,0.0,0.0,0.0,31,0.9982116222381592,0.05598960816860199,0.09639761596918106,9.639761596918106,0.702667236328125,22.452247656868465,0.6604755520820618,0.6604755520820618,0.13884329795837402,0.9584730267524719,0.2550992965698242,0.23984269797801971,-0.015256598591804504,0.23984269797801971,True,0.297332763671875,0.8858928680419922,-0.015256598591804504,0.23633575439453125,,,F4,T4_local_recolor,0.7785517557035359,0.0,0.23633575439453125,4,0.000258256125512477,0.07659927755594254,0.07659927755594254,19.375984379330454,0.10744860489942752,14.48952579498291,a black bear,0.2650755047798157,0.22613441944122314,0.2369360327720642,-0.028139472007751465,0.2369360327720642,"39,75,512,494",0.15349560976028442,0.10699717700481415,/cluster/users/grad/2025/25t8103/project/data/flowedit_compatible_135/eval_masks/fe_004_bear_grass_1_black_bear_eval_mask.png,fixed_eval_mask,0.0,0.0,0.0,0.0,ours_sd3_plain,ours_sd3_plain,,0.05662292614579201,0.05662292614579201,22.385763419844658,0.07598219387297833,,/cluster/users/grad/2025/25t8103/project/outputs/t4_operator_ablation_seed10/fe_004_bear_grass_1_black_bear/ours_sd3_plain/seed_10/result.png,18.610870361328125,fe_004_bear_grass_1_black_bear/ours_sd3_plain/seed_10,,10,/cluster/users/grad/2025/25t8103/project/_baselines/src/FlowEdit/Data/Images/bear_grass.png,0.06134405359625816,A large brown bear walking through a grassy field.,21.464597874965662,0.08448315152805755,0.6589214096704223,0.6589214096704223,A large black bear walking through a grassy field.,fe_004_bear_grass_1_black_bear
0.0,0.0,0.0,0.0,0.0,0.0,0.0,0.0,0.0,0.0,31,0.9982077479362488,0.05604817718267441,0.09664000570774078,9.664000570774078,0.702667236328125,22.457767299453394,0.6603254079818726,0.6603254079818726,0.13334830105304718,0.8499977588653564,0.24295839667320251,0.24463984370231628,0.0016814470291137695,0.24463984370231628,True,0.297332763671875,0.8154180645942688,0.0016814470291137695,0.23633575439453125,,,F4,T4_local_recolor,0.7940854729111418,0.0,0.23633575439453125,4,9.684604706717888e-05,0.09777452051639557,0.09777452051639557,17.166723767698613,0.13856827532958071,14.788471221923828,a black bear,0.2494727075099945,0.2397085428237915,0.24329052865505219,-0.006182178854942322,0.24329052865505219,"39,75,512,494",0.1832672506570816,0.10729473829269409,/cluster/users/grad/2025/25t8103/project/data/flowedit_compatible_135/eval_masks/fe_004_bear_grass_1_black_bear_eval_mask.png,fixed_eval_mask,0.0,0.0,0.0,0.0,ours_sd3_texture,ours_sd3_texture,,0.05667118728160858,0.05667118728160858,22.39153201225905,0.0759317482871667,,/cluster/users/grad/2025/25t8103/project/outputs/t4_operator_ablation_seed10/fe_004_bear_grass_1_black_bear/ours_sd3_texture/seed_10/result.png,18.623273849487305,fe_004_bear_grass_1_black_bear/ours_sd3_texture/seed_10,,10,/cluster/users/grad/2025/25t8103/project/_baselines/src/FlowEdit/Data/Images/bear_grass.png,0.06638538092374802,A large brown bear walking through a grassy field.,20.486173725128275,0.09455648373131095,0.6658092888183812,0.6658092888183812,A large black bear walking through a grassy field.,fe_004_bear_grass_1_black_bear
0.0,0.0,0.0,0.0,0.0,0.0,0.0,0.0,0.0,0.0,31,0.9994614124298096,0.014168521389365196,0.013498906046152115,1.3498906046152115,0.8351860046386719,33.889814979697775,0.9378915429115295,0.9378915429115295,0.05806926637887955,0.9955259561538696,0.2404184341430664,0.238099604845047,-0.002318829298019409,0.238099604845047,True,0.16481399536132812,0.9907728433609009,-0.002318829298019409,0.11949539184570312,,,F4,T4_local_recolor,1.7058741234997854,0.0,0.11949539184570312,15,0.04156424581005587,0.03714204579591751,0.03714204579591751,23.297876582684914,0.06840788618582061,11.739081382751465,a green bicycle,0.24715442955493927,0.21108421683311462,0.25026634335517883,0.003111913800239563,0.25026634335517883,"143,263,512,512",0.022884083911776543,0.014016351662576199,/cluster/users/grad/2025/25t8103/project/data/flowedit_compatible_135/eval_masks/fe_015_bikes_5_green_bicycle_eval_mask.png,fixed_eval_mask,0.0,0.0,0.0,0.0,ours_flux_plain,ours_flux_plain,,0.014160429127514362,0.014160429127514362,33.89260141861635,0.02020086326767253,,/cluster/users/grad/2025/25t8103/project/outputs/t4_operator_ablation_seed10/fe_015_bikes_5_green_bicycle/ours_flux_plain/seed_10/result.png,6.881563663482666,fe_015_bikes_5_green_bicycle/ours_flux_plain/seed_10,,10,/cluster/users/grad/2025/25t8103/project/_baselines/src/FlowEdit/Data/Images/bikes.png,0.016906628385186195,"A bicycle parked on the sidewalk in front of a red brick building. The bicycle is positioned close to the door of the building, making it easily accessible for the owner. The building has a red brick exterior, giving it a distinctive appearance.",30.369175049161843,0.03030688126679849,0.9290431608027994,0.9290431608027994,"A green bicycle parked on the sidewalk in front of a red brick building. The bicycle is positioned close to the door of the building, making it easily accessible for the owner. The building has a red brick exterior, giving it a distinctive appearance.",fe_015_bikes_5_green_bicycle
0.0,0.0,0.0,0.0,0.0,0.0,0.0,0.0,0.0,0.0,31,0.9994503855705261,0.014144381508231163,0.013505144976079464,1.3505144976079464,0.8351860046386719,33.88566449232291,0.9376996159553528,0.9376996159553528,0.21671150624752045,0.9922962784767151,0.244935542345047,0.24917109310626984,0.004235550761222839,0.24917109310626984,True,0.16481399536132812,0.9879897832870483,0.004235550761222839,0.11949539184570312,,,F4,T4_local_recolor,1.7383837521381191,0.0,0.11949539184570312,15,0.03441340782122905,0.06190407648682594,0.06190407648682594,19.43879346506232,0.10667442896875401,12.009161949157715,a green bicycle,0.22914768755435944,0.24322038888931274,0.2480241060256958,0.018876418471336365,0.2480241060256958,"143,263,512,512",0.03233086317777634,0.014008225873112679,/cluster/users/grad/2025/25t8103/project/data/flowedit_compatible_135/eval_masks/fe_015_bikes_5_green_bicycle_eval_mask.png,fixed_eval_mask,0.0,0.0,0.0,0.0,ours_flux_texture,ours_flux_texture,,0.014129184186458588,0.014129184186458588,33.89248743649789,0.020201128358802372,,/cluster/users/grad/2025/25t8103/project/outputs/t4_operator_ablation_seed10/fe_015_bikes_5_green_bicycle/ours_flux_texture/seed_10/result.png,6.908234119415283,fe_015_bikes_5_green_bicycle/ours_flux_texture/seed_10,,10,/cluster/users/grad/2025/25t8103/project/_baselines/src/FlowEdit/Data/Images/bikes.png,0.019838061183691025,"A bicycle parked on the sidewalk in front of a red brick building. The bicycle is positioned close to the door of the building, making it easily accessible for the owner. The building has a red brick exterior, giving it a distinctive appearance.",27.64696023314965,0.041462166217292644,0.928898946567718,0.928898946567718,"A green bicycle parked on the sidewalk in front of a red brick building. The bicycle is positioned close to the door of the building, making it easily accessible for the owner. The building has a red brick exterior, giving it a distinctive appearance.",fe_015_bikes_5_green_bicycle
0.0,0.0,0.0,0.0,0.0,0.0,0.0,0.0,0.0,0.0,31,0.9979655146598816,0.017815930768847466,0.02588459476828575,2.588459476828575,0.8351860046386719,32.15132989021902,0.9011909365653992,0.9011909365653992,0.03967127203941345,0.992916464805603,0.24908335506916046,0.24656344950199127,-0.0025199055671691895,0.24656344950199127,True,0.16481399536132812,0.9891225099563599,-0.0025199055671691895,0.11949539184570312,,,F4,T4_local_recolor,1.7228424421991915,0.0,0.11949539184570312,15,0.06087789305666401,0.09058699756860733,0.09058699756860733,17.20672234919335,0.1379316344619365,11.872719764709473,a green bicycle,0.24359941482543945,0.22132854163646698,0.24961696565151215,0.006017550826072693,0.24961696565151215,"143,263,512,512",0.054740458726882935,0.02708170749247074,/cluster/users/grad/2025/25t8103/project/data/flowedit_compatible_135/eval_masks/fe_015_bikes_5_green_bicycle_eval_mask.png,fixed_eval_mask,0.0,0.0,0.0,0.0,ours_sd3_plain,ours_sd3_plain,,0.017869606614112854,0.017869606614112854,32.11779207558873,0.024780518901717917,,/cluster/users/grad/2025/25t8103/project/outputs/t4_operator_ablation_seed10/fe_015_bikes_5_green_bicycle/ours_sd3_plain/seed_10/result.png,6.891355514526367,fe_015_bikes_5_green_bicycle/ours_sd3_plain/seed_10,,10,/cluster/users/grad/2025/25t8103/project/_baselines/src/FlowEdit/Data/Images/bikes.png,0.026558997109532356,"A bicycle parked on the sidewalk in front of a red brick building. The bicycle is positioned close to the door of the building, making it easily accessible for the owner. The building has a red brick exterior, giving it a distinctive appearance.",25.50658765882945,0.053048195699591426,0.894335959291758,0.894335959291758,"A green bicycle parked on the sidewalk in front of a red brick building. The bicycle is positioned close to the door of the building, making it easily accessible for the owner. The building has a red brick exterior, giving it a distinctive appearance.",fe_015_bikes_5_green_bicycle
0.0,0.0,0.0,0.0,0.0,0.0,0.0,0.0,0.0,0.0,31,0.9979214072227478,0.017569420859217644,0.025843145325779915,2.5843145325779915,0.8351860046386719,32.21515339219823,0.9011399745941162,0.9011399745941162,0.138648122549057,0.993013322353363,0.24455779790878296,0.2455785870552063,0.0010207891464233398,0.2455785870552063,True,0.16481399536132812,0.985834002494812,0.0010207891464233398,0.11949539184570312,,,F4,T4_local_recolor,2.1017461984551726,0.0,0.11949539184570312,15,0.12510774142059058,0.14061319828033447,0.14061319828033447,13.80590947720281,0.20403493131266184,14.612988471984863,a green bicycle,0.24033695459365845,0.2290283590555191,0.2489742934703827,0.008637338876724243,0.2489742934703827,"143,263,512,512",0.07345330715179443,0.02732684463262558,/cluster/users/grad/2025/25t8103/project/data/flowedit_compatible_135/eval_masks/fe_015_bikes_5_green_bicycle_eval_mask.png,fixed_eval_mask,0.0,0.0,0.0,0.0,ours_sd3_texture,ours_sd3_texture,,0.017675252631306648,0.017675252631306648,32.1293175013381,0.024747659098170446,,/cluster/users/grad/2025/25t8103/project/outputs/t4_operator_ablation_seed10/fe_015_bikes_5_green_bicycle/ours_sd3_texture/seed_10/result.png,6.952784538269043,fe_015_bikes_5_green_bicycle/ours_sd3_texture/seed_10,,10,/cluster/users/grad/2025/25t8103/project/_baselines/src/FlowEdit/Data/Images/bikes.png,0.03236577287316322,"A bicycle parked on the sidewalk in front of a red brick building. The bicycle is positioned close to the door of the building, making it easily accessible for the owner. The building has a red brick exterior, giving it a distinctive appearance.",22.58542218012448,0.07425554517869487,0.8872037689788204,0.8872037689788204,"A green bicycle parked on the sidewalk in front of a red brick building. The bicycle is positioned close to the door of the building, making it easily accessible for the owner. The building has a red brick exterior, giving it a distinctive appearance.",fe_015_bikes_5_green_bicycle
0.0,0.0,0.0,0.0,0.0,0.0,0.0,0.0,0.0,0.0,31,0.9994627833366394,0.014101841486990452,0.013482405804097652,1.3482405804097652,0.8351860046386719,33.915610758468794,0.9380198121070862,0.9380198121070862,0.10141637921333313,0.997320294380188,0.24341893196105957,0.2538798749446869,0.01046094298362732,0.2538798749446869,True,0.16481399536132812,0.9892446994781494,0.01046094298362732,0.11949539184570312,,,F4,T4_local_recolor,1.7863016144879276,0.0,0.11949539184570312,16,0.04778930566640064,0.03922515735030174,0.03922515735030174,22.54618549467792,0.07459173780455276,12.306117057800293,a yellow bicycle,0.2456177920103073,0.2267366647720337,0.26086851954460144,0.015250727534294128,0.26086851954460144,"143,263,512,512",0.023517588153481483,0.013987964019179344,/cluster/users/grad/2025/25t8103/project/data/flowedit_compatible_135/eval_masks/fe_016_bikes_6_yellow_bicycle_eval_mask.png,fixed_eval_mask,0.0,0.0,0.0,0.0,ours_flux_plain,ours_flux_plain,,0.014091254211962223,0.014091254211962223,33.92001252530256,0.020137213460162225,,/cluster/users/grad/2025/25t8103/project/outputs/t4_operator_ablation_seed10/fe_016_bikes_6_yellow_bicycle/ours_flux_plain/seed_10/result.png,6.889159679412842,fe_016_bikes_6_yellow_bicycle/ours_flux_plain/seed_10,,10,/cluster/users/grad/2025/25t8103/project/_baselines/src/FlowEdit/Data/Images/bikes.png,0.01709464006125927,"A bicycle parked on the sidewalk in front of a red brick building. The bicycle is positioned close to the door of the building, making it easily accessible for the owner. The building has a red brick exterior, giving it a distinctive appearance.",29.90585275984983,0.03196740343827453,0.9277859029375972,0.9277859029375972,"A yellow bicycle parked on the sidewalk in front of a red brick building. The bicycle is positioned close to the door of the building, making it easily accessible for the owner. The building has a red brick exterior, giving it a distinctive appearance.",fe_016_bikes_6_yellow_bicycle
0.0,0.0,0.0,0.0,0.0,0.0,0.0,0.0,0.0,0.0,31,0.9994961023330688,0.014270197600126266,0.013619467616081238,1.3619467616081238,0.8351860046386719,33.859434334020804,0.9380323886871338,0.9380323886871338,0.12343557178974152,0.9962935447692871,0.24295398592948914,0.2544625997543335,0.01150861382484436,0.2544625997543335,True,0.16481399536132812,0.9865829944610596,0.01150861382484436,0.11949539184570312,,,F4,T4_local_recolor,1.7905976247784487,0.0,0.11949539184570312,16,0.017717478052673583,0.04132917895913124,0.04132917895913124,22.04622843273034,0.07901118555000801,12.35782527923584,a yellow bicycle,0.2412394881248474,0.22406068444252014,0.2566240727901459,0.015384584665298462,0.2566240727901459,"143,263,512,512",0.026035215705633163,0.014137928374111652,/cluster/users/grad/2025/25t8103/project/data/flowedit_compatible_135/eval_masks/fe_016_bikes_6_yellow_bicycle_eval_mask.png,fixed_eval_mask,0.0,0.0,0.0,0.0,ours_flux_texture,ours_flux_texture,,0.014259782619774342,0.014259782619774342,33.86409766431875,0.020267263634186305,,/cluster/users/grad/2025/25t8103/project/outputs/t4_operator_ablation_seed10/fe_016_bikes_6_yellow_bicycle/ours_flux_texture/seed_10/result.png,6.901508808135986,fe_016_bikes_6_yellow_bicycle/ours_flux_texture/seed_10,,10,/cluster/users/grad/2025/25t8103/project/_baselines/src/FlowEdit/Data/Images/bikes.png,0.017494456842541695,"A bicycle parked on the sidewalk in front of a red brick building. The bicycle is positioned close to the door of the building, making it easily accessible for the owner. The building has a red brick exterior, giving it a distinctive appearance.",29.555936163333676,0.033281522996548435,0.9292576929155087,0.9292576929155087,"A yellow bicycle parked on the sidewalk in front of a red brick building. The bicycle is positioned close to the door of the building, making it easily accessible for the owner. The building has a red brick exterior, giving it a distinctive appearance.",fe_016_bikes_6_yellow_bicycle
0.0,0.0,0.0,0.0,0.0,0.0,0.0,0.0,0.0,0.0,31,0.9980171322822571,0.017802368849515915,0.02584150806069374,2.584150806069374,0.8351860046386719,32.159103779037835,0.9012866020202637,0.9012866020202637,0.07192094624042511,0.9935833215713501,0.23916661739349365,0.24990567564964294,0.010739058256149292,0.24990567564964294,True,0.16481399536132812,0.9933342933654785,0.010739058256149292,0.11949539184570312,,,F4,T4_local_recolor,1.5924572884332469,0.0,0.11949539184570312,16,0.03725458898643256,0.06240016222000122,0.06240016222000122,21.19475265483675,0.0871489918005947,10.918685913085938,a yellow bicycle,0.22449225187301636,0.22532033920288086,0.24098746478557587,0.01649521291255951,0.24098746478557587,"143,263,512,512",0.04214418679475784,0.0269013661891222,/cluster/users/grad/2025/25t8103/project/data/flowedit_compatible_135/eval_masks/fe_016_bikes_6_yellow_bicycle_eval_mask.png,fixed_eval_mask,0.0,0.0,0.0,0.0,ours_sd3_plain,ours_sd3_plain,,0.017823662608861923,0.017823662608861923,32.147989509542064,0.02469451633512235,,/cluster/users/grad/2025/25t8103/project/outputs/t4_operator_ablation_seed10/fe_016_bikes_6_yellow_bicycle/ours_sd3_plain/seed_10/result.png,6.856501579284668,fe_016_bikes_6_yellow_bicycle/ours_sd3_plain/seed_10,,10,/cluster/users/grad/2025/25t8103/project/_baselines/src/FlowEdit/Data/Images/bikes.png,0.023150349035859108,"A bicycle parked on the sidewalk in front of a red brick building. The bicycle is positioned close to the door of the building, making it easily accessible for the owner. The building has a red brick exterior, giving it a distinctive appearance.",28.40279566905499,0.03800670469998433,0.8945729339930604,0.8945729339930604,"A yellow bicycle parked on the sidewalk in front of a red brick building. The bicycle is positioned close to the door of the building, making it easily accessible for the owner. The building has a red brick exterior, giving it a distinctive appearance.",fe_016_bikes_6_yellow_bicycle
0.0,0.0,0.0,0.0,0.0,0.0,0.0,0.0,0.0,0.0,31,0.9979616403579712,0.017660753801465034,0.025973228737711906,2.5973228737711906,0.8351860046386719,32.19771493733239,0.9013614654541016,0.9013614654541016,0.1376156210899353,0.9919751286506653,0.2411782592535019,0.25503969192504883,0.013861432671546936,0.25503969192504883,True,0.16481399536132812,0.989687442779541,0.013861432671546936,0.11949539184570312,,,F4,T4_local_recolor,1.8489317720666916,0.0,0.11949539184570312,16,0.08545889864325619,0.09473870694637299,0.09473870694637299,17.752460769206238,0.1295319673014476,12.785747528076172,a yellow bicycle,0.20764468610286713,0.2369581162929535,0.23678547143936157,0.029140785336494446,0.23678547143936157,"143,263,512,512",0.058011945337057114,0.027115479111671448,/cluster/users/grad/2025/25t8103/project/data/flowedit_compatible_135/eval_masks/fe_016_bikes_6_yellow_bicycle_eval_mask.png,fixed_eval_mask,0.0,0.0,0.0,0.0,ours_sd3_texture,ours_sd3_texture,,0.017704015597701073,0.017704015597701073,32.17244337198683,0.024625090281507393,,/cluster/users/grad/2025/25t8103/project/outputs/t4_operator_ablation_seed10/fe_016_bikes_6_yellow_bicycle/ours_sd3_texture/seed_10/result.png,6.915207862854004,fe_016_bikes_6_yellow_bicycle/ours_sd3_texture/seed_10,,10,/cluster/users/grad/2025/25t8103/project/_baselines/src/FlowEdit/Data/Images/bikes.png,0.02690930664539337,"A bicycle parked on the sidewalk in front of a red brick building. The bicycle is positioned close to the door of the building, making it easily accessible for the owner. The building has a red brick exterior, giving it a distinctive appearance.",25.953560559518863,0.05038740264214938,0.8891564093457108,0.8891564093457108,"A yellow bicycle parked on the sidewalk in front of a red brick building. The bicycle is positioned close to the door of the building, making it easily accessible for the owner. The building has a red brick exterior, giving it a distinctive appearance.",fe_016_bikes_6_yellow_bicycle
0.0,0.0,0.0,0.0,0.0,0.0,0.0,0.0,0.0,0.0,31,0.9997218251228333,0.011406243778765202,0.008235296234488487,0.8235296234488487,0.834442138671875,32.470040140855836,0.9688786268234253,0.9688786268234253,0.011849716305732727,0.9935106039047241,0.2325419783592224,0.2301500141620636,-0.0023919641971588135,0.2301500141620636,True,0.165557861328125,0.9100148677825928,-0.0023919641971588135,0.12115478515625,,,F4,T4_local_recolor,1.0282482198343252,0.0,0.12115478515625,17,0.011712846347607053,0.02863280288875103,0.02863280288875103,22.43971856399302,0.07551166941959996,8.964070320129395,a white red hull,0.2135811597108841,0.19350862503051758,0.225722074508667,0.012140914797782898,0.225722074508667,"44,123,351,426",0.019023360684514046,0.008699310012161732,/cluster/users/grad/2025/25t8103/project/data/flowedit_compatible_135/eval_masks/fe_017_boat_silhouette_1_sailboat_white_sails_red_hull_eval_mask.png,fixed_eval_mask,0.0,0.0,0.0,0.0,ours_flux_plain,ours_flux_plain,,0.01182990986853838,0.01182990986853838,32.22678512550689,0.024471508628655027,,/cluster/users/grad/2025/25t8103/project/outputs/t4_operator_ablation_seed10/fe_017_boat_silhouette_1_sailboat_white_sails_red_hull/ours_flux_plain/seed_10/result.png,8.71780776977539,fe_017_boat_silhouette_1_sailboat_white_sails_red_hull/ours_flux_plain/seed_10,,10,/cluster/users/grad/2025/25t8103/project/_baselines/src/FlowEdit/Data/Images/boat_silhouette.png,0.013865661807358265,"A serene scene of a lake with a silhouette of a sailboat floating on the water. The silhouette of the boat is positioned in the middle of the lake, slightly to the left. The sun is setting in the background, casting a warm glow over the scene.",29.14664241263158,0.034887341737123406,0.9388412123305142,0.9388412123305142,"A serene scene of a lake with a sailboat floating on the water. The sailboat has white sails and red hull. The boat is positioned in the middle of the lake, slightly to the left. The sun is setting in the background, casting a warm glow over the scene.",fe_017_boat_silhouette_1_sailboat_white_sails_red_hull
0.0,0.0,0.0,0.0,0.0,0.0,0.0,0.0,0.0,0.0,31,0.9996824860572815,0.011409439146518707,0.008254642598330975,0.8254642598330975,0.834442138671875,32.47799057242076,0.9689186215400696,0.9689186215400696,0.0559677854180336,0.9905892610549927,0.23006248474121094,0.230574831366539,0.000512346625328064,0.230574831366539,True,0.165557861328125,0.9570133686065674,0.000512346625328064,0.12115478515625,,,F4,T4_local_recolor,0.954631459711671,0.0,0.12115478515625,17,0.005384130982367758,0.026411280035972595,0.026411280035972595,25.798499805933105,0.0512949971123426,8.351476669311523,a white red hull,0.21166330575942993,0.19042488932609558,0.22786791622638702,0.016204610466957092,0.22786791622638702,"44,123,351,426",0.01354305911809206,0.008733687922358513,/cluster/users/grad/2025/25t8103/project/data/flowedit_compatible_135/eval_masks/fe_017_boat_silhouette_1_sailboat_white_sails_red_hull_eval_mask.png,fixed_eval_mask,0.0,0.0,0.0,0.0,ours_flux_texture,ours_flux_texture,,0.011833814904093742,0.011833814904093742,32.23356090093189,0.024452426094131157,,/cluster/users/grad/2025/25t8103/project/outputs/t4_operator_ablation_seed10/fe_017_boat_silhouette_1_sailboat_white_sails_red_hull/ours_flux_texture/seed_10/result.png,8.748377799987793,fe_017_boat_silhouette_1_sailboat_white_sails_red_hull/ours_flux_texture/seed_10,,10,/cluster/users/grad/2025/25t8103/project/_baselines/src/FlowEdit/Data/Images/boat_silhouette.png,0.013599944300949574,"A serene scene of a lake with a silhouette of a sailboat floating on the water. The silhouette of the boat is positioned in the middle of the lake, slightly to the left. The sun is setting in the background, casting a warm glow over the scene.",30.735239170455863,0.02905614816820529,0.938491333679694,0.938491333679694,"A serene scene of a lake with a sailboat floating on the water. The sailboat has white sails and red hull. The boat is positioned in the middle of the lake, slightly to the left. The sun is setting in the background, casting a warm glow over the scene.",fe_017_boat_silhouette_1_sailboat_white_sails_red_hull
0.0,0.0,0.0,0.0,0.0,0.0,0.0,0.0,0.0,0.0,31,0.9970819354057312,0.014897962100803852,0.013229766860604286,1.3229766860604286,0.834442138671875,31.242399696695735,0.9217708110809326,0.9217708110809326,0.08673849701881409,0.977226197719574,0.22493259608745575,0.2303542047739029,0.0054216086864471436,0.2303542047739029,True,0.165557861328125,0.9208911061286926,0.0054216086864471436,0.12115478515625,,,F4,T4_local_recolor,1.0236303971206282,0.0,0.12115478515625,17,9.445843828715365e-05,0.04217904806137085,0.04217904806137085,20.170772408841763,0.09805311148973146,8.605541229248047,a white red hull,0.2151758223772049,0.18400537967681885,0.2213970422744751,0.006221219897270203,0.2213970422744751,"44,123,351,426",0.03607582300901413,0.013911742717027664,/cluster/users/grad/2025/25t8103/project/data/flowedit_compatible_135/eval_masks/fe_017_boat_silhouette_1_sailboat_white_sails_red_hull_eval_mask.png,fixed_eval_mask,0.0,0.0,0.0,0.0,ours_sd3_plain,ours_sd3_plain,,0.015341685153543949,0.015341685153543949,31.02255700902525,0.028110731664661708,,/cluster/users/grad/2025/25t8103/project/outputs/t4_operator_ablation_seed10/fe_017_boat_silhouette_1_sailboat_white_sails_red_hull/ours_sd3_plain/seed_10/result.png,8.406883239746094,fe_017_boat_silhouette_1_sailboat_white_sails_red_hull/ours_sd3_plain/seed_10,,10,/cluster/users/grad/2025/25t8103/project/_baselines/src/FlowEdit/Data/Images/boat_silhouette.png,0.018593158572912216,"A serene scene of a lake with a silhouette of a sailboat floating on the water. The silhouette of the boat is positioned in the middle of the lake, slightly to the left. The sun is setting in the background, casting a warm glow over the scene.",27.30648746541933,0.043119689683130846,0.8916900491525912,0.8916900491525912,"A serene scene of a lake with a sailboat floating on the water. The sailboat has white sails and red hull. The boat is positioned in the middle of the lake, slightly to the left. The sun is setting in the background, casting a warm glow over the scene.",fe_017_boat_silhouette_1_sailboat_white_sails_red_hull
0.0,0.0,0.0,0.0,0.0,0.0,0.0,0.0,0.0,0.0,31,0.9976946115493774,0.014713970944285393,0.013419123366475105,1.3419123366475105,0.834442138671875,31.262617392582772,0.9234294891357422,0.9234294891357422,0.08761728554964066,0.9731452465057373,0.23176854848861694,0.23798725008964539,0.006218701601028442,0.23798725008964539,True,0.165557861328125,0.8935387134552002,0.006218701601028442,0.12115478515625,,,F4,T4_local_recolor,1.2685872556044389,0.0,0.12115478515625,17,9.445843828715365e-05,0.0755888968706131,0.0755888968706131,15.932627139748721,0.1597234355464636,10.719951629638672,a white red hull,0.22397378087043762,0.2030177116394043,0.23338638246059418,0.009412601590156555,0.23338638246059418,"44,123,351,426",0.055597200989723206,0.014290312305092812,/cluster/users/grad/2025/25t8103/project/data/flowedit_compatible_135/eval_masks/fe_017_boat_silhouette_1_sailboat_white_sails_red_hull_eval_mask.png,fixed_eval_mask,0.0,0.0,0.0,0.0,ours_sd3_texture,ours_sd3_texture,,0.015225297771394253,0.015225297771394253,30.970299906670537,0.028280364628297715,,/cluster/users/grad/2025/25t8103/project/outputs/t4_operator_ablation_seed10/fe_017_boat_silhouette_1_sailboat_white_sails_red_hull/ours_sd3_texture/seed_10/result.png,8.45030689239502,fe_017_boat_silhouette_1_sailboat_white_sails_red_hull/ours_sd3_texture/seed_10,,10,/cluster/users/grad/2025/25t8103/project/_baselines/src/FlowEdit/Data/Images/boat_silhouette.png,0.02253863401710987,"A serene scene of a lake with a silhouette of a sailboat floating on the water. The silhouette of the boat is positioned in the middle of the lake, slightly to the left. The sun is setting in the background, casting a warm glow over the scene.",24.209333486884287,0.06159327910021667,0.8804625115317326,0.8804625115317326,"A serene scene of a lake with a sailboat floating on the water. The sailboat has white sails and red hull. The boat is positioned in the middle of the lake, slightly to the left. The sun is setting in the background, casting a warm glow over the scene.",fe_017_boat_silhouette_1_sailboat_white_sails_red_hull
0.0,0.0,0.0,0.0,0.0,0.0,0.0,0.0,0.0,0.0,31,0.9999030828475952,0.012371993623673916,0.006702684797346592,0.6702684797346592,0.45757293701171875,32.55960767157515,0.9578834176063538,0.9578834176063538,0.047752946615219116,0.8244889974594116,0.24586541950702667,0.2363961786031723,-0.00946924090385437,0.2363961786031723,True,0.5424270629882812,0.6253530979156494,-0.00946924090385437,0.4573974609375,,,F4,T4_local_recolor,1.3486185893803049,0.0,0.4573974609375,19,0.026387776888177207,0.08516721427440643,0.08516721427440643,16.069599419130142,0.1572244300460736,10.240813255310059,a white owl,0.24586541950702667,0.22658208012580872,0.2363961786031723,-0.00946924090385437,0.2363961786031723,"0,0,512,512",0.1200791448354721,0.00858740508556366,/cluster/users/grad/2025/25t8103/project/data/flowedit_compatible_135/eval_masks/fe_019_brown_owl_1_white_owl_eval_mask.png,fixed_eval_mask,0.0,0.0,0.0,0.0,ours_flux_plain,ours_flux_plain,,0.013079699128866196,0.013079699128866196,32.066280477426915,0.024927916205649474,,/cluster/users/grad/2025/25t8103/project/outputs/t4_operator_ablation_seed10/fe_019_brown_owl_1_white_owl/ours_flux_plain/seed_10/result.png,7.593557834625244,fe_019_brown_owl_1_white_owl/ours_flux_plain/seed_10,,10,/cluster/users/grad/2025/25t8103/project/_baselines/src/FlowEdit/Data/Images/brown_owl.png,0.046052347868680954,"A small, brown owl standing on a patch of grass.",19.3390467406027,0.10790651410200609,0.8534528289615425,0.8534528289615425,"A small, white owl standing on a patch of grass.",fe_019_brown_owl_1_white_owl
0.0,0.0,0.0,0.0,0.0,0.0,0.0,0.0,0.0,0.0,31,0.9999054670333862,0.01247117668390274,0.006555256899446249,0.6555256899446249,0.45757293701171875,32.54018841376845,0.9569588899612427,0.9569588899612427,0.006531932391226292,0.9723149538040161,0.25946351885795593,0.23375508189201355,-0.025708436965942383,0.23375508189201355,True,0.5424270629882812,0.8020076155662537,-0.025708436965942383,0.4573974609375,,,F4,T4_local_recolor,1.5527911529083727,0.0,0.4573974609375,19,0.009232385908726982,0.04926794022321701,0.04926794022321701,21.155027259692808,0.08754848537601369,11.875188827514648,a white owl,0.25946351885795593,0.21361517906188965,0.23375508189201355,-0.025708436965942383,0.23375508189201355,"0,0,512,512",0.058785442262887955,0.008448505774140358,/cluster/users/grad/2025/25t8103/project/data/flowedit_compatible_135/eval_masks/fe_019_brown_owl_1_white_owl_eval_mask.png,fixed_eval_mask,0.0,0.0,0.0,0.0,ours_flux_texture,ours_flux_texture,,0.013172590173780918,0.013172590173780918,32.043122786907205,0.024994465887828842,,/cluster/users/grad/2025/25t8103/project/outputs/t4_operator_ablation_seed10/fe_019_brown_owl_1_white_owl/ours_flux_texture/seed_10/result.png,7.647640705108643,fe_019_brown_owl_1_white_owl/ours_flux_texture/seed_10,,10,/cluster/users/grad/2025/25t8103/project/_baselines/src/FlowEdit/Data/Images/brown_owl.png,0.02968250773847103,"A small, brown owl standing on a patch of grass.",24.151252539819343,0.062006522133622906,0.9188299660049615,0.9188299660049615,"A small, white owl standing on a patch of grass.",fe_019_brown_owl_1_white_owl
0.0,0.0,0.0,0.0,0.0,0.0,0.0,0.0,0.0,0.0,31,0.99850994348526,0.017874538898468018,0.013273539021611214,1.3273539021611214,0.45757293701171875,30.39313158294255,0.9259687662124634,0.9259687662124634,0.0055928961373865604,0.9851981401443481,0.2614078223705292,0.23577028512954712,-0.025637537240982056,0.23577028512954712,True,0.5424270629882812,0.9266710877418518,-0.025637537240982056,0.4573974609375,,,F4,T4_local_recolor,1.378302796491098,0.0,0.4573974609375,19,0.0007672804910595143,0.03747188672423363,0.03747188672423363,24.6112111970009,0.05880841035031975,10.181312561035156,a white owl,0.2614078223705292,0.20604033768177032,0.23577028512954712,-0.025637537240982056,0.23577028512954712,"0,0,512,512",0.05478047579526901,0.016928650438785553,/cluster/users/grad/2025/25t8103/project/data/flowedit_compatible_135/eval_masks/fe_019_brown_owl_1_white_owl_eval_mask.png,fixed_eval_mask,0.0,0.0,0.0,0.0,ours_sd3_plain,ours_sd3_plain,,0.018664607778191566,0.018664607778191566,29.973754441743978,0.031718473489030584,,/cluster/users/grad/2025/25t8103/project/outputs/t4_operator_ablation_seed10/fe_019_brown_owl_1_white_owl/ours_sd3_plain/seed_10/result.png,7.386847496032715,fe_019_brown_owl_1_white_owl/ours_sd3_plain/seed_10,,10,/cluster/users/grad/2025/25t8103/project/_baselines/src/FlowEdit/Data/Images/brown_owl.png,0.027267014607787132,"A small, brown owl standing on a patch of grass.",26.72075678069698,0.04612773828193184,0.9080665480686193,0.9080665480686193,"A small, white owl standing on a patch of grass.",fe_019_brown_owl_1_white_owl
0.0,0.0,0.0,0.0,0.0,0.0,0.0,0.0,0.0,0.0,31,0.9982770681381226,0.018049798905849457,0.013370733708143234,1.3370733708143234,0.45757293701171875,30.377510963903052,0.9258381128311157,0.9258381128311157,0.03999529033899307,0.9774230122566223,0.25837528705596924,0.23764574527740479,-0.020729541778564453,0.23764574527740479,True,0.5424270629882812,0.9030443429946899,-0.020729541778564453,0.4573974609375,,,F4,T4_local_recolor,1.5918556162919493,0.0,0.4573974609375,19,0.0013594208700293568,0.04438857361674309,0.04438857361674309,22.74552271612429,0.07289938494837553,11.737001419067383,a white owl,0.25837528705596924,0.20947079360485077,0.23764574527740479,-0.020729541778564453,0.23764574527740479,"0,0,512,512",0.07324174791574478,0.017012527212500572,/cluster/users/grad/2025/25t8103/project/data/flowedit_compatible_135/eval_masks/fe_019_brown_owl_1_white_owl_eval_mask.png,fixed_eval_mask,0.0,0.0,0.0,0.0,ours_sd3_texture,ours_sd3_texture,,0.0188460536301136,0.0188460536301136,29.959806776923003,0.031769447429972765,,/cluster/users/grad/2025/25t8103/project/outputs/t4_operator_ablation_seed10/fe_019_brown_owl_1_white_owl/ours_sd3_texture/seed_10/result.png,7.373157024383545,fe_019_brown_owl_1_white_owl/ours_sd3_texture/seed_10,,10,/cluster/users/grad/2025/25t8103/project/_baselines/src/FlowEdit/Data/Images/brown_owl.png,0.03052913397550583,"A small, brown owl standing on a patch of grass.",25.260162840176847,0.054574762949989,0.9062106033028491,0.9062106033028491,"A small, white owl standing on a patch of grass.",fe_019_brown_owl_1_white_owl
0.0,0.0,0.0,0.0,0.0,0.0,0.0,0.0,0.0,0.0,31,0.9983477592468262,0.020663414150476456,0.02780940756201744,2.780940756201744,0.7335052490234375,29.163606486055663,0.9096525311470032,0.9096525311470032,0.4569867253303528,0.9788805842399597,0.25744736194610596,0.2725522220134735,0.015104860067367554,0.2725522220134735,True,0.2664947509765625,0.8552942872047424,0.015104860067367554,0.2092742919921875,,,F4,T4_local_recolor,1.4886842517825545,0.0,0.2092742919921875,25,0.07358731316077288,0.1243140697479248,0.1243140697479248,12.901583566386133,0.2264231467013533,12.125789642333984,a pink van,0.2540002465248108,0.23336395621299744,0.2700168788433075,0.016016632318496704,0.2700168788433075,"61,115,457,512",0.10825400799512863,0.02902970090508461,/cluster/users/grad/2025/25t8103/project/data/flowedit_compatible_135/eval_masks/fe_025_bus_3_pink_van_eval_mask.png,fixed_eval_mask,0.0,0.0,0.0,0.0,ours_flux_plain,ours_flux_plain,,0.020197633653879166,0.020197633653879166,29.384102467908086,0.03394649006707321,,/cluster/users/grad/2025/25t8103/project/outputs/t4_operator_ablation_seed10/fe_025_bus_3_pink_van/ours_flux_plain/seed_10/result.png,8.145306587219238,fe_025_bus_3_pink_van/ours_flux_plain/seed_10,,10,/cluster/users/grad/2025/25t8103/project/_baselines/src/FlowEdit/Data/Images/bus.png,0.04198652505874634,"A yellow van parked in front of a house, outside a garage. The van is of a classic model. The house has a brown exterior, and there is a tree nearby. There is a spare tire hanged between the headlights of the van.",19.34040967693427,0.10788958340445208,0.8436414980665731,0.8436414980665731,"A pink van parked in front of a house, outside a garage. The van is of a classic model. The house has a brown exterior, and there is a tree nearby. There is a spare tire hanged between the headlights of the van.",fe_025_bus_3_pink_van
0.0,0.0,0.0,0.0,0.0,0.0,0.0,0.0,0.0,0.0,31,0.9983477592468262,0.020663414150476456,0.02780940756201744,2.780940756201744,0.7335052490234375,29.163606486055663,0.9096525311470032,0.9096525311470032,0.4569867253303528,0.9788805842399597,0.25744736194610596,0.2725522220134735,0.015104860067367554,0.2725522220134735,True,0.2664947509765625,0.8552942872047424,0.015104860067367554,0.2092742919921875,,,F4,T4_local_recolor,1.4886842517825545,0.0,0.2092742919921875,25,0.07358731316077288,0.1243140697479248,0.1243140697479248,12.901583566386133,0.2264231467013533,12.125789642333984,a pink van,0.2540002465248108,0.23336395621299744,0.2700168788433075,0.016016632318496704,0.2700168788433075,"61,115,457,512",0.10825400799512863,0.02902970090508461,/cluster/users/grad/2025/25t8103/project/data/flowedit_compatible_135/eval_masks/fe_025_bus_3_pink_van_eval_mask.png,fixed_eval_mask,0.0,0.0,0.0,0.0,ours_flux_texture,ours_flux_texture,,0.020197633653879166,0.020197633653879166,29.384102467908086,0.03394649006707321,,/cluster/users/grad/2025/25t8103/project/outputs/t4_operator_ablation_seed10/fe_025_bus_3_pink_van/ours_flux_texture/seed_10/result.png,8.145306587219238,fe_025_bus_3_pink_van/ours_flux_texture/seed_10,,10,/cluster/users/grad/2025/25t8103/project/_baselines/src/FlowEdit/Data/Images/bus.png,0.04198652505874634,"A yellow van parked in front of a house, outside a garage. The van is of a classic model. The house has a brown exterior, and there is a tree nearby. There is a spare tire hanged between the headlights of the van.",19.34040967693427,0.10788958340445208,0.8436414980665731,0.8436414980665731,"A pink van parked in front of a house, outside a garage. The van is of a classic model. The house has a brown exterior, and there is a tree nearby. There is a spare tire hanged between the headlights of the van.",fe_025_bus_3_pink_van
0.0,0.0,0.0,0.0,0.0,0.0,0.0,0.0,0.0,0.0,31,0.994015634059906,0.026289356872439384,0.053322479128837585,5.3322479128837585,0.7335052490234375,27.348240364245584,0.8526184558868408,0.8526184558868408,0.34904539585113525,0.9249141812324524,0.24172386527061462,0.28354746103286743,0.04182359576225281,0.28354746103286743,True,0.2664947509765625,0.9489874839782715,0.04182359576225281,0.2092742919921875,,,F4,T4_local_recolor,1.5896770061662482,0.0,0.2092742919921875,25,0.09393000364564345,0.06961196660995483,0.06961196660995483,17.451091397373794,0.13410514193390552,12.564924240112305,a pink van,0.2377084493637085,0.2715801000595093,0.281409353017807,0.04370090365409851,0.281409353017807,"61,115,457,512",0.09386447817087173,0.055288322269916534,/cluster/users/grad/2025/25t8103/project/data/flowedit_compatible_135/eval_masks/fe_025_bus_3_pink_van_eval_mask.png,fixed_eval_mask,0.0,0.0,0.0,0.0,ours_sd3_plain,ours_sd3_plain,,0.02567729353904724,0.02567729353904724,27.566401582053693,0.04184850240489503,,/cluster/users/grad/2025/25t8103/project/outputs/t4_operator_ablation_seed10/fe_025_bus_3_pink_van/ours_sd3_plain/seed_10/result.png,7.904073715209961,fe_025_bus_3_pink_van/ours_sd3_plain/seed_10,,10,/cluster/users/grad/2025/25t8103/project/_baselines/src/FlowEdit/Data/Images/bus.png,0.03487168624997139,"A yellow van parked in front of a house, outside a garage. The van is of a classic model. The house has a brown exterior, and there is a tree nearby. There is a spare tire hanged between the headlights of the van.",22.883256684268886,0.07175252121909356,0.8490053095197324,0.8490053095197324,"A pink van parked in front of a house, outside a garage. The van is of a classic model. The house has a brown exterior, and there is a tree nearby. There is a spare tire hanged between the headlights of the van.",fe_025_bus_3_pink_van
0.0,0.0,0.0,0.0,0.0,0.0,0.0,0.0,0.0,0.0,31,0.9943670630455017,0.026560643687844276,0.05346738547086716,5.346738547086716,0.7335052490234375,27.33226445235704,0.8517041206359863,0.8517041206359863,0.28252583742141724,0.8677847385406494,0.2351011037826538,0.28370267152786255,0.04860156774520874,0.28370267152786255,True,0.2664947509765625,0.8182172775268555,0.04860156774520874,0.2092742919921875,,,F4,T4_local_recolor,1.2134662399091924,0.0,0.2092742919921875,25,0.13871673350346336,0.15158814191818237,0.15158814191818237,12.6612851185042,0.2327746831019107,9.632431030273438,a pink van,0.21474988758563995,0.2759466767311096,0.27549445629119873,0.06074456870555878,0.27549445629119873,"61,115,457,512",0.1630845069885254,0.05583672598004341,/cluster/users/grad/2025/25t8103/project/data/flowedit_compatible_135/eval_masks/fe_025_bus_3_pink_van_eval_mask.png,fixed_eval_mask,0.0,0.0,0.0,0.0,ours_sd3_texture,ours_sd3_texture,,0.02604997344315052,0.02604997344315052,27.522416242160915,0.042060960686133554,,/cluster/users/grad/2025/25t8103/project/outputs/t4_operator_ablation_seed10/fe_025_bus_3_pink_van/ours_sd3_texture/seed_10/result.png,7.9379472732543945,fe_025_bus_3_pink_van/ours_sd3_texture/seed_10,,10,/cluster/users/grad/2025/25t8103/project/_baselines/src/FlowEdit/Data/Images/bus.png,0.052321869879961014,"A yellow van parked in front of a house, outside a garage. The van is of a classic model. The house has a brown exterior, and there is a tree nearby. There is a spare tire hanged between the headlights of the van.",18.948912095732503,0.11286372900529319,0.787793619118315,0.787793619118315,"A pink van parked in front of a house, outside a garage. The van is of a classic model. The house has a brown exterior, and there is a tree nearby. There is a spare tire hanged between the headlights of the van.",fe_025_bus_3_pink_van
0.0,0.0,0.0,0.0,0.0,0.0,0.0,0.0,0.0,0.0,31,0.9996610879898071,0.006313381250947714,0.0046261572279036045,0.46261572279036045,0.6238784790039062,38.8416453759402,0.9768490195274353,0.9768490195274353,0.23396441340446472,0.9869483709335327,0.27647534012794495,0.27136826515197754,-0.005107074975967407,0.27136826515197754,True,0.37612152099609375,0.9886153936386108,-0.005107074975967407,0.3057403564453125,,,F4,T4_local_recolor,1.6988400125055958,0.0,0.3057403564453125,27,0.013163148175874632,0.08684027194976807,0.08684027194976807,15.176379900580589,0.1742532973825822,9.35892391204834,a yellow object,0.2623709440231323,0.148613840341568,0.25808772444725037,-0.004283219575881958,0.25808772444725037,"100,0,512,512",0.06902488321065903,0.005070776678621769,/cluster/users/grad/2025/25t8103/project/data/flowedit_compatible_135/eval_masks/fe_027_butterflies_1_yellow_eval_mask.png,fixed_eval_mask,0.0,0.0,0.0,0.0,ours_flux_plain,ours_flux_plain,,0.006406404078006744,0.006406404078006744,38.72073407548302,0.01158679427889973,,/cluster/users/grad/2025/25t8103/project/outputs/t4_operator_ablation_seed10/fe_027_butterflies_1_yellow/ours_flux_plain/seed_10/result.png,5.509008407592773,fe_027_butterflies_1_yellow/ours_flux_plain/seed_10,,10,/cluster/users/grad/2025/25t8103/project/_baselines/src/FlowEdit/Data/Images/butterflies.png,0.03099828213453293,"A vibrant orange flower with two black and white butterflies perched on it. The butterflies are positioned on opposite sides of the flower, with one butterfly on the left side and the other on the right side. The butterflies appear to be resting or possibly feeding on the flower, creating a captivating scene.",20.279466124428534,0.09683373729949972,0.9053969134171318,0.9053969134171318,"A vibrant orange flower with two yellow butterflies perched on it. The butterflies are positioned on opposite sides of the flower, with one butterfly on the left side and the other on the right side. The butterflies appear to be resting or possibly feeding on the flower, creating a captivating scene.",fe_027_butterflies_1_yellow
0.0,0.0,0.0,0.0,0.0,0.0,0.0,0.0,0.0,0.0,31,0.9995742440223694,0.006489293184131384,0.004298896063119173,0.4298896063119173,0.6238784790039062,38.62586665492944,0.9764912128448486,0.9764912128448486,0.24362164735794067,0.987043559551239,0.2756085991859436,0.27111122012138367,-0.0044973790645599365,0.27111122012138367,True,0.37612152099609375,0.9892131090164185,-0.0044973790645599365,0.3057403564453125,,,F4,T4_local_recolor,1.92859291651403,0.0,0.3057403564453125,27,0.012027748664969806,0.052259720861911774,0.052259720861911774,19.369468144357626,0.10752924408381737,10.55869197845459,a yellow object,0.26095861196517944,0.1465017944574356,0.2553367614746094,-0.005621850490570068,0.2553367614746094,"100,0,512,512",0.045750588178634644,0.0047377911396324635,/cluster/users/grad/2025/25t8103/project/data/flowedit_compatible_135/eval_masks/fe_027_butterflies_1_yellow_eval_mask.png,fixed_eval_mask,0.0,0.0,0.0,0.0,ours_flux_texture,ours_flux_texture,,0.006590506061911583,0.006590506061911583,38.50136127261497,0.011883159772277148,,/cluster/users/grad/2025/25t8103/project/outputs/t4_operator_ablation_seed10/fe_027_butterflies_1_yellow/ours_flux_texture/seed_10/result.png,5.47481632232666,fe_027_butterflies_1_yellow/ours_flux_texture/seed_10,,10,/cluster/users/grad/2025/25t8103/project/_baselines/src/FlowEdit/Data/Images/butterflies.png,0.020553428679704666,"A vibrant orange flower with two black and white butterflies perched on it. The butterflies are positioned on opposite sides of the flower, with one butterfly on the left side and the other on the right side. The butterflies appear to be resting or possibly feeding on the flower, creating a captivating scene.",24.397142062598355,0.06027578802031224,0.9424021996566101,0.9424021996566101,"A vibrant orange flower with two yellow butterflies perched on it. The butterflies are positioned on opposite sides of the flower, with one butterfly on the left side and the other on the right side. The butterflies appear to be resting or possibly feeding on the flower, creating a captivating scene.",fe_027_butterflies_1_yellow
0.0,0.0,0.0,0.0,0.0,0.0,0.0,0.0,0.0,0.0,31,0.9961069226264954,0.008964496664702892,0.007907933555543423,0.7907933555543423,0.6238784790039062,36.82410185008819,0.9624453783035278,0.9624453783035278,0.04331514239311218,0.9800268411636353,0.28649288415908813,0.2704029381275177,-0.016089946031570435,0.2704029381275177,True,0.37612152099609375,0.9591846466064453,-0.016089946031570435,0.3057403564453125,,,F4,T4_local_recolor,1.5155469639500276,0.0,0.3057403564453125,27,0.009756949643160154,0.097477488219738,0.097477488219738,14.57862245683948,0.18666757137605852,8.140307426452637,a yellow object,0.2669028639793396,0.14000707864761353,0.2519361972808838,-0.01496666669845581,0.2519361972808838,"100,0,512,512",0.09437771886587143,0.008505593053996563,/cluster/users/grad/2025/25t8103/project/data/flowedit_compatible_135/eval_masks/fe_027_butterflies_1_yellow_eval_mask.png,fixed_eval_mask,0.0,0.0,0.0,0.0,ours_sd3_plain,ours_sd3_plain,,0.009163893759250641,0.009163893759250641,36.61430110309566,0.014766750764253862,,/cluster/users/grad/2025/25t8103/project/outputs/t4_operator_ablation_seed10/fe_027_butterflies_1_yellow/ours_sd3_plain/seed_10/result.png,5.371201038360596,fe_027_butterflies_1_yellow/ours_sd3_plain/seed_10,,10,/cluster/users/grad/2025/25t8103/project/_baselines/src/FlowEdit/Data/Images/butterflies.png,0.03616492822766304,"A vibrant orange flower with two black and white butterflies perched on it. The butterflies are positioned on opposite sides of the flower, with one butterfly on the left side and the other on the right side. The butterflies appear to be resting or possibly feeding on the flower, creating a captivating scene.",19.663815329282365,0.10394634749489677,0.8961605091491781,0.8961605091491781,"A vibrant orange flower with two yellow butterflies perched on it. The butterflies are positioned on opposite sides of the flower, with one butterfly on the left side and the other on the right side. The butterflies appear to be resting or possibly feeding on the flower, creating a captivating scene.",fe_027_butterflies_1_yellow
0.0,0.0,0.0,0.0,0.0,0.0,0.0,0.0,0.0,0.0,31,0.996303379535675,0.009213636629283428,0.008021865040063858,0.8021865040063858,0.6238784790039062,36.68697784909094,0.9620636105537415,0.9620636105537415,0.06043016165494919,0.9822792410850525,0.2841358780860901,0.2687603533267975,-0.015375524759292603,0.2687603533267975,True,0.37612152099609375,0.9414145350456238,-0.015375524759292603,0.3057403564453125,,,F4,T4_local_recolor,1.4842697805864002,0.0,0.3057403564453125,27,0.007935319658631531,0.13078023493289948,0.13078023493289948,12.844701955602496,0.22791079824541752,8.001974105834961,a yellow object,0.26166248321533203,0.13636404275894165,0.24863547086715698,-0.013027012348175049,0.24863547086715698,"100,0,512,512",0.13196271657943726,0.008690722286701202,/cluster/users/grad/2025/25t8103/project/data/flowedit_compatible_135/eval_masks/fe_027_butterflies_1_yellow_eval_mask.png,fixed_eval_mask,0.0,0.0,0.0,0.0,ours_sd3_texture,ours_sd3_texture,,0.009427708573639393,0.009427708573639393,36.44055367534962,0.015065110317397669,,/cluster/users/grad/2025/25t8103/project/outputs/t4_operator_ablation_seed10/fe_027_butterflies_1_yellow/ours_sd3_texture/seed_10/result.png,5.391185760498047,fe_027_butterflies_1_yellow/ours_sd3_texture/seed_10,,10,/cluster/users/grad/2025/25t8103/project/_baselines/src/FlowEdit/Data/Images/butterflies.png,0.046530067920684814,"A vibrant orange flower with two black and white butterflies perched on it. The butterflies are positioned on opposite sides of the flower, with one butterfly on the left side and the other on the right side. The butterflies appear to be resting or possibly feeding on the flower, creating a captivating scene.",17.9482970090135,0.12664415468713144,0.874215772206553,0.874215772206553,"A vibrant orange flower with two yellow butterflies perched on it. The butterflies are positioned on opposite sides of the flower, with one butterfly on the left side and the other on the right side. The butterflies appear to be resting or possibly feeding on the flower, creating a captivating scene.",fe_027_butterflies_1_yellow
0.0,0.0,0.0,0.0,0.0,0.0,0.0,0.0,0.0,0.0,31,0.9990371465682983,0.004137746058404446,0.004263194277882576,0.4263194277882576,0.6673011779785156,41.9239832428878,0.990750253200531,0.990750253200531,0.2120255082845688,0.9622111320495605,0.2587308883666992,0.2690098285675049,0.010278940200805664,0.2690098285675049,True,0.3326988220214844,0.9391969442367554,0.010278940200805664,0.2683830261230469,,,F4,T4_local_recolor,3.320398555575447,0.0,0.2683830261230469,28,0.14512117120318385,0.07513459771871567,0.07513459771871567,16.039076376615107,0.15777790356043475,9.259739875793457,a orange butterfly,0.2445254623889923,0.24304214119911194,0.2628176808357239,0.018292218446731567,0.2628176808357239,"0,0,423,403",0.07826648652553558,0.004747586790472269,/cluster/users/grad/2025/25t8103/project/data/flowedit_compatible_135/eval_masks/fe_028_butterfly_1_orange_butterfly_eval_mask.png,fixed_eval_mask,0.0,0.0,0.0,0.0,ours_flux_plain,ours_flux_plain,,0.0043273731134831905,0.0043273731134831905,41.499412989128146,0.008414520068376286,,/cluster/users/grad/2025/25t8103/project/outputs/t4_operator_ablation_seed10/fe_028_butterfly_1_orange_butterfly/ours_flux_plain/seed_10/result.png,2.788743495941162,fe_028_butterfly_1_orange_butterfly/ours_flux_plain/seed_10,,10,/cluster/users/grad/2025/25t8103/project/_baselines/src/FlowEdit/Data/Images/butterfly.png,0.023330828174948692,A beautiful purple flower with a white and black butterfly perched on top of it. The butterfly is positioned towards the left side of the flower.,21.717983060007104,0.08205420592946794,0.9321671645223254,0.9321671645223254,A beautiful purple flower with an orange butterfly perched on top of it. The butterfly is positioned towards the right side of the flower.,fe_028_butterfly_1_orange_butterfly
0.0,0.0,0.0,0.0,0.0,0.0,0.0,0.0,0.0,0.0,31,0.9991127252578735,0.00417282385751605,0.004319281782954931,0.4319281782954931,0.6673011779785156,41.90770339412147,0.9906437993049622,0.9906437993049622,0.2043861597776413,0.9866311550140381,0.2696918547153473,0.2670542001724243,-0.0026376545429229736,0.2670542001724243,True,0.3326988220214844,0.9792382717132568,-0.0026376545429229736,0.2683830261230469,,,F4,T4_local_recolor,3.898268783327391,0.0,0.2683830261230469,28,0.08575083505081373,0.0558638833463192,0.0558638833463192,18.28223735230853,0.12186756462866853,10.861682891845703,a orange butterfly,0.2688466012477875,0.22114235162734985,0.2740911543369293,0.005244553089141846,0.2740911543369293,"0,0,423,403",0.048967137932777405,0.004827728495001793,/cluster/users/grad/2025/25t8103/project/data/flowedit_compatible_135/eval_masks/fe_028_butterfly_1_orange_butterfly_eval_mask.png,fixed_eval_mask,0.0,0.0,0.0,0.0,ours_flux_texture,ours_flux_texture,,0.0043485420756042,0.0043485420756042,41.50071232952647,0.008413261416863995,,/cluster/users/grad/2025/25t8103/project/outputs/t4_operator_ablation_seed10/fe_028_butterfly_1_orange_butterfly/ours_flux_texture/seed_10/result.png,2.7862837314605713,fe_028_butterfly_1_orange_butterfly/ours_flux_texture/seed_10,,10,/cluster/users/grad/2025/25t8103/project/_baselines/src/FlowEdit/Data/Images/butterfly.png,0.018174387514591217,A beautiful purple flower with a white and black butterfly perched on top of it. The butterfly is positioned towards the left side of the flower.,23.938625826268375,0.06354314539835504,0.9677618816422429,0.9677618816422429,A beautiful purple flower with an orange butterfly perched on top of it. The butterfly is positioned towards the right side of the flower.,fe_028_butterfly_1_orange_butterfly
0.0,0.0,0.0,0.0,0.0,0.0,0.0,0.0,0.0,0.0,31,0.9972460865974426,0.006822003051638603,0.009754233062267303,0.9754233062267303,0.6673011779785156,39.482654409193735,0.983920156955719,0.983920156955719,0.042388882488012314,0.9741421937942505,0.2705744206905365,0.2555665373802185,-0.015007883310317993,0.2555665373802185,True,0.3326988220214844,0.9620891809463501,-0.015007883310317993,0.2683830261230469,,,F4,T4_local_recolor,3.4081710746410483,0.0,0.2683830261230469,28,0.084087840238789,0.0618775337934494,0.0618775337934494,18.163441023047397,0.12354578944947862,9.315774917602539,a orange butterfly,0.26260054111480713,0.20343515276908875,0.2510336935520172,-0.011566847562789917,0.2510336935520172,"0,0,423,403",0.06261754035949707,0.010283811949193478,/cluster/users/grad/2025/25t8103/project/data/flowedit_compatible_135/eval_masks/fe_028_butterfly_1_orange_butterfly_eval_mask.png,fixed_eval_mask,0.0,0.0,0.0,0.0,ours_sd3_plain,ours_sd3_plain,,0.00705155311152339,0.00705155311152339,39.11312703783081,0.011074997786842655,,/cluster/users/grad/2025/25t8103/project/outputs/t4_operator_ablation_seed10/fe_028_butterfly_1_orange_butterfly/ours_sd3_plain/seed_10/result.png,2.7333648204803467,fe_028_butterfly_1_orange_butterfly/ours_sd3_plain/seed_10,,10,/cluster/users/grad/2025/25t8103/project/_baselines/src/FlowEdit/Data/Images/butterfly.png,0.02176591195166111,A beautiful purple flower with a white and black butterfly perched on top of it. The butterfly is positioned towards the left side of the flower.,23.78178193154927,0.06470098664721337,0.9428341212561276,0.9428341212561276,A beautiful purple flower with an orange butterfly perched on top of it. The butterfly is positioned towards the right side of the flower.,fe_028_butterfly_1_orange_butterfly
0.0,0.0,0.0,0.0,0.0,0.0,0.0,0.0,0.0,0.0,31,0.9974099397659302,0.006902804598212242,0.009685098193585873,0.9685098193585873,0.6673011779785156,39.448339048209185,0.9837767481803894,0.9837767481803894,0.21277615427970886,0.9646553993225098,0.2647992670536041,0.27410775423049927,0.009308487176895142,0.27410775423049927,True,0.3326988220214844,0.8899098634719849,0.009308487176895142,0.2683830261230469,,,F4,T4_local_recolor,3.4097481550577613,0.0,0.2683830261230469,28,0.12472461090185488,0.09539034217596054,0.09539034217596054,14.813808154294241,0.18168103373620723,9.328697204589844,a orange butterfly,0.26315757632255554,0.22421038150787354,0.27537983655929565,0.012222260236740112,0.27537983655929565,"0,0,423,403",0.11367927491664886,0.01020284928381443,/cluster/users/grad/2025/25t8103/project/data/flowedit_compatible_135/eval_masks/fe_028_butterfly_1_orange_butterfly_eval_mask.png,fixed_eval_mask,0.0,0.0,0.0,0.0,ours_sd3_texture,ours_sd3_texture,,0.007134426385164261,0.007134426385164261,39.071227266413125,0.011128551416407494,,/cluster/users/grad/2025/25t8103/project/outputs/t4_operator_ablation_seed10/fe_028_butterfly_1_orange_butterfly/ours_sd3_texture/seed_10/result.png,2.7358903884887695,fe_028_butterfly_1_orange_butterfly/ours_sd3_texture/seed_10,,10,/cluster/users/grad/2025/25t8103/project/_baselines/src/FlowEdit/Data/Images/butterfly.png,0.030820809304714203,A beautiful purple flower with a white and black butterfly perched on top of it. The butterfly is positioned towards the left side of the flower.,20.48206309951339,0.09460124348630679,0.9176171993176779,0.9176171993176779,A beautiful purple flower with an orange butterfly perched on top of it. The butterfly is positioned towards the right side of the flower.,fe_028_butterfly_1_orange_butterfly
0.0,0.0,0.0,0.0,0.0,0.0,0.0,0.0,0.0,0.0,31,0.9995838403701782,0.005650697275996208,0.0060758586041629314,0.6075858604162931,0.7459640502929688,37.49752650301449,0.9903111457824707,0.9903111457824707,0.2237105518579483,0.9935343265533447,0.2592955529689789,0.2546966075897217,-0.004598945379257202,0.2546966075897217,True,0.25403594970703125,0.8875865936279297,-0.004598945379257202,0.1948699951171875,,,F4,T4_local_recolor,1.1022953518814005,0.0,0.1948699951171875,29,0.27174849267872525,0.04369279742240906,0.04369279742240906,21.317299014180904,0.08592806840205872,7.493118762969971,a red flower,0.2676825523376465,0.16736644506454468,0.2595958113670349,-0.008086740970611572,0.2595958113670349,"0,128,512,512",0.03123602084815502,0.006549942307174206,/cluster/users/grad/2025/25t8103/project/data/flowedit_compatible_135/eval_masks/fe_029_butterfly_2_red_flower_eval_mask.png,fixed_eval_mask,0.0,0.0,0.0,0.0,ours_flux_plain,ours_flux_plain,,0.005823701154440641,0.005823701154440641,37.313820163351835,0.013624136677771024,,/cluster/users/grad/2025/25t8103/project/outputs/t4_operator_ablation_seed10/fe_029_butterfly_2_red_flower/ours_flux_plain/seed_10/result.png,6.797741413116455,fe_029_butterfly_2_red_flower/ours_flux_plain/seed_10,,10,/cluster/users/grad/2025/25t8103/project/_baselines/src/FlowEdit/Data/Images/butterfly.png,0.013203251175582409,A beautiful purple flower with a white and black butterfly perched on top of it. The butterfly is positioned towards the left side of the flower.,27.990688682848454,0.039853417226533905,0.9680074179303423,0.9680074179303423,A beautiful red flower with a white and black butterfly perched on top of it. The butterfly is positioned towards the right side of the flower.,fe_029_butterfly_2_red_flower
0.0,0.0,0.0,0.0,0.0,0.0,0.0,0.0,0.0,0.0,31,0.9996320009231567,0.006261139176785946,0.006139838602393866,0.6139838602393866,0.7459640502929688,37.37446984720039,0.9899992942810059,0.9899992942810059,0.34974023699760437,0.9907037019729614,0.2555250823497772,0.2650749087333679,0.009549826383590698,0.2650749087333679,True,0.25403594970703125,0.9012578129768372,0.009549826383590698,0.1948699951171875,,,F4,T4_local_recolor,1.0321858983453571,0.0,0.1948699951171875,29,0.24786625949416646,0.06331098079681396,0.06331098079681396,18.483845310478067,0.11907147527016453,6.979880332946777,a red flower,0.26476937532424927,0.17949031293392181,0.2711642384529114,0.006394863128662109,0.2711642384529114,"0,128,512,512",0.0357464998960495,0.006644767243415117,/cluster/users/grad/2025/25t8103/project/data/flowedit_compatible_135/eval_masks/fe_029_butterfly_2_red_flower_eval_mask.png,fixed_eval_mask,0.0,0.0,0.0,0.0,ours_flux_texture,ours_flux_texture,,0.006429621949791908,0.006429621949791908,37.19369602283213,0.013813864727607402,,/cluster/users/grad/2025/25t8103/project/outputs/t4_operator_ablation_seed10/fe_029_butterfly_2_red_flower/ours_flux_texture/seed_10/result.png,6.762231826782227,fe_029_butterfly_2_red_flower/ours_flux_texture/seed_10,,10,/cluster/users/grad/2025/25t8103/project/_baselines/src/FlowEdit/Data/Images/butterfly.png,0.017514092847704887,A beautiful purple flower with a white and black butterfly perched on top of it. The butterfly is positioned towards the left side of the flower.,25.351371912565483,0.054004680910814507,0.974038073012773,0.974038073012773,A beautiful red flower with a white and black butterfly perched on top of it. The butterfly is positioned towards the right side of the flower.,fe_029_butterfly_2_red_flower
0.0,0.0,0.0,0.0,0.0,0.0,0.0,0.0,0.0,0.0,31,0.9988383650779724,0.0086678396910429,0.009514229372143745,0.9514229372143745,0.7459640502929688,35.557904775422024,0.982940673828125,0.982940673828125,0.4143461585044861,0.9901851415634155,0.24984991550445557,0.2658802270889282,0.016030311584472656,0.2658802270889282,True,0.25403594970703125,0.8812503218650818,0.016030311584472656,0.1948699951171875,,,F4,T4_local_recolor,0.984369724030518,0.0,0.1948699951171875,29,0.20158953879884112,0.07462765276432037,0.07462765276432037,17.069726522093724,0.14012437028343547,6.372219085693359,a red flower,0.254628986120224,0.1827816218137741,0.27410727739334106,0.019478291273117065,0.27410727739334106,"0,128,512,512",0.045021574944257736,0.010654693469405174,/cluster/users/grad/2025/25t8103/project/data/flowedit_compatible_135/eval_masks/fe_029_butterfly_2_red_flower_eval_mask.png,fixed_eval_mask,0.0,0.0,0.0,0.0,ours_sd3_plain,ours_sd3_plain,,0.008821355178952217,0.008821355178952217,35.406581900308026,0.016969572630523986,,/cluster/users/grad/2025/25t8103/project/outputs/t4_operator_ablation_seed10/fe_029_butterfly_2_red_flower/ours_sd3_plain/seed_10/result.png,6.473400115966797,fe_029_butterfly_2_red_flower/ours_sd3_plain/seed_10,,10,/cluster/users/grad/2025/25t8103/project/_baselines/src/FlowEdit/Data/Images/butterfly.png,0.02164502628147602,A beautiful purple flower with a white and black butterfly perched on top of it. The butterfly is positioned towards the left side of the flower.,23.91678221646803,0.06370314725286466,0.9651620950560157,0.9651620950560157,A beautiful red flower with a white and black butterfly perched on top of it. The butterfly is positioned towards the right side of the flower.,fe_029_butterfly_2_red_flower
0.0,0.0,0.0,0.0,0.0,0.0,0.0,0.0,0.0,0.0,31,0.9986863136291504,0.008784902282059193,0.009655056521296501,0.9655056521296501,0.7459640502929688,35.53047264184349,0.9827842116355896,0.9827842116355896,0.4395216703414917,0.9867285490036011,0.24845091998577118,0.27301937341690063,0.024568453431129456,0.27301937341690063,True,0.25403594970703125,0.8423086404800415,0.024568453431129456,0.1948699951171875,,,F4,T4_local_recolor,0.9647631141331299,0.0,0.1948699951171875,29,0.07618823897893666,0.10259198397397995,0.10259198397397995,15.227327395285965,0.1732341981699225,6.300737380981445,a red flower,0.25210583209991455,0.18912513554096222,0.2837550640106201,0.031649231910705566,0.2837550640106201,"0,128,512,512",0.06694160401821136,0.010987356305122375,/cluster/users/grad/2025/25t8103/project/data/flowedit_compatible_135/eval_masks/fe_029_butterfly_2_red_flower_eval_mask.png,fixed_eval_mask,0.0,0.0,0.0,0.0,ours_sd3_texture,ours_sd3_texture,,0.008976191282272339,0.008976191282272339,35.3168534814602,0.017145783118742593,,/cluster/users/grad/2025/25t8103/project/outputs/t4_operator_ablation_seed10/fe_029_butterfly_2_red_flower/ours_sd3_texture/seed_10/result.png,6.530864715576172,fe_029_butterfly_2_red_flower/ours_sd3_texture/seed_10,,10,/cluster/users/grad/2025/25t8103/project/_baselines/src/FlowEdit/Data/Images/butterfly.png,0.027219096198678017,A beautiful purple flower with a white and black butterfly perched on top of it. The butterfly is positioned towards the left side of the flower.,22.15756633369186,0.07800486387621765,0.9558380389839831,0.9558380389839831,A beautiful red flower with a white and black butterfly perched on top of it. The butterfly is positioned towards the right side of the flower.,fe_029_butterfly_2_red_flower
0.0,0.0,0.0,0.0,0.0,0.0,0.0,0.0,0.0,0.0,31,0.9994441270828247,0.009374438785016537,0.016741732135415077,1.6741732135415077,0.729339599609375,37.99027934318882,0.9521799683570862,0.9521799683570862,0.12185782194137573,0.9679779410362244,0.301935076713562,0.2972715198993683,-0.004663556814193726,0.2972715198993683,True,0.270660400390625,0.7077578902244568,-0.004663556814193726,0.21263885498046875,,,F4,T4_local_recolor,1.0971059466430282,0.0,0.21263885498046875,67,0.00021527752861397152,0.029380830004811287,0.029380830004811287,26.18956457489894,0.0490367604385817,6.235004901885986,a black kitten,0.2775960862636566,0.22957725822925568,0.27615708112716675,-0.0014390051364898682,0.27615708112716675,"101,62,497,512",0.04225929081439972,0.018235251307487488,/cluster/users/grad/2025/25t8103/project/data/flowedit_compatible_135/eval_masks/fe_067_cat_stone_1_black_kitten_eval_mask.png,fixed_eval_mask,0.0,0.0,0.0,0.0,ours_flux_plain,ours_flux_plain,,0.009527157992124557,0.009527157992124557,37.852305003482044,0.012805152348477839,,/cluster/users/grad/2025/25t8103/project/outputs/t4_operator_ablation_seed10/fe_067_cat_stone_1_black_kitten/ours_flux_plain/seed_10/result.png,5.683138370513916,fe_067_cat_stone_1_black_kitten/ours_flux_plain/seed_10,,10,/cluster/users/grad/2025/25t8103/project/_baselines/src/FlowEdit/Data/Images/cat_stone.png,0.013748819939792156,"A small gray kitten sitting on a stone ledge. The ledge is located near a wall, and there is a cement block nearby.",31.93536922504475,0.02530646820006675,0.9308403321542952,0.9308403321542952,"A small black kitten sitting on a stone ledge. The ledge is located near a wall, and there is a cement block nearby.",fe_067_cat_stone_1_black_kitten
0.0,0.0,0.0,0.0,0.0,0.0,0.0,0.0,0.0,0.0,31,0.9995157718658447,0.00944905262440443,0.016632484272122383,1.6632484272122383,0.729339599609375,37.937654391703674,0.9522637724876404,0.9522637724876404,0.06932458281517029,0.9745360612869263,0.2943623661994934,0.28217658400535583,-0.012185782194137573,0.28217658400535583,True,0.270660400390625,0.8605085611343384,-0.012185782194137573,0.21263885498046875,,,F4,T4_local_recolor,1.1174441617237032,0.0,0.21263885498046875,67,0.00034085608697212157,0.020699357613921165,0.020699357613921165,29.873673955709403,0.03208605341951911,6.36687707901001,a black kitten,0.28468525409698486,0.21807046234607697,0.27599605917930603,-0.008689194917678833,0.27599605917930603,"101,62,497,512",0.03155187889933586,0.018121175467967987,/cluster/users/grad/2025/25t8103/project/data/flowedit_compatible_135/eval_masks/fe_067_cat_stone_1_black_kitten_eval_mask.png,fixed_eval_mask,0.0,0.0,0.0,0.0,ours_flux_texture,ours_flux_texture,,0.009600872173905373,0.009600872173905373,37.80212175861591,0.01287934901049425,,/cluster/users/grad/2025/25t8103/project/outputs/t4_operator_ablation_seed10/fe_067_cat_stone_1_black_kitten/ours_flux_texture/seed_10/result.png,5.697713851928711,fe_067_cat_stone_1_black_kitten/ours_flux_texture/seed_10,,10,/cluster/users/grad/2025/25t8103/project/_baselines/src/FlowEdit/Data/Images/cat_stone.png,0.011960840784013271,"A small gray kitten sitting on a stone ledge. The ledge is located near a wall, and there is a cement block nearby.",34.56527380811383,0.018695466637922476,0.941519179525583,0.941519179525583,"A small black kitten sitting on a stone ledge. The ledge is located near a wall, and there is a cement block nearby.",fe_067_cat_stone_1_black_kitten
0.0,0.0,0.0,0.0,0.0,0.0,0.0,0.0,0.0,0.0,31,0.9976606965065002,0.011438892222940922,0.042280908674001694,4.228090867400169,0.729339599609375,36.25307068887629,0.9203285574913025,0.9203285574913025,-0.11409452557563782,0.9671074748039246,0.32751110196113586,0.29226478934288025,-0.035246312618255615,0.29226478934288025,True,0.270660400390625,0.8178541660308838,-0.035246312618255615,0.21263885498046875,,,F4,T4_local_recolor,1.0388280689916571,0.0,0.21263885498046875,67,0.0,0.02179417572915554,0.02179417572915554,29.677921624782954,0.032817380973544565,5.934630393981934,a black kitten,0.29533299803733826,0.19878776371479034,0.2608450651168823,-0.03448793292045593,0.2608450651168823,"101,62,497,512",0.07218023389577866,0.045795924961566925,/cluster/users/grad/2025/25t8103/project/data/flowedit_compatible_135/eval_masks/fe_067_cat_stone_1_black_kitten_eval_mask.png,fixed_eval_mask,0.0,0.0,0.0,0.0,ours_sd3_plain,ours_sd3_plain,,0.01162511482834816,0.01162511482834816,36.10964969716522,0.01565011435026487,,/cluster/users/grad/2025/25t8103/project/outputs/t4_operator_ablation_seed10/fe_067_cat_stone_1_black_kitten/ours_sd3_plain/seed_10/result.png,5.712812900543213,fe_067_cat_stone_1_black_kitten/ours_sd3_plain/seed_10,,10,/cluster/users/grad/2025/25t8103/project/_baselines/src/FlowEdit/Data/Images/cat_stone.png,0.013787451200187206,"A small gray kitten sitting on a stone ledge. The ledge is located near a wall, and there is a cement block nearby.",33.748386695990725,0.020539064805151126,0.9078232365631109,0.9078232365631109,"A small black kitten sitting on a stone ledge. The ledge is located near a wall, and there is a cement block nearby.",fe_067_cat_stone_1_black_kitten
0.0,0.0,0.0,0.0,0.0,0.0,0.0,0.0,0.0,0.0,31,0.9975457191467285,0.011429212987422943,0.04214728996157646,4.214728996157646,0.729339599609375,36.25935932568561,0.9204558730125427,0.9204558730125427,-0.12150894105434418,0.9589420557022095,0.3289112150669098,0.2911674380302429,-0.03774377703666687,0.2911674380302429,True,0.270660400390625,0.5513964295387268,-0.03774377703666687,0.21263885498046875,,,F4,T4_local_recolor,1.1979696198136587,0.0,0.21263885498046875,67,0.0,0.037109557539224625,0.037109557539224625,25.35885820135536,0.05395815482364741,6.883601188659668,a black kitten,0.313578724861145,0.20282000303268433,0.2764393091201782,-0.0371394157409668,0.2764393091201782,"101,62,497,512",0.09152472019195557,0.045759573578834534,/cluster/users/grad/2025/25t8103/project/data/flowedit_compatible_135/eval_masks/fe_067_cat_stone_1_black_kitten_eval_mask.png,fixed_eval_mask,0.0,0.0,0.0,0.0,ours_sd3_texture,ours_sd3_texture,,0.011618979275226593,0.011618979275226593,36.11106341308603,0.015647567343991375,,/cluster/users/grad/2025/25t8103/project/outputs/t4_operator_ablation_seed10/fe_067_cat_stone_1_black_kitten/ours_sd3_texture/seed_10/result.png,5.74605655670166,fe_067_cat_stone_1_black_kitten/ours_sd3_texture/seed_10,,10,/cluster/users/grad/2025/25t8103/project/_baselines/src/FlowEdit/Data/Images/cat_stone.png,0.017039267346262932,"A small gray kitten sitting on a stone ledge. The ledge is located near a wall, and there is a cement block nearby.",30.90509813213358,0.028493453699994453,0.8982769481023947,0.8982769481023947,"A small black kitten sitting on a stone ledge. The ledge is located near a wall, and there is a cement block nearby.",fe_067_cat_stone_1_black_kitten
0.0,0.0,0.0,0.0,0.0,0.0,0.0,0.0,0.0,0.0,31,0.9987447261810303,0.011258038692176342,0.019104424864053726,1.9104424864053726,0.6810722351074219,36.88897035183129,0.8523032069206238,0.8523032069206238,0.3188101053237915,0.94539475440979,0.25301676988601685,0.27217862010002136,0.019161850214004517,0.27217862010002136,True,0.3189277648925781,0.9318027496337891,0.019161850214004517,0.2554130554199219,,,F4,T4_local_recolor,3.0951942534192884,0.0,0.2554130554199219,84,0.0,0.056114617735147476,0.056114617735147476,20.350281150703395,0.09604747285931428,9.453252792358398,a red velvet,0.24762101471424103,0.2750570476055145,0.27222907543182373,0.024608060717582703,0.27222907543182373,"35,18,470,512",0.08582183718681335,0.0206521674990654,/cluster/users/grad/2025/25t8103/project/data/flowedit_compatible_135/eval_masks/fe_084_cupcake_2_red_velvet_eval_mask.png,fixed_eval_mask,0.0,0.0,0.0,0.0,ours_flux_plain,ours_flux_plain,,0.011267618276178837,0.011267618276178837,36.88191537031531,0.014318721149532903,,/cluster/users/grad/2025/25t8103/project/outputs/t4_operator_ablation_seed10/fe_084_cupcake_2_red_velvet/ours_flux_plain/seed_10/result.png,3.054171085357666,fe_084_cupcake_2_red_velvet/ours_flux_plain/seed_10,,10,/cluster/users/grad/2025/25t8103/project/_baselines/src/FlowEdit/Data/Images/cupcake.png,0.022722123190760612,A small chocolate cupcake with light brown whipped cream on top.,26.005210596761778,0.05008866655176754,0.8066458234538532,0.8066458234538532,A small red velvet cupcake with whipped cream on top.,fe_084_cupcake_2_red_velvet
0.0,0.0,0.0,0.0,0.0,0.0,0.0,0.0,0.0,0.0,31,0.9979979991912842,0.011807134374976158,0.019717929884791374,1.9717929884791374,0.6810722351074219,36.51766596776563,0.852645993232727,0.852645993232727,0.32742592692375183,0.9172787666320801,0.22049805521965027,0.25756874680519104,0.03707069158554077,0.25756874680519104,True,0.3189277648925781,0.9480410814285278,0.03707069158554077,0.2554130554199219,,,F4,T4_local_recolor,2.8422710447490673,0.0,0.2554130554199219,84,0.0,0.07631311565637589,0.07631311565637589,17.591525178351702,0.13195435892118781,8.434672355651855,a red velvet,0.21509042382240295,0.2731993794441223,0.2603383958339691,0.04524797201156616,0.2603383958339691,"35,18,470,512",0.0833941176533699,0.021228168159723282,/cluster/users/grad/2025/25t8103/project/data/flowedit_compatible_135/eval_masks/fe_084_cupcake_2_red_velvet_eval_mask.png,fixed_eval_mask,0.0,0.0,0.0,0.0,ours_flux_texture,ours_flux_texture,,0.011800655163824558,0.011800655163824558,36.52225710869517,0.0149240654355312,,/cluster/users/grad/2025/25t8103/project/outputs/t4_operator_ablation_seed10/fe_084_cupcake_2_red_velvet/ours_flux_texture/seed_10/result.png,2.9675819873809814,fe_084_cupcake_2_red_velvet/ours_flux_texture/seed_10,,10,/cluster/users/grad/2025/25t8103/project/_baselines/src/FlowEdit/Data/Images/cupcake.png,0.028277983888983727,A small chocolate cupcake with light brown whipped cream on top.,23.360090079603477,0.06791965887703015,0.821332438163011,0.821332438163011,A small red velvet cupcake with whipped cream on top.,fe_084_cupcake_2_red_velvet
0.0,0.0,0.0,0.0,0.0,0.0,0.0,0.0,0.0,0.0,31,0.9978255033493042,0.013403394259512424,0.03372002765536308,3.3720027655363083,0.6810722351074219,35.44491575719645,0.7967635989189148,0.7967635989189148,0.24805870652198792,0.827181875705719,0.20050708949565887,0.24734339118003845,0.04683630168437958,0.24734339118003845,True,0.3189277648925781,0.8787322044372559,0.04683630168437958,0.2554130554199219,,,F4,T4_local_recolor,2.5920658792719764,0.0,0.2554130554199219,84,0.0,0.10916661471128464,0.10916661471128464,13.738246559954131,0.20563056651294268,8.151792526245117,a red velvet,0.21291032433509827,0.27948665618896484,0.2543703317642212,0.041460007429122925,0.2543703317642212,"35,18,470,512",0.12882934510707855,0.03562546521425247,/cluster/users/grad/2025/25t8103/project/data/flowedit_compatible_135/eval_masks/fe_084_cupcake_2_red_velvet_eval_mask.png,fixed_eval_mask,0.0,0.0,0.0,0.0,ours_sd3_plain,ours_sd3_plain,,0.013405120000243187,0.013405120000243187,35.442803139863514,0.016898954748135308,,/cluster/users/grad/2025/25t8103/project/outputs/t4_operator_ablation_seed10/fe_084_cupcake_2_red_velvet/ours_sd3_plain/seed_10/result.png,3.144901752471924,fe_084_cupcake_2_red_velvet/ours_sd3_plain/seed_10,,10,/cluster/users/grad/2025/25t8103/project/_baselines/src/FlowEdit/Data/Images/cupcake.png,0.0378638431429863,A small chocolate cupcake with light brown whipped cream on top.,19.581139991296663,0.10494046890802897,0.7654590267466804,0.7654590267466804,A small red velvet cupcake with whipped cream on top.,fe_084_cupcake_2_red_velvet
0.0,0.0,0.0,0.0,0.0,0.0,0.0,0.0,0.0,0.0,31,0.9978256225585938,0.013419737108051777,0.033884163945913315,3.3884163945913315,0.6810722351074219,35.43306263239765,0.7965419292449951,0.7965419292449951,0.21073780953884125,0.8227818012237549,0.20455333590507507,0.23878113925457,0.034227803349494934,0.23878113925457,True,0.3189277648925781,0.8931232690811157,0.034227803349494934,0.2554130554199219,,,F4,T4_local_recolor,2.9438641695250207,0.0,0.2554130554199219,84,0.0,0.12627406418323517,0.12627406418323517,13.024042794044462,0.22325328622430574,9.263209342956543,a red velvet,0.20817863941192627,0.2920864224433899,0.2611973285675049,0.05301868915557861,0.2611973285675049,"35,18,470,512",0.14364925026893616,0.035827599465847015,/cluster/users/grad/2025/25t8103/project/data/flowedit_compatible_135/eval_masks/fe_084_cupcake_2_red_velvet_eval_mask.png,fixed_eval_mask,0.0,0.0,0.0,0.0,ours_sd3_texture,ours_sd3_texture,,0.01343290600925684,0.01343290600925684,35.4245134978718,0.016934575908440642,,/cluster/users/grad/2025/25t8103/project/outputs/t4_operator_ablation_seed10/fe_084_cupcake_2_red_velvet/ours_sd3_texture/seed_10/result.png,3.146615743637085,fe_084_cupcake_2_red_velvet/ours_sd3_texture/seed_10,,10,/cluster/users/grad/2025/25t8103/project/_baselines/src/FlowEdit/Data/Images/cupcake.png,0.0422540158033371,A small chocolate cupcake with light brown whipped cream on top.,18.87936906898817,0.11377099244976227,0.7659583735835054,0.7659583735835054,A small red velvet cupcake with whipped cream on top.,fe_084_cupcake_2_red_velvet
0.0,0.0,0.0,0.0,0.0,0.0,0.0,0.0,0.0,0.0,31,0.9997689127922058,0.006134682800620794,0.0037386943586170673,0.37386943586170673,0.5978889465332031,41.87242721070472,0.9859728813171387,0.9859728813171387,0.1778716742992401,0.9317240715026855,0.30350208282470703,0.3270204961299896,0.023518413305282593,0.3270204961299896,True,0.4021110534667969,0.4249099791049957,0.023518413305282593,0.3304710388183594,,,F4,T4_local_recolor,2.1819859748838524,0.0,0.3304710388183594,108,0.059678406113285086,0.08651039749383926,0.08651039749383926,15.85386987050246,0.16117827612165717,10.473722457885742,a colorful duck,0.30677303671836853,0.27701783180236816,0.3288154900074005,0.022042453289031982,0.3288154900074005,"0,0,512,491",0.11478909105062485,0.0042494069784879684,/cluster/users/grad/2025/25t8103/project/data/flowedit_compatible_135/eval_masks/fe_108_duck_1_colorful_duck_eval_mask.png,fixed_eval_mask,0.0,0.0,0.0,0.0,ours_flux_plain,ours_flux_plain,,0.006200840696692467,0.006200840696692467,41.68520430472852,0.008236444659581265,,/cluster/users/grad/2025/25t8103/project/outputs/t4_operator_ablation_seed10/fe_108_duck_1_colorful_duck/ours_flux_plain/seed_10/result.png,4.800086975097656,fe_108_duck_1_colorful_duck/ours_flux_plain/seed_10,,10,/cluster/users/grad/2025/25t8103/project/_baselines/src/FlowEdit/Data/Images/duck.png,0.032740820199251175,"A brown duck swimming in a lake. The duck is floating on the surface of the water, surrounded by a few ripples. The duck is preening its feathers. The scene is set against a black background, which emphasizes the duck''s presence in the water.",20.63961972245047,0.09290070588134476,0.8886160269834257,0.8886160269834257,"A colorful duck swimming in a lake. The duck is floating on the surface of the water, surrounded by a few ripples. The scene is set against a black background, which emphasizes the duck''s presence in the water.",fe_108_duck_1_colorful_duck
0.0,0.0,0.0,0.0,0.0,0.0,0.0,0.0,0.0,0.0,31,0.9996576905250549,0.005697320215404034,0.00420350581407547,0.420350581407547,0.5978889465332031,42.41679943622316,0.9861395359039307,0.9861395359039307,0.07865121215581894,0.945361852645874,0.31024089455604553,0.3174314498901367,0.0071905553340911865,0.3174314498901367,True,0.4021110534667969,0.5728139877319336,0.0071905553340911865,0.3304710388183594,,,F4,T4_local_recolor,1.9431117238263809,0.0,0.3304710388183594,108,0.018561484918793503,0.05036364123225212,0.05036364123225212,20.3999263020534,0.09550006889670318,9.516777038574219,a colorful duck,0.307537317276001,0.24327370524406433,0.3134769797325134,0.005939662456512451,0.3134769797325134,"0,0,512,491",0.08130168914794922,0.00472159031778574,/cluster/users/grad/2025/25t8103/project/data/flowedit_compatible_135/eval_masks/fe_108_duck_1_colorful_duck_eval_mask.png,fixed_eval_mask,0.0,0.0,0.0,0.0,ours_flux_texture,ours_flux_texture,,0.005776240024715662,0.005776240024715662,42.208015928158524,0.00775531073590716,,/cluster/users/grad/2025/25t8103/project/outputs/t4_operator_ablation_seed10/fe_108_duck_1_colorful_duck/ours_flux_texture/seed_10/result.png,4.897699356079102,fe_108_duck_1_colorful_duck/ours_flux_texture/seed_10,,10,/cluster/users/grad/2025/25t8103/project/_baselines/src/FlowEdit/Data/Images/duck.png,0.0205110851675272,"A brown duck swimming in a lake. The duck is floating on the surface of the water, surrounded by a few ripples. The duck is preening its feathers. The scene is set against a black background, which emphasizes the duck''s presence in the water.",25.15095181193046,0.055265284415482535,0.9262699603150972,0.9262699603150972,"A colorful duck swimming in a lake. The duck is floating on the surface of the water, surrounded by a few ripples. The scene is set against a black background, which emphasizes the duck''s presence in the water.",fe_108_duck_1_colorful_duck
0.0,0.0,0.0,0.0,0.0,0.0,0.0,0.0,0.0,0.0,31,0.9979926943778992,0.006050796713680029,0.008384947665035725,0.8384947665035725,0.5978889465332031,41.5527167955437,0.9788767099380493,0.9788767099380493,0.07237018644809723,0.9483139514923096,0.31272512674331665,0.3189401924610138,0.0062150657176971436,0.3189401924610138,True,0.4021110534667969,0.8621037006378174,0.0062150657176971436,0.3304710388183594,,,F4,T4_local_recolor,1.6953126516212123,0.0,0.3304710388183594,108,0.0002308642402835013,0.04145124927163124,0.04145124927163124,22.32427812146645,0.07652196151532842,8.205710411071777,a colorful duck,0.3060635030269623,0.22260324656963348,0.3111381232738495,0.005074620246887207,0.3111381232738495,"0,0,512,491",0.06263129413127899,0.009570818394422531,/cluster/users/grad/2025/25t8103/project/data/flowedit_compatible_135/eval_masks/fe_108_duck_1_colorful_duck_eval_mask.png,fixed_eval_mask,0.0,0.0,0.0,0.0,ours_sd3_plain,ours_sd3_plain,,0.006201234646141529,0.006201234646141529,41.26030761697348,0.008649372858626832,,/cluster/users/grad/2025/25t8103/project/outputs/t4_operator_ablation_seed10/fe_108_duck_1_colorful_duck/ours_sd3_plain/seed_10/result.png,4.840234279632568,fe_108_duck_1_colorful_duck/ours_sd3_plain/seed_10,,10,/cluster/users/grad/2025/25t8103/project/_baselines/src/FlowEdit/Data/Images/duck.png,0.017850343137979507,"A brown duck swimming in a lake. The duck is floating on the surface of the water, surrounded by a few ripples. The duck is preening its feathers. The scene is set against a black background, which emphasizes the duck''s presence in the water.",27.021961448306154,0.04455556216293597,0.9287146836651394,0.9287146836651394,"A colorful duck swimming in a lake. The duck is floating on the surface of the water, surrounded by a few ripples. The scene is set against a black background, which emphasizes the duck''s presence in the water.",fe_108_duck_1_colorful_duck
0.0,0.0,0.0,0.0,0.0,0.0,0.0,0.0,0.0,0.0,31,0.9979521036148071,0.006108527537435293,0.008374307304620743,0.8374307304620743,0.5978889465332031,41.492969793701334,0.9789041876792908,0.9789041876792908,0.10638228803873062,0.96605384349823,0.30979880690574646,0.31766021251678467,0.007861405611038208,0.31766021251678467,True,0.4021110534667969,0.7675386071205139,0.007861405611038208,0.3304710388183594,,,F4,T4_local_recolor,1.9757187399221317,0.0,0.3304710388183594,108,0.0009119137491198301,0.06117747351527214,0.06117747351527214,19.380708054705718,0.10739018666441437,9.573108673095703,a colorful duck,0.3005811274051666,0.240629181265831,0.3115268349647522,0.010945707559585571,0.3115268349647522,"0,0,512,491",0.08503895998001099,0.009545215405523777,/cluster/users/grad/2025/25t8103/project/data/flowedit_compatible_135/eval_masks/fe_108_duck_1_colorful_duck_eval_mask.png,fixed_eval_mask,0.0,0.0,0.0,0.0,ours_sd3_texture,ours_sd3_texture,,0.006271297112107277,0.006271297112107277,41.17822699968353,0.008731495811627611,,/cluster/users/grad/2025/25t8103/project/outputs/t4_operator_ablation_seed10/fe_108_duck_1_colorful_duck/ours_sd3_texture/seed_10/result.png,4.8453803062438965,fe_108_duck_1_colorful_duck/ours_sd3_texture/seed_10,,10,/cluster/users/grad/2025/25t8103/project/_baselines/src/FlowEdit/Data/Images/duck.png,0.02441619522869587,"A brown duck swimming in a lake. The duck is floating on the surface of the water, surrounded by a few ripples. The duck is preening its feathers. The scene is set against a black background, which emphasizes the duck''s presence in the water.",24.131594725596305,0.06214701356281569,0.9110788975774896,0.9110788975774896,"A colorful duck swimming in a lake. The duck is floating on the surface of the water, surrounded by a few ripples. The scene is set against a black background, which emphasizes the duck''s presence in the water.",fe_108_duck_1_colorful_duck
0.0,0.0,0.0,0.0,0.0,0.0,0.0,0.0,0.0,0.0,31,0.9979361295700073,0.012112226337194443,0.010546820238232613,1.0546820238232613,0.4814910888671875,32.23698004814373,0.9294532537460327,0.9294532537460327,0.2960018515586853,0.9752601981163025,0.22203321754932404,0.24097603559494019,0.01894281804561615,0.24097603559494019,True,0.5185089111328125,0.6638928651809692,0.01894281804561615,0.45276641845703125,,,F4,T4_local_recolor,7.486611640485979,0.0,0.45276641845703125,114,0.015123430786081388,0.056832004338502884,0.056832004338502884,18.640202704595545,0.11694720984632362,10.244939804077148,a orange yellow white object,0.22237077355384827,0.1539495885372162,0.2349553257226944,0.01258455216884613,0.2349553257226944,"0,0,512,456",0.11283800005912781,0.010778157971799374,/cluster/users/grad/2025/25t8103/project/data/flowedit_compatible_135/eval_masks/fe_114_flowers_1_orange_yellow_white_eval_mask.png,fixed_eval_mask,0.0,0.0,0.0,0.0,ours_flux_plain,ours_flux_plain,,0.011194906197488308,0.011194906197488308,32.7562124488619,0.023024455982226234,,/cluster/users/grad/2025/25t8103/project/outputs/t4_operator_ablation_seed10/fe_114_flowers_1_orange_yellow_white/ours_flux_plain/seed_10/result.png,1.3684347867965698,fe_114_flowers_1_orange_yellow_white/ours_flux_plain/seed_10,,10,/cluster/users/grad/2025/25t8103/project/_baselines/src/FlowEdit/Data/Images/flowers.png,0.031857844442129135,"A vase filled with a beautiful bouquet of pink, red and white flowers.",21.882623334509283,0.08051352354798118,0.880977713164254,0.880977713164254,"A vase filled with a beautiful bouquet of orange, yellow and white flowers.",fe_114_flowers_1_orange_yellow_white
0.0,0.0,0.0,0.0,0.0,0.0,0.0,0.0,0.0,0.0,31,0.994604229927063,0.013016271404922009,0.010328576900064945,1.0328576900064945,0.4814910888671875,32.23835751871163,0.9292414784431458,0.9292414784431458,0.39963915944099426,0.9780805706977844,0.2174948751926422,0.24943429231643677,0.031939417123794556,0.24943429231643677,True,0.5185089111328125,0.8723969459533691,0.031939417123794556,0.45276641845703125,,,F4,T4_local_recolor,6.619169036816621,0.0,0.45276641845703125,114,0.009840761647990564,0.06819353252649307,0.06819353252649307,17.810752101229564,0.1286655838151605,9.005441665649414,a orange yellow white object,0.22246472537517548,0.16788038611412048,0.24868445098400116,0.026219725608825684,0.24868445098400116,"0,0,512,456",0.09652581065893173,0.010555042885243893,/cluster/users/grad/2025/25t8103/project/data/flowedit_compatible_135/eval_masks/fe_114_flowers_1_orange_yellow_white_eval_mask.png,fixed_eval_mask,0.0,0.0,0.0,0.0,ours_flux_texture,ours_flux_texture,,0.012143448926508427,0.012143448926508427,32.74319668326886,0.02305898388689762,,/cluster/users/grad/2025/25t8103/project/outputs/t4_operator_ablation_seed10/fe_114_flowers_1_orange_yellow_white/ours_flux_texture/seed_10/result.png,1.3605093955993652,fe_114_flowers_1_orange_yellow_white/ours_flux_texture/seed_10,,10,/cluster/users/grad/2025/25t8103/project/_baselines/src/FlowEdit/Data/Images/flowers.png,0.037521038204431534,"A vase filled with a beautiful bouquet of pink, red and white flowers.",21.08660891752676,0.08824082383651073,0.9251489689239639,0.9251489689239639,"A vase filled with a beautiful bouquet of orange, yellow and white flowers.",fe_114_flowers_1_orange_yellow_white
0.0,0.0,0.0,0.0,0.0,0.0,0.0,0.0,0.0,0.0,31,0.9944087266921997,0.014911655336618423,0.02092461846768856,2.092461846768856,0.4814910888671875,30.230113316487174,0.8796420693397522,0.8796420693397522,0.3474358320236206,0.981437087059021,0.2275775671005249,0.24753695726394653,0.01995939016342163,0.24753695726394653,True,0.5185089111328125,0.8584722280502319,0.01995939016342163,0.45276641845703125,,,F4,T4_local_recolor,6.826616776176877,0.0,0.45276641845703125,114,0.0076164799056365326,0.06422942876815796,0.06422942876815796,18.33031413204729,0.12119488568963299,8.903115272521973,a orange yellow white object,0.22100088000297546,0.16071906685829163,0.23491120338439941,0.01391032338142395,0.23491120338439941,"0,0,512,456",0.10029011964797974,0.02117062918841839,/cluster/users/grad/2025/25t8103/project/data/flowedit_compatible_135/eval_masks/fe_114_flowers_1_orange_yellow_white_eval_mask.png,fixed_eval_mask,0.0,0.0,0.0,0.0,ours_sd3_plain,ours_sd3_plain,,0.013691655360162258,0.013691655360162258,30.759186931380942,0.028976148148881047,,/cluster/users/grad/2025/25t8103/project/outputs/t4_operator_ablation_seed10/fe_114_flowers_1_orange_yellow_white/ours_sd3_plain/seed_10/result.png,1.3041768074035645,fe_114_flowers_1_orange_yellow_white/ours_sd3_plain/seed_10,,10,/cluster/users/grad/2025/25t8103/project/_baselines/src/FlowEdit/Data/Images/flowers.png,0.03657345846295357,"A vase filled with a beautiful bouquet of pink, red and white flowers.",21.481431631697948,0.08431957685152679,0.9010883904545764,0.9010883904545764,"A vase filled with a beautiful bouquet of orange, yellow and white flowers.",fe_114_flowers_1_orange_yellow_white
0.0,0.0,0.0,0.0,0.0,0.0,0.0,0.0,0.0,0.0,31,0.9961486458778381,0.014567106030881405,0.020823821425437927,2.0823821425437927,0.4814910888671875,30.22682908521679,0.8795925378799438,0.8795925378799438,0.30512678623199463,0.97353595495224,0.22318066656589508,0.24549444019794464,0.02231377363204956,0.24549444019794464,True,0.5185089111328125,0.8000931739807129,0.02231377363204956,0.45276641845703125,,,F4,T4_local_recolor,7.804101288863887,0.0,0.45276641845703125,114,0.0051478641840087625,0.07819800078868866,0.07819800078868866,17.09196119763209,0.13976613000402163,10.125838279724121,a orange yellow white object,0.21925990283489227,0.15684640407562256,0.23497048020362854,0.015710577368736267,0.23497048020362854,"0,0,512,456",0.12301883846521378,0.021096471697092056,/cluster/users/grad/2025/25t8103/project/data/flowedit_compatible_135/eval_masks/fe_114_flowers_1_orange_yellow_white_eval_mask.png,fixed_eval_mask,0.0,0.0,0.0,0.0,ours_sd3_texture,ours_sd3_texture,,0.013322974555194378,0.013322974555194378,30.759526864978405,0.028975014151795184,,/cluster/users/grad/2025/25t8103/project/outputs/t4_operator_ablation_seed10/fe_114_flowers_1_orange_yellow_white/ours_sd3_texture/seed_10/result.png,1.2975021600723267,fe_114_flowers_1_orange_yellow_white/ours_sd3_texture/seed_10,,10,/cluster/users/grad/2025/25t8103/project/_baselines/src/FlowEdit/Data/Images/flowers.png,0.042696211487054825,"A vase filled with a beautiful bouquet of pink, red and white flowers.",20.313290780294622,0.0964573799237919,0.8889040565604202,0.8889040565604202,"A vase filled with a beautiful bouquet of orange, yellow and white flowers.",fe_114_flowers_1_orange_yellow_white
0.0,0.0,0.0,0.0,0.0,0.0,0.0,0.0,0.0,0.0,31,0.9987754821777344,0.011741984635591507,0.010299944318830967,1.0299944318830967,0.4814910888671875,32.283116570541175,0.929752767086029,0.929752767086029,0.36518895626068115,0.9866286516189575,0.2321629673242569,0.2487868219614029,0.016623854637145996,0.2487868219614029,True,0.5185089111328125,0.8232378959655762,0.016623854637145996,0.45276641845703125,,,F4,T4_local_recolor,7.090653949960834,0.0,0.45276641845703125,115,0.11223354958294718,0.05514008179306984,0.05514008179306984,19.596134751205067,0.10475946273146863,9.696733474731445,a blue purple white object,0.22933778166770935,0.1588367223739624,0.23960250616073608,0.010264724493026733,0.23960250616073608,"0,0,512,456",0.0693981796503067,0.010517453774809837,/cluster/users/grad/2025/25t8103/project/data/flowedit_compatible_135/eval_masks/fe_115_flowers_2_blue_purple_white_eval_mask.png,fixed_eval_mask,0.0,0.0,0.0,0.0,ours_flux_plain,ours_flux_plain,,0.010807081125676632,0.010807081125676632,32.807385478951474,0.02288920590978597,,/cluster/users/grad/2025/25t8103/project/outputs/t4_operator_ablation_seed10/fe_115_flowers_2_blue_purple_white/ours_flux_plain/seed_10/result.png,1.367537260055542,fe_115_flowers_2_blue_purple_white/ours_flux_plain/seed_10,,10,/cluster/users/grad/2025/25t8103/project/_baselines/src/FlowEdit/Data/Images/flowers.png,0.03087957762181759,"A vase filled with a beautiful bouquet of pink, red and white flowers.",22.793768518082345,0.07249558756509922,0.9066453243777169,0.9066453243777169,"A vase filled with a beautiful bouquet of blue, purple and white flowers.",fe_115_flowers_2_blue_purple_white
0.0,0.0,0.0,0.0,0.0,0.0,0.0,0.0,0.0,0.0,31,0.9911976456642151,0.014233390800654888,0.011144297197461128,1.1144297197461128,0.4814910888671875,32.15249413238751,0.9291924834251404,0.9291924834251404,0.4147104322910309,0.966781735420227,0.2167634665966034,0.26746565103530884,0.050702184438705444,0.26746565103530884,True,0.5185089111328125,0.6678282022476196,0.050702184438705444,0.45276641845703125,,,F4,T4_local_recolor,5.856369422920684,0.0,0.45276641845703125,115,0.42980032016176595,0.09341779351234436,0.09341779351234436,15.664793322045085,0.1647253101401681,7.951108932495117,a blue purple white object,0.21191389858722687,0.19137302041053772,0.26937180757522583,0.05745790898799896,0.26937180757522583,"0,0,512,456",0.08669368177652359,0.011241760104894638,/cluster/users/grad/2025/25t8103/project/data/flowedit_compatible_135/eval_masks/fe_115_flowers_2_blue_purple_white_eval_mask.png,fixed_eval_mask,0.0,0.0,0.0,0.0,ours_flux_texture,ours_flux_texture,,0.013414544053375721,0.013414544053375721,32.63306171811097,0.0233532277143169,,/cluster/users/grad/2025/25t8103/project/outputs/t4_operator_ablation_seed10/fe_115_flowers_2_blue_purple_white/ours_flux_texture/seed_10/result.png,1.3576856851577759,fe_115_flowers_2_blue_purple_white/ours_flux_texture/seed_10,,10,/cluster/users/grad/2025/25t8103/project/_baselines/src/FlowEdit/Data/Images/flowers.png,0.0496373176574707,"A vase filled with a beautiful bouquet of pink, red and white flowers.",19.001811654578372,0.1121784454333794,0.9103578754198998,0.9103578754198998,"A vase filled with a beautiful bouquet of blue, purple and white flowers.",fe_115_flowers_2_blue_purple_white
0.0,0.0,0.0,0.0,0.0,0.0,0.0,0.0,0.0,0.0,31,0.9931339621543884,0.015530658885836601,0.021611839532852173,2.1611839532852173,0.4814910888671875,30.17604453335926,0.8792676329612732,0.8792676329612732,0.3793238401412964,0.9676084518432617,0.22004853188991547,0.26369741559028625,0.04364888370037079,0.26369741559028625,True,0.5185089111328125,0.8635427951812744,0.04364888370037079,0.45276641845703125,,,F4,T4_local_recolor,6.634445390351195,0.0,0.45276641845703125,115,0.3066812705366922,0.06266581267118454,0.06266581267118454,18.320925925237553,0.12132595087941753,8.629643440246582,a blue purple white object,0.22329893708229065,0.17631927132606506,0.25624513626098633,0.03294619917869568,0.25624513626098633,"0,0,512,456",0.09248542785644531,0.02185247652232647,/cluster/users/grad/2025/25t8103/project/data/flowedit_compatible_135/eval_masks/fe_115_flowers_2_blue_purple_white_eval_mask.png,fixed_eval_mask,0.0,0.0,0.0,0.0,ours_sd3_plain,ours_sd3_plain,,0.014340595342218876,0.014340595342218876,30.699126343458953,0.029177204735648166,,/cluster/users/grad/2025/25t8103/project/outputs/t4_operator_ablation_seed10/fe_115_flowers_2_blue_purple_white/ours_sd3_plain/seed_10/result.png,1.300733208656311,fe_115_flowers_2_blue_purple_white/ours_sd3_plain/seed_10,,10,/cluster/users/grad/2025/25t8103/project/_baselines/src/FlowEdit/Data/Images/flowers.png,0.03622062876820564,"A vase filled with a beautiful bouquet of pink, red and white flowers.",21.468751418854566,0.08444276181491875,0.896918630092825,0.896918630092825,"A vase filled with a beautiful bouquet of blue, purple and white flowers.",fe_115_flowers_2_blue_purple_white
0.0,0.0,0.0,0.0,0.0,0.0,0.0,0.0,0.0,0.0,31,0.993645966053009,0.015173712745308876,0.02159738726913929,2.159738726913929,0.4814910888671875,30.166299680757707,0.8791629672050476,0.8791629672050476,0.4466666579246521,0.9644503593444824,0.20852556824684143,0.2682221531867981,0.059696584939956665,0.2682221531867981,True,0.5185089111328125,0.8349453210830688,0.059696584939956665,0.45276641845703125,,,F4,T4_local_recolor,7.568741456723092,0.0,0.45276641845703125,115,0.3926278540736372,0.07526808977127075,0.07526808977127075,17.125018813437233,0.13923520523977884,9.876611709594727,a blue purple white object,0.20750170946121216,0.18266549706459045,0.26161643862724304,0.054114729166030884,0.26161643862724304,"0,0,512,456",0.12720030546188354,0.02185528166592121,/cluster/users/grad/2025/25t8103/project/data/flowedit_compatible_135/eval_masks/fe_115_flowers_2_blue_purple_white_eval_mask.png,fixed_eval_mask,0.0,0.0,0.0,0.0,ours_sd3_texture,ours_sd3_texture,,0.013966592960059643,0.013966592960059643,30.693022461098618,0.029197715797146185,,/cluster/users/grad/2025/25t8103/project/outputs/t4_operator_ablation_seed10/fe_115_flowers_2_blue_purple_white/ours_sd3_texture/seed_10/result.png,1.304921269416809,fe_115_flowers_2_blue_purple_white/ours_sd3_texture/seed_10,,10,/cluster/users/grad/2025/25t8103/project/_baselines/src/FlowEdit/Data/Images/flowers.png,0.04172184690833092,"A vase filled with a beautiful bouquet of pink, red and white flowers.",20.34137587606437,0.09614599676142421,0.8816580906157911,0.8816580906157911,"A vase filled with a beautiful bouquet of blue, purple and white flowers.",fe_115_flowers_2_blue_purple_white
0.0,0.0,0.0,0.0,0.0,0.0,0.0,0.0,0.0,0.0,31,0.9999496936798096,0.008194872178137302,0.003026301274076104,0.3026301274076104,0.2613525390625,35.91906946990148,0.9706550240516663,0.9706550240516663,0.2296307384967804,0.9679262042045593,0.24197933077812195,0.23462648689746857,-0.007352843880653381,0.23462648689746857,True,0.7386474609375,0.7262964248657227,-0.007352843880653381,0.6410293579101562,,,F4,T4_local_recolor,1.7177661684745968,0.0,0.6410293579101562,128,0.10519989050356458,0.02804107591509819,0.02804107591509819,23.545359463391733,0.06648627886416356,7.411100387573242,a red bird,0.24197933077812195,0.20438629388809204,0.23462648689746857,-0.007352843880653381,0.23462648689746857,"0,0,512,512",0.055895425379276276,0.004528273828327656,/cluster/users/grad/2025/25t8103/project/data/flowedit_compatible_135/eval_masks/fe_128_gray_bird_2_red_bird_eval_mask.png,fixed_eval_mask,0.0,0.0,0.0,0.0,ours_flux_plain,ours_flux_plain,,0.008276709355413914,0.008276709355413914,35.787349824061465,0.01624173831083472,,/cluster/users/grad/2025/25t8103/project/outputs/t4_operator_ablation_seed10/fe_128_gray_bird_2_red_bird/ours_flux_plain/seed_10/result.png,4.314382553100586,fe_128_gray_bird_2_red_bird/ours_flux_plain/seed_10,,10,/cluster/users/grad/2025/25t8103/project/_baselines/src/FlowEdit/Data/Images/gray_bird.png,0.020946243777871132,A small blue and gray bird perched on a wooden fence or post. The bird is positioned towards the left side of the image,25.333820751834764,0.05411391590596854,0.9222910441862973,0.9222910441862973,A small red and gray bird perched on a wooden fence or post. The bird is positioned towards the left side of the image,fe_128_gray_bird_2_red_bird
0.0,0.0,0.0,0.0,0.0,0.0,0.0,0.0,0.0,0.0,31,0.9999241828918457,0.009758397936820984,0.0037950710393488407,0.37950710393488407,0.2613525390625,35.462042732116984,0.9698429703712463,0.9698429703712463,0.22028741240501404,0.92803955078125,0.24198955297470093,0.24882608652114868,0.006836533546447754,0.24882608652114868,True,0.7386474609375,0.7668458819389343,0.006836533546447754,0.6410293579101562,,,F4,T4_local_recolor,1.5724981508140035,0.0,0.6410293579101562,128,0.0564204187048476,0.05176198109984398,0.05176198109984398,19.585224974539386,0.10489112689629658,6.633808612823486,a red bird,0.24198955297470093,0.2276839315891266,0.24882608652114868,0.006836533546447754,0.24882608652114868,"0,0,512,512",0.10478999465703964,0.005319787189364433,/cluster/users/grad/2025/25t8103/project/data/flowedit_compatible_135/eval_masks/fe_128_gray_bird_2_red_bird_eval_mask.png,fixed_eval_mask,0.0,0.0,0.0,0.0,ours_flux_texture,ours_flux_texture,,0.009760485030710697,0.009760485030710697,35.35409822576434,0.017072420093792003,,/cluster/users/grad/2025/25t8103/project/outputs/t4_operator_ablation_seed10/fe_128_gray_bird_2_red_bird/ours_flux_texture/seed_10/result.png,4.2186431884765625,fe_128_gray_bird_2_red_bird/ours_flux_texture/seed_10,,10,/cluster/users/grad/2025/25t8103/project/_baselines/src/FlowEdit/Data/Images/gray_bird.png,0.03668469190597534,A small blue and gray bird perched on a wooden fence or post. The bird is positioned towards the left side of the image,21.45249216700335,0.08460097957251385,0.9270723782240387,0.9270723782240387,A small red and gray bird perched on a wooden fence or post. The bird is positioned towards the left side of the image,fe_128_gray_bird_2_red_bird
0.0,0.0,0.0,0.0,0.0,0.0,0.0,0.0,0.0,0.0,31,0.9998659491539001,0.01042691245675087,0.005996893160045147,0.5996893160045147,0.2613525390625,33.86055242489002,0.9535545706748962,0.9535545706748962,0.26338714361190796,0.9449266195297241,0.22419624030590057,0.23315410315990448,0.008957862854003906,0.23315410315990448,True,0.7386474609375,0.7701900005340576,0.008957862854003906,0.6410293579101562,,,F4,T4_local_recolor,1.7029678610437053,0.0,0.6410293579101562,128,0.06669166041822877,0.03599347546696663,0.03599347546696663,22.61839184585915,0.07397422223886845,7.076282501220703,a red bird,0.22419624030590057,0.2062944769859314,0.23315410315990448,0.008957862854003906,0.23315410315990448,"0,0,512,512",0.09917845577001572,0.009012162685394287,/cluster/users/grad/2025/25t8103/project/data/flowedit_compatible_135/eval_masks/fe_128_gray_bird_2_red_bird_eval_mask.png,fixed_eval_mask,0.0,0.0,0.0,0.0,ours_sd3_plain,ours_sd3_plain,,0.01053230743855238,0.01053230743855238,33.706612463222584,0.020638084051138667,,/cluster/users/grad/2025/25t8103/project/outputs/t4_operator_ablation_seed10/fe_128_gray_bird_2_red_bird/ours_sd3_plain/seed_10/result.png,4.155264854431152,fe_128_gray_bird_2_red_bird/ours_sd3_plain/seed_10,,10,/cluster/users/grad/2025/25t8103/project/_baselines/src/FlowEdit/Data/Images/gray_bird.png,0.026853660121560097,A small blue and gray bird perched on a wooden fence or post. The bird is positioned towards the left side of the image,24.364325124084466,0.060503952132252035,0.8945749730707065,0.8945749730707065,A small red and gray bird perched on a wooden fence or post. The bird is positioned towards the left side of the image,fe_128_gray_bird_2_red_bird
0.0,0.0,0.0,0.0,0.0,0.0,0.0,0.0,0.0,0.0,31,0.999871015548706,0.010240675881505013,0.0060457815416157246,0.6045781541615725,0.2613525390625,33.89251562201508,0.9534732699394226,0.9534732699394226,0.20567095279693604,0.8730840086936951,0.24139177799224854,0.2592838406562805,0.017892062664031982,0.2592838406562805,True,0.7386474609375,0.512910008430481,0.017892062664031982,0.6410293579101562,,,F4,T4_local_recolor,1.7589417968928285,0.0,0.6410293579101562,128,0.075754870806108,0.06791236251592636,0.06791236251592636,18.137422429050428,0.12391642587037517,7.277183532714844,a red bird,0.24139177799224854,0.2126735895872116,0.2592838406562805,0.017892062664031982,0.2592838406562805,"0,0,512,512",0.22902792692184448,0.00915481522679329,/cluster/users/grad/2025/25t8103/project/data/flowedit_compatible_135/eval_masks/fe_128_gray_bird_2_red_bird_eval_mask.png,fixed_eval_mask,0.0,0.0,0.0,0.0,ours_sd3_texture,ours_sd3_texture,,0.010369806550443172,0.010369806550443172,33.723133841780616,0.020598865785548592,,/cluster/users/grad/2025/25t8103/project/outputs/t4_operator_ablation_seed10/fe_128_gray_bird_2_red_bird/ours_sd3_texture/seed_10/result.png,4.137250900268555,fe_128_gray_bird_2_red_bird/ours_sd3_texture/seed_10,,10,/cluster/users/grad/2025/25t8103/project/_baselines/src/FlowEdit/Data/Images/gray_bird.png,0.04725627228617668,A small blue and gray bird perched on a wooden fence or post. The bird is positioned towards the left side of the image,20.001953713658047,0.09997750956975156,0.8068387198930101,0.8068387198930101,A small red and gray bird perched on a wooden fence or post. The bird is positioned towards the left side of the image,fe_128_gray_bird_2_red_bird
0.0,0.0,0.0,0.0,0.0,0.0,0.0,0.0,0.0,0.0,31,0.9999313354492188,0.019308043643832207,0.007825488224625587,0.7825488224625587,0.2257080078125,29.125611414601575,0.9058489203453064,0.9058489203453064,0.026692749932408333,0.9841898083686829,0.29833823442459106,0.2628360688686371,-0.03550216555595398,0.2628360688686371,True,0.7742919921875,0.9082053899765015,-0.03550216555595398,0.695404052734375,,,F4,T4_local_recolor,0.6344433903672929,0.0,0.695404052734375,140,0.161325536490104,0.039600107818841934,0.039600107818841934,22.616435057916494,0.07399088929066254,7.904775619506836,a brown horse,0.29833823442459106,0.217952698469162,0.2628360688686371,-0.03550216555595398,0.2628360688686371,"0,0,512,512",0.0712805911898613,0.011599386110901833,/cluster/users/grad/2025/25t8103/project/data/flowedit_compatible_135/eval_masks/fe_140_horse_4_brown_horse_eval_mask.png,fixed_eval_mask,0.0,0.0,0.0,0.0,ours_flux_plain,ours_flux_plain,,0.021740030497312546,0.021740030497312546,27.753484202128682,0.040956778545991675,,/cluster/users/grad/2025/25t8103/project/outputs/t4_operator_ablation_seed10/fe_140_horse_4_brown_horse/ours_flux_plain/seed_10/result.png,12.459386825561523,fe_140_horse_4_brown_horse/ours_flux_plain/seed_10,,10,/cluster/users/grad/2025/25t8103/project/_baselines/src/FlowEdit/Data/Images/horse.png,0.03415999934077263,"A white horse running through a grassy field. The horse appears to be galloping, creating a sense of motion and energy in the image. The field is surrounded by a forest, with trees visible in the background. The overall atmosphere of the scene is lively and dynamic, capturing the horse''s freedom and grace as it moves through the natural environment.",23.64713071552622,0.06571181521057994,0.9021371218435201,0.9021371218435201,"A brown horse running through a grassy field. The horse appears to be galloping, creating a sense of motion and energy in the image. The field is surrounded by a forest, with trees visible in the background. The overall atmosphere of the scene is lively and dynamic, capturing the horse''s freedom and grace as it moves through the natural environment.",fe_140_horse_4_brown_horse
0.0,0.0,0.0,0.0,0.0,0.0,0.0,0.0,0.0,0.0,31,0.9999313354492188,0.019308043643832207,0.007825488224625587,0.7825488224625587,0.2257080078125,29.125611414601575,0.9058489203453064,0.9058489203453064,0.026692749932408333,0.9841898083686829,0.29833823442459106,0.2628360688686371,-0.03550216555595398,0.2628360688686371,True,0.7742919921875,0.9082053899765015,-0.03550216555595398,0.695404052734375,,,F4,T4_local_recolor,0.6344433903672929,0.0,0.695404052734375,140,0.161325536490104,0.039600107818841934,0.039600107818841934,22.616435057916494,0.07399088929066254,7.904775619506836,a brown horse,0.29833823442459106,0.217952698469162,0.2628360688686371,-0.03550216555595398,0.2628360688686371,"0,0,512,512",0.0712805911898613,0.011599386110901833,/cluster/users/grad/2025/25t8103/project/data/flowedit_compatible_135/eval_masks/fe_140_horse_4_brown_horse_eval_mask.png,fixed_eval_mask,0.0,0.0,0.0,0.0,ours_flux_texture,ours_flux_texture,,0.021740030497312546,0.021740030497312546,27.753484202128682,0.040956778545991675,,/cluster/users/grad/2025/25t8103/project/outputs/t4_operator_ablation_seed10/fe_140_horse_4_brown_horse/ours_flux_texture/seed_10/result.png,12.459386825561523,fe_140_horse_4_brown_horse/ours_flux_texture/seed_10,,10,/cluster/users/grad/2025/25t8103/project/_baselines/src/FlowEdit/Data/Images/horse.png,0.03415999934077263,"A white horse running through a grassy field. The horse appears to be galloping, creating a sense of motion and energy in the image. The field is surrounded by a forest, with trees visible in the background. The overall atmosphere of the scene is lively and dynamic, capturing the horse''s freedom and grace as it moves through the natural environment.",23.64713071552622,0.06571181521057994,0.9021371218435201,0.9021371218435201,"A brown horse running through a grassy field. The horse appears to be galloping, creating a sense of motion and energy in the image. The field is surrounded by a forest, with trees visible in the background. The overall atmosphere of the scene is lively and dynamic, capturing the horse''s freedom and grace as it moves through the natural environment.",fe_140_horse_4_brown_horse
0.0,0.0,0.0,0.0,0.0,0.0,0.0,0.0,0.0,0.0,31,0.9997938871383667,0.022874558344483376,0.014676298946142197,1.4676298946142197,0.2257080078125,27.9278765488123,0.8563631772994995,0.8563631772994995,0.14890797436237335,0.9688173532485962,0.29128408432006836,0.27104616165161133,-0.02023792266845703,0.27104616165161133,True,0.7742919921875,0.8965964317321777,-0.02023792266845703,0.695404052734375,,,F4,T4_local_recolor,0.6024451134362129,0.0,0.695404052734375,140,0.12480800456400579,0.042569778859615326,0.042569778859615326,22.10893393944762,0.07844283896015894,7.167814254760742,a brown horse,0.29128408432006836,0.2338765263557434,0.27104616165161133,-0.02023792266845703,0.27104616165161133,"0,0,512,512",0.1048068031668663,0.022790394723415375,/cluster/users/grad/2025/25t8103/project/data/flowedit_compatible_135/eval_masks/fe_140_horse_4_brown_horse_eval_mask.png,fixed_eval_mask,0.0,0.0,0.0,0.0,ours_sd3_plain,ours_sd3_plain,,0.02555355243384838,0.02555355243384838,26.590771764077417,0.046823234585314615,,/cluster/users/grad/2025/25t8103/project/outputs/t4_operator_ablation_seed10/fe_140_horse_4_brown_horse/ours_sd3_plain/seed_10/result.png,11.897871017456055,fe_140_horse_4_brown_horse/ours_sd3_plain/seed_10,,10,/cluster/users/grad/2025/25t8103/project/_baselines/src/FlowEdit/Data/Images/horse.png,0.037386704236269,"A white horse running through a grassy field. The horse appears to be galloping, creating a sense of motion and energy in the image. The field is surrounded by a forest, with trees visible in the background. The overall atmosphere of the scene is lively and dynamic, capturing the horse''s freedom and grace as it moves through the natural environment.",23.056741397534047,0.07033361343112667,0.8785522866271054,0.8785522866271054,"A brown horse running through a grassy field. The horse appears to be galloping, creating a sense of motion and energy in the image. The field is surrounded by a forest, with trees visible in the background. The overall atmosphere of the scene is lively and dynamic, capturing the horse''s freedom and grace as it moves through the natural environment.",fe_140_horse_4_brown_horse
0.0,0.0,0.0,0.0,0.0,0.0,0.0,0.0,0.0,0.0,31,0.9998000860214233,0.022773683071136475,0.014731273986399174,1.4731273986399174,0.2257080078125,27.940647314412992,0.8562934398651123,0.8562934398651123,0.21742798388004303,0.9545642137527466,0.28848716616630554,0.2811483144760132,-0.007338851690292358,0.2811483144760132,True,0.7742919921875,0.8541280627250671,-0.007338851690292358,0.695404052734375,,,F4,T4_local_recolor,0.6277515511639414,0.0,0.695404052734375,140,0.10066046429982008,0.06275255978107452,0.06275255978107452,18.726208668990814,0.11579493587189535,7.450170993804932,a brown horse,0.28848716616630554,0.24158915877342224,0.2811483144760132,-0.007338851690292358,0.2811483144760132,"0,0,512,512",0.17882126569747925,0.02276553399860859,/cluster/users/grad/2025/25t8103/project/data/flowedit_compatible_135/eval_masks/fe_140_horse_4_brown_horse_eval_mask.png,fixed_eval_mask,0.0,0.0,0.0,0.0,ours_sd3_texture,ours_sd3_texture,,0.025454556569457054,0.025454556569457054,26.601831889020495,0.04676365044685768,,/cluster/users/grad/2025/25t8103/project/outputs/t4_operator_ablation_seed10/fe_140_horse_4_brown_horse/ours_sd3_texture/seed_10/result.png,11.868024826049805,fe_140_horse_4_brown_horse/ours_sd3_texture/seed_10,,10,/cluster/users/grad/2025/25t8103/project/_baselines/src/FlowEdit/Data/Images/horse.png,0.05139172077178955,"A white horse running through a grassy field. The horse appears to be galloping, creating a sense of motion and energy in the image. The field is surrounded by a forest, with trees visible in the background. The overall atmosphere of the scene is lively and dynamic, capturing the horse''s freedom and grace as it moves through the natural environment.",20.00416973905226,0.09995200562606908,0.8221910267262772,0.8221910267262772,"A brown horse running through a grassy field. The horse appears to be galloping, creating a sense of motion and energy in the image. The field is surrounded by a forest, with trees visible in the background. The overall atmosphere of the scene is lively and dynamic, capturing the horse''s freedom and grace as it moves through the natural environment.",fe_140_horse_4_brown_horse
0.0,0.0,0.0,0.0,0.0,0.0,0.0,0.0,0.0,0.0,31,0.9998570680618286,0.00958208367228508,0.009835565462708473,0.9835565462708473,0.6007080078125,33.8346613115533,0.9522296786308289,0.9522296786308289,0.28146088123321533,0.9296214580535889,0.2610590159893036,0.2937113046646118,0.03265228867530823,0.2937113046646118,True,0.3992919921875,0.8380776047706604,0.03265228867530823,0.327880859375,,,F4,T4_local_recolor,1.5567056365391114,0.0,0.327880859375,141,0.2377257073715562,0.05344609171152115,0.05344609171152115,20.09459249119218,0.09891687223154115,12.66445541381836,a green lizard,0.2596592307090759,0.2357083112001419,0.28906527161598206,0.029406040906906128,0.28906527161598206,"0,53,512,512",0.0750749409198761,0.012098080478608608,/cluster/users/grad/2025/25t8103/project/data/flowedit_compatible_135/eval_masks/fe_141_iguana_1_green_lizard_eval_mask.png,fixed_eval_mask,0.0,0.0,0.0,0.0,ours_flux_plain,ours_flux_plain,,0.01036862749606371,0.01036862749606371,33.14079131117224,0.02202725778841312,,/cluster/users/grad/2025/25t8103/project/outputs/t4_operator_ablation_seed10/fe_141_iguana_1_green_lizard/ours_flux_plain/seed_10/result.png,8.135420799255371,fe_141_iguana_1_green_lizard/ours_flux_plain/seed_10,,10,/cluster/users/grad/2025/25t8103/project/_baselines/src/FlowEdit/Data/Images/iguana.png,0.0244929026812315,"A large orange lizard sitting on a rock near the ocean. The lizard is positioned in the center of the scene, with the ocean waves visible in the background. The rock is located close to the water, providing a picturesque setting for the lizard''s resting spot.",24.516993334258018,0.059449791153735644,0.891426463924975,0.891426463924975,"A large green lizard sitting on a rock near the ocean. The green lizard is positioned in the center of the scene, with the ocean waves visible in the background. The rock is located close to the water, providing a picturesque setting for the green lizard''s resting spot.",fe_141_iguana_1_green_lizard
0.0,0.0,0.0,0.0,0.0,0.0,0.0,0.0,0.0,0.0,31,0.9998412132263184,0.01013184804469347,0.009774725884199142,0.9774725884199142,0.6007080078125,33.79762654862518,0.9518226981163025,0.9518226981163025,0.2707964777946472,0.9154143333435059,0.25145044922828674,0.28804171085357666,0.03659126162528992,0.28804171085357666,True,0.3992919921875,0.8450660705566406,0.03659126162528992,0.327880859375,,,F4,T4_local_recolor,1.4905269127521334,0.0,0.327880859375,141,0.22082092330603129,0.06450530886650085,0.06450530886650085,18.47156945727653,0.11923987913193611,11.935992240905762,a green lizard,0.248893603682518,0.24010738730430603,0.2837114632129669,0.034817859530448914,0.2837114632129669,"0,53,512,512",0.08096570521593094,0.011962341144680977,/cluster/users/grad/2025/25t8103/project/data/flowedit_compatible_135/eval_masks/fe_141_iguana_1_green_lizard_eval_mask.png,fixed_eval_mask,0.0,0.0,0.0,0.0,ours_flux_texture,ours_flux_texture,,0.010897910222411156,0.010897910222411156,33.121584718230736,0.022076019249794913,,/cluster/users/grad/2025/25t8103/project/outputs/t4_operator_ablation_seed10/fe_141_iguana_1_green_lizard/ours_flux_texture/seed_10/result.png,8.007901191711426,fe_141_iguana_1_green_lizard/ours_flux_texture/seed_10,,10,/cluster/users/grad/2025/25t8103/project/_baselines/src/FlowEdit/Data/Images/iguana.png,0.028474749997258186,"A large orange lizard sitting on a rock near the ocean. The lizard is positioned in the center of the scene, with the ocean waves visible in the background. The rock is located close to the water, providing a picturesque setting for the lizard''s resting spot.",23.0195021460407,0.07063580398186636,0.9015326007777849,0.9015326007777849,"A large green lizard sitting on a rock near the ocean. The green lizard is positioned in the center of the scene, with the ocean waves visible in the background. The rock is located close to the water, providing a picturesque setting for the green lizard''s resting spot.",fe_141_iguana_1_green_lizard
0.0,0.0,0.0,0.0,0.0,0.0,0.0,0.0,0.0,0.0,31,0.9990737438201904,0.013660241849720478,0.01867375336587429,1.867375336587429,0.6007080078125,31.98317077552141,0.9244849681854248,0.9244849681854248,0.22984229028224945,0.8644905686378479,0.2521282434463501,0.293293833732605,0.04116559028625488,0.293293833732605,True,0.3992919921875,0.7831974029541016,0.04116559028625488,0.327880859375,,,F4,T4_local_recolor,1.358631502737011,0.0,0.327880859375,141,0.23971518987341772,0.07031101733446121,0.07031101733446121,17.641985140561527,0.13119000329486658,10.990140914916992,a green lizard,0.25618886947631836,0.2465163916349411,0.2975718677043915,0.04138299822807312,0.2975718677043915,"0,53,512,512",0.10174425691366196,0.022160738706588745,/cluster/users/grad/2025/25t8103/project/data/flowedit_compatible_135/eval_masks/fe_141_iguana_1_green_lizard_eval_mask.png,fixed_eval_mask,0.0,0.0,0.0,0.0,ours_sd3_plain,ours_sd3_plain,,0.014565067365765572,0.014565067365765572,31.351747423577358,0.02706528650865667,,/cluster/users/grad/2025/25t8103/project/outputs/t4_operator_ablation_seed10/fe_141_iguana_1_green_lizard/ours_sd3_plain/seed_10/result.png,8.089125633239746,fe_141_iguana_1_green_lizard/ours_sd3_plain/seed_10,,10,/cluster/users/grad/2025/25t8103/project/_baselines/src/FlowEdit/Data/Images/iguana.png,0.03284309804439545,"A large orange lizard sitting on a rock near the ocean. The lizard is positioned in the center of the scene, with the ocean waves visible in the background. The rock is located close to the water, providing a picturesque setting for the lizard''s resting spot.",22.121539594087412,0.07832907903509928,0.8610496297939778,0.8610496297939778,"A large green lizard sitting on a rock near the ocean. The green lizard is positioned in the center of the scene, with the ocean waves visible in the background. The rock is located close to the water, providing a picturesque setting for the green lizard''s resting spot.",fe_141_iguana_1_green_lizard
0.0,0.0,0.0,0.0,0.0,0.0,0.0,0.0,0.0,0.0,31,0.9990140199661255,0.013986616395413876,0.01828962378203869,1.8289623782038689,0.6007080078125,31.950335952854232,0.9243649244308472,0.9243649244308472,0.2808874845504761,0.9100284576416016,0.26886582374572754,0.3094329833984375,0.04056715965270996,0.3094329833984375,True,0.3992919921875,0.7824519276618958,0.04056715965270996,0.327880859375,,,F4,T4_local_recolor,1.3925236207452805,0.0,0.327880859375,141,0.23744648175725985,0.10275963693857193,0.10275963693857193,15.38552410505073,0.1701076303418693,11.187968254089355,a green lizard,0.23495246469974518,0.2406298965215683,0.28203314542770386,0.04708068072795868,0.28203314542770386,"0,53,512,512",0.16796432435512543,0.02153942361474037,/cluster/users/grad/2025/25t8103/project/data/flowedit_compatible_135/eval_masks/fe_141_iguana_1_green_lizard_eval_mask.png,fixed_eval_mask,0.0,0.0,0.0,0.0,ours_sd3_texture,ours_sd3_texture,,0.014902675524353981,0.014902675524353981,31.319883230440425,0.027164757877867554,,/cluster/users/grad/2025/25t8103/project/outputs/t4_operator_ablation_seed10/fe_141_iguana_1_green_lizard/ours_sd3_texture/seed_10/result.png,8.034311294555664,fe_141_iguana_1_green_lizard/ours_sd3_texture/seed_10,,10,/cluster/users/grad/2025/25t8103/project/_baselines/src/FlowEdit/Data/Images/iguana.png,0.043709296733140945,"A large orange lizard sitting on a rock near the ocean. The lizard is positioned in the center of the scene, with the ocean waves visible in the background. The rock is located close to the water, providing a picturesque setting for the lizard''s resting spot.",20.007071101946565,0.09991862405852674,0.8326523649822323,0.8326523649822323,"A large green lizard sitting on a rock near the ocean. The green lizard is positioned in the center of the scene, with the ocean waves visible in the background. The rock is located close to the water, providing a picturesque setting for the green lizard''s resting spot.",fe_141_iguana_1_green_lizard
0.0,0.0,0.0,0.0,0.0,0.0,0.0,0.0,0.0,0.0,31,1.0,0.00481683574616909,0.00013420639152172953,0.013420639152172953,0.07379531860351562,43.21160222934475,0.9904599189758301,0.9904599189758301,0.33031409978866577,0.9476724863052368,0.21349099278450012,0.22524145245552063,0.011750459671020508,0.22524145245552063,True,0.9262046813964844,0.9535788297653198,0.011750459671020508,0.8500022888183594,,,F4,T4_local_recolor,2.9886773222688783,0.0,0.8500022888183594,199,4.039080346283822e-05,0.054920464754104614,0.054920464754104614,19.98042111442121,0.10022566449025233,8.741978645324707,a red cake,0.21349099278450012,0.2177126407623291,0.22524145245552063,0.011750459671020508,0.22524145245552063,"0,0,512,512",0.1736670434474945,0.0003626985417213291,/cluster/users/grad/2025/25t8103/project/data/flowedit_compatible_135/eval_masks/fe_199_piece_of_cake_2_red_velvet_cake_eval_mask.png,fixed_eval_mask,0.0,0.0,0.0,0.0,ours_flux_plain,ours_flux_plain,,0.00441820127889514,0.00441820127889514,43.831891171379034,0.00643287987195857,,/cluster/users/grad/2025/25t8103/project/outputs/t4_operator_ablation_seed10/fe_199_piece_of_cake_2_red_velvet_cake/ours_flux_plain/seed_10/result.png,2.925032615661621,fe_199_piece_of_cake_2_red_velvet_cake/ours_flux_plain/seed_10,,10,/cluster/users/grad/2025/25t8103/project/_baselines/src/FlowEdit/Data/Images/piece_of_cake.png,0.047345247119665146,"A delicious chocolate cake with chocolate frosting, sitting on a dining table.",20.683063408317963,0.09243721015702898,0.8574489497279153,0.8574489497279153,"A delicious red velvet cake with white frosting, sitting on a dining table.",fe_199_piece_of_cake_2_red_velvet_cake
0.0,0.0,0.0,0.0,0.0,0.0,0.0,0.0,0.0,0.0,31,1.0,0.007975174114108086,0.00030743557726964355,0.030743557726964355,0.07379531860351562,39.964544756156386,0.98968905210495,0.98968905210495,0.3169068694114685,0.9251083135604858,0.19938817620277405,0.22294528782367706,0.023557111620903015,0.22294528782367706,True,0.9262046813964844,0.950671911239624,0.023557111620903015,0.8500022888183594,,,F4,T4_local_recolor,2.588397045097819,0.0,0.8500022888183594,199,8.975734102852936e-06,0.06584592908620834,0.06584592908620834,18.748459875639142,0.11549867611287346,7.425841331481934,a red cake,0.19938817620277405,0.2628124952316284,0.22294528782367706,0.023557111620903015,0.22294528782367706,"0,0,512,512",0.17468684911727905,0.0006376167293637991,/cluster/users/grad/2025/25t8103/project/data/flowedit_compatible_135/eval_masks/fe_199_piece_of_cake_2_red_velvet_cake_eval_mask.png,fixed_eval_mask,0.0,0.0,0.0,0.0,ours_flux_texture,ours_flux_texture,,0.007407540455460548,0.007407540455460548,40.612756629593854,0.009318846723687893,,/cluster/users/grad/2025/25t8103/project/outputs/t4_operator_ablation_seed10/fe_199_piece_of_cake_2_red_velvet_cake/ours_flux_texture/seed_10/result.png,2.8688957691192627,fe_199_piece_of_cake_2_red_velvet_cake/ours_flux_texture/seed_10,,10,/cluster/users/grad/2025/25t8103/project/_baselines/src/FlowEdit/Data/Images/piece_of_cake.png,0.05708029866218567,"A delicious chocolate cake with chocolate frosting, sitting on a dining table.",19.449272678826436,0.10654580770708458,0.9001701188026214,0.9001701188026214,"A delicious red velvet cake with white frosting, sitting on a dining table.",fe_199_piece_of_cake_2_red_velvet_cake
0.0,0.0,0.0,0.0,0.0,0.0,0.0,0.0,0.0,0.0,31,1.0,0.008967475034296513,0.000482905626995489,0.0482905626995489,0.07379531860351562,38.86851774877511,0.9845318794250488,0.9845318794250488,0.10363870859146118,0.8853070735931396,0.24616026878356934,0.21379323303699493,-0.0323670357465744,0.21379323303699493,True,0.9262046813964844,0.7899889349937439,-0.0323670357465744,0.8500022888183594,,,F4,T4_local_recolor,2.680904635875224,0.0,0.8500022888183594,199,8.975734102852936e-06,0.07119419425725937,0.07119419425725937,17.71900506889169,0.13003185153676275,7.472469806671143,a red cake,0.24616026878356934,0.20494899153709412,0.21379323303699493,-0.0323670357465744,0.21379323303699493,"0,0,512,512",0.30013418197631836,0.0009384030709043145,/cluster/users/grad/2025/25t8103/project/data/flowedit_compatible_135/eval_masks/fe_199_piece_of_cake_2_red_velvet_cake_eval_mask.png,fixed_eval_mask,0.0,0.0,0.0,0.0,ours_sd3_plain,ours_sd3_plain,,0.008534646593034267,0.008534646593034267,39.5018279231424,0.010590308314087613,,/cluster/users/grad/2025/25t8103/project/outputs/t4_operator_ablation_seed10/fe_199_piece_of_cake_2_red_velvet_cake/ours_sd3_plain/seed_10/result.png,2.7872941493988037,fe_199_piece_of_cake_2_red_velvet_cake/ours_sd3_plain/seed_10,,10,/cluster/users/grad/2025/25t8103/project/_baselines/src/FlowEdit/Data/Images/piece_of_cake.png,0.06179540976881981,"A delicious chocolate cake with chocolate frosting, sitting on a dining table.",18.419725105470462,0.11995372659866037,0.7680014258931283,0.7680014258931283,"A delicious red velvet cake with white frosting, sitting on a dining table.",fe_199_piece_of_cake_2_red_velvet_cake
0.0,0.0,0.0,0.0,0.0,0.0,0.0,0.0,0.0,0.0,31,1.0,0.009485012851655483,0.0004948351997882128,0.04948351997882128,0.07379531860351562,38.52301117587012,0.9843360185623169,0.9843360185623169,0.18423941731452942,0.8395229578018188,0.227932870388031,0.23708397150039673,0.009151101112365723,0.23708397150039673,True,0.9262046813964844,0.8303276300430298,0.009151101112365723,0.8500022888183594,,,F4,T4_local_recolor,3.4589290688365337,0.0,0.8500022888183594,199,2.6927202308558813e-05,0.0958946943283081,0.0958946943283081,16.100762350971035,0.15666135641260612,9.642702102661133,a red cake,0.227932870388031,0.24347364902496338,0.23708397150039673,0.009151101112365723,0.23708397150039673,"0,0,512,512",0.30589979887008667,0.000986571074463427,/cluster/users/grad/2025/25t8103/project/data/flowedit_compatible_135/eval_masks/fe_199_piece_of_cake_2_red_velvet_cake_eval_mask.png,fixed_eval_mask,0.0,0.0,0.0,0.0,ours_sd3_texture,ours_sd3_texture,,0.00905152503401041,0.00905152503401041,39.11876236414496,0.011067814759252326,,/cluster/users/grad/2025/25t8103/project/outputs/t4_operator_ablation_seed10/fe_199_piece_of_cake_2_red_velvet_cake/ours_sd3_texture/seed_10/result.png,2.787770986557007,fe_199_piece_of_cake_2_red_velvet_cake/ours_sd3_texture/seed_10,,10,/cluster/users/grad/2025/25t8103/project/_baselines/src/FlowEdit/Data/Images/piece_of_cake.png,0.08286841213703156,"A delicious chocolate cake with chocolate frosting, sitting on a dining table.",16.802737534812504,0.14449842827801784,0.7923494242425224,0.7923494242425224,"A delicious red velvet cake with white frosting, sitting on a dining table.",fe_199_piece_of_cake_2_red_velvet_cake
